ID,Preferred Name,Orlando Standard Name,SameAs Getty,SameAs Wikidata,SameAs VIAF URIs,Primary Identifier,Secondary Identifier
fbf2627c-aea2-4dff-bf90-28ed2e099179,Irish Socialist Republican Party,Irish Socialist Republican Party,,,,,
22b1be27-dce2-4d58-af6a-97514ccf9093,British Chamber of Commerce,British Chamber of Commerce,,,,,
bc2046e8-e832-4570-9777-18b00eae6b32,Association for Supplying Female Medical Aid to the Women of India,Association for Supplying Female Medical Aid to the Women of India,,,,,
99db0dba-3031-4712-bb30-eb10f68afb90,Merryhell Theatre Company,Merryhell Theatre Company,,,,,
a56cff5f-1055-4bbb-b080-c5bd116e25e9,Roxburghe Club,Roxburghe Club,,,,,
56454304-bba1-42ab-9aea-1037ce493425,Emory University Hospital,Emory University Hospital,,,,,
64dff59c-b046-4550-a66b-479e3f8997b6,Manchester Repertory Company,Manchester Repertory Company,,,,,
dbf32823-2660-4c5c-ac8d-95c7e2329429,Stroud Theatre Company,Stroud Theatre Company,,,,,
7837903a-e5ed-4723-8b34-b811d74eceda,Arthur King and Company,Arthur King and Company,,,,,
2f55e370-3977-4c5d-b417-5c5b371c0584,Bloodaxe Books,Bloodaxe Books,,http://www.wikidata.org/entity/Q4927908,http://viaf.org/viaf/136297286,http://viaf.org/viaf/136297286,http://www.wikidata.org/entity/Q4927908
975871be-5061-4ce2-8eb7-631daad9e220,Virago Press,Virago Press,,http://www.wikidata.org/entity/Q370233,http://viaf.org/viaf/170596537 | http://viaf.org/viaf/305507720,http://viaf.org/viaf/170596537,http://viaf.org/viaf/305507720 | http://www.wikidata.org/entity/Q370233
0c01fc94-4d39-40f0-9004-26c97c8be399,Women's Royal Air Force,Women's Royal Air Force,,http://www.wikidata.org/entity/Q1108612,http://viaf.org/viaf/127110808,http://viaf.org/viaf/127110808,http://www.wikidata.org/entity/Q1108612
abd0b829-56cf-46d4-a845-cb04b1945f7b,University of Copenhagen,University of Copenhagen,,,,,
e3e02b60-82b3-4f6c-9550-763571621dd4,Commonwealth Institute,Commonwealth Institute,,,,,
b31f8ec8-2cd2-4527-804b-598feea2a2a9,Octopus Publishing Group,Octopus Publishing Group,,,,,
ea613001-8738-46c2-bfd1-92ac3a36206d,Cecil Woolf,Cecil Woolf,,,,,
2199c383-a698-43d5-a6f6-aa495f27d7c4,Women's Cooperative Guild,Women's Cooperative Guild,,http://www.wikidata.org/entity/Q5137480,http://viaf.org/viaf/157229734,http://viaf.org/viaf/157229734,http://www.wikidata.org/entity/Q5137480
548220ce-ba26-465d-81bc-6edb8d862b45,Stanbrook Abbey,Stanbrook Abbey,,,,,
f85d8c7e-fa87-45f3-bfcb-8adf07c9309a,International Ladies Garment Workers Union,International Ladies Garment Workers Union,,,,,
04acd7f8-0656-4ad3-b2a3-ded97644a6f4,Labour Party,Labour Party,,http://www.wikidata.org/entity/Q9630,http://viaf.org/viaf/126044314,http://viaf.org/viaf/126044314,http://www.wikidata.org/entity/Q9630
9f0bcedf-f39e-498e-b4b3-5bead6e4132e,Cadbury,Cadbury,,,,,
6711b065-4f6b-460d-9089-a75570ea3f9a,Staffordshire County Record Office,Staffordshire County Record Office,,,,,
fbf6185d-00e2-40a6-9260-f7b0ec288fc9,Dublin School of Acting Experimental Theatre Group,Dublin School of Acting Experimental Theatre Group,,,,,
2321ed4c-e184-493d-878b-640b444ccf5b,Golden Cockerel Press,Golden Cockerel Press,,,,,
69c26331-a5a9-4c62-862a-75b0b93309ec,Henry Jenkins,Henry Jenkins,,,,,
7d3ad792-498a-4503-b2f8-115a8413520a,Scottish Society of the Friends of the People,Scottish Society of the Friends of the People,,,,,
88d87edb-978b-4292-ab48-1ff4787e7861,Thorwalden Museum,Thorwalden Museum,,,,,
8488cb6d-93b9-4bce-80e4-600ec7a7501f,Supreme Court of Canada,Supreme Court of Canada,,,,,
39b01ba7-ee00-40b7-8a4c-4762b4c7db06,Orient Paperbacks,Orient Paperbacks,,,,,
986adab5-7088-4055-83d0-854b857e6eb3,University of New Mexico,University of New Mexico,,,,,
c1af3567-9382-4506-8f46-6cbfc1839371,West of England Bank,West of England Bank,,,,,
f0d5b8cd-33d3-4796-bb2c-09ffc9c27d26,TOC H,TOC H,,,,,
8ead96e8-5c31-4949-8920-00228dee6edb,Scottish Privy Council,Scottish Privy Council,,,,,
ee561b09-3d4f-434d-85f4-10b7e73eeb8d,Massachusetts General Hospital,Massachusetts General Hospital,,,,,
2a6498c1-6df0-41d2-8ad7-927d2d6d7a32,Book Guild,Book Guild,,,,,
a0a01acc-b24b-47aa-abe4-70e13670adcf,Fleming Collection,Fleming Collection,,,,,
f0f232b8-f919-4bf0-a1af-762027523123,Lyceum Theatre Company,Lyceum Theatre Company,,,,,
fadf3b90-0c33-4f97-a0b0-410561297bf5,Belvedere Clinic of Exe Vale Hospital,Belvedere Clinic of Exe Vale Hospital,,,,,
c59737c2-7b03-4a51-9044-e5f448e8b2f0,National Union of Railway Women's Guilds,National Union of Railway Women's Guilds,,,,,
2278d6b7-5bfc-402a-9cf4-a6d0fce6cb6c,Lambeth Conference,Lambeth Conference,,,,,
a120eb57-a2d3-4af7-974c-1bf4ab55ca7f,North Borneo Company,North Borneo Company,,,,,
f776f524-4afa-4832-9332-9b0ffb574db6,Vanderbilt University,Vanderbilt University,,,,,
02898a21-9e43-4510-b87f-0065eecd9dfe,Collège Internationale de Philosophie,Collège Internationale de Philosophie,,,,,
a0826450-83d4-41a1-90f3-a39e16788188,Harvey Milk Institute,Harvey Milk Institute,,,,,
7c0d2fbc-58a7-4d6f-9fb9-d7fd2b952a46,Wilkie and Robinson,Wilkie and Robinson,,,,,
5df452b2-47bd-4d91-8ca8-75b11483b035,Ontario Arts Council,Ontario Arts Council,,,,,
801d0eaa-ce7e-4222-ade7-50179627a5d4,Gallery One,Gallery One,,,,,
038ba327-93a8-4250-a68d-90ba6e7111b0,Brunel University,Brunel University,,http://www.wikidata.org/entity/Q932411,http://viaf.org/viaf/140052663,http://viaf.org/viaf/140052663,http://www.wikidata.org/entity/Q932411
95185ced-e96e-47c7-8a6b-1a85b66012e4,Royal National Institution,Royal National Institution,,,,,
49113453-184a-4862-b2a6-ca7c9cbd508e,Open Door Council,Open Door Council,,,,,
d2510644-d5f9-49c4-b576-6adc303beb81,Intergovernmental Science-Policy Platform on Biodiversity and Ecosystem Services,Intergovernmental Science-Policy Platform on Biodiversity and Ecosystem Services,,,,,
ebc618ce-7465-4dbf-b089-e40d45bd41ab,United States Army Disciplinary Training Center,United States Army Disciplinary Training Center,,,,,
5c510511-0d61-4d13-93ed-227abca83227,Zenana Bible and Medical Mission,Zenana Bible and Medical Mission,,,,,
7ea3ca77-6e69-4add-808c-9bab2ae64a28,Civil Liberties Trust,Civil Liberties Trust,,,,,
d699c452-1bae-410c-a2cc-4b8d86fe3282,Fianna Fail,Fianna Fail,,,,,
6495f6ba-8517-4ae8-bd98-7e6dcc4a305c,Film Four International,Film Four International,,,,,
94773b71-eb11-43a4-b422-c81e851ac336,Berlitz School,Berlitz School,,,,,
4041cad7-637f-4611-a5cc-c6fc689a220d,A. B. C. Society,A. B. C. Society,,,,,
ec109d35-81b4-4b86-ac4a-1c1b7f7cfb80,United Services College,United Services College,,,,,
3323eabb-e926-4380-a68c-6cb6d1327787,Roundhouse Theatre,Roundhouse Theatre,,,,,
b47e76e7-0dda-43cb-b0b6-053ef201d772,New Authors,New Authors,,,,,
41bd0304-2f2f-45b7-acae-58b879a3a610,Charles Williams Society,Charles Williams Society,,,,,
71a09b5d-6275-484f-a860-0b1123cba6ce,London Stereoscopic Company,London Stereoscopic Company,,,,,
864f8fc2-aa94-4dfe-a9bb-96cfeecf8191,"Doctors Hospital, New York","Doctors Hospital,, New York",,,,,
95f5ee50-5e1d-4ce4-bf6b-2c7f88b52072,Norwood Ladies' Debating Society,Norwood Ladies' Debating Society,,,,,
7d2bcd4e-8800-4f86-8509-81d5c1d372b9,Northern Friends Peace Board,Northern Friends Peace Board,,,,,
2d152646-3df6-444f-b9d9-66bb96ea7ad4,Bowes Museum,Bowes Museum,,,,,
0f6b5000-171f-4102-8149-efca8f8797cf,Mystery Writers of America,Mystery Writers of America,,,http://viaf.org/viaf/158279799,http://viaf.org/viaf/158279799,
00dd64af-3d23-4084-a367-e6daa0151e35,Gurney's Norwich Bank,Gurney's Norwich Bank,,,,,
aefaf2d4-25ef-4a9a-ad7c-c4e373d1e9a5,Women in Publishing Group,Women in Publishing Group,,,,,
2d05a156-36ac-41da-8bf5-2705636c3ffb,Bud Plant Illustrated Books,Bud Plant Illustrated Books,,,,,
800f56a0-9c5e-4a9c-9b86-b8363ea2bbf6,Women in Translation,Women in Translation,,,,,
b33689b7-d685-4c27-a320-f295afb67831,Women's Prisoners' Defence League,Women's Prisoners' Defence League,,,,,
ac011b1e-4352-4b33-b799-cb72de11c48d,Un-American Activities Committee,Un-American Activities Committee,,,,,
bb91d591-22c4-4b41-80d8-7a2f00216b2c,General Medical Council,General Medical Council,,,,,
6e5732da-8e7a-44ce-b97b-adafaa058ebf,BPP University College of Professional Studies,BPP University College of Professional Studies,,,,,
64e0a153-4942-4042-9cd0-54f552fffa30,Solihull Public Library,Solihull Public Library,,,,,
55b72858-1627-48b6-b58b-3ad7cb1076d8,University High School,University High School,,,,,
0f6d452b-7232-4679-b5ce-e052e1561405,Rachel McMillan Nursery School and Children's Centre,Rachel McMillan Nursery School and Children's Centre,,,,,
ae8b3373-41ae-4098-9825-d273406472ad,Perfect Pictures,Perfect Pictures,,,,,
73f212ce-70c3-48e5-be55-b736123cbe1e,National Society for Providing Trained Nurses for the Poor,National Society for Providing Trained Nurses for the Poor,,,,,
dd0013fb-28b0-4819-bc1d-0f9740e58ab9,Women's National Liberal Association,Women's National Liberal Association,,,,,
1df2d54f-77cb-455b-b925-090fcb9238e4,British Association for Promoting Co-operative Knowledge,British Association for Promoting Co-operative Knowledge,,,,,
f89104ab-8722-4c50-8079-80706eed6e94,École des Hautes Études,École des Hautes Études,,,,,
093bf70a-1343-4d65-a7eb-482b389956b9,United Shoe Machine Company,United Shoe Machine Company,,,,,
0aad2325-4539-45f2-9f84-e077e5b27220,Coventry Cathedral,Coventry Cathedral,,,,,
5fa8d5c8-2f30-409d-9bfd-7a5f0ced68ab,Octagon Theatre,Octagon Theatre,,,,,
9c1aaf69-0653-4820-8a0c-b808945887fa,London Review Bookshop,London Review Bookshop,,,,,
5b8ac877-0f56-4d38-b32f-329fef264650,"Hurst, Chance and Co.","Hurst,, Chance and Co.",,,,,
3cd0ec61-fa2a-4007-a751-0cc3a25c6148,Department for Education and Skills,Department for Education and Skills,,,,,
94a5b642-d4c1-44c7-bfa8-d3b667ec6468,Studio,Studio,,,,,
e49d43df-3e58-41f4-930e-1af46a502d2c,"Madras College, St Andrews","Madras College,, St Andrews",,,,,
5523761d-4c3b-4d95-934c-d3fa9ec1a89d,Public Image Ltd,Public Image Ltd,,,,,
b1c51a66-f5f0-4341-aee0-9716315f94a1,International Institute of Social History,International Institute of Social History,,,,,
03cbc4e4-74e4-41a1-b670-49e3f21b9f1e,Royal Society,Royal Society,,http://www.wikidata.org/entity/Q123885,http://viaf.org/viaf/157503209,http://viaf.org/viaf/157503209,http://www.wikidata.org/entity/Q123885
29be8bae-8823-483b-839b-be3eb4eb464f,University of North Carolina at Chapel Hill,University of North Carolina at Chapel Hill,,,,,
387f43a6-eaf7-4c00-8241-9d307c17d4f4,Emanuel Miller Centre for Families and Children,Emanuel Miller Centre for Families and Children,,,,,
4dd6bbcc-0633-47c7-bf92-4d11f1df2594,Pen and Sword Books,Pen and Sword Books,,,,,
a88759de-2596-4e7c-be09-dc43efa522e1,10-80 Committee,10-80 Committee,,,,,
3393deb3-11a4-428e-bfec-bf088dd0dafd,Alexandra School,Alexandra School,,,,,
7d81a7b9-5b93-4c84-8509-c3b7c0d43242,Versailles Hospital,Versailles Hospital,,,,,
8248c85d-1949-4b9d-ba08-532ab6306a6b,Federation of Alternative Bookstores,Federation of Alternative Bookstores,,,,,
0a6bb71b-de3c-4286-9aa1-68e54f84eff5,Sion College Library,Sion College Library,,,,,
eb406aef-0122-4d04-b972-0de8f20ef994,Truettel and Würtz,Truettel and Würtz,,,,,
45601a87-2fdb-4b2f-941f-72ef0da3e2db,Shell,Shell,,,,,
8e3727f2-751a-4c26-9409-385e0732a82f,Fleet Air Arm,Fleet Air Arm,,,,,
dfd08d55-cd0e-4c81-b8c3-bd60616c9510,McFarlin Library,McFarlin Library,,,,,
c91647f0-2a8d-4d55-b12a-a30ec0efeeff,Trowbridge High School for Girls,Trowbridge High School for Girls,,,,,
6f708f78-3df6-4592-b1db-8eec7da1a38a,Women's Cricket Association,Women's Cricket Association,,,,,
c5edd138-99f6-459c-8fa4-7c13f5c550cc,Edinburgh Morningside,Edinburgh Morningside,,,,,
ba9e30bc-6de8-4e96-9dd1-cfa20c4d97d7,Medico-Psychological Association,Medico-Psychological Association,,,,,
22baf499-7bb4-4833-8549-e0ff221b046a,World Federation of Mental Health,World Federation of Mental Health,,,,,
ae78cfdb-0319-489a-a3e4-b2b7fc0ea7f2,Albert Ludwig University of Freiburg,Albert Ludwig University of Freiburg,,,,,
c381ba61-f959-4a69-a710-de69c3f2c979,Irish Women's Suffrage Society,Irish Women's Suffrage Society,,,,,
893856cd-9051-429f-b75d-6828e9db8d03,New Strand Theatre,New Strand Theatre,,,,,
6302be85-a4ac-45e5-9e24-02d9fcf40de8,Voluntary Women's Hospital Unit,Voluntary Women's Hospital Unit,,,,,
3abed312-1d2c-41e9-85cd-990654698367,Oneword Radio,Oneword Radio,,,,,
49459272-691f-49a3-9fa5-880fcbc10ede,Central Committee for Women's Church Work,Central Committee for Women's Church Work,,,,,
2f2069c9-6ef8-4b5b-af3e-4a3ce7ae14d5,Operative Jewish Converts' Institution,Operative Jewish Converts' Institution,,,,,
fb38f6cf-fac5-440e-8390-fea67fd4f779,New Networks for Nature,New Networks for Nature,,,,,
0c42a2d6-4e3c-48ae-940f-95c2fdef2f74,Handsworth Grammar School,Handsworth Grammar School,,,,,
e31e10e8-412d-4be5-b05f-ecdf97446b1b,New Theatre,New Theatre,,http://www.wikidata.org/entity/Q7067480,,http://www.wikidata.org/entity/Q7067480,
85fd4c09-2162-4ea5-9e53-a3f656e243f6,District Hospital,District Hospital,,,,,
4e5b1c70-76f5-419f-8eb8-510fb44b93ae,Coutts and Co.,Coutts and Co.,,,,,
d6f9e91f-f150-40e8-9f37-f95bf78e7be2,American Negro Theater,American Negro Theater,,,,,
2fb0b544-faef-4a41-adda-d17a25debc98,St Francis Leprosy Guild,St Francis Leprosy Guild,,,,,
713662bb-e356-413c-8f9a-367757a4e9ea,Book Society,Book Society,,,,,
f002a7c2-811c-47cc-891a-413f651417c2,Editions de Minuit,Editions de Minuit,,,http://viaf.org/viaf/149880181,http://viaf.org/viaf/149880181,
8e1b2930-6d68-4001-ab34-a534f4ab93ca,Winter Garden Theatre,Winter Garden Theatre,,,,,
b86ac679-73c7-425c-82aa-85e075ffe923,Einstein Institute of Mathematics,Einstein Institute of Mathematics,,,,,
c9c2cca0-f857-4212-97e1-545ed5606da7,George Routh,George Routh,,,,,
0719b7c7-2a6f-4f8e-98b5-1a9fc32290e5,University of New Brunswick,University of New Brunswick,,,,,
09d797a4-3a8e-48be-b671-7750e5eb1fcc,Aldwych Theatre,Aldwych Theatre,,,,,
fb542b97-430c-41ab-a201-102049cba938,Société de secours aux blessés militaires,Société de secours aux blessés militaires,,,,,
f74571c4-e44e-4b87-8496-17d45dce4a0f,"Theatre Royal, Brighton","Theatre Royal,, Brighton",,,,,
2d80cb21-ecbb-435d-9fb2-8af52cba1c42,University of Helsinki,University of Helsinki,,,,,
292fc35a-fed0-4787-864a-e7f696ede419,Artists' Suffrage League,Artists' Suffrage League,,,,,
b5368fed-78cf-483c-81dc-20f73b09a128,Whitechapel Art Gallery,Whitechapel Art Gallery,,,,,
3584d401-9f17-42e2-9df1-784a481748c4,Boston Philharmonic,Boston Philharmonic,,,,,
2e2b6701-d25b-439b-89ee-1598dba4cfa3,Women's Meeting,Women's Meeting,,,,,
39bcc1e5-9eae-409e-91ee-076aa34f7a8a,Tithe Redemption Commission,Tithe Redemption Commission,,,,,
68ca98ff-7bfe-4472-8c3d-478c0409e1b8,Dublin Women's Suffrage Association,Dublin Women's Suffrage Association,,,,,
9bd73754-4caa-4d87-a568-8a3a69399910,ITV,ITV,,http://www.wikidata.org/entity/Q220072,http://viaf.org/viaf/212976576,http://viaf.org/viaf/212976576,http://www.wikidata.org/entity/Q220072
5f36eeae-7986-4525-bd03-c397cdf06508,University of Nanterre,University of Nanterre,,,,,
c44fd807-fdcc-4eb6-817b-916e90291994,Morley,Morley,,,,,
49704eee-cb07-42b2-8029-612b1c6f7801,Cambridge Senate,Cambridge Senate,,,,,
bbc610bb-d8f9-4223-a8d2-b6167ab504b2,Beacon Press,Beacon Press,,,http://viaf.org/viaf/132651880,http://viaf.org/viaf/132651880,
2a46aae3-375f-4a69-b102-a7536e35037b,"Sherwood, Neely, and Jones","Sherwood, Neely, and Jones",,,,,
49d180b3-4401-453a-be6f-11892db58818,Democratic Association for the Unification of All Countries,Democratic Association for the Unification of All Countries,,,,,
8832fb2f-08fd-4dc1-a173-74c0a58b2949,American Commission on Irish Independence,American Commission on Irish Independence,,,,,
c6f48638-03f5-4b27-8b19-7ca766b72d09,George Allen and Unwin,George Allen and Unwin,,,http://viaf.org/viaf/141922044,http://viaf.org/viaf/141922044,
9994dd53-02b5-49eb-ac25-70648a5c93c6,Gagliani,Gagliani,,,,,
7b7c84dc-e532-4112-88fc-92c39896a565,Evangelical Library,Evangelical Library,,,,,
57f450a1-73f3-4d58-a979-acc6822e4c76,St Martin's School of Art,St Martin's School of Art,,,,,
65c8ec13-2c7e-4353-9414-989e97a8eabd,National Coal Board,National Coal Board,,,,,
41c83932-3fe6-40fa-900f-8e3cd6ad1290,New Century Guild for Working Women,New Century Guild for Working Women,,,,,
3f8ae804-1195-4aee-bf10-b1b57a8fff7d,Amazon,Amazon,,,,,
0d7d9250-5610-421e-9b66-dcb26f9dfeda,Bengal Education Department,Bengal Education Department,,,,,
eaa74378-3b58-47d3-9428-c0ec05d3b8fb,Badminton School,Badminton School,,,,,
aad856c6-ee70-41eb-8363-6208f5fb91f9,Ingram Merrill Foundation,Ingram Merrill Foundation,,,,,
77402c60-2236-4d5d-b293-90219f0d3f88,Friends of Fugitives,Friends of Fugitives,,,,,
56325078-1613-4a74-a59a-19a372a3d46c,United Reformed Church,United Reformed Church,,,,,
5be4564d-2ffb-4ac5-83ed-d0b02882d269,Second Stride,Second Stride,,,,,
875ce1b6-41bd-47f2-a478-288bf9c56da2,British Intelligence Service,British Intelligence Service,,,,,
c59fd79a-bd0b-4c57-835a-dac704b617a1,Feminist History Conference,Feminist History Conference,,,,,
fbe021e6-9073-4355-a469-951dc21d407a,Special Operations Executive,Special Operations Executive,,,,,
36f256d3-5bb4-4e1d-b564-5a00024da88f,Bookman Circle,Bookman Circle,,,,,
c2452f59-db42-4919-a810-e35314762800,Ernest Benn,Ernest Benn,,,http://viaf.org/viaf/167993560,http://viaf.org/viaf/167993560,
962de96c-5da8-4046-be4c-77c3edf2b810,Richard Cohen Books,Richard Cohen Books,,,,,
510df4ab-1777-4cf4-b02f-8c888855f0a5,Clergy Daughters' School,Clergy Daughters' School,,,,,
829cbe52-1eb5-4a74-86ea-603595a024d4,Guardians of the Asylum for Deserted Female Orphans,Guardians of the Asylum for Deserted Female Orphans,,,,,
98a53923-0b21-4113-8705-95794d5730f9,Century Theatre,Century Theatre,,,,,
d912dca5-3084-40ca-88b8-57e4c51554d6,World Association of Newspapers,World Association of Newspapers,,,,,
9418d1c1-f514-455e-9202-1eaae6dda094,Kylin Press,Kylin Press,,,,,
088ddd9f-4fe6-46cf-9c76-51bfb0feb5a4,Royal College of Surgeons in Ireland,Royal College of Surgeons in Ireland,,,,,
9ba1c2ac-9d60-4da8-bedb-4997f0e14d33,Land League,Land League,,,,,
d66dff75-e45a-4887-a5d4-3703405d28b0,Heschel Museum of Astronomy,Heschel Museum of Astronomy,,,,,
edb402ce-ffcf-4654-91d9-491389225a65,Searle,Searle,,,,,
ce2c88c2-1ce4-4349-83ae-8454a9e8ce44,Knopf,Knopf,,http://www.wikidata.org/entity/Q1431868,http://viaf.org/viaf/142395924,http://viaf.org/viaf/142395924,http://www.wikidata.org/entity/Q1431868
46445cbf-e1e2-43ee-b5b6-16af2d1c9955,Royal Festival Hall,Royal Festival Hall,,,,,
1143a103-cb36-470a-9611-557252b2cd03,Company of Scotland,Company of Scotland,,,,,
e51f6ef3-d8b1-4226-a15c-32b220990a6f,Dundee Royal Infirmary,Dundee Royal Infirmary,,,,,
3931e729-21d9-4838-8c18-f091e1ec7d84,Illinois State University,Illinois State University,,,,,
eac3724d-9dd6-4a05-afe0-d1f1a2d8039c,F. Lewis,F. Lewis,,,,,
56bf1bfe-cdf5-47a8-882a-b06920f53bfd,Lamb Bank,Lamb Bank,,,,,
e534c919-5916-48ec-a9b8-f23bc7f52f3c,"Queen's College, Tufnell Park","Queen's College,, Tufnell Park",,,,,
7796559e-a770-4a0e-8248-7d1b40054ce2,Koulali Hospital,Koulali Hospital,,,,,
9cbbc7f2-23a9-4292-aea3-fbe67b5fb34e,Particular Baptist,Particular Baptist,,,,,
8ebcea33-9040-42a9-8f40-ee186006ea94,Galileo Books,Galileo Books,,,,,
8daf8b37-fa52-4247-91c6-8fad350648ca,Transworld,Transworld,,,http://viaf.org/viaf/311378785,http://viaf.org/viaf/311378785,
a51405e0-08c5-49e0-9a5e-59e38f89275b,British Ecological Society,British Ecological Society,,,,,
fcec1120-1312-4d44-84d0-7228f7836d74,Rotary Foundation,Rotary Foundation,,,,,
1b6c1a5b-89ce-46c8-a5bb-f1fb14440c39,NATO,NATO,,,,,
ad755df6-3962-4b65-831c-9cce34dceb57,Dublin Municipal Art Gallery,Dublin Municipal Art Gallery,,,,,
10bcad59-96fe-4b13-9824-a84a9a3e955b,Franco-British Society,Franco-British Society,,,,,
ff795bdd-7f4a-4041-811c-e6110724d5b7,Klinik Kusnacht,Klinik Kusnacht,,,,,
e931152a-cbb4-4297-952a-17a6c5ad4b7d,"Phoenix Theatre, London","Phoenix Theatre,, London",,,,,
33b4eb5d-3807-49ff-ba40-182c1d728625,Head Deaconess Association,Head Deaconess Association,,,,,
f9523589-c4e6-486e-b8ee-ffd8b788aea1,National Prohibition Movement of Great Britain,National Prohibition Movement of Great Britain,,,,,
44b80ebd-dff4-4eb2-8291-e0b3bd088afb,Bibliothèque de la Pléiade,Bibliothèque de la Pléiade,,,,,
e8e8d805-37a7-4e33-a470-eeda484adea9,Chesterfield Settlement House,Chesterfield Settlement House,,,,,
ef1594eb-631b-454d-b15a-b11509d12cf7,Vietcong,Vietcong,,,,,
366ec24d-7bfe-458e-8b0a-fb85407ef32a,Addiscombe College,Addiscombe College,,,,,
0aa59e9f-0afd-4bb5-9ddb-ad31275cf330,Commercial School for Girls,Commercial School for Girls,,,,,
91478a26-4a82-4e61-8172-40627eb2d7fc,Rodmell Women's Institute,Rodmell Women's Institute,,,,,
ebe32e00-b405-4c0f-98ec-ad87681225bf,Bannatyne Club,Bannatyne Club,,,,,
03ed14c8-15ea-49fc-8d32-37072bb9008b,Provincial Bank of Ireland,Provincial Bank of Ireland,,,,,
c0c4033c-107c-4ec7-b98e-22c1eb46bbc6,Bath Pauper Trust,Bath Pauper Trust,,,,,
716617d6-26b8-4d4a-b61a-e8e8738188e9,Edmonton District Council,Edmonton District Council,,,,,
d9843c27-5dbc-41bf-838e-d4bd0bd44ad3,National Association of Colored Women,National Association of Colored Women,,,,,
87189f07-ca42-49ff-a078-8017c245cc28,"St George's High School for Girls, Edinburgh","St George's High School for Girls,, Edinburgh",,,,,
c9b129b5-8cdb-4069-be15-e58e2fd5ab91,Saptahik Sambad Press,Saptahik Sambad Press,,,,,
ddf20424-886f-4bf6-b76a-507b7ad38e52,Cwmdeithas Gwenynen Gwent,Cwmdeithas Gwenynen Gwent,,,,,
e77c0cf9-12c7-4472-afd8-17e231ef1434,Paignton Zoo,Paignton Zoo,,,,,
4ade49bd-a225-44f1-9695-64e13acc5d3c,Netherlands Film Museum,Netherlands Film Museum,,,,,
83ec4bdc-b781-432d-93d4-b6a0a7d978b1,Penn State University,Penn State University,,,,,
08a6201f-a591-414a-9745-a45935162466,Granada Television,Granada Television,,,http://viaf.org/viaf/127203314 | http://viaf.org/viaf/147715669 | http://viaf.org/viaf/159550766 | http://viaf.org/viaf/264265782,http://viaf.org/viaf/127203314,http://viaf.org/viaf/147715669 | http://viaf.org/viaf/159550766 | http://viaf.org/viaf/264265782
ab7e4e61-32ef-4d8b-a095-1d1a03f1c098,Manchester Athenæum,Manchester Athenæum,,,,,
f42d200f-e457-4a13-bea3-3c38f371e9a0,Great Assembly Hall,Great Assembly Hall,,,,,
245afc7e-e1e7-4e5d-a3bc-492b82c403f9,Newnham Arts Society,Newnham Arts Society,,,,,
534dd6e7-3d09-4226-9302-ccc56c8dff5d,Western Museum of Cincinnati,Western Museum of Cincinnati,,,,,
f20fa91c-64ef-490b-a301-402b21d621bf,Puffin,Puffin,,,,,
200a9482-b925-4079-bc57-0bc30fbc5e2e,Glasites,Glasites,,,,,
8a6a76bb-b525-4a85-a5e6-2947531e97e3,Hogarth Press,Hogarth Press,,http://www.wikidata.org/entity/Q1623362,http://viaf.org/viaf/122592855 | http://viaf.org/viaf/152502846 | http://viaf.org/viaf/261442317 | http://viaf.org/viaf/266360169 | http://viaf.org/viaf/311149196484074791720,http://viaf.org/viaf/122592855,http://viaf.org/viaf/152502846 | http://viaf.org/viaf/261442317 | http://viaf.org/viaf/266360169 | http://viaf.org/viaf/311149196484074791720 | http://www.wikidata.org/entity/Q1623362
afbf16e2-53ef-447c-b543-8b94e378ef50,New Shakespeare Society,New Shakespeare Society,,,,,
6a684c66-ddcd-4a52-90e3-19777d8f8007,Cork Jail,Cork Jail,,,,,
35ade9b3-1fbe-4308-b065-ebd53f6e2253,Sadlier,Sadlier,,,,,
e5e9f647-2202-47d4-b757-1b1204a8b928,National Council for Equal Citizenship,National Council for Equal Citizenship,,,,,
00991aa5-cb02-4e03-906f-10b2a82e1968,Fulbourne Mental Hospital,Fulbourne Mental Hospital,,,,,
919d15ff-797b-42fd-916c-ffa4e7c7f845,Sceptre Press,Sceptre Press,,,http://viaf.org/viaf/129000245,http://viaf.org/viaf/129000245,
ac1329fb-934d-42b9-8e29-a3e932807f46,Stationers' Company,Stationers' Company,,http://www.wikidata.org/entity/Q1013382,http://viaf.org/viaf/130152587,http://viaf.org/viaf/130152587,http://www.wikidata.org/entity/Q1013382
f52d06c3-4a57-4758-8083-7bc56e2c705c,Memorial Theatre,Memorial Theatre,,,,,
b6d3d565-2c8b-46f5-9465-f7f1e431aaab,Ocean Accident and Guarantee Corporation Limited,Ocean Accident and Guarantee Corporation Limited,,,,,
52904add-8f08-4b63-84dc-a16de8b36ac3,Camden Arts Centre,Camden Arts Centre,,,,,
24fde9ec-5801-4625-a1fd-9edfa22bd7da,Ligue Internationale des Aviateurs,Ligue Internationale des Aviateurs,,,,,
a2719650-a3c7-46f4-ba22-94f4c97935a5,Hazard,Hazard,,,,,
cf046a3e-8d30-4a2f-8cbc-c71a59b2697c,Wall Street,Wall Street,,,,,
31843d6a-2062-45e2-aa06-5ffab5b8946d,YMCA,YMCA,,,http://viaf.org/viaf/315945386,http://viaf.org/viaf/315945386,
b0d72cae-01aa-4a25-8add-21ffe4856829,Lyceum Movement,Lyceum Movement,,,,,
1739b06b-c9ed-4595-8820-f7ea5f8a01a1,Université—Montpellier III,Université—Montpellier III,,,,,
e892a443-0158-4080-bfe1-109bf9558a08,Goonhilly Satellite Earth Station,Goonhilly Satellite Earth Station,,,,,
7bf2df3f-564f-4cf3-82bc-ea06bff877f4,Macmillan Canada,Macmillan Canada,,,http://viaf.org/viaf/133689118,http://viaf.org/viaf/133689118,
056c443e-9a47-4751-ac4e-10479d2217d1,Pears,Pears,,,,,
08006a3c-9c5f-4ac2-809b-2f9372b0785a,Phi Beta Kappa,Phi Beta Kappa,,,,,
85336f28-f477-4463-9f25-c6f892dd11e7,PETA,PETA,,,,,
0020e114-21d5-44af-bbf2-f5ced4305f10,Fabian Research Department,Fabian Research Department,,,,,
d696a689-5717-490f-b877-c06d91157440,Mass-Observation,Mass-Observation,,http://www.wikidata.org/entity/Q6784005,http://viaf.org/viaf/152430713,http://viaf.org/viaf/152430713,http://www.wikidata.org/entity/Q6784005
1513a622-7538-4663-b344-5c222fac5129,Anne Frank Foundation,Anne Frank Foundation,,,,,
9eddc5be-b8cc-49e1-97fd-c3e2d7ab5a1a,Cambridge National Extension College,Cambridge National Extension College,,,,,
811d568a-0893-4575-a694-c2182c504e57,Third World Women's Alliance,Third World Women's Alliance,,,,,
02b86f9c-b02c-487c-b8ee-5d3de5e012e5,Académie des Femmes,Académie des Femmes,,,,,
4c3773a4-8d24-43eb-b987-26ba9abe1254,Performing Arts Labs,Performing Arts Labs,,,,,
a173f1c6-b357-4935-a56b-780578a31da7,Cape-Ballou,Cape-Ballou,,,,,
46de7e1f-1495-4101-b95a-07f6a4803aa0,Warwickshire County Record Office,Warwickshire County Record Office,,,,,
cf46c855-b1e2-4358-a138-6b89442b8979,Independent Television Authority,Independent Television Authority,,,,,
0993c2e0-85b6-44f7-ace4-30bea491d281,Committee of Ministers for Reconstruction,Committee of Ministers for Reconstruction,,,,,
2683793a-4b1e-4210-a305-586bd2cd4db4,"Lyceum Theatre, Edinburgh","Lyceum Theatre,, Edinburgh",,,,,
9ac3fc30-29c1-484b-beaf-511323946532,Community of St Peter,Community of St Peter,,,,,
20a72824-2c39-43f1-adf5-27cb0039bb51,Academi,Academi,,,,,
82f28480-a557-401f-8ae2-0757237ae6c5,Select Committee of the British Commons,Select Committee of the British Commons,,,,,
c59a7399-8eef-4c9e-b0a1-bf9f9db8cdda,"Student's Union, London School of Fashion","Student's Union,, London School of Fashion",,,,,
4edf23e0-8588-4870-ab55-6e350c92c804,Sheffield League of Arts,Sheffield League of Arts,,,,,
e3ab95c6-9f95-48ce-a7c7-9b071b0142c0,"Ursuline Convent School, Waterford","Ursuline Convent School,, Waterford",,,,,
5db878c2-37c1-42ac-a7b6-5489bbb0c1f7,Camden Lower School,Camden Lower School,,,,,
ea62527a-a070-490c-9dc1-2962654728fe,Ridgway,Ridgway,,,,,
a505bc69-27d3-44e0-a230-11f5ae2faf94,P. Norbury,P. Norbury,,,http://viaf.org/viaf/28967567,http://viaf.org/viaf/28967567,
2e4d48da-358e-4981-8591-e356d2c54b2e,John Osborne,John Osborne,,,,,
4f86c668-4e36-452d-84ab-36430b7ab20b,National Whitley Council,National Whitley Council,,,,,
fc3bd769-09cf-4a70-bc62-8683abdead74,Metropolitan Commissioners for Sewers,Metropolitan Commissioners for Sewers,,,,,
5128e0c8-b68c-44a3-b982-cdb161ff33d6,Dawn Club,Dawn Club,,,,,
917178df-eb55-47b7-a4b4-f6e430ef0988,Women Writers Club,Women Writers Club,,,,,
7a799887-3bbc-4a4f-91bc-ed96d4540a08,United Irishmen,United Irishmen,,,http://viaf.org/viaf/129691901 | http://viaf.org/viaf/130717396,http://viaf.org/viaf/129691901,http://viaf.org/viaf/130717396
699e17f8-4b2b-476a-a8d0-64695b1409fa,"Humber College, Toronto","Humber College,, Toronto",,,,,
ff6ced77-6164-42f8-a29d-e8e9827f4707,The Trustees of FreeBMD,The Trustees of FreeBMD,,,,,
e3d9b24c-ea58-4bcb-bb24-17cb92929810,Workers' Birth Control Group,Workers' Birth Control Group,,,,,
d7404774-e54e-420f-a353-0e7e60a582d2,National Union of Teachers,National Union of Teachers,,,,,
80622f73-b070-4e3c-b0df-95d635f85da3,Neighborhood Playhouse,Neighborhood Playhouse,,,,,
c88d5afa-d153-48b6-9f02-3206e307e7c8,College of Psychic Studies Conference,College of Psychic Studies Conference,,,,,
85d30812-fe9f-4479-bca2-1caad0347f37,"National Museum, Iraq","National Museum,, Iraq",,,,,
a81bcbbd-19b8-48ca-84c9-dcbbecec324f,Radio Scotland,Radio Scotland,,,,,
78cee297-eaab-426b-ab63-5f05f19ebd19,Mercy Sisters,Mercy Sisters,,,,,
158ea846-eef8-49b6-8ec7-1df18ce2983e,French Army,French Army,,,,,
924f3eb9-c3de-47b9-86b4-564e9f1f16b2,Birmingham Archives and Heritage Service,Birmingham Archives and Heritage Service,,,,,
0ee74518-97fc-4c3c-9b17-8f6c41bea815,Children's Mission,Children's Mission,,,,,
6e17c26e-7acf-455e-8ffb-0270aca81c75,Workers' Socialist Federation,Workers' Socialist Federation,,,,,
5c1202d2-3e25-4a1b-b425-86c1395adadf,Rathbone Brothers and Co.,Rathbone Brothers and Co.,,,,,
8c94d87f-9661-4a03-86a5-46c4bc3a3b1b,Hamish Turnbull,Hamish Turnbull,,,,,
3003310c-319d-4baa-9363-5e55ebb80bbe,Jamaica Cultural Development Commission,Jamaica Cultural Development Commission,,,,,
32bd7f92-2477-46b5-9a1e-93e2da813288,Female Penitentiary,Female Penitentiary,,,,,
cc023a54-9f8c-4ce6-a97a-0c00862a0b29,Sunday afternoon School for Workhouse Girls Only,Sunday afternoon School for Workhouse Girls Only,,,,,
50d48dee-82b6-45de-8ecf-c9d0dae24583,Gallagher Press,Gallagher Press,,,,,
292ebf94-53fe-42e2-b285-3ee8530784db,Extension Summer School,Extension Summer School,,,,,
3a3c833e-2850-45f8-bbf4-5242f2503cc0,Dr Thomas Monro's Academy,Dr Thomas Monro's Academy,,,,,
92c7864c-dec7-47b9-98c0-4928367319b7,St John the Baptist School,St John the Baptist School,,,,,
9512009e-b7dc-43c9-9fbe-bd58042f0185,Teachers' Training and Registration Society,Teachers' Training and Registration Society,,,,,
84103331-9e22-441d-bdbd-3fef87a86942,King Edward VI High School for Girls,King Edward VI High School for Girls,,,,,
cda4b597-3afc-4e45-81a3-c165affdebb4,Stock Exchange,Stock Exchange,,,,,
40da0494-c100-406d-8f70-dfdf78fbb27a,Columbia University Press,Columbia University Press,,,http://viaf.org/viaf/127175063,http://viaf.org/viaf/127175063,
0945c365-ed7a-4d72-8fed-76e96f408961,Henry Woodfall,Henry Woodfall,,,,,
89cd52e2-58ec-4700-a1ed-9870331b484b,Bishop's Stortford Training College,Bishop's Stortford Training College,,,,,
93f87d19-a2ff-43fc-a311-8dc729521cf7,Crompton,Crompton,,,,,
3780aa72-e8f7-4854-bf9f-f8f22798811e,Left Book Club,Left Book Club,,http://www.wikidata.org/entity/Q1050628,http://viaf.org/viaf/152526831,http://viaf.org/viaf/152526831,http://www.wikidata.org/entity/Q1050628
5d2307b7-10e3-41d0-83c1-bfe69d7fbac4,Hamilton Dramatic Society,Hamilton Dramatic Society,,,,,
f9296532-8a84-4839-8d6d-fdbc6c41291e,"Court of Common Pleas, Dublin","Court of Common Pleas,, Dublin",,,,,
8cfea7d0-eedc-4c98-b4bb-8dbf76603353,"Arthur Hall, Virtue and Co.","Arthur Hall,, Virtue and Co.",,,,,
aa7ba57b-4fe6-40ce-991c-6ac3f94df66c,Blackheath School of Art,Blackheath School of Art,,,,,
25f1e07a-4cce-4f3e-8f50-f6939de78d68,Brandeis University,Brandeis University,,,,,
a96294ca-884d-4dd9-8e0c-9d6381680438,"Christ Church, Oxford University","Christ Church,, Oxford University",,http://www.wikidata.org/entity/Q745967,http://viaf.org/viaf/140757625,http://viaf.org/viaf/140757625,http://www.wikidata.org/entity/Q745967
f75f7786-195d-4fd3-acc5-681d3c2a59a7,Rathbone House,Rathbone House,,,,,
c8c09eda-3662-4764-a288-1d3b47410d72,Jaggard,Jaggard,,,,,
3324b23c-4bb5-4f6e-af94-90e45e64a302,Manchester Lying-In Hospital,Manchester Lying-In Hospital,,,,,
2fbdf302-cffd-4f73-84f6-cf587fa44f47,Tulsa Center for the Study of Women's Literature,Tulsa Center for the Study of Women's Literature,,,,,
dae14cbf-43fe-455f-912f-7288f8cf203b,International Women's Congress,International Women's Congress,,,,,
aa9b05c0-d8b5-41b9-93fe-3c8803e62eb5,Calabash Press,Calabash Press,,,,,
8430850e-e578-4b61-bfdd-c061172d043c,J. P. Linnicott,J. P. Linnicott,,,,,
98090617-98f0-4539-9abb-9ded30026e45,Editions Tête de feuilles,Editions Tête de feuilles,,,,,
2c05f32a-96ad-4f91-850b-b4670b489158,Homeopathic College,Homeopathic College,,,,,
d2d8f320-2804-48e3-a999-6dbed3203b54,Bechuanaland Police,Bechuanaland Police,,,,,
adabdbfa-b5cc-4022-bb6f-987883ed89c9,Butlins,Butlins,,,,,
3a1d3cc6-110c-474d-8de1-7d9dd64eae8b,Lloyd Presses,Lloyd Presses,,,,,
79ea925f-c8dc-46a4-897c-62ba4d01be22,ANC,ANC,,,http://viaf.org/viaf/136634124,http://viaf.org/viaf/136634124,
fc6aba67-e2c9-4f9c-a336-04af36f33639,"People's National Party, Jamaica","People's National Party,, Jamaica",,,,,
a9e886d6-0662-48f7-b9b7-b99bbf8dffda,North West Company,North West Company,,,,,
128bf7b0-90c7-41b1-adba-3973c99f70f2,Irgun Zvai Leumi,Irgun Zvai Leumi,,,,,
9baa419a-4547-4fbf-91d6-5b912a2bba7c,St Michael's National School,St Michael's National School,,,,,
537b16e6-5f2b-4ed4-bd48-1c03373b233c,Navarre Society,Navarre Society,,,,,
7900f7ba-623a-4a07-9155-ee842ecdbd9f,Equal Political Rights Campaign Committee,Equal Political Rights Campaign Committee,,,,,
0797fba3-f730-485a-9286-c0722fdc0bae,Byliner Fiction,Byliner Fiction,,,,,
76d1910d-f2e1-4c67-892b-c1631999079f,Rungstedlund Foundation,Rungstedlund Foundation,,,,,
486da7b9-84bb-47a8-b40d-af1ea7452bbc,Maison Lucile,Maison Lucile,,,,,
341e1175-d27c-4296-922d-dd125b52353a,Merton Press,Merton Press,,,,,
48ee311d-085b-4fbc-88d8-fd66532b6d0f,Haverford College Library,Haverford College Library,,,,,
d7882ecc-c470-4d7f-b9d6-e73ad57386da,Grafton Gallery,Grafton Gallery,,,http://viaf.org/viaf/151737503 | http://viaf.org/viaf/315672376 | http://viaf.org/viaf/471153409733241580661 | http://viaf.org/viaf/754146998525418942198,http://viaf.org/viaf/151737503,http://viaf.org/viaf/315672376 | http://viaf.org/viaf/471153409733241580661 | http://viaf.org/viaf/754146998525418942198
21c2390a-9ef8-4060-a75b-a0ab87e5fa9e,Students' National Literary Society,Students' National Literary Society,,,,,
cac36319-bbe6-40ff-a673-cf5d4f05b50c,John Robertson,John Robertson,,,,,
37bc729c-e83a-48b4-a9dc-060ad63cc379,Colman Prentice and Varley,Colman Prentice and Varley,,,,,
e9493d2a-40d4-45c6-811e-c8133e788eb5,Calouste Gulbenkian Foundation,Calouste Gulbenkian Foundation,,,,,
fc85962b-305f-4ea3-848d-e1e9f25f3d70,Athlone Committee,Athlone Committee,,,,,
70a0928b-d31d-4c4f-971f-f5e4e1cdeedf,Yarmouth Prison,Yarmouth Prison,,,,,
7540b215-238f-47de-8237-330f79ffdd38,Leeds Trade Council,Leeds Trade Council,,,,,
96049065-d2c8-4a2f-9bb4-d3a5d03e9816,William Stevens,William Stevens,,,,,
9701bc91-106c-41df-a1fe-80cf0b02b0fd,Gate Theatre,Gate Theatre,,,,,
485e6979-2470-436a-b9a9-ae7f2f132afa,Academy Chicago Publishers,Academy Chicago Publishers,,,,,
a90110c9-64c6-4740-9ab2-3955e63a6306,Camberwell Volunteers,Camberwell Volunteers,,,,,
75adbd31-087c-4b6f-a43c-493f1ac3323a,Huddersfield and District Woollen Export Group,Huddersfield and District Woollen Export Group,,,,,
b83b1b71-7836-4404-b769-086f416746b0,Savoy Theatre,Savoy Theatre,,,http://viaf.org/viaf/139078708,http://viaf.org/viaf/139078708,
2c3d17fa-80c4-4a40-915c-fc76e69513a1,Southwick,Southwick,,,,,
f9a27753-7f99-43a2-b2fa-117ef89429c1,Ward Theatre,Ward Theatre,,,,,
39e4f49c-96e2-4ba0-84bc-d2b0e760bf63,South London Hospital for Women,South London Hospital for Women,,,,,
751dd2a9-ed38-4287-b950-a1a7bf761282,Edmonston and Douglas,Edmonston and Douglas,,,http://viaf.org/viaf/128197663,http://viaf.org/viaf/128197663,
9d866e78-6599-4079-b32d-5804bcf7d63c,Association of Canadian College and University Teachers of English,Association of Canadian College and University Teachers of English,,,,,
0e622be0-59cf-4617-b85e-5ec7d45fc59d,Hamlyn Publishing,Hamlyn Publishing,,,,,
eaaf83bd-533e-420f-b7d9-769d07cd3b39,Sphinx Theatre Company,Sphinx Theatre Company,,,http://viaf.org/viaf/264695366 | http://viaf.org/viaf/296816928,http://viaf.org/viaf/264695366,http://viaf.org/viaf/296816928
6203a2b5-d743-483f-aca1-5426de7d7c71,Moorcroft House,Moorcroft House,,,,,
8e23d806-b87a-41f9-ba8d-2f16a9f7ae47,Wilson and Durham,Wilson and Durham,,,,,
d0da96c2-1744-4206-9357-4a4c7158f47f,Congregational Church,Congregational Church,,http://www.wikidata.org/entity/Q1062789,,http://www.wikidata.org/entity/Q1062789,
24f8b9a1-4830-4c0d-a705-11120c83bdd1,National Black Feminist Organization,National Black Feminist Organization,,,,,
2220d6ed-e136-40fb-b494-e326f02ee699,Browning Institute,Browning Institute,,,,,
e5d2552a-f37f-4199-ab65-25855a6b976c,Simone de Beauvoir Institute,Simone de Beauvoir Institute,,,,,
3d305d5c-98ee-4ab9-bd9f-073f282cf602,National Magazine,National Magazine,,,,,
0ae3a5e5-bec7-40df-a217-765eb9566299,John P. Jewett,John P. Jewett,,,,,
44850c70-41f7-45be-afa6-19e980900889,Broadmoor Prison,Broadmoor Prison,,,,,
6e33170a-7b2e-41fc-b87a-ac7e15af7547,St Paul's School,St Paul's School,,http://www.wikidata.org/entity/Q1227526,http://viaf.org/viaf/172320737,http://viaf.org/viaf/172320737,http://www.wikidata.org/entity/Q1227526
6d2850de-cced-4707-b90b-fc2a45edded5,Council of Trent,Council of Trent,,,,,
a7623330-e407-47ac-a7e1-458981b1d6e5,Springfield Hospital,Springfield Hospital,,,,,
7812e2bf-2393-4d35-806b-e4a3dd2f1011,Futura,Futura,,,,,
f5b38440-49b3-4f06-8489-b47d95fa402c,National Commission for the Observance of International Women's Year,National Commission for the Observance of International Women's Year,,,,,
00ecbeec-089e-4d2f-a582-e69d03fa2691,Minerva Theatre,Minerva Theatre,,,,,
a5284fdf-67b9-4bfd-a65f-cecb95b04fa3,Scottish National Portrait Gallery,Scottish National Portrait Gallery,,,http://viaf.org/viaf/149747786 | http://viaf.org/viaf/169639006 | http://viaf.org/viaf/261570939 | http://viaf.org/viaf/312758541,http://viaf.org/viaf/149747786,http://viaf.org/viaf/169639006 | http://viaf.org/viaf/261570939 | http://viaf.org/viaf/312758541
e6cf0020-8796-42b4-8690-74ac9635a540,"Wolfson College, Cambridge University","Wolfson College,, Cambridge University",,,,,
92283774-dfc0-45a5-b124-17a00bb415eb,Derby Playhouse,Derby Playhouse,,,,,
1cf25f97-dc30-40fc-aa86-302efe60db8e,Bethesda Arts Centre,Bethesda Arts Centre,,,,,
0166dab9-b747-4ddc-9db8-1b809eee17e2,University of Dundee,University of Dundee,,,,,
50b38b93-808b-4847-b08c-67fb4d18f430,Harvester Press,Harvester Press,,,http://viaf.org/viaf/295664937,http://viaf.org/viaf/295664937,
4521b287-8401-411e-82ac-cf9883d4bae5,Freud Archives,Freud Archives,,,,,
14063ea9-2b55-4ecb-9c20-bd13dc642a5a,Student Christian Movement,Student Christian Movement,,,,,
ba2c2ed9-c4b6-48a7-a958-273b00e6d76d,International Arbitration and Peace Association,International Arbitration and Peace Association,,,,,
d54efb63-5a94-43c6-abe5-601c0155e383,American Institute of Electrical Engineers,American Institute of Electrical Engineers,,,,,
3bcbf664-6ed5-46b3-95d5-08250d15c0a3,Women's Union Journal,Women's Union Journal,,,,,
3aeae246-2a77-4713-b776-0a716425bd97,Lena Ashwell Players,Lena Ashwell Players,,,,,
d9e7a9be-259b-4845-8162-e018dea1a814,Tower Bridge,Tower Bridge,,,,,
2ba4c820-6680-408a-a043-9b4fb04ce80d,Guild of Pastoral Psychology,Guild of Pastoral Psychology,,,,,
2b767208-fd3d-4242-9138-9d3c335508fc,Heal's,Heal's,,,http://viaf.org/viaf/267304764,http://viaf.org/viaf/267304764,
1cc5665d-2a98-4abb-8403-cfb74aebc48d,Fourth London General Hospital,Fourth London General Hospital,,,,,
27ae98b4-a0ed-43ce-9447-a2256a52999d,South African Communist Party,South African Communist Party,,,http://viaf.org/viaf/132113141 | http://viaf.org/viaf/149585257,http://viaf.org/viaf/132113141,http://viaf.org/viaf/149585257
8f112f09-cb59-4ef6-81ff-079922445b9b,British Bureau of Information,British Bureau of Information,,,,,
ce06a765-23c6-4fe9-875b-e09c27bbcd07,Reform Club,Reform Club,,,,,
b718c049-a83f-4afc-b604-7b6c27b65bcf,Centaur,Centaur,,,,,
12f92dc2-3e7a-4583-b478-8e03562f079f,University of Wales Press,University of Wales Press,,,,,
b474a5a0-7603-4379-b134-83d3fa9c308f,Crowdfunder,Crowdfunder,,,,,
e0b5464d-69fa-41b8-9d45-33aa9aebcb60,Women's Tax Resistance League,Women's Tax Resistance League,,,,,
7333dfd4-0028-4fc0-87bf-76882649b552,"People's Arts Centre, Newcastle-upon-Tyne","People's Arts Centre,, Newcastle-upon-Tyne",,,,,
55aee71f-696c-4c03-8a4d-1b8dac68c26c,Duncombe,Duncombe,,,,,
84292301-7ae6-42a8-beeb-d085ba67206e,National Women Citizen's Association,National Women Citizen's Association,,,,,
681cd4b2-a621-4cde-95e4-e60ec8db61e1,British Commonwealth League,British Commonwealth League,,http://www.wikidata.org/entity/Q17084857,,http://www.wikidata.org/entity/Q17084857,
ccd25d1d-9b2b-4ffa-a425-af47c5eb8b70,Salamander Press,Salamander Press,,,,,
122b9607-7cb4-4574-92b4-d16eb7fe17a1,Royal Air Force,Royal Air Force,,http://www.wikidata.org/entity/Q165862,http://viaf.org/viaf/1528149198360774967296,http://viaf.org/viaf/1528149198360774967296,http://www.wikidata.org/entity/Q165862
2e3e617f-9a05-4b15-8252-069188da991e,Imprimerie Darantière,Imprimerie Darantière,,,,,
9c31ad1e-772f-4da8-b4bf-a3d02b7d66be,National Association for Promoting State-Directed Colonisation,National Association for Promoting State-Directed Colonisation,,,,,
da8b6d97-a73a-41f5-941a-ce495a462746,Riverside Press,Riverside Press,,,,,
8cc38c2b-7f5c-4a85-859d-0d638982fa16,Queen Printing and Publishing Company,Queen Printing and Publishing Company,,,,,
77abcf9b-2a23-4507-a68b-497e17292026,Morphy Richards,Morphy Richards,,,,,
9cb1ace4-27cd-4b07-b821-cc9c61591d1f,E. W. Allen,E. W. Allen,,,,,
c8bd7892-c906-4cc3-9131-14984e88d1c7,Ford,Ford,,,,,
e109c437-d72d-457b-8221-bb85fb257ec3,Geneva Public Welfare Society,Geneva Public Welfare Society,,,,,
30630402-e5f1-4e46-89b3-08180bf41c49,Plymouth and West Devon Record Office,Plymouth and West Devon Record Office,,,,,
5b6c2be3-d335-4ca1-8969-49e7d28f3a2a,British Copyright Council,British Copyright Council,,,,,
460e2608-bfdf-4bc8-9889-bad43fec8918,International Labour Organization,International Labour Organization,,,,,
a319976b-4ab5-4427-9920-443d3f55a418,Autonomie Club,Autonomie Club,,,,,
986f9ba1-0951-478d-a514-3be0d4759590,Southern Festival of Books,Southern Festival of Books,,,,,
f5b1caa2-b8aa-4371-9629-64757be4c58e,European Common Market,European Common Market,,,,,
66160204-8f2d-4027-86a5-4d87387d0de3,Liverpool Economic and Statistical Society,Liverpool Economic and Statistical Society,,,,,
fa248939-16b3-44cf-b8da-aa4f93111999,Pinter Society,Pinter Society,,,,,
7493d875-9fbd-4957-90d4-d1abdb17bb70,Boston College,Boston College,,,,,
0ae05c2d-d717-4ae5-bf65-ee5b75848b46,Metropolitan Board of Works,Metropolitan Board of Works,,,,,
a1dd2e50-8eeb-43ba-9ffa-0661aa047e8e,Perkins Institute for the Blind,Perkins Institute for the Blind,,,,,
9c4e89a2-83e4-4fd2-b0cc-d5249f285f04,Books for Libraries Press,Books for Libraries Press,,,http://viaf.org/viaf/146944844,http://viaf.org/viaf/146944844,
cd5ccc54-5813-4389-9d1d-d18fe4b3067e,Parcel Force,Parcel Force,,,,,
9071edcc-f825-4949-a142-642822cea119,William Hinchliffe,William Hinchliffe,,,,,
de034fbc-976a-4f79-ac74-243119bef647,University of Minnesota,University of Minnesota,,,,,
cc449280-870a-48f9-b432-dc07c3183916,Seanad Eireann,Seanad Eireann,,,,,
c80265d9-8697-4cc7-a457-c7613da55e8c,Poetry Award of the Welsh Committee of the Arts Council,Poetry Award of the Welsh Committee of the Arts Council,,,,,
c19bfb9d-4451-452d-9921-76e2f75cb629,Clinical Society of London,Clinical Society of London,,,,,
c1400465-58b3-4580-b87c-cd96760a38b0,Association to Promote the Higher Education of Working Men,Association to Promote the Higher Education of Working Men,,,,,
21e7eff8-3d32-479f-94bf-bfdef94f64f3,Cave of the Golden Calf,Cave of the Golden Calf,,,,,
fea2ed2d-330e-4fb2-9ef9-a17d21e4576a,Turret Books,Turret Books,,,,,
1a99471d-f4d7-48fa-b562-9b71bf5c14c3,Lythway Press,Lythway Press,,,,,
d896849c-8405-4eda-8d7e-bdec9f7be564,Moss Side Press,Moss Side Press,,,,,
4d339d70-f605-4514-992f-be91825c81a6,St Columba's College,St Columba's College,,,,,
6bc32b8c-8c2f-4a26-9597-de0d85f65c17,Irish Women's Suffrage Federation,Irish Women's Suffrage Federation,,,,,
7f41b16c-f405-4f64-823c-4562e2618bef,Oriental Society of Peking,Oriental Society of Peking,,,,,
23ce4480-a8e8-473f-82b2-c355b2b0fbfb,C. Sympson,C. Sympson,,,,,
35bc0be3-0840-4dd6-98bd-e15f8beac0ab,Women's Total Abstinence Union,Women's Total Abstinence Union,,,,,
c9c4c85e-a97b-465c-bf17-62ce2aba982e,Hatcham Liberals,Hatcham Liberals,,,,,
8df169ee-fdd0-4c10-9899-d52ca9bdd66b,Cobourg Junior School,Cobourg Junior School,,,,,
ef18d694-7a75-4358-8a5a-1bf829298795,"Schiller-Theater, Berlin","Schiller-Theater,, Berlin",,,,,
26fdd84a-db1e-4b85-b6bc-ac3e1ebe0067,Central Committee on Women's Employment,Central Committee on Women's Employment,,,,,
b9034783-01b7-49e6-a896-669e1bbcf7dd,Ministry of Information,Ministry of Information,,,http://viaf.org/viaf/122520051,http://viaf.org/viaf/122520051,
d671ff1a-87af-485c-b0f2-fda90ee8260a,House of Commons,House of Commons,,http://www.wikidata.org/entity/Q11005,http://viaf.org/viaf/123930966,http://viaf.org/viaf/123930966,http://www.wikidata.org/entity/Q11005
57ab70ed-8150-4a65-8d1d-edbaae2cc887,Nanjing University,Nanjing University,,,,,
d4bafcfa-5739-480a-ad02-bc11ac21bf33,Penguin,Penguin,,http://www.wikidata.org/entity/Q1336200,http://viaf.org/viaf/134443168,http://viaf.org/viaf/134443168,http://www.wikidata.org/entity/Q1336200
a779df4a-7783-40b0-b652-535ac708979d,Thomas Burleigh,Thomas Burleigh,,,,,
590dc12c-afea-4777-9175-521ba3812966,Temperance Society,Temperance Society,,,,,
092ec9bc-22bd-4c8b-bb0a-962a2c29e605,"Notre Dame University, British Columbia","Notre Dame University,, British Columbia",,,,,
4eeaed4f-2d64-497d-a940-40b1aaa1bbcd,Ecclesiastical Courts,Ecclesiastical Courts,,,,,
bc22050b-4930-41e6-8345-42e4ecaec4ed,BiblioBazaar,BiblioBazaar,,,,,
7e404eae-c99c-4a44-9077-8cf4e2b7ec21,Manchester High School,Manchester High School,,,,,
eb85392d-e78b-4742-a0f8-005608cd5752,John Calder (Publishers) Limited,John Calder (Publishers) Limited,,,,,
df8876ac-06ec-4318-b8f6-d72924f2c780,Presentation Sisters,Presentation Sisters,,,,,
d0e28a18-e9a3-460d-8a1e-99be4892e971,David Nutt,David Nutt,,,,,
e6ed1aca-2e74-43e5-815f-853f8b5379c4,Westminster Hall,Westminster Hall,,,,,
a7c4ad47-2d72-488d-93ce-a2f6ed49d799,International One-Act Play Theatre,International One-Act Play Theatre,,,,,
d5d3de85-0087-4778-88e9-d8902f508e83,UCLA,UCLA,,http://www.wikidata.org/entity/Q174710,,http://www.wikidata.org/entity/Q174710,
e42c7f87-f67d-4cdf-b9d7-ee1738651a76,Two Roads,Two Roads,,,,,
827e97bd-cb1a-45f8-b070-860625bfb841,William Hunt,William Hunt,,,,,
8eae533c-b3de-4169-bf6f-e18bfc39f751,Guild of St Matthew,Guild of St Matthew,,,,,
a8b342df-0fb2-4023-8282-abaccf77eab2,Stonyhurst College,Stonyhurst College,,,,,
f864ea87-c376-4791-922d-2f0901f02904,New Departures,New Departures,,,,,
bce45fd8-4c3b-45d7-bc7c-5b5861f162e0,Georgia Archives and Manuscripts Automated Access Project,Georgia Archives and Manuscripts Automated Access Project,,,,,
0a9f81d2-95ae-4d70-9ce9-fd8b9a642538,"Everyman Theatre, Hampstead","Everyman Theatre,, Hampstead",,http://www.wikidata.org/entity/Q5417851,,http://www.wikidata.org/entity/Q5417851,
3002fe8b-6b1b-48c1-82f2-ab5a35919802,Stratemeyer Syndicate,Stratemeyer Syndicate,,,,,
e7f9a139-e95e-47fc-8c79-5b4fc618b9cf,Scripps College,Scripps College,,,,,
7bfdd5b7-4dc3-4c6d-a085-448145c33037,Theatre of Black Women,Theatre of Black Women,,,,,
f5c54a8d-dfb6-4be8-b60c-f5e8ca3842ca,Saville Theatre,Saville Theatre,,,,,
e21c95bf-b10a-470c-b070-6ed651562675,Oxford Theatre,Oxford Theatre,,,,,
7a7fc34f-6284-49e4-b698-e1c968d1cf12,"Students' Representative Council, University of St Andrews","Students' Representative Council,, University of St Andrews",,,,,
0d683d09-cfcd-4b51-8623-9f858cce151b,Royal Munster Fusiliers,Royal Munster Fusiliers,,,,,
42378dee-8275-47b4-843f-eeef30486cc9,Mattel,Mattel,,,,,
f61cb03f-92b1-4ded-8699-0c294415e8ce,Arts Council England,Arts Council England,,,http://viaf.org/viaf/143603950 | http://viaf.org/viaf/144407211 | http://viaf.org/viaf/153267671,http://viaf.org/viaf/143603950,http://viaf.org/viaf/144407211 | http://viaf.org/viaf/153267671
2ece7530-183f-4449-b1a5-e360e52c32cc,Library Association,Library Association,,,,,
147c6a24-1ec0-412a-81e0-3fbb2c0e5b7f,West Carbery Hunt,West Carbery Hunt,,,,,
5be97ab6-c805-4e55-8a78-9d44c817520d,Ogwugwu Afor,Ogwugwu Afor,,,,,
697b6df5-da08-419e-b4ec-94bbc51676b2,Théâtre du Vieux Colombier,Théâtre du Vieux Colombier,,,,,
9f8401f1-b1f2-4136-bec2-a5172b6e8c3c,North Riding College,North Riding College,,,,,
a0ebf044-3c19-4b7a-b797-9fa9de3cfeae,Arab League,Arab League,,,,,
c2a6990c-cfbd-4833-a831-ddfd77351b33,Traversity Press,Traversity Press,,,,,
77e7b340-55e6-4650-b0f7-53bd0c299417,Royal Dublin Society,Royal Dublin Society,,,,,
48cb81bd-4f77-469f-8e34-71c6a25b0380,Christmas Gift Fund,Christmas Gift Fund,,,,,
ba30b845-1969-440b-af91-3dc4a5660444,Pentonville Prison,Pentonville Prison,,,,,
72cd5162-8e65-4a9f-8067-549042b69caf,Jewish Cultural Reconstruction,Jewish Cultural Reconstruction,,,,,
6f1a4b71-b65b-416b-8317-9cfbfbcdea22,Nestlé,Nestlé,,,,,
f3c2e0ac-fb29-4215-9ead-a49add40dd1a,Privy Council,Privy Council,,http://www.wikidata.org/entity/Q683120,http://viaf.org/viaf/125544999 | http://viaf.org/viaf/141631515 | http://viaf.org/viaf/151560581 | http://viaf.org/viaf/159503005,http://viaf.org/viaf/125544999,http://viaf.org/viaf/141631515 | http://viaf.org/viaf/151560581 | http://viaf.org/viaf/159503005 | http://www.wikidata.org/entity/Q683120
fabf04cb-660f-4d51-992f-a7d9b70c4068,Social Purity Alliance,Social Purity Alliance,,,http://viaf.org/viaf/140590367,http://viaf.org/viaf/140590367,
716a9744-4673-4522-8e38-3933e25a8d30,Music Hall Provident Society,Music Hall Provident Society,,,,,
5df5a96d-7fd6-4631-b18e-fc7c1d38a765,Chancery,Chancery,,,http://viaf.org/viaf/135972595,http://viaf.org/viaf/135972595,
8c53ae54-b4f9-4bf6-9f28-016c3ef641e5,Clapham Maternity Hospital,Clapham Maternity Hospital,,,,,
7a89cff4-8282-4629-9900-0e031bbcff0e,House of Worth,House of Worth,,,,,
71afd20f-a15f-4c1c-b2de-e065eb8f5300,Abacus,Abacus,,,http://viaf.org/viaf/311382938,http://viaf.org/viaf/311382938,
32618444-ea24-4bf5-afcc-4131da9b439a,Mowbray,Mowbray,,,,,
bb93dc6b-8a67-4b0c-b26d-d89d9ab215f2,Cenacle Convent,Cenacle Convent,,,,,
503a5940-2b94-42c1-81ae-5b7049d9973f,Children of Flanders Rescue Committee,Children of Flanders Rescue Committee,,,,,
0404f358-b715-4dc6-a360-d1e000b05c54,Her Interactive,Her Interactive,,,,,
6db2cb94-23ec-4709-bd01-764162107f99,El Shaab,El Shaab,,,,,
672ec05d-cfbb-4844-928a-0ba96334ce60,National Association of Factory Occupiers,National Association of Factory Occupiers,,,,,
fe500082-dfcc-451e-a40e-e1d5b1657ac0,INTERPOL,INTERPOL,,,,,
ef18cd56-f036-4385-9efe-7b5c8de6c721,Aircraft Transport and Travel Limited,Aircraft Transport and Travel Limited,,,,,
be3e13e2-c00e-4454-807e-0d7230167763,Jewish Free School,Jewish Free School,,,,,
1e337b4d-bb16-455e-b861-7c4f358700c0,Bengal Staff Corps,Bengal Staff Corps,,,,,
23b1b3e5-7671-4c6e-b0cb-71cb0f220a19,Kilkenny Archaeological Society,Kilkenny Archaeological Society,,,,,
4c1bc062-eade-4105-ae95-2145a1497d9e,Bengali-Speaking Readers' Group,Bengali-Speaking Readers' Group,,,,,
eea184e8-4a07-4ff8-be16-6b2962d38dac,Bruton Galleries,Bruton Galleries,,,,,
3786074d-c152-4091-b823-94ad884d66d5,Cambridge Philological Society,Cambridge Philological Society,,,,,
6f543de1-a303-4c92-bdb6-766c3cd669c4,Birmingham School of Art,Birmingham School of Art,,,,,
fec4f9a3-1bbf-4bbf-bd39-0ba24d6c0a6c,Ballets Russes,Ballets Russes,,,,,
261b908e-046f-43fc-a9ed-21f1e632dd95,Darrell Waters Ltd,Darrell Waters Ltd,,,,,
533a6352-8e88-4c96-aba2-0cd52e2798bc,Florence Nightingale Hospital,Florence Nightingale Hospital,,http://www.wikidata.org/entity/Q6058058,,http://www.wikidata.org/entity/Q6058058,
087cba83-353c-4f10-8a8f-7685aab4c647,Royal Photographic Society,Royal Photographic Society,,,,,
f6515b72-bcc9-4afa-b352-78e077739ffc,Institution of Mechanical Engineers,Institution of Mechanical Engineers,,,,,
c423130e-de28-46e4-bcbd-3f7c13c4c5fe,Whitechapel Free School,Whitechapel Free School,,,,,
79f1ce13-0e3d-4c34-b869-094a89dbcd22,Cheltenham College,Cheltenham College,,,,,
34038d8c-fa92-4116-8708-9b3895703ade,Medical Aid to Palestinians,Medical Aid to Palestinians,,,,,
b0c6c062-fec5-4e82-be50-32ebc2375dee,Eragny Press,Eragny Press,,,,,
14cfa409-3869-4e38-a030-296077fd704a,India Society,India Society,,,,,
fd98536c-48bb-406d-a2c9-9a8262ab9a79,Connecticut Woman Suffrage Association,Connecticut Woman Suffrage Association,,,,,
5e9dfa34-b646-47f8-8c1e-e60c5ff00768,University of Birmingham Library,University of Birmingham Library,,,,,
ac6c0ca2-91e4-49f0-88b1-1ff4056d3df1,University of Guelph,University of Guelph,,,,,
deb46bb2-7a96-464c-b91d-7d616221bbc7,North Carolina College for Negroes,North Carolina College for Negroes,,,,,
8ecb54bc-faad-48be-a504-ebf7814679fb,Egoist Press,Egoist Press,,,http://viaf.org/viaf/133764091,http://viaf.org/viaf/133764091,
e0c4d905-cd69-4087-a205-1914153108a9,St Martin's Theatre,St Martin's Theatre,,,,,
bddd8ab1-5167-40ef-a9ea-ec8b5476dd34,National Union of Women Workers,National Union of Women Workers,,,http://viaf.org/viaf/140592054 | http://viaf.org/viaf/168108768,http://viaf.org/viaf/140592054,http://viaf.org/viaf/168108768
c9418f05-df7c-4c29-81c1-38836d478d58,Beauty Without Cruelty,Beauty Without Cruelty,,,,,
33ad45d8-769d-4598-8392-9853a8746c01,Manchester Metropolitan University,Manchester Metropolitan University,,,,,
1786943d-1a97-41fe-8b03-beb542e65ad4,Victorian Women Writers Project,Victorian Women Writers Project,,http://www.wikidata.org/entity/Q76514708,,http://www.wikidata.org/entity/Q76514708,
c7980a7c-12fd-4723-aa5b-5f160d489f2c,Linnean Society,Linnean Society,,,http://viaf.org/viaf/148721817,http://viaf.org/viaf/148721817,
9f76a004-e8a4-4bbe-b830-a86fca8a6402,Women Writers Project,Women Writers Project,,http://www.wikidata.org/entity/Q8031351,http://viaf.org/viaf/305872389,http://viaf.org/viaf/305872389,http://www.wikidata.org/entity/Q8031351
af2102c9-2297-46ab-995e-b6312da702a0,Telegraph School for Women,Telegraph School for Women,,,,,
563ea844-679e-4d1d-9a5d-2ae85d4245fc,All-India Social Conference,All-India Social Conference,,,,,
039d10c0-1f39-4c73-9206-cf8a2aae3c44,Chiltern Library,Chiltern Library,,,,,
42590555-51c0-4e8d-8e70-ee57239f3dc1,R. Hunter,R. Hunter,,,,,
30b73cbe-818a-47f9-b797-540e5ba4b2b9,Mesmeric Dispensary,Mesmeric Dispensary,,,,,
400e3a5b-3501-4fc3-9598-e9d335bcab8e,Sony,Sony,,,,,
c1bcdfe6-fdcd-4c51-bd3e-2f36caa50f30,Craiglockhart War Hospital,Craiglockhart War Hospital,,,,,
0b39dc17-2ad1-4355-bad7-e145cae8d82d,Polytechnic of Wales,Polytechnic of Wales,,,,,
be7d56a2-2ad9-436e-b4f1-9cbf3b8216b0,Shakers,Shakers,,,,,
fa5a4b36-d159-4601-b380-da27cd9001d0,Pearson College UWC,Pearson College UWC,,,,,
9a5c65c4-d16a-4004-9e09-b950e0553970,Marvel,Marvel,,,,,
bda9dac3-0b96-4803-86c5-c6e0e9637a4f,"Nationalist Party, South Africa","Nationalist Party,, South Africa",,,,,
a9456917-c065-4f85-9d0f-eed43b703370,Suffolk County Resolves,Suffolk County Resolves,,,,,
dc868d23-6086-4b99-8e6e-86bbc89dffbe,Scottish Theatre Archive,Scottish Theatre Archive,,,,,
7b78d812-fec0-4e9e-b54a-1dfcbb3f44ee,Operative Jewish Converts' Institution,Operative Jewish Converts' Institution,,,,,
65be6d90-ebe9-4ebc-9494-896b479a691d,Stevens Institute of Technology,Stevens Institute of Technology,,,,,
12a1d2fd-7e96-44a5-8985-cc30a1495be5,Kindle,Kindle,,,,,
152784d1-2924-4c31-8560-04b11a12a855,Primrose League,Primrose League,,,,,
53cceb9e-1410-4b44-a4d7-20c2a5654324,Absolute,Absolute,,,,,
d9ac64e1-68e0-4fc3-80fa-b16e3e52ce2c,Vienna Philharmonic Orchestra,Vienna Philharmonic Orchestra,,,,,
f2cb10e5-44d6-4230-879a-9f8db9e50d10,Gainsborough Studios,Gainsborough Studios,,,,,
06ec9318-dab3-4fbc-9dcf-e897ceb8944a,Joseph Masters,Joseph Masters,,,,,
438818e8-a323-4263-b285-ed018ccc566a,Ulster Unionist Party,Ulster Unionist Party,,,,,
7f7baf54-1eec-4634-a337-e38a71136855,Washington College,Washington College,,,,,
fb90b22a-7fe4-4b9f-b0f3-fd363ced7b9a,Philadelphia Yearly Meeting of Friends,Philadelphia Yearly Meeting of Friends,,,,,
827dd69c-6129-4dd1-82a7-130e37463a12,House and Training School for Nurses,House and Training School for Nurses,,,,,
7c558f52-9376-45a8-a43b-a797fe25e1d6,"Royal Military Academy, Woolwich","Royal Military Academy,, Woolwich",,,,,
acda2fe2-dd30-4b43-a214-80eea8b99194,International Quidditch Association,International Quidditch Association,,,,,
9ebe17d0-b92e-4935-923f-da96575550e6,Friends of Italy Society,Friends of Italy Society,,,,,
6276192c-c30a-4847-8568-214ee39ba2a3,Catholic Truth Society,Catholic Truth Society,,http://www.wikidata.org/entity/Q5053249,http://viaf.org/viaf/152415597,http://viaf.org/viaf/152415597,http://www.wikidata.org/entity/Q5053249
cd92e195-c55e-4015-90aa-3b0bb7e98414,Greenwood Theatre,Greenwood Theatre,,,,,
2d37489c-04cd-401a-b1a7-abcdf888e795,Guantanamo Reading Project,Guantanamo Reading Project,,,,,
7e9e6734-1fb8-4d3b-9e4c-007e8892291e,Ursuline Order,Ursuline Order,,,,,
c8a78e76-d67d-461c-938b-860f02d41bef,Connecticut Historical Library,Connecticut Historical Library,,,,,
8e2e89af-daee-4662-837e-34ce5082374f,Cassell plc,Cassell plc,,,http://viaf.org/viaf/157556037,http://viaf.org/viaf/157556037,
200f2731-113f-4125-8bfa-917a7544e03e,Queen's University of Belfast,Queen's University of Belfast,,http://www.wikidata.org/entity/Q877925,http://viaf.org/viaf/155630332,http://viaf.org/viaf/155630332,http://www.wikidata.org/entity/Q877925
af561d48-416d-4fe2-997f-6ac78887ea7c,Euston Road School,Euston Road School,,,,,
679586ad-bf36-4893-9565-3eba3c7d5b88,Littleton,Littleton,,,,,
4d8a70bc-76e6-4e9e-bfc6-9661a0a89cd8,Federal Council of the Evangelical Free Churches,Federal Council of the Evangelical Free Churches,,,,,
37b6ad4b-1911-4094-a11c-02f7abdb548c,"St Anne's College, Oxford University","St Anne's College,, Oxford University",,,http://viaf.org/viaf/167533581,http://viaf.org/viaf/167533581,
08748aed-f676-4ce3-a297-69c9a21afce8,Victoria House Publishing,Victoria House Publishing,,,,,
01ead75d-a01f-45c6-9759-8ea2636a1e43,People's Suffrage Federation,People's Suffrage Federation,,,,,
a4cd8691-657a-4a00-b2de-9becc6c1693f,Somerville Club,Somerville Club,,,,,
822fcf9f-2af9-45a5-9982-d50d1a88429d,Ladies Association,Ladies Association,,,,,
8a77a71d-65be-43ba-95c4-0525d120b9db,"Sidney Sussex College, Cambridge University","Sidney Sussex College,, Cambridge University",,,,,
9d7ba0c7-1d78-4764-bc66-b686a94caeb1,Female Society for Birmingham,Female Society for Birmingham,,,,,
41ff42fc-4540-4c80-8012-b49c832ccedc,"Theatre Royal, Bath","Theatre Royal,, Bath",,,,,
63b43cd8-62b1-4c40-9773-798296314d6c,Vantage Press,Vantage Press,,,,,
b468a36c-2d8c-4786-a4b0-51b8fe4469b9,New Commonwealth Society,New Commonwealth Society,,,,,
85dbfb5e-52d8-42d6-8fc1-dd82b6a175ab,University of Guyana,University of Guyana,,,,,
5d62776f-70b6-408f-a3f5-d73268321c52,Boosey,Boosey,,,http://viaf.org/viaf/125805561 | http://viaf.org/viaf/130649964 | http://viaf.org/viaf/59159032657801181396,http://viaf.org/viaf/125805561,http://viaf.org/viaf/130649964 | http://viaf.org/viaf/59159032657801181396
e560e8c2-c7ed-487b-948b-f4a7a5ca4c2e,Bishop's College,Bishop's College,,,,,
a4fe0a20-0bca-4eaf-bde4-bf4a20363036,Union of Women for the Defence of Paris and Aid to the Wounded,Union of Women for the Defence of Paris and Aid to the Wounded,,,,,
44e27c63-2f60-4352-aa59-b84e5720448b,Zeta Phi Beta,Zeta Phi Beta,,,,,
96fec0a9-f9d9-440b-8c60-006ced48b991,Hull University Press,Hull University Press,,,,,
ced8cd9a-5963-4550-b743-1b5a1c031b4f,Old City Publishing,Old City Publishing,,,,,
e9eac7f4-05c8-45e8-94bd-92e39e4eb7eb,Trent University,Trent University,,,,,
5e01ecd7-f465-4725-84da-b240087cd630,Henry Olney,Henry Olney,,,,,
59212580-84fe-4874-bbd9-0e3c80b06523,Mukti Mission,Mukti Mission,,,,,
f465d32d-65be-4f69-bd85-314af72bdee5,Ford Foundation,Ford Foundation,,,,,
2f2e85d9-5ef7-4562-b184-285ad64238d2,Royal Irish Academy,Royal Irish Academy,,http://www.wikidata.org/entity/Q110587,http://viaf.org/viaf/124808856 | http://viaf.org/viaf/154501756 | http://viaf.org/viaf/239169639228696580008,http://viaf.org/viaf/124808856,http://viaf.org/viaf/154501756 | http://viaf.org/viaf/239169639228696580008 | http://www.wikidata.org/entity/Q110587
2fe7a444-bf70-41d7-869f-9859ec54fbee,Nichols,Nichols,,,,,
cb161f7f-b7e4-4605-9f0c-181f8204f881,Institute of Contemporary Arts,Institute of Contemporary Arts,,,http://viaf.org/viaf/142520128,http://viaf.org/viaf/142520128,
86f0ecb0-2458-4898-a1f0-153b265379e5,St Patrick's (District) Nursing Home,St Patrick's (District) Nursing Home,,,,,
e4eb1fd6-b6eb-40a9-bf27-3440d3317d5a,E. P. Publishing,E. P. Publishing,,,,,
de0983ec-13d7-4f17-980f-c3ac7361e4a8,Harry Chambers-Peterloo Poets,Harry Chambers-Peterloo Poets,,,,,
b7388c7e-021f-4282-ac8d-5a7b1f2312f2,Jewish League for Women's Suffrage,Jewish League for Women's Suffrage,,,,,
07d2ac89-1635-44df-b569-8a3e5f9696d5,London Stock Exchange,London Stock Exchange,,,,,
3ad803a6-f89a-4822-bf2e-e7c947febd57,Sequentia,Sequentia,,,,,
26e7ee46-4a9c-46c0-8e8f-f85a25a1e39e,House of Refuge for Unprotected Female Servants,House of Refuge for Unprotected Female Servants,,,,,
129e3504-e10d-40f1-8456-85a29d4dd1cb,League for Democratic Control,League for Democratic Control,,,,,
916ef2b0-9753-4568-bc5d-602d10d5f46b,Museo Centrale del Risorgimento,Museo Centrale del Risorgimento,,,,,
9fbc259c-02cd-446f-96f4-5aed11cbb78b,Darton and Harvey,Darton and Harvey,,,http://viaf.org/viaf/140706820 | http://viaf.org/viaf/156131719 | http://viaf.org/viaf/156313027 | http://viaf.org/viaf/158650657 | http://viaf.org/viaf/2430169032365787720009 | http://viaf.org/viaf/312868849,http://viaf.org/viaf/140706820,http://viaf.org/viaf/156131719 | http://viaf.org/viaf/156313027 | http://viaf.org/viaf/158650657 | http://viaf.org/viaf/2430169032365787720009 | http://viaf.org/viaf/312868849
6145d3bd-1684-4bc6-bb95-f9c032e697d4,Motor Carriage Supply Company,Motor Carriage Supply Company,,,,,
7d70b316-f12a-4783-a996-83c506b45a4a,Barrie and Rockliff,Barrie and Rockliff,,,,,
acebfc31-05cb-419e-bb3e-5db6617a6a69,Biograph,Biograph,,,,,
c53bd03f-8e7d-4f54-965f-2bf3f9073cf5,Bollingen Foundation,Bollingen Foundation,,,,,
42ce972b-c899-4d21-a3ba-e6f2f7fd1d16,Women's Advisory Council of the Ministry of Reconstruction,Women's Advisory Council of the Ministry of Reconstruction,,,,,
4ab78f88-1eee-4624-a311-2f5d8ce7ea42,Workers' Suffrage Federation,Workers' Suffrage Federation,,,,,
da131a22-ef39-483d-8945-89394b2a7dc4,Harvard Observatory,Harvard Observatory,,,,,
890aee8c-62ce-42e2-b027-44aa05282c1e,Independent Methodists,Independent Methodists,,,,,
b598775e-4704-4f38-b132-67cd9bfe27c4,Society of Antiquaries,Society of Antiquaries,,,http://viaf.org/viaf/122178076,http://viaf.org/viaf/122178076,
95a91dc9-950a-48ea-8640-4cc2fdef6d0a,Northampton General Asylum,Northampton General Asylum,,,,,
24cf69d9-61df-43ae-82bc-05bea7bcc344,Non-Violent Action on Vietnam,Non-Violent Action on Vietnam,,,,,
92d2ed97-f061-444d-aa91-7c516374a585,"Balliol College, Oxford University","Balliol College,, Oxford University",,http://www.wikidata.org/entity/Q805285,http://viaf.org/viaf/134825322,http://viaf.org/viaf/134825322,http://www.wikidata.org/entity/Q805285
8ff8f254-fa67-4461-8c75-8188a420da7e,Methodist Social Union,Methodist Social Union,,,,,
dc75ba28-15bb-4ab1-ad90-1708f502542b,New Constitutional Society for Women's Suffrage,New Constitutional Society for Women's Suffrage,,http://www.wikidata.org/entity/Q77440800,,http://www.wikidata.org/entity/Q77440800,
5b4941a0-54f9-4268-83f5-fd95656b724d,Royal Society of Miniature Painters,Royal Society of Miniature Painters,,,,,
26737946-fd79-4876-9ffc-d10e25907593,Factory at Parramatta,Factory at Parramatta,,,,,
d4fbb882-1d05-4191-8ccd-db86e05a67d9,Addey,Addey,,,,,
b8b4c7c3-0bbe-4d81-8ce4-b44f2f7965c7,Mammon Press,Mammon Press,,,,,
8d39f8a4-70f1-4e63-b1d2-589b98bf357d,Divorce Law Reform Union,Divorce Law Reform Union,,,,,
2474047f-c7c6-4cd5-8782-a349e73572d8,General Board of Health,General Board of Health,,,,,
fb7bb499-7444-48f4-b30f-8b2319f79f21,D. Lothrop,D. Lothrop,,,,,
ac404b66-876b-4127-abb8-28498f29195d,J. Milne,J. Milne,,,,,
9aa9e5b8-3436-4c82-8584-b440d5eb9930,Doncaster Theatre,Doncaster Theatre,,,,,
c8a1ca12-094e-4c42-b8d8-8b26477855bd,Munitions Department,Munitions Department,,,,,
c9129be7-3e88-4183-9b07-62eeef32ac6b,Bloomfield Institution,Bloomfield Institution,,,,,
67d82511-d07f-4a5d-b5ab-6030ab5c82a2,Jacob Tonson,Jacob Tonson,,,,,
50e1e7ab-b719-4e80-ae1d-0ab7343ac2da,St Christopher's Hospice,St Christopher's Hospice,,,,,
333fe92c-f8c6-4c06-9712-50c0df208207,Frank Newnes,Frank Newnes,,,,,
0e4cc4f9-68b1-4dee-8e09-ecf798c9a02b,Nottinghamshire Record Office,Nottinghamshire Record Office,,,,,
8bb0608a-b51a-4d84-b9f5-3fa4be152f67,Oberlin College,Oberlin College,,http://www.wikidata.org/entity/Q616591,http://viaf.org/viaf/157729247,http://viaf.org/viaf/157729247,http://www.wikidata.org/entity/Q616591
e818e8a4-1bb5-4cb6-9b70-f4a143855fab,Foreign and Commonwealth Office,Foreign and Commonwealth Office,,,,,
1a381989-442c-475c-9bbc-3918534ba25f,Tract Association,Tract Association,,,,,
71048046-fe3d-404e-a1a8-ceb05e125c4d,National Peace Council,National Peace Council,,,,,
c9fbaf06-e249-4b27-89e1-fb012d1f2076,Wanless Mission Hospital,Wanless Mission Hospital,,,,,
2320eb3b-1348-4f0e-82f3-697d69d7ce92,Folio Press,Folio Press,,,http://viaf.org/viaf/130276384,http://viaf.org/viaf/130276384,
348d5a2b-35e8-4dde-9388-534bc82feb76,The Mummers,The Mummers,,,,,
4cb6a95e-245f-446e-8a69-975eb47690bb,"Cadell, Jr","Cadell,, Jr",,http://www.wikidata.org/entity/Q24203918,http://viaf.org/viaf/121301341,http://viaf.org/viaf/121301341,http://www.wikidata.org/entity/Q24203918
5c1e544e-5b53-4a29-a7fb-ea51d66132fe,McGraw-Hill,McGraw-Hill,,,http://viaf.org/viaf/123122501,http://viaf.org/viaf/123122501,
81e0c0ba-58ac-40ba-bf6e-b6f5470b3fdb,Swiss Literary Archives,Swiss Literary Archives,,,,,
8f2772b1-5d9f-4a02-81ff-9b49ddd05b37,University of Nancy,University of Nancy,,,,,
f52e23d4-0880-47dd-a4d9-d2618287e2e3,J. Leng,J. Leng,,,,,
511256ee-13e7-4d1a-9b84-ae25df950d97,Associated Examining Board,Associated Examining Board,,,,,
d969bf73-cc01-4550-9301-56772fced2b8,Scots Brigade,Scots Brigade,,,,,
7b72c352-b94d-4abe-b5ce-0df31d34f9ef,Liberty Press,Liberty Press,,,,,
1bfc1bc3-e5e9-4430-bc9f-511a5cfc5679,Metropolitan Asylums Board,Metropolitan Asylums Board,,,,,
24080c50-b95d-4e16-88c9-d7a295f73903,Tampax,Tampax,,,,,
489cfc15-1c69-4074-9165-3127c501c694,A. Brown,A. Brown,,,,,
254ea836-d880-4fb8-b82c-8536c508cc85,Thomas Scott,Thomas Scott,,,,,
a072f127-c04c-4b66-9e96-8fc391601283,Bass Ireland,Bass Ireland,,,,,
83eccaec-7e92-4bfa-9752-30caec284ac3,W. S. Crawford Ltd,W. S. Crawford Ltd,,,,,
f5f15964-6c5e-4d92-810c-fdfc48be75fc,Reading Museum and Art Gallery,Reading Museum and Art Gallery,,,,,
6390011e-3129-42ef-a6b7-d2cbd2bf245d,National Theatre of Brent,National Theatre of Brent,,,,,
4cbfa25b-34a1-4eb2-b95d-e98f3c3bfbf2,Brighton High School for Girls,Brighton High School for Girls,,,,,
95985ee9-37a5-4b84-b55b-9be508907123,Sheffield Female Anti-Slavery Society,Sheffield Female Anti-Slavery Society,,,,,
88f1b3d7-209e-4df2-999b-a4d08c0d2be5,Glasgow Museum and Art Gallery,Glasgow Museum and Art Gallery,,,,,
017ae5dc-7192-4357-8904-d421287f6148,National and Local Government Officers' Association,National and Local Government Officers' Association,,,,,
e865639d-3fac-4a92-aaca-20bbd01428a2,"Legal Foundation, South Africa","Legal Foundation,, South Africa",,,,,
fd13a6ea-c9ad-41bf-b440-05b20565a247,Justice First,Justice First,,,,,
9ef1cfb8-86ab-4f60-b3d3-9785feb782f9,Community of the Epiphany,Community of the Epiphany,,,,,
b2600365-b350-4ac6-81d3-5c0c2b5cfad5,Jane Austen Society of North America,Jane Austen Society of North America,,,,,
d85ec08d-f213-49f6-b0ce-4f4b058a8ce9,Liberia College,Liberia College,,,,,
6f373798-6e52-4ae4-aec2-40a994b2f594,Exeter Arts Centre,Exeter Arts Centre,,,,,
8be02c96-9585-4ac4-ae7b-a6549a0df241,Free Press Defence Committee,Free Press Defence Committee,,,,,
c139a57a-6332-421c-919c-bcb4d8f4c926,National Society for Promoting Women's Suffrage,National Society for Promoting Women's Suffrage,,,,,
4418e768-cec5-460a-bb43-bb20c14b9abf,Huguenot Church,Huguenot Church,,,,,
f3440ada-2fd0-454f-999e-fa74ed6d24ae,Symposium Records,Symposium Records,,,,,
aab0a720-0c85-402f-a2c4-8f7881744456,Assassins,Assassins,,,,,
c8bfd3a3-66e0-4411-a1e5-cfb37e847029,"Haymarket Theatre, Leicester","Haymarket Theatre,, Leicester",,,http://viaf.org/viaf/149279210,http://viaf.org/viaf/149279210,
ff6abf26-b742-492d-a4f2-f0642b8b2425,Equal Pay League,Equal Pay League,,,,,
c7a2c63b-0b1b-4276-a857-1dc52608938e,Women's Guild of Arts,Women's Guild of Arts,,,,,
153edd29-ccef-4043-8804-d960ef26c57b,Union Seminary,Union Seminary,,,,,
82050c28-3bd5-41fa-a622-43fbb548b213,Garland Publishing,Garland Publishing,,http://www.wikidata.org/entity/Q62602272,http://viaf.org/viaf/1135162669443255500007 | http://viaf.org/viaf/154887734,http://viaf.org/viaf/1135162669443255500007,http://viaf.org/viaf/154887734 | http://www.wikidata.org/entity/Q62602272
ee65913e-8d90-441a-828e-b0a43c59878a,John Parker,John Parker,,,,,
18ed9afd-3f00-4aea-a1e3-7362a2a72b95,Willa Cather Pioneer Memorial Museum,Willa Cather Pioneer Memorial Museum,,,,,
2d136dd7-5a18-4383-ba79-f62f6237c008,University Association of Women Teachers,University Association of Women Teachers,,,,,
fc582d65-4840-4dc7-b8c8-f6f280f5ba09,Rothermere,Rothermere,,,,,
518dab88-cd16-4962-b529-502dd92f54ea,British Archaeological Association,British Archaeological Association,,,,,
5d8105ae-507d-4737-87ac-351a1bf05b20,H. W. Baldwin,H. W. Baldwin,,,,,
01db7e05-b55a-44c6-94bb-cbf6286abd18,Anglican Church,Anglican Church,,http://www.wikidata.org/entity/Q82708,http://viaf.org/viaf/135203514,http://viaf.org/viaf/135203514,http://www.wikidata.org/entity/Q82708
c771010d-c7c6-4157-a752-a29d5ec30efa,Irish Suffrage Society,Irish Suffrage Society,,,,,
765dfcbc-67b8-46e5-868c-67c6427d8100,Dramatists Guild,Dramatists Guild,,,,,
e18eafc0-1d8a-4caa-b6e6-84be0c81a2f0,National Temperance League,National Temperance League,,,,,
7c32ef81-77ff-4da7-a7ad-1f8b21d37327,Forty-Five Churches Fund,Forty-Five Churches Fund,,,,,
62d820b6-1510-43ba-9036-4137fdba113f,Limited Editions Club,Limited Editions Club,,,,,
cf8691c3-ed49-45b7-b9fa-e841aab4a6be,London and Birmingham Railway,London and Birmingham Railway,,,,,
6a168fb9-9aae-4ce8-80c4-9b566c810e4b,British Instructional Films,British Instructional Films,,,,,
a8c1f634-ddb2-408c-8f1f-621f438f0326,Railway Clerks' Association,Railway Clerks' Association,,,,,
247f7392-f4c5-42a8-8d6e-03ef52bf45d9,Home of Rest for Horses,Home of Rest for Horses,,,,,
de7386bb-ade3-4850-a9bc-8557d5ec6892,Botanical Society of Lichfield,Botanical Society of Lichfield,,,,,
e82da6c9-2c28-488c-aaaf-c157950c9a95,Hove Central Library,Hove Central Library,,,,,
7f710900-ee86-4b5a-b586-e949e532882e,Light Dragoons,Light Dragoons,,,,,
3254baf6-678d-4b1d-968a-fdfc0e2eca51,Committee of the Society of Friends for Promoting African Instruction,Committee of the Society of Friends for Promoting African Instruction,,,,,
7a795fa0-74a1-4501-ae48-c8208e57c1ce,Scottish Poetry Library,Scottish Poetry Library,,,,,
8ae5dd61-d8d4-4256-82f7-8c9ea5a6b23a,Crofton House,Crofton House,,,,,
1ac9ce02-82c2-4f65-93d7-5e47a34f18f2,Flammarion,Flammarion,,,,,
3de2c6c7-6925-4c36-8aa9-2d2929061261,Farley,Farley,,,,,
ca5caa28-050e-4ac8-baad-7c60567b99dd,Third Order of St Francis,Third Order of St Francis,,,,,
fc05cc2b-8dcd-4ba2-8263-019e1c947a65,Préfecture de Police,Préfecture de Police,,,,,
db2c5f0f-314f-48a8-95af-3d82457c735d,Aylott and Jones,Aylott and Jones,,,,,
511246d8-3de4-4419-ae0a-a1372768de4f,Foyle's Children's Book Club,Foyle's Children's Book Club,,,,,
03ea8d73-bf62-4cdd-8b99-b70f8c4af0d5,Red Army Faction,Red Army Faction,,,,,
7f141cf3-9984-43a1-9fd6-00fad623c578,New York Society Library,New York Society Library,,,,,
c3debec6-002f-4567-ada8-f54b8451174f,Hotmail,Hotmail,,,,,
d4b9f81f-ba2d-4ffa-81f9-9dad70518280,"Daldy, Isbister, & Co.","Daldy, Isbister, & Co.",,,http://viaf.org/viaf/132886564,http://viaf.org/viaf/132886564,
91374545-c1de-45f5-9bb3-193ca7bd9286,Kennington Library,Kennington Library,,,,,
39327751-eca7-41db-8981-6b54c112e03b,Oratory School,Oratory School,,,,,
2d9aa416-b35e-42c5-b671-523ee32d6bf6,Winged Horse Touring Productions,Winged Horse Touring Productions,,,,,
5baa5bb4-1576-4c40-be3f-1ee28c740ce8,Northumbria University,Northumbria University,,,,,
980479ef-145d-46c2-ad27-04f60ddc59db,Litchfield Female Academy,Litchfield Female Academy,,,,,
76a984f5-f081-41f8-b0a7-a08de0ee175a,Libertas,Libertas,,,,,
ca54b6a6-8d50-4c22-8391-191725edf403,Scottish Catholic Archives,Scottish Catholic Archives,,,,,
4040a504-aea5-48da-8e6c-067f99e39f68,Society of British Authors,Society of British Authors,,,,,
fcc7e12a-e851-4eb6-8ee7-bf0de648e374,Women's Theatre Group,Women's Theatre Group,,,http://viaf.org/viaf/264695366,http://viaf.org/viaf/264695366,
35e97a2f-8939-4f11-ac9c-535869395334,Win the War Centres,Win the War Centres,,,,,
ffbdb9b2-fdf5-4087-b37a-a2f14fd11335,Robert Burns Birthplace Museum,Robert Burns Birthplace Museum,,,,,
2376d2d3-1a7e-449f-9657-25cc03c6d94f,Maccabi Hatzair,Maccabi Hatzair,,,,,
4bf521fc-bb3b-4c10-95ec-12b7b5b4f7d7,Brash and Reid,Brash and Reid,,,,,
b53a34b2-bd7f-4403-9f4d-9cf594e99dac,Turkish Petroleum Company,Turkish Petroleum Company,,,,,
ea6fbfc9-b364-4430-86cc-57adae0ced8f,Sunday Observance Society,Sunday Observance Society,,,,,
8ff3b2c4-b824-4483-bd03-e2257cd8d059,Burney Centre,Burney Centre,,,,,
34ba8609-9975-469c-966f-dcb4d526af2f,Colnaghi,Colnaghi,,,,,
f9e07a4a-ff4b-4539-99ae-64122f0ed8c2,Dartmoor Prison,Dartmoor Prison,,,,,
c04741ed-cad2-4633-b316-4d3e9e8ed445,Liverpool Women's Industrial Council,Liverpool Women's Industrial Council,,,,,
f3865607-35ac-42e1-9ea5-23342c753c2e,Victorian Secrets,Victorian Secrets,,,,,
461be002-633e-4c69-901c-8df98baba32b,Manchester Statistical Society,Manchester Statistical Society,,,,,
8fd3079c-94fc-4e8b-9feb-f133997312f4,"Hurst, Robinson, and Co.","Hurst,, Robinson,, and Co.",,,,,
a3e2d5ab-0b43-4c4f-a8d4-3ae253c04ac1,National Memorial to David Livingstone,National Memorial to David Livingstone,,,,,
9bb2c94d-57ce-4845-9156-8316e8647aa2,Brahmo Samaj,Brahmo Samaj,,,,,
965b7ed3-947c-495f-8fda-1aa555c01466,Appeal against the Extension of the Parliamentary Franchise to Women,Appeal against the Extension of the Parliamentary Franchise to Women,,,,,
e9196b71-ed0b-474c-841c-89973c68723b,Académie des inscriptions et belles-lettres,Académie des inscriptions et belles-lettres,,,,,
0afc757d-8afd-44dc-b2ba-e1d9f518a826,Tesco,Tesco,,,,,
fb509646-e47c-401c-8642-e3caeefaace3,Republican Players Dramatic Society,Republican Players Dramatic Society,,,,,
d451b174-6f3b-41d9-a22a-6feefeecd285,Broadhurst Theater,Broadhurst Theater,,,,,
eaceb7ef-c2b9-43ab-8b4f-93b078710c31,League of American Writers,League of American Writers,,,,,
152bc5ad-4b72-4aef-a8dd-ebaf9addf23a,Workers' Travel Association,Workers' Travel Association,,,,,
b0621173-b655-42f6-87ac-3fd44ac7aaab,Motion Picture Producers and Distributors of America,Motion Picture Producers and Distributors of America,,,,,
c66e17d2-8750-4fd5-baf0-31f4a2e3c6e9,Lady Llanover Society,Lady Llanover Society,,,,,
8d6f5cad-ec36-4997-b10a-e9e0f44cf0ff,Obstetrical Association of Midwives,Obstetrical Association of Midwives,,,,,
a8cec55e-6280-4f55-ad36-4a04bf297dad,Obstetrical Society,Obstetrical Society,,,,,
fbe7e184-22a9-43a2-9b99-c5a650865e4a,New London Synagogue,New London Synagogue,,,,,
34c206d3-d187-421e-b663-9012696763a7,Equal Pay Campaign Committee,Equal Pay Campaign Committee,,,,,
0f3bb935-35bd-4324-ae75-cca12ae079d6,Pook Press,Pook Press,,,,,
36bb182d-1587-4fd9-beb1-f755fc4d3998,Society for the State Registration of Nurses,Society for the State Registration of Nurses,,,,,
360b0115-c567-4d41-9268-f366c400bbd2,Liverpool High School,Liverpool High School,,,,,
fcda7b38-f430-467b-9b75-c602955b5b0d,John Singer Sargent Virtual Gallery,John Singer Sargent Virtual Gallery,,,,,
46acccbb-c009-46ec-bc19-eb230a2eaf46,Transport 2000,Transport 2000,,,,,
7ccad49f-5380-43b6-a098-4fc031c11aa8,Greenwich Literary Institution,Greenwich Literary Institution,,,,,
4aeb0f1b-fe21-4938-a5fb-8d04da4ddf90,Publishers' Circle,Publishers' Circle,,,,,
4bb398ae-d489-476e-a25a-389cd484dc91,A19,A19,,,,,
c5e681af-a2ef-4d46-b3eb-ad6b5b63dc85,William Lovett,William Lovett,,,,,
9e840210-1c52-47a0-859f-36f4c23dc33d,English Folk Dance Society,English Folk Dance Society,,,,,
e07c701f-133f-4464-aaf8-3e64e837942d,La Leche League,La Leche League,,,,,
5aec9ba9-7a24-47a3-9b32-06177c88e038,Sainsbury's,Sainsbury's,,,,,
ef2e5889-1fca-4566-a8ba-e0a5e5d70127,Royal Historical Society,Royal Historical Society,,,,,
fb894845-0889-4d61-9667-5a67d9308654,Mills College,Mills College,,,,,
2e2a8b71-b9e3-41f0-a720-959d3e4058ac,Royal Manchester College of Music,Royal Manchester College of Music,,,,,
604858f5-17cc-44f8-892b-ff72cd409180,United Africa Company,United Africa Company,,,,,
0006809f-e29e-40d7-a227-56797246bbce,Harlaw Academy,Harlaw Academy,,,,,
7495afd1-887e-46b7-8bab-2596c4a6d011,Ladies' Park Club,Ladies' Park Club,,,,,
b90c1a26-bd44-4e16-aab5-e51d771257a1,Dresden Gallery,Dresden Gallery,,,,,
8c4fde94-e40c-4c24-87a5-540fd779fb4a,Women's Engineering Society,Women's Engineering Society,,,,,
8f1b7875-b9e8-4135-85dd-35137dc5efcd,Medical Research Council,Medical Research Council,,,,,
b6a14cc6-5ff5-419b-82fa-d694dde329fc,Nine Elms Flower Mission,Nine Elms Flower Mission,,,,,
2f646e0d-3cee-464c-8cff-cc5a96acb9a4,Southwark Playhouse,Southwark Playhouse,,,,,
7b7ecf50-ef66-472f-bd29-53e7d5a0feb2,Watford Palace Theatre,Watford Palace Theatre,,,,,
9d7d4fcc-5147-467c-ad5a-06cf0ff82afe,"Arts Council England, North East","Arts Council England,, North East",,,,,
fd499e17-3330-4219-9614-0adfb4cb1154,Church of Jesus Christ of Latter-Day Saints,Church of Jesus Christ of Latter-Day Saints,,,,,
959ee8e3-ca25-43c7-8a34-b3a61126a1c8,Donmar Warehouse,Donmar Warehouse,,,,,
4687c474-2177-4fe1-9d08-020d17ebcf05,Royal Commission on Capital Punishment,Royal Commission on Capital Punishment,,,,,
01ad11d7-4c99-496b-a09c-fe21f190a94c,India Railway Library,India Railway Library,,,,,
bf3c5530-3af8-4d01-9df3-d130f7bf0abe,House of Sorrow,House of Sorrow,,,,,
bfef8091-3d02-4a71-a2ac-7d5879b56e97,Macmillan Publishers Limited,Macmillan Publishers Limited,,http://www.wikidata.org/entity/Q2108217,http://viaf.org/viaf/126747211 | http://viaf.org/viaf/133689118 | http://viaf.org/viaf/146646454 | http://viaf.org/viaf/149435281,http://viaf.org/viaf/126747211,http://viaf.org/viaf/133689118 | http://viaf.org/viaf/146646454 | http://viaf.org/viaf/149435281 | http://www.wikidata.org/entity/Q2108217
95e713f9-fbbd-4927-9ecc-1dd1db5f9732,Perse School,Perse School,,,,,
66fba6c7-604c-4344-8e9a-d029de1da4b3,Mercantile and Mechanics Library,Mercantile and Mechanics Library,,,,,
9cf7825c-20b4-4ee4-a429-e3788a1a9241,Ladies' Association for the Care of the Lost,Ladies' Association for the Care of the Lost,,,,,
fa866b18-7c49-4c66-a849-c74bcf1ef747,Paternoster Row,Paternoster Row,,,,,
80e80ea8-cb09-46ac-a5dd-abe632066886,Permanent Court of Arbitration,Permanent Court of Arbitration,,,,,
88dfd498-781e-428f-94b6-06e4b077b804,Uppingham School,Uppingham School,,,,,
9d8d4e7f-cb0e-48a0-9423-a95470e494ba,The Sadies,The Sadies,,,,,
aea160fe-be5a-4269-adc6-fb463b3f710e,Gilbert and Dean,Gilbert and Dean,,,,,
840885ba-b1f2-48b9-8452-37c9ce93921a,Miners' Institutes,Miners' Institutes,,,,,
d1638d0f-3ff1-4b25-9e2f-c7f59f5c5af1,Omnibus Cable Company,Omnibus Cable Company,,,,,
e91f434b-979a-4b2f-96ef-9ea3fccf2bed,National British Women's Temperance Association,National British Women's Temperance Association,,,,,
f8ce3b89-b186-4056-804c-f47abebfd395,Paris Sûreté,Paris Sûreté,,,,,
dbf495d4-8464-4265-a4a0-b5b2892c9698,Portrayer Publishers,Portrayer Publishers,,,,,
25b255f8-5533-4b90-bb72-6ad890be50fb,Thèâtre Femina,Thèâtre Femina,,,,,
fd5d69ea-9394-4fc7-a109-04391de2a206,British Club for Belgian Soldiers,British Club for Belgian Soldiers,,,,,
9cc84e38-5023-4022-8953-1e9439299537,"Girton College, Cambridge University","Girton College,, Cambridge University",,http://www.wikidata.org/entity/Q797846,http://viaf.org/viaf/128710344 | http://viaf.org/viaf/9609162669514255500000,http://viaf.org/viaf/128710344,http://viaf.org/viaf/9609162669514255500000 | http://www.wikidata.org/entity/Q797846
b478548a-5247-4321-9fab-574d8ba940e1,Institute of Archaeology,Institute of Archaeology,,,,,
789ac1e7-08b6-4acd-8951-da395bc8d350,College of Medicine,College of Medicine,,,,,
ddceb1ca-29d6-48e8-a9c4-4f10535d4547,"City Printing Office, Bristol","City Printing Office,, Bristol",,,,,
94ba6cbe-f798-4ae5-8d2f-7d127574cfe4,"Congress of Democrats, South Africa","Congress of Democrats,, South Africa",,,,,
eab74bae-6e75-4beb-ab18-f032beabe83e,London Seminars,London Seminars,,,,,
4fdf6cb5-cc35-48ba-9b34-b11e5968feeb,Marvell Press,Marvell Press,,,,,
6d39726f-75dc-44cc-b0d3-c082678b6648,Bookcase,Bookcase,,,,,
c128a3cd-ee46-45de-add3-abfa245eba7f,National Committee for Rescue from Nazi Terror,National Committee for Rescue from Nazi Terror,,,,,
e86e9d19-8780-46c1-8aef-c0ed7b7c4ba7,Gallery Press,Gallery Press,,http://www.wikidata.org/entity/Q24196640,http://viaf.org/viaf/144242500,http://viaf.org/viaf/144242500,http://www.wikidata.org/entity/Q24196640
62f9010d-7b7f-4be7-8f57-f122d51a7bfc,Coalition against Black Exploitation,Coalition against Black Exploitation,,,,,
0ab1198c-b49e-41b2-99cf-d0848bb02d31,Harlem Writers Guild,Harlem Writers Guild,,http://www.wikidata.org/entity/Q17111352,http://viaf.org/viaf/137567738,http://viaf.org/viaf/137567738,http://www.wikidata.org/entity/Q17111352
9deae7b3-626e-4a93-bb76-c45351637603,IRA Irregulars,IRA Irregulars,,,,,
acee679f-19f8-4782-82e2-e5aa0ddd9142,British East Africa Company,British East Africa Company,,,,,
a66ff443-9589-4bd1-a3d3-d6d829b67824,Emerson and Co.,Emerson and Co.,,,,,
2d61f499-d23c-46cb-a4e7-78bb7aa4c0a9,Oxford Microform Publications,Oxford Microform Publications,,,,,
e56fb505-3f8a-4b2e-8087-6810465d5b62,Glasgow Abstinence Society,Glasgow Abstinence Society,,,,,
47211ac5-c238-4e6d-ba27-c7fc1bf62ee3,University of California at Santa Barbara,University of California at Santa Barbara,,,,,
694c1307-8464-405d-a539-57a36568dd54,Divisional Artillery Group,Divisional Artillery Group,,,,,
c6596bf1-6005-4e0b-b0be-2183bd1ce0a3,Disciples of Christ,Disciples of Christ,,,,,
3b17a80c-45ee-4b58-a794-c53ddefae6e6,Gwasg Carreg Gwalch,Gwasg Carreg Gwalch,,,,,
5e2311ee-e657-45d2-a2fe-1494b7f31747,Manchester University Settlement,Manchester University Settlement,,,,,
7320684a-573a-477b-a262-2764a22ea8c5,Sky News,Sky News,,,,,
de005b95-61d3-4e54-adf8-a33a7fb2c3a1,Rainbow Press,Rainbow Press,,,,,
e29ab64f-41d7-4b3d-b898-e11af1711fbd,Irish Times,Irish Times,,,,,
ede21592-2bae-44a7-9fb6-6d82bf188b6a,"St Martin's College, Lancaster","St Martin's College,, Lancaster",,,,,
48844fd0-a5df-48d6-a162-39821692277e,Hardwicke Society,Hardwicke Society,,,,,
3b8bbdb6-8c3c-474c-8a56-853bd46ddd62,Bar of the House,Bar of the House,,,,,
e2f00851-5e77-447b-aab0-ecf1dccc6609,British Rail,British Rail,,,,,
a42e539b-4a3f-47cf-a211-e5c504f8945f,International Civil Aviation Association,International Civil Aviation Association,,,,,
bf0bb882-85f2-443c-95a1-d6b490c3fc57,James Wood Publishing,James Wood Publishing,,,,,
926c7e7d-0271-49a6-833f-12614e337d0c,New World Pictures,New World Pictures,,,,,
c4fd6855-a578-4e96-b117-46b102c3b480,Women of Great Britain and Ireland,Women of Great Britain and Ireland,,,,,
b68b6ec1-dda9-4ecd-8b35-fc85dc2e6a31,Coach House Press,Coach House Press,,,http://viaf.org/viaf/155888541,http://viaf.org/viaf/155888541,
babd8704-e509-4158-97ed-715959498506,British Institute in Rome,British Institute in Rome,,,,,
0072fdc6-e00f-4a7c-a4d4-76558b15db15,Jane Austen Memorial Trust,Jane Austen Memorial Trust,,,,,
7984c2a3-2edb-464b-884e-a01133802551,Long Parliament,Long Parliament,,,,,
adb9f827-b123-40d4-b4bf-a0a0fe0c9f34,Sylvia Pankhurst Festival Charity,Sylvia Pankhurst Festival Charity,,,,,
e45a6811-810c-4b0d-9811-605db55eac68,Eighteenth Century Collections Online,Eighteenth Century Collections Online,,http://www.wikidata.org/entity/Q5349070,,http://www.wikidata.org/entity/Q5349070,
f2ec44fb-1d74-4fd9-9410-1711cfa119e2,Anglo-Swedish Literary Foundation,Anglo-Swedish Literary Foundation,,,,,
427dd007-2086-467b-8fa0-a53e49fe622b,Court for Divorce and Matrimonial Causes,Court for Divorce and Matrimonial Causes,,,http://viaf.org/viaf/156019844,http://viaf.org/viaf/156019844,
fd061d3d-cfbf-46fb-8647-2847e740ccf7,University of Stirling,University of Stirling,,,,,
461063dc-7fa4-4be6-b48c-5844dadc4117,Writers' Union of Canada,Writers' Union of Canada,,,,,
f6d8d030-b589-40c2-a78e-1b74e467e373,Allen and Co.,Allen and Co.,,,,,
e00bb777-3f56-40f4-910c-d168f2ce900d,Indian Freedom Campaign,Indian Freedom Campaign,,,,,
58b6be60-be40-4565-bf92-8324a71b8715,WGBH,WGBH,,,,,
f3c33e1f-3c2f-451f-9a97-b20927e2c766,St Raphael's,St Raphael's,,,,,
c07d3f39-89e7-4120-ac20-eaa4e2721ebf,George Washington University,George Washington University,,,,,
ceb8b9b6-f120-4409-9002-99ef4e0abba2,University of Birmingham,University of Birmingham,,,http://viaf.org/viaf/126086580,http://viaf.org/viaf/126086580,
e8c7504b-5224-4ce3-adf0-ff9f082c1705,SABC,SABC,,,,,
4312512b-698d-4e33-9e34-1e2094af1121,University of Illinois,University of Illinois,,,http://viaf.org/viaf/158181260,http://viaf.org/viaf/158181260,
01117276-65dc-4b78-a49c-92a9b30a7b56,National Association for the Promotion of Social Science,National Association for the Promotion of Social Science,,http://www.wikidata.org/entity/Q16932075,http://viaf.org/viaf/1145858313023050180 | http://viaf.org/viaf/133132233,http://viaf.org/viaf/1145858313023050180,http://viaf.org/viaf/133132233 | http://www.wikidata.org/entity/Q16932075
fecec937-9d90-48f7-b3ee-193c24484d85,Disablement Incomes Group,Disablement Incomes Group,,,,,
19f61d4f-eac9-4a87-9495-eec87036fac5,Peter Lang,Peter Lang,,,http://viaf.org/viaf/124433028,http://viaf.org/viaf/124433028,
c3ce9d3d-5950-4555-a79f-109f9b3f0ca8,Berg Collection,Berg Collection,,,http://viaf.org/viaf/147489697 | http://viaf.org/viaf/9421167807325518130007,http://viaf.org/viaf/147489697,http://viaf.org/viaf/9421167807325518130007
2ef4dd9f-99e1-47dc-9a21-7e34e7d5c1ca,Julia MacRae Books,Julia MacRae Books,,,,,
60922387-3d74-4368-aaf2-d9da97ffd933,J. Souter,J. Souter,,,,,
e67f7fcb-8305-4ba2-8a52-c9c668b493df,Cambridge Association for the Higher Education of Women,Cambridge Association for the Higher Education of Women,,,,,
4b44565a-d56a-4a7a-aafb-3becdfca9d03,Female Compositors Society,Female Compositors Society,,,,,
dce341bd-132a-4791-808a-3e8fc2fa599d,Pure Literature Society,Pure Literature Society,,,,,
aa75a2a3-605c-4cf8-b06d-22ef07ec3dba,MS Publishing,MS Publishing,,,,,
e265277d-2e34-4223-8fe2-3ef8a13b3c81,Ladies' Sanitary Association,Ladies' Sanitary Association,,,,,
132a9425-8c2f-4080-b986-fb743c5da2af,North German Confederation,North German Confederation,,,,,
aa23c95e-f2d7-4216-9764-edfaabd3d07a,Scottish Free Church,Scottish Free Church,,,,,
e0756148-dddc-48fd-b16e-33ae33e8c950,University Art Gallery,University Art Gallery,,,,,
8ec149ff-41e4-4e0a-a6d0-a27f65e91708,House Committee for Un-American Activities,House Committee for Un-American Activities,,,,,
6f21b34e-a0f1-4f00-b31f-f533b3d971f6,Belfast Ladies' Institute,Belfast Ladies' Institute,,,,,
3a0f66f6-a3e2-4972-b07f-fec82840dce9,Criminal Law Commission,Criminal Law Commission,,,,,
72ca60c8-900a-45cd-923e-9eec50a56946,Women's Franchise League,Women's Franchise League,,,,,
7ab78a76-576b-40a1-97e7-c3ce60b17f2a,St Ives Group,St Ives Group,,,,,
8ef8db03-17af-4b12-bfa3-b658ce8a6434,Asylum for the Blind,Asylum for the Blind,,,,,
c320208d-2cd2-4549-b86f-5d3402edb0ab,Girls' Friendly Society,Girls' Friendly Society,,,http://viaf.org/viaf/130446273 | http://viaf.org/viaf/154130651,http://viaf.org/viaf/130446273,http://viaf.org/viaf/154130651
568479b2-e26b-4218-b9f0-508db1cd0e30,Society for the Abolition of the Slave Trade,Society for the Abolition of the Slave Trade,,,,,
81dbc59e-49ee-4775-a3ee-c9014893606d,Lady Tweedsmuir Prairie Library Scheme,Lady Tweedsmuir Prairie Library Scheme,,,,,
162b8a48-74f1-4ce9-8cfe-76961a1f0d5f,Women for Boards,Women for Boards,,,,,
2ecf84df-a8e8-471f-85fc-38e940f765e8,Mitchell Library,Mitchell Library,,,http://viaf.org/viaf/124072362 | http://viaf.org/viaf/168029578,http://viaf.org/viaf/124072362,http://viaf.org/viaf/168029578
48987c1a-cb76-47ca-9fe7-41bd719c315e,Eastern Arts Association,Eastern Arts Association,,,,,
d1dd0086-a836-4d75-9c10-e6e509432a0c,Lagan,Lagan,,,,,
9d74520a-ebb1-41bf-9d61-6e1c73dcb5fa,Ether Books,Ether Books,,,,,
629ef1f0-f865-4b5d-abc0-29aac7b84aef,Prisoners of Conscience,Prisoners of Conscience,,,,,
fb820880-4c1f-4634-9d7f-1fa1943ac51d,Ward Lock Ltd,Ward Lock Ltd,,,http://viaf.org/viaf/168384203,http://viaf.org/viaf/168384203,
98779e39-e9f2-409c-a116-33253fa84ad3,Legenda,Legenda,,,,,
b3ae4257-2479-4f2a-9a34-25d0b81842cc,Cabmens' Shelter,Cabmens' Shelter,,,,,
6498b225-ff86-4ee3-a905-fde5656c1dad,EMI,EMI,,,,,
d89ecbe3-8fb7-4a5a-ae02-3594118492c0,Juggernaut,Juggernaut,,,,,
e0066156-1be4-4411-8159-dbe5ae7b8c48,World Meteorological Organization,World Meteorological Organization,,,,,
9a1fc2ab-d388-471d-bcac-98c01fb80bed,Women's Industrial Organisations,Women's Industrial Organisations,,,,,
d00f7d7f-6af9-47d7-b9e2-776f4c8e41c1,University of Salford,University of Salford,,,,,
32af84de-8219-4431-9ea4-a587f0b54973,General Post Office,General Post Office,,,,,
ee7ba286-cd7f-46f5-b6e5-366fc60df8e3,Scolar Press,Scolar Press,,,http://viaf.org/viaf/126764779,http://viaf.org/viaf/126764779,
92b3fcb9-7b5e-4654-b2fd-d7ff5784ff90,Royal Agricultural Society,Royal Agricultural Society,,,,,
cdb170e6-e540-4039-87c0-0395c2771243,Royal Victorian Order of Nurses,Royal Victorian Order of Nurses,,,,,
e8cf2992-a81c-4ea5-aa81-079396647bd3,Somebody's Daughter,Somebody's Daughter,,,,,
4089c3da-57fc-4478-bcaa-39b5a8a54c82,Université de Paris VII,Université de Paris VII,,,,,
cb562d3c-d7ac-4ed2-a93c-8ac2b0eb8a93,Joseph Bell,Joseph Bell,,,,,
bce78ecb-c631-484a-8ed4-3666b932b6ed,Wattier's Club,Wattier's Club,,,,,
e8bf75c1-7191-43da-8a8d-5192cf3f0712,Royal Commission on the Health of the British Army in India,Royal Commission on the Health of the British Army in India,,,,,
2e6d227a-2a2f-4102-87db-f51477dc5691,Pearson and Newnes,Pearson and Newnes,,,,,
8a7eef6c-4f06-44a2-9ac2-0f56acb5f0fc,Royal United Service Institution,Royal United Service Institution,,,,,
0cb42db1-7c31-47eb-9129-f746dd8e768f,North Union Railway,North Union Railway,,,,,
53a394c2-5d6d-4e4e-9bfa-71b020063c2f,Fairleigh Dickinson University Press,Fairleigh Dickinson University Press,,,http://viaf.org/viaf/152544929,http://viaf.org/viaf/152544929,
c008a421-d53a-46ee-a83e-1a4adf926eab,Deane and Forester,Deane and Forester,,,,,
c9f41492-a828-472b-bcbd-8e69640fe3c2,Review of Reviews Circulatory Library,Review of Reviews Circulatory Library,,,,,
9475cc70-6565-46fe-a6c6-c893187b9d7b,Combahee River Collective,Combahee River Collective,,,,,
a073bad4-303d-49ca-8883-ea06f5a621ff,Central School of Art,Central School of Art,,,,,
5bc0b2f6-ec52-42db-affc-2bc20b5f0818,Film Society,Film Society,,,,,
2124658f-fb42-41c3-ae23-3f69bf7dc252,Student Christian Movement,Student Christian Movement,,,,,
9df20d06-3eac-4f96-9fbd-a59e422991e9,Arts and Crafts Movement,Arts and Crafts Movement,,,,,
07c89049-b9b2-4016-98ee-63ef6b86613e,Associated Booksellers of Great Britain and Ireland,Associated Booksellers of Great Britain and Ireland,,,,,
93b327fd-4dfe-47e9-9d8e-dbd121ab73e5,Photographic Society of Calcutta,Photographic Society of Calcutta,,,,,
8510e494-bb91-4f26-9f67-c38f887ea3e2,Gall and Inglis,Gall and Inglis,,,http://viaf.org/viaf/168200157,http://viaf.org/viaf/168200157,
f67a063f-b491-47c3-a4f6-6a0e459b2530,"Globe Theatre, Newcastle Street","Globe Theatre,, Newcastle Street",,,,,
5af2293b-c716-4890-ada0-ba763e8b7f8e,High Command of the German Army,High Command of the German Army,,,,,
0783117f-097b-4009-9acc-b3d66b4c5abf,Experiment in International Living,Experiment in International Living,,,,,
d02e43eb-79c5-4797-a11d-6ce8c11a8dba,Peoples Book Club,Peoples Book Club,,,,,
cfc88823-398e-483d-a94c-f786743d9738,North Gloucestershire (Cheltenham) Centre of Poetry,North Gloucestershire (Cheltenham) Centre of Poetry,,,,,
bb3a6362-0c6c-4a07-a6db-16d53bb1375e,Ecole des Arts Décoratifs,Ecole des Arts Décoratifs,,,,,
dacf506c-e918-49f8-8a39-d56c6797f8ca,Imperial Bank of Persia,Imperial Bank of Persia,,,,,
d0fb5f24-d465-4f79-a95e-bdf3e69efeb5,Church Congress,Church Congress,,,,,
e0df8537-ddcb-4249-ac32-7c8888915b06,"Strahan, Paul, and Bates","Strahan,, Paul,, and Bates",,,,,
2d463aa5-aeed-475a-8d98-a15c9f470343,Independent Women's Social and Political Union,Independent Women's Social and Political Union,,,,,
cf1a693a-897c-4b89-815f-df520de52847,Tyne Wear Theatre,Tyne Wear Theatre,,,,,
f546301a-dd5c-4ae7-90ec-b7910d350a16,Liverpool College,Liverpool College,,,,,
48884150-6260-454a-96fd-95a101eb6533,St George's School,St George's School,,,,,
990e538e-ccb9-4f2a-b485-bd0cc0c026ea,Foyles Libraries,Foyles Libraries,,,,,
e0e68748-1b73-4118-ab4d-c9b282df0555,William Lindsell,William Lindsell,,,,,
be289ba0-7419-4e0f-821e-41513fc3ec83,Victoria Palace,Victoria Palace,,,,,
aa6a6d56-36e1-43e3-ac41-957481094b11,Society for the Diffusion of Useful Knowledge,Society for the Diffusion of Useful Knowledge,,http://www.wikidata.org/entity/Q1130864,http://viaf.org/viaf/148108113,http://viaf.org/viaf/148108113,http://www.wikidata.org/entity/Q1130864
cd227fe8-0796-41d3-acd8-919d2696912a,Workers' Educational Association,Workers' Educational Association,,,,,
4e9243ba-4311-47e2-aefa-7255a8ddf72c,Royal Meteorological Society,Royal Meteorological Society,,,,,
2013f730-0051-4b7c-8835-b7d5a99a182c,Miller and Elliston,Miller and Elliston,,,,,
5ebffbe6-d303-47c5-b8f2-c29d2d34348f,Sun Insurance Company,Sun Insurance Company,,,,,
6e4d153b-7b50-419d-bad6-47f5404da614,Sisters of St Vincent de Paul,Sisters of St Vincent de Paul,,,,,
87d82233-d869-4599-b3af-621620386917,The International Publishing Company,The International Publishing Company,,,,,
d3434aaf-2a64-4110-b4b8-ca5ab2a73e89,American Fund for French Wounded,American Fund for French Wounded,,,,,
1911a017-ef78-42af-a522-b2a4e4966f98,Timber Development Association,Timber Development Association,,,,,
bad1985a-0914-4c8a-8797-9c016d9e066f,Plymouth Theatre,Plymouth Theatre,,,,,
5752706c-5368-4852-bfb2-35a280af29ab,India's National Academy of Letters,India's National Academy of Letters,,,,,
d2fab25b-d550-45a1-9c33-d0a192643c0b,National Canine Defence League,National Canine Defence League,,,,,
26d5046f-c00f-47d6-8924-20ea952e12e9,Women's Royal Navy Service,Women's Royal Navy Service,,http://www.wikidata.org/entity/Q475996,http://viaf.org/viaf/127955901,http://viaf.org/viaf/127955901,http://www.wikidata.org/entity/Q475996
72891fbe-55be-4068-8cd9-961c5940cf72,James Duncan,James Duncan,,,,,
b617d491-adec-42b6-9dab-5c25be5b0fc2,"Fire Service, Chelsea","Fire Service,, Chelsea",,,,,
d22d69c4-d70a-4801-90f3-60aa2d464d0a,Glyptothek,Glyptothek,,,,,
8a01235a-6b21-46eb-8462-8262d1622b84,Slough Estates Limited,Slough Estates Limited,,,,,
e10530ef-3cb8-4f99-89f6-533f3ec9c256,United Irishwomen,United Irishwomen,,,,,
d02c123e-424b-4df3-9abf-f2a25e216e53,University of St Andrews,University of St Andrews,,http://www.wikidata.org/entity/Q216273,http://viaf.org/viaf/125053814 | http://viaf.org/viaf/125850662,http://viaf.org/viaf/125053814,http://viaf.org/viaf/125850662 | http://www.wikidata.org/entity/Q216273
f2ac07b5-7760-4db4-90e4-d17f7b05075a,British Club,British Club,,,,,
0398036a-2c57-4dca-80dd-1b7aa774dc28,Sanitary Commission for Bengal,Sanitary Commission for Bengal,,,,,
3b31a4d1-dd87-431a-963e-8d602666cf2d,David and Charles,David and Charles,,,http://viaf.org/viaf/137523007,http://viaf.org/viaf/137523007,
b654a9da-a132-4ad4-92d2-aef82900e18d,Brentano's,Brentano's,,,,,
5c52e178-02ab-4f85-be5d-7b32b00e5f05,Foster and Partners,Foster and Partners,,,,,
f959bdb3-eda6-45d9-ba2e-a3da44bd5089,Foyles Book Club,Foyles Book Club,,,,,
54bf5ee3-86b4-4dc0-a398-41ff72a28703,FIRED!,FIRED!,,,,,
493b7823-8d8e-472b-8905-234198d89c2b,Schlesinger Library,Schlesinger Library,,,,,
eb28d88c-70bd-41c7-a71d-b1e82562559a,Independent Commission on International Development,Independent Commission on International Development,,,,,
898ac8f2-a34e-4432-b963-fd8ae675017a,International Congress of Archaeology and Anthropology,International Congress of Archaeology and Anthropology,,,,,
5bad803b-7556-485f-b874-3da01624f543,Isbister and Co.,Isbister and Co.,,,,,
2293523b-3d62-4afd-b870-9ca978a09307,Gresham Press,Gresham Press,,,,,
6a3a3250-7299-41d9-87ab-a86e85076326,London Public Record Office,London Public Record Office,,,,,
959c6b2f-a74f-4339-8cbd-d2fc704e7616,Committee on Public Safety,Committee on Public Safety,,,,,
e967091a-ab5b-4736-9215-4fc22f02c302,Theatre Calgary,Theatre Calgary,,,,,
901183dd-4bcb-4e63-9500-08822df662ce,Women's Industrial Council,Women's Industrial Council,,,,,
34bda76a-0cfe-4e56-b872-29aedea6b5c8,Oxford Preservation Trust,Oxford Preservation Trust,,,,,
9a68d803-bd2f-4786-a347-1d92b487d798,Central Hanover Bank and Trust Company,Central Hanover Bank and Trust Company,,,,,
340e3a37-cbbd-45b0-92fc-3e5a1b7d9dd9,League of Nations,League of Nations,,http://www.wikidata.org/entity/Q38130,http://viaf.org/viaf/245646536,http://viaf.org/viaf/245646536,http://www.wikidata.org/entity/Q38130
c707c3e7-f118-4234-958a-15db70709a80,University of Dar-es-Salaam,University of Dar-es-Salaam,,,,,
c3bb245b-51c9-4f4a-9e33-c97b1cfba9ee,Home for Friendless Girls,Home for Friendless Girls,,,,,
21403ddd-0790-429e-be55-c03fb85719bb,Tamiment Library,Tamiment Library,,,,,
37900dad-e3c8-44eb-b77f-719017f88dfa,J. F. Shaw and Co.,J. F. Shaw and Co.,,,,,
bd8f0784-2e17-46bf-9497-e070c0bab2f9,Learning Corporation of America,Learning Corporation of America,,,,,
30b1a036-b46e-44e9-95c3-8661c4bf18a7,Royal College of Veterinary Surgeons,Royal College of Veterinary Surgeons,,,,,
2d2263c9-8705-4a93-aa1b-22e1c21638c6,Gezira Sporting Club,Gezira Sporting Club,,,,,
acf7b376-1368-49f5-b753-55f74d9c5084,Society for Educating Clergymen's Daughters,Society for Educating Clergymen's Daughters,,,,,
2c7ddc10-3e13-496e-b3e0-263f0c5eaea5,ODTAA,ODTAA,,,,,
d1cde4da-1fd9-44fe-b0c1-936174403abb,Football Association,Football Association,,,,,
1466c784-00dc-41eb-a153-30de7fd55d35,Benbow,Benbow,,,,,
e68d4f8d-ea2e-4224-bbd1-34c175db02c2,Atomic Energy Research Establishment,Atomic Energy Research Establishment,,,,,
714cf447-c8b3-4690-b05d-e81c91e17e75,Covent Garden Press,Covent Garden Press,,,,,
e7f75357-052b-4700-9b0e-911d0eb6f83f,Boots the Chemists,Boots the Chemists,,,,,
9d894698-dbb4-4242-984d-1350f87f5b02,Board of Deputies of Anglo-Jews,Board of Deputies of Anglo-Jews,,,,,
9b757efa-e566-4e8c-9428-d8766761e200,Peter Hall Company,Peter Hall Company,,,,,
8700e2ba-efe4-4cab-aa08-280e72872a1b,Eugenics Records Office,Eugenics Records Office,,,,,
831fd93e-756b-468f-9692-c1a3a9302e46,Global Solidarity for Secular Society,Global Solidarity for Secular Society,,,,,
56a12898-c955-47c5-ba19-2f4c53ff1dca,Charles Dilly,Charles Dilly,,,http://viaf.org/viaf/155859883,http://viaf.org/viaf/155859883,
aa718b2b-ff7d-42ee-8d93-bd91266348ab,Samson Press,Samson Press,,,,,
8c54186a-fc1a-461b-9a34-5208d0b74bad,"Académie des Sciences, Bulgaria","Académie des Sciences,, Bulgaria",,,,,
5f8e148b-2a48-47da-97fe-0c1053183bea,Chamber of Deputies,Chamber of Deputies,,,,,
90550297-8ce3-4240-bd64-55c069f0cd0f,Palæontographical Society,Palæontographical Society,,,,,
03ace5cc-29c3-4bac-8d35-1f246e8458d3,Women's Liberation Conference,Women's Liberation Conference,,,,,
025903cc-86da-4b9e-8d90-99c83ee2b521,Friends of the Oppressed,Friends of the Oppressed,,,,,
3e2b9442-8dc2-4946-bbf2-f0ddf6574067,London Independent Producers,London Independent Producers,,,,,
aac59f12-48c2-4979-a40e-0d9eeba6e9ce,H. S. King,H. S. King,,,http://viaf.org/viaf/265628035,http://viaf.org/viaf/265628035,
4067cbb5-9ca9-4cbb-b3cd-b25c5869a721,Boston Woman's Fund,Boston Woman's Fund,,,,,
0b5432a1-c821-4a32-baac-40fbcd2d55e1,Walworth Women's Welfare Centre,Walworth Women's Welfare Centre,,,,,
972ec2f3-0c2b-4b2a-ac3a-381d3b031f81,J. and J. Colman,J. and J. Colman,,,,,
55504138-2fb0-451e-bd81-d1666837e78b,London Philharmonic Orchestra,London Philharmonic Orchestra,,,,,
8f0b3669-7b42-4cbc-91da-f6facedae5a0,Royal Polytechnic Institute,Royal Polytechnic Institute,,,,,
db8cd940-940b-4dba-92d1-c84c66ac82ee,Royal Hospital for Incurables,Royal Hospital for Incurables,,,,,
25a34d46-0f4b-4b3e-a6c5-131a6a135a51,Blanqui's Club,Blanqui's Club,,,,,
061f78f1-53b6-4bbd-96f9-9d241d330d8d,Convent of the Holy Child,Convent of the Holy Child,,,,,
603a121b-e581-4bb1-883b-f534dbaf5c78,Bow Group,Bow Group,,,,,
4a986654-1fb0-466f-aeec-a48f090be716,Florence Nightingale Digitization Collaborative,Florence Nightingale Digitization Collaborative,,,,,
cc4b7b72-dc5d-4f83-8634-0d7abb8d9be3,Fisk Jubilee Singers,Fisk Jubilee Singers,,,,,
1474fce9-8e9c-409c-b3a9-b9add207acd8,Chartist Council of Birmingham,Chartist Council of Birmingham,,,,,
7a78bb47-5d30-4d62-9d72-de2a9c1d376d,Workwomen's Society for Leeds Tailoresses and Textile Workers,Workwomen's Society for Leeds Tailoresses and Textile Workers,,,,,
d2bc0114-5e05-46d4-9931-a253322d4813,Sharada Sadan,Sharada Sadan,,,,,
504ed619-0cb9-4868-91c5-4540569bc6c5,Society of Bookmen,Society of Bookmen,,,,,
95734009-03c9-497c-8895-c1a95755b3e6,CNAA,CNAA,,,,,
e8f607c5-1328-4aba-858b-12b7d81e255e,D. Peat,D. Peat,,,,,
ae9cc2cd-ab49-468b-a7b8-a8239da5fb7a,East India Company,East India Company,,,http://viaf.org/viaf/143045592 | http://viaf.org/viaf/239176400,http://viaf.org/viaf/143045592,http://viaf.org/viaf/239176400
856f020c-cb76-4fd0-b255-b108d7e8256f,Grundy's Boarding Academy for Young Ladies,Grundy's Boarding Academy for Young Ladies,,,,,
f660df92-148c-43f9-81d8-49ab5951f4b3,"Victoria University, Wellington","Victoria University,, Wellington",,,,,
6fa25a54-eb9f-4b54-8af6-8d602edb896e,Home for Fallen Women,Home for Fallen Women,,,,,
816f0a66-05f2-492a-a4e0-9c9fbd64ad1b,Union Party,Union Party,,,,,
6861cf0f-89f5-44c8-ba36-036665ca1b35,Chicago Women's Symphony,Chicago Women's Symphony,,,,,
fa499562-b79a-4bb6-a567-7190a16ada61,Woolton Convalescent Home,Woolton Convalescent Home,,,,,
044112ea-4fa6-42df-a520-145673f9494c,L. C. Page,L. C. Page,,,,,
839e1aa9-ce9a-4942-b1a6-05fb252cfea5,"Arts Council England, South East","Arts Council England,, South East",,,,,
dada387c-b908-4037-9f5f-d64087805116,Warren Gallery,Warren Gallery,,,,,
e753f07e-2143-4ae5-ac38-7a0836624848,Soviet Army,Soviet Army,,,,,
1f469e11-0346-468e-aafa-e4397798d2b1,Romany Street Press,Romany Street Press,,,,,
f9686a37-2050-4a0f-b1f0-31dad32a8ebd,Poetry Society,Poetry Society,,http://www.wikidata.org/entity/Q7207512,,http://www.wikidata.org/entity/Q7207512,
55f9f834-f9a7-45bd-823f-776581eeb600,8th King's Liverpool Regiment,8th King's Liverpool Regiment,,,,,
1c74f22e-7e85-4057-b5b3-369d2c1082f8,Saunders and Otley,Saunders and Otley,,,http://viaf.org/viaf/15754285,http://viaf.org/viaf/15754285,
d6e1e223-a0ab-4b42-9a36-e6051aa27da8,Bowdoin College,Bowdoin College,,,,,
d2a43fce-62aa-4488-9fc2-29cfe9cc25cb,Silk Association of Ireland and Great Britain,Silk Association of Ireland and Great Britain,,,,,
3e6e051b-5842-41e9-8807-ff633b243e91,Imperial Federation League,Imperial Federation League,,,,,
1bf9f2d8-6675-41ee-9193-544ccb0d07a0,London Synagogue,London Synagogue,,,,,
c778c812-6d5c-4b5e-90d5-8efb328eff38,Eastern Orthodox Church,Eastern Orthodox Church,,,,,
67ac48e4-30d4-433d-a7f4-a7de053c9c6e,Nonconformist Churches,Nonconformist Churches,,,,,
cc4c5212-2f39-4a31-bca9-336cbc9d969b,Department of Health and Social Services,Department of Health and Social Services,,,,,
1f76682d-8b39-4207-b2f9-1832c06ec3eb,Thayer and Eldridge,Thayer and Eldridge,,,,,
52882bcb-fda2-4fde-87f3-ac9d1d8347cb,Leeds College of Music,Leeds College of Music,,,,,
2c488b1b-605a-4eec-8bae-3a9cbb5ff49b,Ulster Women's Unionist Council,Ulster Women's Unionist Council,,,,,
f950c3dc-2e37-45d3-b627-a3b081c1334a,Biblical Archæological Society,Biblical Archæological Society,,,,,
9e2c71cc-e45d-471c-9bce-ede249ba9af1,"Magdalene College, Cambridge University","Magdalene College,, Cambridge University",,,http://viaf.org/viaf/136860390 | http://viaf.org/viaf/312740248,http://viaf.org/viaf/136860390,http://viaf.org/viaf/312740248
0b3c5469-d5b9-4d43-8f19-0cf0f1bba233,William Macintosh,William Macintosh,,,,,
1e99af5e-fa10-4690-bdda-c6cec5135364,Kensington Vestry,Kensington Vestry,,,,,
6bd61a78-e46d-4f9c-a68d-01fe7fb806f6,Yorkshire Post,Yorkshire Post,,,,,
135f0e11-1b41-4fba-ae2c-7f890a5e34ad,Froebel Educational Institute,Froebel Educational Institute,,,,,
10e98ef3-e616-4ca3-8e76-01304fcdcb7d,Associated Country Women of the World,Associated Country Women of the World,,,,,
3e3a417f-e230-48f7-af6b-163f3d1e2e62,"Contact Theatre, Manchester","Contact Theatre,, Manchester",,,,,
ae1afdfd-acf4-439c-8867-5dd4900438f7,Irish National Literary Society,Irish National Literary Society,,,,,
ea9abd1b-8bfe-4b9b-b1d0-1f332f76f861,Visvabharati University,Visvabharati University,,,,,
12489939-c2d2-43e3-8282-c5c217013563,Education Society,Education Society,,,,,
91281266-f998-4f0a-8667-131a004e9849,Whitechapel Public Baths,Whitechapel Public Baths,,,,,
003611a9-e6dd-4f52-b367-e7f5239863a6,Talawa Theatre Company,Talawa Theatre Company,,,,,
3401e63e-cc18-40a5-8874-f30ea19ce14e,Kingston Poor Society,Kingston Poor Society,,,,,
08f73211-997e-4703-b09e-9e84dc40cbed,Bombay Engineers,Bombay Engineers,,,,,
92810427-6afc-4457-91b1-65207e930b59,Sinclair-Stevenson,Sinclair-Stevenson,,,http://viaf.org/viaf/565154380888630296576,http://viaf.org/viaf/565154380888630296576,
da045d52-3e77-4075-91e3-5cf822b76ea2,Prior's Field,Prior's Field,,,,,
ac10bc1d-fbca-447d-8487-09f39aa068bc,Friends' Central High School,Friends' Central High School,,,,,
2a9464e5-90f8-4641-9b9c-00a0a09173f1,Survival League,Survival League,,,,,
8c70a47d-eed5-4eeb-95b8-ded94cbfc8a5,Buckland,Buckland,,,,,
7a0432f8-cb2b-4791-a582-3d5c167653a0,Newton Temperance Regiment,Newton Temperance Regiment,,,,,
5223d2a0-2f6a-4d3d-a7c0-87800652efb4,Cardinal Vaughn Memorial School,Cardinal Vaughn Memorial School,,,,,
1677598a-2274-401a-9ca1-08522b15de77,Marmite Food Company,Marmite Food Company,,,,,
1c94cebe-88f3-4d70-a04d-31b4f9ff9267,United States Senate,United States Senate,,,,,
0e6f46c4-85e0-4160-a932-5131acf2f181,German Academic Exchange Service,German Academic Exchange Service,,,,,
4a099b37-d345-48a6-93f7-753d4c0f125f,Dearborn,Dearborn,,,,,
de975dd9-655f-4fa7-a9c8-a5e26e5264fb,Reader's Union,Reader's Union,,,,,
8088364c-acf3-4ff9-839f-212f3beac573,First Garden City Limited,First Garden City Limited,,,,,
934c1b28-901c-4844-a69c-fecdda7b9f40,Royal Collection Trust,Royal Collection Trust,,,,,
b639a675-6514-44ce-89a3-b3c089ca3b8a,Fauconberg Press,Fauconberg Press,,,,,
bb656494-86f7-4015-865f-12122cecd18a,Committee on the Execution of the Criminal Laws,Committee on the Execution of the Criminal Laws,,,,,
68be40d5-5777-44b2-b8ad-00cff9dc8798,Englewood School,Englewood School,,,,,
fd129743-8d12-4af3-8918-26fcefce378f,Warren,Warren,,,,,
90684ef2-b86a-4fd1-b6a1-adf4627ec228,Dartington College of Arts,Dartington College of Arts,,,http://viaf.org/viaf/133698025,http://viaf.org/viaf/133698025,
32a22940-302f-4e5d-86dd-b49c85cf2636,"United Party, South Africa","United Party,, South Africa",,,,,
bda3165b-156d-4cca-bf98-c4321bf61334,National Union of the Working Classes and Others,National Union of the Working Classes and Others,,,,,
7f1ae47e-87c7-40e2-b215-3736036c424d,Methodist Episcopal Church,Methodist Episcopal Church,,,,,
32196402-6dc0-4c97-8ace-113d8ae19b06,Free Foundationers,Free Foundationers,,,,,
eed2185f-5fd7-4fcf-8ca2-ca216013d1ec,Women's Film Group,Women's Film Group,,,,,
5af39d19-15d1-4473-973d-715eb620a940,Women's Trade Union Association,Women's Trade Union Association,,,,,
3ff7132a-76e3-449f-a978-965098c82c54,London Template Workers' Fund,London Template Workers' Fund,,,,,
569ab141-038c-4b36-8906-a64b24a03f6d,Strahan and Isbister,Strahan and Isbister,,,,,
eb7827fb-83b7-423c-8225-807cb0e99485,Gwent College of Art and Design,Gwent College of Art and Design,,,,,
1e3c531f-19f1-47e5-8df6-35062eed09c8,Christ Church Infants' Sunday School,Christ Church Infants' Sunday School,,,,,
de3c9ed9-3556-45bb-9496-ed11cdfa0c6e,The Negro Ensemble Company,The Negro Ensemble Company,,,,,
5992f407-c8c2-4153-8777-f2cf3afc7d9c,Peacock Juvenile Library,Peacock Juvenile Library,,,,,
471aa1ac-ef4a-48d6-b665-67f7acaab0c8,American Library in Paris,American Library in Paris,,,,,
276e0c56-6065-4495-a7e8-71a00f6c2aa5,Advisory Committee of the Ministry of Health,Advisory Committee of the Ministry of Health,,,,,
7d527040-ab8d-49cd-8bfe-0633be559847,National Broadcasting Company,National Broadcasting Company,,,,,
3a03b0aa-99a6-412b-90b6-7dc95a7c25dc,East Sussex Record Office,East Sussex Record Office,,,,,
551851aa-0185-4419-922d-c9dd943b9f85,Marshall Brothers,Marshall Brothers,,,,,
96cd6226-7aff-46bb-8d38-150774d2da44,Royal Statistical Society,Royal Statistical Society,,,,,
f1f2228e-ffc6-42d1-ac48-032c52a5dfc0,Guy Chapman,Guy Chapman,,,,,
7d2420de-d57c-4123-a825-a481c0bc00ff,Theatre des Ambassadeurs,Theatre des Ambassadeurs,,,,,
ea475dfa-94ff-4397-a193-20ab4594e2e7,Committee for Spanish Medical Aid,Committee for Spanish Medical Aid,,,,,
cd998dc9-a7f0-4767-93be-bd8c54746ec7,Society for Superseding Climbing Boys,Society for Superseding Climbing Boys,,,,,
973f9152-a90e-4ea9-9f66-7fdb645c9d10,Graham's Family Linen Warehouse,Graham's Family Linen Warehouse,,,,,
ec05ac03-3f4f-4c2e-b5a7-56685202d7e7,Salisbury Arts Theatre,Salisbury Arts Theatre,,,,,
82e70e35-f828-467f-8bef-782498db6cee,R. Worthington,R. Worthington,,,,,
8fed7abd-0a2b-467f-bac1-26762c7a52d0,Liberal Book Club,Liberal Book Club,,,,,
0e9cde27-7095-40ec-b54f-bc6a1df5d43a,Royal Commission on Venereal Diseases,Royal Commission on Venereal Diseases,,,,,
a898edb1-abc1-4cbd-9f10-840c836942c3,Valancourt Books,Valancourt Books,,http://www.wikidata.org/entity/Q18211697,,http://www.wikidata.org/entity/Q18211697,
58367dcc-d0ca-479c-be85-c69d70208de2,General Dealers Limited,General Dealers Limited,,,,,
6b25c929-62f7-421e-80d0-b9e7dc260a21,Massachusetts Institute of Technology,Massachusetts Institute of Technology,,,http://viaf.org/viaf/150025207,http://viaf.org/viaf/150025207,
d80182c7-f888-457b-8967-25ef1a16de5b,Elvis Presley Club,Elvis Presley Club,,,,,
1342cc09-3c5a-4d6f-91f2-700bdfee8d2e,Michael Joseph,Michael Joseph,,,http://viaf.org/viaf/170264319,http://viaf.org/viaf/170264319,
40791f7e-da0a-4c1c-890d-98e1396cd14b,"Merton College, Oxford University","Merton College,, Oxford University",,,http://viaf.org/viaf/152199147 | http://viaf.org/viaf/169708999,http://viaf.org/viaf/152199147,http://viaf.org/viaf/169708999
ad40c220-030a-482f-91b1-94c2508df8af,Mandeville Press,Mandeville Press,,,,,
486bcf62-c660-468c-bfd3-8c6e9ce4e8a4,Salon des Beaux-Arts,Salon des Beaux-Arts,,,,,
b6db0fbe-1188-44ac-b963-626d9623fb79,Feminist Archive,Feminist Archive,,,,,
c43adc98-f4ee-461a-b779-0dc51e184dbb,Ulster Volunteers,Ulster Volunteers,,,,,
e6b54de5-cb58-4fe0-afdd-1724998105c0,Book Aid International,Book Aid International,,,,,
797a1017-ccbd-4b65-9bf1-1ec64acf0e7d,University Opera Club,University Opera Club,,,,,
63470064-0b75-4f1b-a71c-ac165b04defc,Travel Book Club,Travel Book Club,,,,,
ae3bae9f-61eb-49ab-910e-5e9787748c0d,Sarob Press,Sarob Press,,,,,
6a85e9ae-4abc-43b0-a267-2d385725724d,Bradbury and Evans,Bradbury and Evans,,,http://viaf.org/viaf/297015946,http://viaf.org/viaf/297015946,
2aa3e456-4d7e-4127-8253-5299aacac8d4,Authors' Guild,Authors' Guild,,,,,
aebab574-c058-48f7-8118-d32b7c6174e6,Society of Physiological Psychology,Society of Physiological Psychology,,,,,
7347477e-1a38-46ca-ba76-2a3cabbab1f8,Cape Breton University,Cape Breton University,,,,,
b647f3ca-f69d-491b-bb91-7c4e763a30a8,Meath Hospital and County Dublin Infirmary,Meath Hospital and County Dublin Infirmary,,,,,
bb269087-9714-4816-80fd-0c1e0389cf79,William Morris Society,William Morris Society,,,,,
fcb409a1-b59e-4379-8de2-0126d3424ee2,Emory University,Emory University,,,http://viaf.org/viaf/133470738,http://viaf.org/viaf/133470738,
a32f3c9d-f91b-4e60-bdb9-93bb834d86bd,Illuminati,Illuminati,,,,,
50e9cd83-abf7-4f8c-87a4-2937d16e4128,Thurloe House,Thurloe House,,,,,
18960c09-24b5-4afb-ae53-e463d58deb59,Free Range Films,Free Range Films,,,,,
6c671a74-0925-47b9-b6d6-241cae91d159,National Literacy Trust,National Literacy Trust,,,,,
734e68d6-1424-4e51-967a-0833b389d707,Phillips Academy,Phillips Academy,,,,,
e76171d9-068d-4b3d-9351-d4074193d916,Hampstead Theosophical Society,Hampstead Theosophical Society,,,,,
11cc76ac-fce9-4952-b8bc-4259742ba96f,David Bogue,David Bogue,,,http://viaf.org/viaf/311352557,http://viaf.org/viaf/311352557,
04393f03-15d1-478b-8ccf-c513a0f6546b,Library and Archives Canada,Library and Archives Canada,,http://www.wikidata.org/entity/Q913250,http://viaf.org/viaf/122051864,http://viaf.org/viaf/122051864,http://www.wikidata.org/entity/Q913250
50dccc27-f5ef-4c2f-9916-2e4ba8db007b,New Ambassadors Theatre,New Ambassadors Theatre,,,,,
4afd83e5-1f1e-431b-87e7-f7068af8e209,Ladies' Club,Ladies' Club,,,,,
5172a105-3671-4898-9b47-a8cf00921f2d,Stein and Day,Stein and Day,,,,,
b66e9207-e24d-4424-b2b5-7fe8a404e686,Poets' Workshop,Poets' Workshop,,,,,
7b3f94e3-b9fc-4c9c-a346-96ae7a281af2,Zionism,Zionism,,,,,
a0b49f58-6723-4804-bbcc-8eba3d253dc5,Manningham Mills,Manningham Mills,,,,,
02592399-e8e6-4f39-bba1-2a1779da596f,Seizin Press,Seizin Press,,,http://viaf.org/viaf/127993945,http://viaf.org/viaf/127993945,
fc29f7d9-daef-4213-9d5b-7ecbd94ace89,Theatrical Fund for Actors,Theatrical Fund for Actors,,,,,
43dd9a7b-ecb8-4fcb-ab1c-d745b5372924,Welsh National Opera,Welsh National Opera,,,,,
0cb1cfef-fa3f-4dca-9211-e249f5b737b2,"Irish Literary Society, London","Irish Literary Society,, London",,,,,
18732b4c-7431-4928-8548-d330f749d64f,Civil Service,Civil Service,,http://www.wikidata.org/entity/Q2974879,,http://www.wikidata.org/entity/Q2974879,
87933308-9329-4a48-9514-cd42fdd0a06f,National Arts Centre,National Arts Centre,,,,,
f67282f0-5965-4e11-8a6a-14e36a249518,Leeds Prison,Leeds Prison,,,,,
4367a0ef-1474-4cfb-8647-9f32556af0d6,Helena May Institute,Helena May Institute,,,,,
aac5d92a-7660-4977-9c9b-4355cb6cd585,Ladies' Diocesan Association,Ladies' Diocesan Association,,,,,
52865744-e4da-461b-bde6-05b08bd73058,Garden City Publishing,Garden City Publishing,,,,,
0b6187f4-44a8-4b60-95ff-244b0f9de8dd,Wesleyan University Press,Wesleyan University Press,,,,,
52275027-c95e-4413-aef0-b0d08e86d8f8,Institute of Hospital Administration,Institute of Hospital Administration,,,,,
8b60d053-ac62-4beb-9097-a8b1bb0ce261,Phoenix Press,Phoenix Press,,,,,
4c03b51d-b70b-45d0-a953-5e603c78db46,Les Cents Unes,Les Cents Unes,,,,,
88125550-d008-4d6f-b9ec-0476944fe65e,Booker Brothers,Booker Brothers,,,,,
f1cd2bae-cfcb-45c1-98f0-91f0e0568856,Italian Socialist Party,Italian Socialist Party,,,,,
d0d3c55e-2fcb-4375-8ce7-705c56f24e00,Christian Mission,Christian Mission,,,,,
d556fa43-858d-4475-bc16-c44e59e2df25,Mouton,Mouton,,,,,
f6458edf-9093-4e95-8230-93a1944893a2,National Council,National Council,,,,,
e88ff7d5-743d-43e2-bbff-1e9640d30aee,Miss World Contest,Miss World Contest,,,,,
f2cd560c-93d6-4b1f-aa23-5a0d408d80b1,Laura (Riding) Jackson Board of Literary Management,Laura (Riding) Jackson Board of Literary Management,,,,,
84af0aa1-5b62-4ec6-9ed0-f7bed98df501,Thomas Leybourn,Thomas Leybourn,,,,,
d3eb96b0-050d-4b1e-920a-da9e37f5a9fa,Brooklyn College,Brooklyn College,,,,,
7514e746-3a23-4de4-89d6-855f1985a15e,Endsleigh House School,Endsleigh House School,,,,,
5f1abbf6-8f00-4b20-9f02-e4508e250094,Quaker Race Relations Committee,Quaker Race Relations Committee,,,,,
a28eefa9-dcdf-4a44-9799-a406c9614666,Bund,Bund,,,,,
efdcd434-03c9-457a-8b2b-081ed8f5b243,Royal Marine Light Infantry,Royal Marine Light Infantry,,,,,
c498dfdf-86bb-454e-b64a-10288bf92868,Clapham High School,Clapham High School,,,,,
ea37d542-3ad7-44eb-9439-0666fd0445ed,"Sorbonne, University of Paris","Sorbonne,, University of Paris",,,http://viaf.org/viaf/138100231,http://viaf.org/viaf/138100231,
f260dbc0-2c55-4cc9-a65d-f093fc990ce7,"Lyric Theatre, New York","Lyric Theatre,, New York",,,,,
f2c08461-8c66-4a11-851d-888dffbdfb7e,G. W. Carleton,G. W. Carleton,,,http://viaf.org/viaf/121293252,http://viaf.org/viaf/121293252,
b8aa1c91-2bbb-4133-ad24-cfdb465a3c1c,National Academy of Letters,National Academy of Letters,,,,,
88140e58-cd00-458c-b2b1-83653d868f03,Swan and Edgar,Swan and Edgar,,,,,
722c7a77-cac1-47a8-95b9-a56e113427ab,People's Dispensary for Sick Animals,People's Dispensary for Sick Animals,,,,,
cb84b4a2-7fe7-4fb1-a7c4-85cd15f72fb3,Colburn,Colburn,,,http://viaf.org/viaf/142329830 | http://viaf.org/viaf/148183949,http://viaf.org/viaf/142329830,http://viaf.org/viaf/148183949
b57dacb6-af0a-4b64-9337-db1d52351c44,Duchess Theatre,Duchess Theatre,,,,,
89cbb9ff-4d4a-4926-9a7c-b9e24e4c3c98,Mitchell Kennerley,Mitchell Kennerley,,,,,
8313a9ae-aeb9-483f-85c9-ee3de1b7f72c,Irish Court of Chancery,Irish Court of Chancery,,,,,
3a5ec4d6-9726-4c92-aa83-0374db3cd3d1,Halifax Authors' Circle,Halifax Authors' Circle,,,,,
e9d9307d-f90b-47a9-aadd-34ed9efc398f,University of Durham Women's Union,University of Durham Women's Union,,,,,
53d0d05a-037e-4ecd-9216-35bcbb5abf9d,"Fisher Library, University of Sydney","Fisher Library,, University of Sydney",,,,,
7a86d2d1-081a-4097-ae37-2602d151859c,American Colony,American Colony,,,,,
18545a30-3940-40d0-aa1a-c0d4bab94733,Greenfield Theatre Studio,Greenfield Theatre Studio,,,,,
526d8332-ce04-409f-8697-bf998dd24a83,Pioneers,Pioneers,,,,,
45b88450-76ff-4e91-89eb-8e6c647f0136,Entertainments National Service Association,Entertainments National Service Association,,,,,
68d2b336-08ef-4d30-9038-b23b62fe4203,Spartacus League,Spartacus League,,,,,
3ab3cb29-39d9-47f4-987e-ffd3afa761b4,British National Party,British National Party,,,,,
ca99f012-789e-4028-ac96-94b26b7fb76f,"Bliss, Sands and Foster","Bliss, Sands and Foster",,,,,
ec838c46-ac68-4ee2-9d09-5a7d51955764,Russian Orthodox Church,Russian Orthodox Church,,,,,
d0fb5376-5dc2-4270-99fe-3c0ecc749427,University of Tokyo,University of Tokyo,,,,,
9ba70f75-6eef-407e-9e02-dcfa5b7434c4,Inner London Education Authority,Inner London Education Authority,,,,,
85a6c857-86ae-4bfb-9a01-0afea16ad5f8,Tower Hamlets Mission,Tower Hamlets Mission,,,,,
4ec29851-24a0-4fe1-8673-b04d18cb2737,Cockshaw,Cockshaw,,,,,
0b6a3cd8-1b85-4404-b76d-20f79b89440c,Canadian Medical Association,Canadian Medical Association,,,,,
b480a22f-03c0-41bd-a87b-91f04c42a726,Berwick Academy,Berwick Academy,,,,,
3c55bbdc-3419-4c07-87b1-7bd16a6bd9e9,Heinemann,Heinemann,,http://www.wikidata.org/entity/Q6273015,http://viaf.org/viaf/129924961,http://viaf.org/viaf/129924961,http://www.wikidata.org/entity/Q6273015
e42faf05-b939-488b-8a87-7dc4cd35b09b,Joy Division,Joy Division,,,,,
1cc2ed8a-50ed-46d8-bc2a-ca9316372074,Kelmscott Press,Kelmscott Press,,,http://viaf.org/viaf/127746396 | http://viaf.org/viaf/137732341 | http://viaf.org/viaf/142634315 | http://viaf.org/viaf/312587269,http://viaf.org/viaf/127746396,http://viaf.org/viaf/137732341 | http://viaf.org/viaf/142634315 | http://viaf.org/viaf/312587269
5a814ee2-153d-44c9-ac4f-ce7f358efffa,Coventry Gauge and Tool Company Limited,Coventry Gauge and Tool Company Limited,,,,,
1d3651e9-ecd5-42cb-a1d7-03b2c2876d52,Francis Holland School,Francis Holland School,,,,,
da5886c7-2cde-4db9-b986-ee08aec13696,Catholic Board,Catholic Board,,,,,
e14a9495-b3be-4292-9457-7427272286a7,Charterhouse School,Charterhouse School,,,,,
f35f8517-6443-4654-b304-67fb18bdb833,Royal Sailor's Rest,Royal Sailor's Rest,,,,,
8a9d9aca-8453-48e1-bda4-59245248290e,Stage Society,Stage Society,,,http://viaf.org/viaf/152347439,http://viaf.org/viaf/152347439,
39d9a72a-41af-4982-b9d7-b477bfae31b6,Nightingale Training School,Nightingale Training School,,,,,
e67b25ae-1e5f-464a-a42a-5a7f48642537,Elizabeth Gaskell Society,Elizabeth Gaskell Society,,,,,
23190439-bb62-4301-8262-b554b97ceef5,Polygon,Polygon,,,,,
9ddd532f-64f4-479d-9bee-ab5c854cfad5,"Theatre Royal, Birmingham","Theatre Royal,, Birmingham",,,,,
9fc4b6c4-d615-4e08-8211-560bedb89beb,"Greek Theatre, Berkeley","Greek Theatre,, Berkeley",,,,,
f198662b-62f3-4d14-a5cb-df063e9f3af4,Harcourt Brace,Harcourt Brace,,,http://viaf.org/viaf/167837026,http://viaf.org/viaf/167837026,
5294b54e-3edd-4da1-9df7-10d8ef5d6c0a,Urban Fox Press,Urban Fox Press,,,,,
765644ee-c525-4204-9d3a-7d9f68cb0b49,National Jewellers' Association,National Jewellers' Association,,,,,
ff7fc3f5-3b15-418a-bf03-f2b73194c841,Effingham Theatre,Effingham Theatre,,,,,
cb700b95-e97f-454a-8218-019e554fe277,Women's Printing Society,Women's Printing Society,,,,,
22af40bb-1217-4d3d-983b-af97873c3310,Anstey Physical Training College,Anstey Physical Training College,,,,,
fee43760-69b3-483b-9235-7ed9291b28ea,Upper House of Canterbury,Upper House of Canterbury,,,,,
816bc44d-0cc5-42f6-b0ca-fcb5cdec6dec,Jockey Club,Jockey Club,,,,,
3c06166b-4909-480f-aa31-ec674503f17d,Richard Phillips,Richard Phillips,,,http://viaf.org/viaf/130566866,http://viaf.org/viaf/130566866,
d8ed1382-d95c-47b4-9ce1-6419e8c88bff,Jewish Religious Union,Jewish Religious Union,,,,,
a4395eb9-46a5-44e7-ae60-8d48a2ef97ad,Ladies' Land League,Ladies' Land League,,http://www.wikidata.org/entity/Q60791877,http://viaf.org/viaf/141976224,http://viaf.org/viaf/141976224,http://www.wikidata.org/entity/Q60791877
3d306334-70d6-48d4-b430-864b2e44cc65,J. P. Morgan,J. P. Morgan,,,,,
b39c2799-2912-419a-a089-c49957d8d682,University of Pennsylvania,University of Pennsylvania,,http://www.wikidata.org/entity/Q49117,http://viaf.org/viaf/267632219,http://viaf.org/viaf/267632219,http://www.wikidata.org/entity/Q49117
fcf32de5-e330-4d21-979e-be343b0517f3,Independent Anti-Vivisection League,Independent Anti-Vivisection League,,,,,
782e45ec-9314-49ee-a3b7-b08dc4e8eb5e,Beecham Symphony Orchestra,Beecham Symphony Orchestra,,,,,
0995e2de-d088-44aa-9721-432da5c4ad89,Council of Christian Pacifist Groups,Council of Christian Pacifist Groups,,,,,
35d56845-34a7-4ee1-8f66-a48c7ec5fc5c,"New College, Oxford University","New College,, Oxford University",,,,,
c25aa6c3-4d8b-463f-a087-ec66298f409b,Mrs Patrick Campbell's Company,Mrs Patrick Campbell's Company,,,,,
d245a2e6-4a24-4720-91d6-d70fce1178d7,Canadian Corps,Canadian Corps,,,,,
6acd0def-7f15-4b26-9bca-aafb32b39f74,Hunt Botanical Institute,Hunt Botanical Institute,,,,,
c27c0a5e-1d46-454a-a0f2-607fe8572507,Vintage,Vintage,,,http://viaf.org/viaf/306402845,http://viaf.org/viaf/306402845,
8a225982-d7f0-4818-9a11-75e4ec5d4c98,Latymer School,Latymer School,,,,,
df7983b7-4c43-454d-bb96-f594b9b0f03a,Randolph-Macon Woman's College,Randolph-Macon Woman's College,,,http://viaf.org/viaf/145074219 | http://viaf.org/viaf/168284736,http://viaf.org/viaf/145074219,http://viaf.org/viaf/168284736
610452df-5dac-4622-9fb7-7e7850ed900b,Radical Feminists,Radical Feminists,,,,,
7ab55690-b47a-4db8-a297-9866051cb7d3,Iron Press,Iron Press,,,,,
29f80563-fb32-4f3e-a3ad-e02dc3792ed8,Ursulines,Ursulines,,,,,
36ae6eb5-5526-4084-b310-88bee8429c9b,Joseph Johnson,Joseph Johnson,,,http://viaf.org/viaf/7617625,http://viaf.org/viaf/7617625,
f6d9b3b0-f5e3-453a-b854-2f290aab5504,Witwatersrand University,Witwatersrand University,,,,,
726cf9bb-5686-4e02-9091-7f8d2e3a3d0c,Migraine Trust,Migraine Trust,,,,,
5609cf0e-80be-4877-948b-ee57f767e3d5,Corporation of the Sons of the Clergy,Corporation of the Sons of the Clergy,,,,,
7c9d488a-35ae-4ae5-a332-7767c4cd64d7,Pacific Biological Station,Pacific Biological Station,,,,,
353cdd20-2ce9-49e5-95f8-f6e9cffa574c,Markova-Dolin Ballet,Markova-Dolin Ballet,,,,,
89adaaf4-3bc7-4c9d-827e-49a125694505,Odham Press,Odham Press,,,,,
2704ac5f-2bce-4570-bc79-e06e8e9cd449,Ritz Hotel,Ritz Hotel,,,,,
67e31fde-345c-4726-b4b0-294117682738,News International,News International,,,,,
ad51a6d5-57bd-479d-847c-b087db6315f8,Rise,Rise,,,,,
f417347c-719f-4c96-8c96-c841321e34b5,Fighter Command,Fighter Command,,,,,
82adbb29-ac29-4ad8-a75c-9d648decad1b,City and Guilds College,City and Guilds College,,,,,
a5ef319a-1983-4c8d-ba10-27e667f3f07d,De La More Press,De La More Press,,,,,
c9b6feda-381e-4417-936a-f14eb7d3424a,Women's International Congress,Women's International Congress,,,,,
4c47311d-1d97-4a3e-a638-4a7db98a269f,Women for Women International,Women for Women International,,,,,
0b80f241-1c57-49d1-9170-c8d4da069ffe,"University Appointments Board, Oxford University","University Appointments Board,, Oxford University",,,,,
8d4a8bd0-e289-4318-ad4f-499c815d392f,"Royal Exchange, Edinburgh","Royal Exchange,, Edinburgh",,,,,
ec54b34b-939d-46c6-8e49-b3c58323ef0e,International Women's League,International Women's League,,,,,
3ada3c66-8655-418e-b1ef-dd3c64ee595d,Maternal Mortality Committee,Maternal Mortality Committee,,,,,
7277adba-3bf8-4016-85ef-ace146de151c,University of Durham Literary Society,University of Durham Literary Society,,,,,
fd90d2ff-2e83-4ba8-9df2-d121ed24fa34,First Presbyterian Church,First Presbyterian Church,,,,,
714e12bc-2355-4b93-8b03-bc658a658716,Irish Republican Brotherhood,Irish Republican Brotherhood,,http://www.wikidata.org/entity/Q1062580,http://viaf.org/viaf/137217086,http://viaf.org/viaf/137217086,http://www.wikidata.org/entity/Q1062580
25f6255e-03f9-49b1-b52c-dd97ecdcd797,Cranbrook Academy of Art,Cranbrook Academy of Art,,,,,
931e467f-cd6e-44a9-a0ea-5afb7c5087e0,International Federation of Business and Professional Women,International Federation of Business and Professional Women,,,,,
d6a0eaed-1942-4bdd-bc1a-f796e9baf76d,University of Vienna,University of Vienna,,,,,
d900195c-bfaa-414d-85ce-ea6e76e58c8d,Palestine Women's Equal Rights Association,Palestine Women's Equal Rights Association,,,,,
e7555199-c235-498e-9dac-a8fea2f3c122,Centre Pompidou,Centre Pompidou,,,,,
e7e00675-9915-41e0-ba93-e8bb45343c0e,Canford School,Canford School,,,,,
c729cee9-6f35-40b9-9a98-460df739568a,Association of Trained Charwomen,Association of Trained Charwomen,,,,,
05e07c3b-ad02-4baf-b389-de1cdb2161fc,British Air Transport Auxillary,British Air Transport Auxillary,,,,,
5d66b1e8-6a9d-43bd-b010-1a3fbf067995,Central Committee for Refugees,Central Committee for Refugees,,,,,
c68c221d-6d56-403b-9fbf-75fef3aeffb0,University of Louvain,University of Louvain,,,,,
c5a6a163-0e56-46ab-bb55-f739abf88bd9,American Indian Defense Association,American Indian Defense Association,,,,,
4cd1d001-c310-4d26-bc89-db7066c3b20f,Argyll and Bute Council,Argyll and Bute Council,,,,,
e697a7ed-bdd0-4096-b585-56b8d0912737,Brislington House,Brislington House,,,,,
4d372fb7-9e17-41b3-8be6-bc575d69f4d2,Mafia,Mafia,,,,,
cb851551-2593-4dea-90ae-82975f1f801e,"Clare Hall, Cambridge University","Clare Hall,, Cambridge University",,,,,
4a4fd3b0-1aea-4a8a-9250-a6c02db5f758,British Gynaecological Society,British Gynaecological Society,,,,,
f8fdea6c-4fdd-4201-b212-e597d96d8416,A. P. Watt,A. P. Watt,,,http://viaf.org/viaf/152813579,http://viaf.org/viaf/152813579,
05494506-7210-4bca-a39c-b202d656cfb9,Ariel Press,Ariel Press,,,,,
1e199e74-b331-493a-ba2d-4336c224c301,Society for Clothing the Infant Poor,Society for Clothing the Infant Poor,,,,,
fd56a7dc-0798-44e4-a5f5-81dccbf4210b,Beacon Hill School,Beacon Hill School,,,,,
78707ba9-54a7-4bf2-93c6-a07b30441060,Barcley Corsets Limited,Barcley Corsets Limited,,,,,
6e2fb381-f261-43ad-b64e-3112cb7c88c5,New Model Army,New Model Army,,,,,
3854e04f-f326-455a-9cfc-6782a3f055fd,Internal Revenue,Internal Revenue,,,,,
028ae914-b9fc-43aa-bba7-67753301b175,Lancashire and Cheshire Antiquarian Society,Lancashire and Cheshire Antiquarian Society,,,,,
0127e5c0-7fed-42b5-9cde-20f245a6d062,Stage 1,Stage 1,,,,,
56953f68-4612-49b1-abcd-caa3c65efecf,Feminist Library,Feminist Library,,,,,
818fe34a-975f-4941-880d-afb7c6c6ae8a,Mountain Rescue Council,Mountain Rescue Council,,,,,
e1902b74-bc7b-4dad-8cc6-b0d709e42bfd,OutRage,OutRage,,,,,
0d0c4e55-ad74-4b98-acd1-0abcd38dcb7f,Amalgamated Musicians' Union,Amalgamated Musicians' Union,,,,,
d8e422f8-7619-413e-91d7-5fd798284b91,National Society for Controlling the Abuses of Public Advertising,National Society for Controlling the Abuses of Public Advertising,,,,,
6f8d1918-c4d8-4b40-9f1c-a4f2767ebc52,University of Leipzig,University of Leipzig,,,,,
d9b9b271-c8a4-4761-87af-b7a87b2ca49d,German Customs Union,German Customs Union,,,,,
b3286e37-960c-4ecd-a6fc-a5902f4aa3d2,"Birkbeck College, University of London","Birkbeck College,, University of London",,http://www.wikidata.org/entity/Q375606,http://viaf.org/viaf/147425643,http://viaf.org/viaf/147425643,http://www.wikidata.org/entity/Q375606
d7b897d7-903d-4a54-a512-e119d2b486ab,Vidal Sassoon International Center for the Study of Antisemitism,Vidal Sassoon International Center for the Study of Antisemitism,,,,,
45f4247a-bc12-44c4-8151-42e1e55f565f,Sandhurst Military College,Sandhurst Military College,,,,,
2570ac8e-27fe-4783-a12e-031556b5252f,Macy's,Macy's,,,,,
35df669b-4174-43b3-b8cc-eaf29c6d4f56,International Missionary Council,International Missionary Council,,,,,
e4aa3373-4ff1-40eb-a917-171830c1cb91,Wilde Theatre,Wilde Theatre,,,,,
d3bf580a-77fc-4cee-9b4c-8df759bad111,British and Foreign Temperance Society,British and Foreign Temperance Society,,,,,
4d8fb6fa-e183-40a1-b4f8-fbd966514349,Embassy Club,Embassy Club,,,,,
f89161b7-6257-4da2-ac2e-42f702f1d39c,Simms and Dinham,Simms and Dinham,,,,,
042975fe-0501-4d7f-b80c-7e7b9dacb931,"Royal Opera House, Covent Garden","Royal Opera House,, Covent Garden",,http://www.wikidata.org/entity/Q55018,http://viaf.org/viaf/138545889,http://viaf.org/viaf/138545889,http://www.wikidata.org/entity/Q55018
aef25066-3632-47d1-a07e-9017b8a8af56,Society for the Encouragement of Learning,Society for the Encouragement of Learning,,,,,
7f06a03f-b96c-4dd7-84a2-5c9aebd892f3,Fertility and Reproduction Studies Group,Fertility and Reproduction Studies Group,,,,,
216575db-dc1c-4411-95c5-85af8e4ee3d8,"Laurel Hill Convent, Limerick","Laurel Hill Convent,, Limerick",,,,,
6b50d0d3-d052-4563-8188-d73260025233,"Alhambra Theatre, Glasgow","Alhambra Theatre,, Glasgow",,,,,
fbc37a49-9d21-41be-9905-3185654f384d,Smithfield Market,Smithfield Market,,,,,
9530c19e-5bfa-4172-acd8-0a15bf641a17,Greening and Co.,Greening and Co.,,,,,
2cc7c84d-cdde-4a3a-8795-49d6742d9acb,Society for Befriending Young Servants,Society for Befriending Young Servants,,,,,
eb2477c1-3b9b-4b21-821d-e1667d89ef37,Mechanics' Institute,Mechanics' Institute,,http://www.wikidata.org/entity/Q6804572,,http://www.wikidata.org/entity/Q6804572,
d9dd2208-c4fa-4304-8547-f4c6333a1ba5,British Statutory Commission on Indian Reforms,British Statutory Commission on Indian Reforms,,,,,
f9ccd207-6ef8-4f9a-a741-a27dafd814d2,Keynes Press,Keynes Press,,,,,
38b22c84-1243-4e2e-913c-645f855dbdbe,Army of Northern Virginia,Army of Northern Virginia,,,,,
7a6d751c-e488-46f1-9366-bea23bf1f5fa,First National and Vitaphone,First National and Vitaphone,,,,,
431b6c16-a4f1-42bb-b1c0-d2340628079a,Rabindra Bhavana,Rabindra Bhavana,,,,,
0b3fab70-197d-4414-8f28-597108148096,Oxford Philosophical Library,Oxford Philosophical Library,,,,,
5bdce8e2-d0d5-44c2-9a0a-cf16d85fb646,Warne,Warne,,,,,
5e81bc12-18f3-4914-b9de-bb3bbd37e017,Royal College of Art,Royal College of Art,,,http://viaf.org/viaf/231732089,http://viaf.org/viaf/231732089,
030c582b-ffbb-4a90-b488-641133db1b1e,United States Government,United States Government,,,,,
5daf0917-189f-46cb-91fd-24363061a3e8,Lauinger Library,Lauinger Library,,,,,
91c3e677-185d-4f5e-b965-9bd3908ee95d,Townswomen's Guild,Townswomen's Guild,,,,,
2a448641-5e60-4176-b754-883a1afb9e5e,Godolphin School,Godolphin School,,,,,
f30709df-8211-422a-b3b9-d2b5942322d8,Mulini Press,Mulini Press,,,,,
d395245a-5944-450a-95f1-d4d741b1d09b,"Theatre Royal, Scarborough","Theatre Royal,, Scarborough",,,,,
6bcf89fd-8160-4650-92ee-7251ecc84747,Norfolk Record Office,Norfolk Record Office,,,,,
6eddeb16-d407-46a6-b444-d827349123ca,Stephen Scroop Press,Stephen Scroop Press,,,,,
ed846938-a78e-40e7-b8b1-65e07f44ebcf,Hebrew University of Jerusalem,Hebrew University of Jerusalem,,,,,
1db831ed-e46b-4f2f-b478-0ecb80e7a1e1,Women's Police Service,Women's Police Service,,,,,
ab1bdc2d-04ce-4f4c-a866-437708cde21f,Equity,Equity,,,,,
e20605fc-5ee2-49da-be8b-7e581d8f109a,Writers and Artists Protest against the War in Vietnam,Writers and Artists Protest against the War in Vietnam,,,,,
56970031-3667-4b50-93ef-d7d23a71f318,Children of Mary,Children of Mary,,,,,
78e078ff-1b76-46a2-a1b5-3c30a87e0f58,National Society of Shorthand Teachers,National Society of Shorthand Teachers,,,,,
7505cc81-8d33-459a-b93c-a344d96af907,Crystal Palace Company,Crystal Palace Company,,,,,
a88caeef-d6c7-4657-bc81-c0c1a1d59a36,Ladies' Institute,Ladies' Institute,,,,,
bb284423-c5ac-4faa-bbc3-3485b5aa36a0,Tom Allen Centre,Tom Allen Centre,,,,,
069a1e01-6442-4b8e-82d6-911c38118ffb,Yale Medical School Library,Yale Medical School Library,,,,,
2a85d2e5-1c5a-46a0-b097-85ebe0554898,Society for Staël and Coppet Group Studies,Society for Staël and Coppet Group Studies,,,,,
6729a32c-e092-4a46-8e81-2403b964fbb7,Denham Studios,Denham Studios,,,,,
5067418a-941a-48a8-9230-3bc3efb183b0,Washington Female Seminary,Washington Female Seminary,,,,,
bcaa99fc-4ff6-4566-8e7a-21c7245b3ca7,Overseas China Press,Overseas China Press,,,,,
aa2b14e3-cb9e-4a53-a92f-8eedff5adefd,National Film and Television School,National Film and Television School,,,,,
f246a89f-eb6b-4ed4-aaa6-11355b8b724b,Andrew Dakers,Andrew Dakers,,,http://viaf.org/viaf/60155767464927764480,http://viaf.org/viaf/60155767464927764480,
6fe9cf2b-da53-4f0d-a7f9-70ae06e44551,Gate Gourmet,Gate Gourmet,,,,,
6ecd78a6-7d2c-4223-a05b-b1986e288fc4,Comédie-Française,Comédie-Française,,,,,
7a23ddb3-d86b-497a-a810-8458c383cffb,New Lyric Club,New Lyric Club,,,,,
74b39a3a-8880-4ac6-bb23-9c6b5ced90bc,Conservative and Unionist Party,Conservative and Unionist Party,,,,,
3a6a02cc-a50a-4438-8b9e-74fc4442c41d,Fletcher Players Society,Fletcher Players Society,,,,,
c382fd85-b109-45bd-bc58-5d4d4dc90fd3,Soviet Writers' Congress,Soviet Writers' Congress,,,,,
bbca6838-9736-45b9-a11d-4fdf587b913f,National University of Ireland,National University of Ireland,,,http://viaf.org/viaf/157052388,http://viaf.org/viaf/157052388,
43efed98-5d3e-4a33-a65e-a19a0a69bacf,Women's National Charter Association,Women's National Charter Association,,,,,
264478d0-8a26-4860-97de-be81d5e4b72d,Wildcat Theatre Company,Wildcat Theatre Company,,,,,
d7e878fc-6350-4627-acc9-9320b97cc9dc,Fenians,Fenians,,,,,
21a3241a-7bf7-4a32-a5cf-5dc3c0ca99d9,WJZ Blue Network,WJZ Blue Network,,,,,
c1193db2-8774-4c3b-8c96-db448dc0982e,Writers Workshop,Writers Workshop,,,,,
2500874e-699c-4210-a81c-0074d24f5046,Mandarin and Severn,Mandarin and Severn,,,,,
dadd01e9-710d-4b55-9bf2-fdd1f81a77cc,Henry S. Alcott Memorial Library,Henry S. Alcott Memorial Library,,,,,
44775125-dcc2-499d-9198-e6ee3fe57dbf,Movement for the Ordination of Women,Movement for the Ordination of Women,,,,,
398ab803-c96f-4519-a443-51b96909d3b2,University of Derby,University of Derby,,,,,
d6e9c5a5-9e56-4889-982d-d1700b3e0e8f,Codepink,Codepink,,,,,
3d5a1cb5-14c6-43d8-affb-b34137a2f7ad,Zionist Organization of America,Zionist Organization of America,,,,,
09ec1a15-617d-4aa3-9697-a2b353c91e11,Gateways Club,Gateways Club,,,,,
35264c4f-39c1-4c9f-9060-561019686797,Friends Historical Society,Friends Historical Society,,,,,
7fcf2636-d0dc-4040-83a4-ad0bff18a008,"British War Office, Paris","British War Office,, Paris",,,,,
e40fc4f6-0b8c-4ea8-b823-c3ad52629d3e,Forestry Commission,Forestry Commission,,,,,
def71636-4a87-45b8-8e19-fc10caaf46af,Palestine Festival of Literature,Palestine Festival of Literature,,,,,
43e2db79-4420-4e7a-9065-04a4fa6539c7,"Prison Reform Association, USA","Prison Reform Association,, USA",,,,,
9878eb6f-0414-4b0f-b01f-91e76a1e7b92,Canterbury Hall,Canterbury Hall,,,,,
aa4ac9d7-c3e0-4777-a2a2-b0ab7fc03b8c,University of Brighton,University of Brighton,,,,,
0cdc4997-f0cb-4625-a14b-0535bf691063,Elgar Festival,Elgar Festival,,,,,
e7c1c9a2-2749-4dda-8198-89883256a22a,Drury Lane Arts Lab,Drury Lane Arts Lab,,,,,
af79804d-ca7c-48a2-8c4d-c854169ffa70,Wesleyan Reform Union,Wesleyan Reform Union,,,,,
422b4095-1b6a-4a27-afb9-62af9536cc37,Joint Stock Theatre Group,Joint Stock Theatre Group,,,http://viaf.org/viaf/143060556,http://viaf.org/viaf/143060556,
f38e70dc-ec44-4aa9-94aa-db9b6e8bf6d2,Fanado,Fanado,,,,,
b4fe63d3-c4e6-49e5-bf2e-a23c01318c88,Trade Union Group,Trade Union Group,,,,,
c39c93d5-2b71-4dfc-92d4-b2fe14e1d243,Queen's Hall,Queen's Hall,,,,,
dfe57a3c-5e36-41d2-8051-ef4bf5312351,Authors' Syndicate,Authors' Syndicate,,,,,
aa87f8df-b61d-4b1b-91b7-8c548f5bdec8,Cumbria County Council Archives,Cumbria County Council Archives,,,,,
6f0f90ef-8b66-4950-915a-95925635340c,Royal Literary Society,Royal Literary Society,,,,,
8de68d69-9b10-4dd7-9634-f349c11a4e8e,Salzburg Summer Session,Salzburg Summer Session,,,,,
a6fdbf75-1110-478c-9514-52352cba4894,American Association for the Recognition of the Irish Republic,American Association for the Recognition of the Irish Republic,,,,,
f155e6d1-76fd-4484-a36c-e8b311b63b70,Grosvenor Gallery,Grosvenor Gallery,,,,,
eba8d9d1-ef4f-46ff-a93b-95cb76231165,Briggs,Briggs,,,,,
9e450b3d-25f0-4447-a807-8245286a953c,UN Women,UN Women,,,,,
4cf6f16e-39e6-4493-bd9f-321060c92860,"Royalty Theatre, Glasgow","Royalty Theatre,, Glasgow",,,,,
cc56c8de-b4e7-4c74-889d-9acd7dbf8986,Strawberry Hill Press,Strawberry Hill Press,,,,,
0eb092d9-ddd1-4884-968f-54593ff58ed1,eBay,eBay,,,,,
9cd508b1-caee-4fbb-8837-a452e20cf37a,Educational Company of Ireland,Educational Company of Ireland,,,,,
f0e0f92f-8a59-4712-a213-970872bcc14e,Caribbean Advanced Proficiency Examinations,Caribbean Advanced Proficiency Examinations,,,,,
ba23a133-16d8-4b37-aee3-84266c0af563,Peter Davies,Peter Davies,,,http://viaf.org/viaf/251951772,http://viaf.org/viaf/251951772,
8130ee16-7d43-4f5f-9b0d-1bb60d4e6c91,Anti-Transportation League,Anti-Transportation League,,,,,
45dab396-86a3-4590-8254-d00dca070217,National Book Foundation,National Book Foundation,,,,,
7210dc41-6399-49dd-ad57-a759e5fb7451,New Directions Press,New Directions Press,,,http://viaf.org/viaf/145581718,http://viaf.org/viaf/145581718,
7f7494d6-e649-482a-ae2b-7ab699ff51df,"City University, London","City University,, London",,,,,
189a2b25-04c3-40b7-b877-6dab2a69f4d1,University of Heidelberg,University of Heidelberg,,,,,
9577413c-54c5-4cb3-b151-929cfe1593b4,International Magazine Co.,International Magazine Co.,,,,,
3e693e20-1ecf-438a-915f-c52138e2225e,Institute of Houseworkers,Institute of Houseworkers,,,,,
83972522-fd4a-4423-a2ac-fcea39806877,Poetry Recital Society,Poetry Recital Society,,,,,
473ae47b-c56e-4b3a-9608-2ad582f1f7c2,Reed's College,Reed's College,,,,,
e181abbb-0f77-4f36-8fc5-56ed7b39ccef,British Mountaineering Council,British Mountaineering Council,,,,,
311f679a-3762-4234-8398-f5a12a70091e,Jackson and Walford,Jackson and Walford,,,,,
dae847a1-07a9-4a19-b7a7-cde2e088aa38,Avon Longitudinal Study of Parents and Children,Avon Longitudinal Study of Parents and Children,,,,,
266720b1-0082-4aec-b3fb-24f9fdb506c1,Anti-Duelling League,Anti-Duelling League,,,,,
f2095581-3389-45a6-926d-c34f9cdebed2,Reichstag,Reichstag,,,,,
9364a475-f872-4784-ad83-952c35ac38ba,Black Watch,Black Watch,,,,,
dbdf09db-c29d-41a9-9e63-4838c39bbc42,University of Birmingham Centre for Contemporary Cultural Studies,University of Birmingham Centre for Contemporary Cultural Studies,,,,,
2f7f004c-768c-4a6e-99b7-5d8072c48c40,Pen and Pencil Club,Pen and Pencil Club,,,,,
8512c1e0-404a-4e61-99fd-f219a81467f7,Belfast Women's Suffrage Society,Belfast Women's Suffrage Society,,,,,
20e8a93f-6844-4b6c-befd-3b3453e67987,Aristotelian Society,Aristotelian Society,,,,,
829336b1-3ed7-49f9-a610-978876f02977,Public Morality Council,Public Morality Council,,,,,
f36695ed-c8c1-40cf-98a0-868aad06bfb2,John W. Parker,John W. Parker,,,,,
62c3e4bc-7475-4fad-940e-a3e2e6debabb,Discharged Prisoners Aid Society,Discharged Prisoners Aid Society,,,,,
05625a81-dcd9-4d9d-a1dc-0191a588b047,Hudson Bay Company,Hudson Bay Company,,,,,
a701e0b2-9d2f-414e-bab2-c9574320cea1,Licensing Act,Licensing Act,,,,,
0156fbc1-ee0f-4725-8530-d96a5c5a8a6a,Greville Press,Greville Press,,,http://viaf.org/viaf/153681800,http://viaf.org/viaf/153681800,
15f0759f-6309-49f5-bc53-563c2324aae9,Joint Electricity Authority,Joint Electricity Authority,,,,,
72ebfbed-1498-4eb6-b294-225f594e6962,Little Richmond Theatre,Little Richmond Theatre,,,,,
4142d762-b166-45b3-9ccd-c12a46d3f8a3,Sisterhood of St Thomas-the-Martyr,Sisterhood of St Thomas-the-Martyr,,,,,
117e7cb1-3136-411a-9329-bbbeeb77e147,Buchenwald,Buchenwald,,,,,
75e24e94-5ebf-45ff-8bff-7b6514ca2360,New Church,New Church,,,,,
0683cf58-c588-4379-ae07-6251647e2867,Select Committee on Public Libraries,Select Committee on Public Libraries,,,,,
746d96fc-2c97-4987-a286-135fa67bdb51,Boston Marathon,Boston Marathon,,,,,
87114b0a-9ce9-4874-861a-8fd3f11a63ce,Geological Survey of Botswana,Geological Survey of Botswana,,,,,
95477ce1-cb00-4089-a3db-d65c5bfd15a5,University of Huddersfield,University of Huddersfield,,,,,
36931740-4d9d-4c0f-b12c-cabbe9b5ee24,Hutchinson,Hutchinson,,http://www.wikidata.org/entity/Q378809,http://viaf.org/viaf/144550791,http://viaf.org/viaf/144550791,http://www.wikidata.org/entity/Q378809
65d037e4-2875-4c14-840d-42b79771dd7d,James Hogg,James Hogg,,,,,
86a040a1-904f-4629-a9c7-599688759fdc,Rank Script Department,Rank Script Department,,,,,
098dace1-d2dd-44a5-b09a-7c4f273fb0ed,Dublin United Arts Club,Dublin United Arts Club,,,,,
a51f88a3-df12-40bf-b27a-76e28dfe8d6e,C. R. Johnson,C. R. Johnson,,,,,
60ea2b58-cb56-4eb3-971b-9cd197516f1a,Public Lending Right,Public Lending Right,,,,,
6847af82-ece8-4275-815f-d87ccaf55097,Canadian Women's Press Club,Canadian Women's Press Club,,,,,
fb8de8b9-c390-425e-8a32-2d2a49411323,1917 Club,1917 Club,,,,,
3f4cbcb7-c946-48ee-804c-38f6ed750823,"Holt, Rinehart and Winston","Holt,, Rinehart and Winston",,,http://viaf.org/viaf/135108302,http://viaf.org/viaf/135108302,
9c425df8-e444-4d71-8ba7-05d576887248,A. H. Wheeler,A. H. Wheeler,,,,,
2845ca70-b975-403e-a73d-a43cd02cab40,Program in Hellenic Studies,Program in Hellenic Studies,,,,,
a5538cab-b3d3-4156-ae21-a4859ea7543d,Ashburne House,Ashburne House,,,,,
8d22afa5-9ee4-406e-8ce4-7f94eb8da9ff,Union of Democratic Control,Union of Democratic Control,,http://www.wikidata.org/entity/Q7886565,http://viaf.org/viaf/132014287,http://viaf.org/viaf/132014287,http://www.wikidata.org/entity/Q7886565
44d19f56-315c-4782-9649-19eb5c27ec4e,BBC Dance Orchestra,BBC Dance Orchestra,,,,,
58be155a-7f02-4129-8c36-09df96b578ff,Sunrise,Sunrise,,,,,
f9c8776e-5ed8-4a37-bec1-badd38f9d51f,James Roberts,James Roberts,,,,,
c2e199fd-1acb-4e09-b9ff-e0f01a47b929,Penguin Viking,Penguin Viking,,,,,
8795bfe9-28dc-483f-ac82-daa34ce87576,Weidenfeld and Nicolson,Weidenfeld and Nicolson,,,http://viaf.org/viaf/167923742,http://viaf.org/viaf/167923742,
eba0de34-5264-4e08-a0ba-efca54dd0b2a,Eugenics Society,Eugenics Society,,,,,
ffa04962-8fb9-4983-934c-aad709be8ffe,University of Nebraska,University of Nebraska,,,,,
d8d45ceb-f504-47e9-85f2-2e4c2a6ec7d9,Ski Club of Great Britain,Ski Club of Great Britain,,,,,
8830366c-a811-4548-adec-fc9debd72476,British National Socialist Movement,British National Socialist Movement,,,,,
e7857eb7-8b6d-4d66-bd27-d27d9f64f773,Diss High School,Diss High School,,,,,
1ce150d5-fb43-4601-8fca-f561f48704f3,Society for Constructive Birth Control and Racial Progress,Society for Constructive Birth Control and Racial Progress,,,,,
2d80bec4-bea2-4e2e-be7d-a56f665ece37,Life and Liberty Movement,Life and Liberty Movement,,,,,
e78ba38e-7edd-41ec-8438-efe696fb6308,Matthew Carey,Matthew Carey,,,,,
ebe7540d-8d05-4938-a357-aab309baff60,Canadian Government Printing Office,Canadian Government Printing Office,,,,,
9d4443c8-58e3-4be9-9633-c93f57277215,Law and Liberty League,Law and Liberty League,,,,,
af861e88-8eb3-4a56-b7c5-46216b2f1094,"Leith Academy, Edinburgh","Leith Academy,, Edinburgh",,,,,
a5043909-923d-406b-a5da-6e1ee176a777,Black Women's Liberation Committee,Black Women's Liberation Committee,,,,,
de78c200-d76c-46a6-931d-0a6fffbfd6a9,James Bowden,James Bowden,,,,,
7e15a892-16a5-436b-bde1-bcd9c3098a39,Sphinx Theatre,Sphinx Theatre,,,,,
18a014cc-c5cf-4c5d-aa3c-d4dbed70d635,Josephine Butler Memorial House,Josephine Butler Memorial House,,,,,
5d469646-8e9f-467f-af47-1eb3e1425272,British Union for the Total Abolition of Vivisection,British Union for the Total Abolition of Vivisection,,,,,
61924c42-cfa3-42ab-bf8a-54cf4f9bb2cf,Ambassadors Theatre,Ambassadors Theatre,,http://www.wikidata.org/entity/Q2841902,http://viaf.org/viaf/3148874568349622272,http://viaf.org/viaf/3148874568349622272,http://www.wikidata.org/entity/Q2841902
1ecc79a1-101e-4808-b948-851ed5de82fd,Stamp Office,Stamp Office,,,,,
66eddf13-b9a7-4307-9c08-1ca364dd0ebf,Gemma,Gemma,,,,,
f793e16a-2e94-4ef8-a283-84dd90676ea3,Newcastle Playhouse,Newcastle Playhouse,,,,,
c38f7340-7a84-4404-8113-f18555f7c38e,National Union of Societies for Equal Citizenship,National Union of Societies for Equal Citizenship,,http://www.wikidata.org/entity/Q12353075,http://viaf.org/viaf/122389021,http://viaf.org/viaf/122389021,http://www.wikidata.org/entity/Q12353075
8259e1af-7e8d-4b7f-832b-6bfd2df28e7d,Campden Houses Project,Campden Houses Project,,,,,
643c788d-6762-4df5-a997-112e07cbed88,Douglas and MacIntyre,Douglas and MacIntyre,,,,,
6f4fd530-c121-4e74-b8e7-c971735fdd5c,"Orange Tree Theatre, Richmond","Orange Tree Theatre,, Richmond",,http://www.wikidata.org/entity/Q7099747,http://viaf.org/viaf/123634770,http://viaf.org/viaf/123634770,http://www.wikidata.org/entity/Q7099747
4d195e31-6f1c-4ae2-8404-b9ab7c351ea3,Protestant Home Rule Association,Protestant Home Rule Association,,,,,
4bd953ab-adba-437f-a6fa-fdb62f7fdb6e,Adult Basic Education Service,Adult Basic Education Service,,,,,
6e2a80fb-a908-47dd-9f1b-2024fec69c49,Royal Cruising Club,Royal Cruising Club,,,,,
c3585994-2f25-4ad3-a12b-93f4f158420e,J. Clarke and Co.,J. Clarke and Co.,,,http://viaf.org/viaf/134158478,http://viaf.org/viaf/134158478,
82900d84-2b09-4394-9098-290f2d98de5e,Nanyang University,Nanyang University,,,,,
3142988c-ad1e-4506-b524-3ddbd4639b81,African Methodist Episcopal Church,African Methodist Episcopal Church,,,http://viaf.org/viaf/158134678 | http://viaf.org/viaf/168791941,http://viaf.org/viaf/158134678,http://viaf.org/viaf/168791941
728c2626-ab31-4f5c-a9a5-076ff8c1128c,"Phoenix Theatre, Leicester","Phoenix Theatre,, Leicester",,http://www.wikidata.org/entity/Q7898520,,http://www.wikidata.org/entity/Q7898520,
8334f215-05d6-4b01-bb4c-09e52ef7d048,J. Dodsley,J. Dodsley,,,http://viaf.org/viaf/314332,http://viaf.org/viaf/314332,
1edb9bf6-5366-43fb-a122-ac8fef6d950e,Paris Anti-Vivisection Society,Paris Anti-Vivisection Society,,,,,
c35c925c-0ba5-41be-8236-68377c5d5337,Electrical Trades Union,Electrical Trades Union,,,,,
121c3a73-baa3-43fb-a244-74840c5dd4e0,Hartford Female Seminary,Hartford Female Seminary,,,http://viaf.org/viaf/153889465,http://viaf.org/viaf/153889465,
6329d464-e542-4af4-b6bf-c6d57ff7e0ad,Friends Community Relations Committee,Friends Community Relations Committee,,,,,
33f63da9-c586-4183-99c3-1824ca157cf4,United Company of Merchants of England Trading to the East Indies,United Company of Merchants of England Trading to the East Indies,,http://www.wikidata.org/entity/Q83164,http://viaf.org/viaf/1466167807456418130005 | http://viaf.org/viaf/239176400,http://viaf.org/viaf/1466167807456418130005,http://viaf.org/viaf/239176400 | http://www.wikidata.org/entity/Q83164
fe2df10e-1cec-4844-a7d5-d46ad7058518,Hospital for Sick Children and Outdoor Treatment of Women,Hospital for Sick Children and Outdoor Treatment of Women,,,,,
8ca21091-86d9-481a-a14c-0949ca305db9,Dramatrix,Dramatrix,,,,,
cfbcaa59-724a-413b-8b10-e97655674b20,J. Robinson,J. Robinson,,,,,
439e452c-7914-4274-b3ab-d1439a30eaec,American Sunday-School Union,American Sunday-School Union,,,,,
61b721b9-d10b-419b-a101-3b862fc9b509,F. M. Lupton,F. M. Lupton,,,,,
6c1186dd-3b97-42ac-9791-cb5b2a5d5d67,Pregnancy Advisory Service,Pregnancy Advisory Service,,,,,
39877261-8255-459a-ba7a-5034c39cdad4,Association for the Improvement of Maternity Services,Association for the Improvement of Maternity Services,,,,,
42a1b8b4-f21d-432d-a05f-95c7c735c5f7,The Women's International Matteotti Committee,The Women's International Matteotti Committee,,,,,
481fa382-138f-4483-8f9f-2e5c71defc08,Manchester City College,Manchester City College,,,,,
61b8b401-31b1-426a-a32d-a660b77e0d41,Moral Reform Union,Moral Reform Union,,,,,
9237e053-3b3c-4918-a0e1-89c3437844bd,Homes of Hope,Homes of Hope,,,,,
60bf3711-cbdc-48df-bf05-9d19c4c447ed,Institution Royale pour les Jeunes Aveugles,Institution Royale pour les Jeunes Aveugles,,,,,
2fc6e223-81a1-4f78-952a-58c08dc890f2,Surtees Society,Surtees Society,,,,,
72ff9f4e-4fd7-4428-b8fc-b1aa6f121e58,Newbery,Newbery,,,,,
6ced704d-3a91-410e-929c-692666ffaed7,National Coalition Party,National Coalition Party,,,,,
2e4999c5-ad16-47a4-9767-3ce5b9293f18,Boston Athenæum,Boston Athenæum,,,http://viaf.org/viaf/122308589,http://viaf.org/viaf/122308589,
bdd3c4b2-c215-460c-969a-65d8d6ec536d,Southall Black Sisters,Southall Black Sisters,,,,,
3d46b043-c243-464b-b6f8-b03788fdf00f,British Telecom,British Telecom,,,,,
e76134df-4763-46a5-97e6-60a5a0d5a9ae,General Register Office,General Register Office,,,,,
c65a1f05-67b9-42f7-b2fc-e304af270add,Moxon,Moxon,,,,,
fb9a0426-7e63-45cd-909e-cf7fd82fb290,Pullars,Pullars,,,,,
cdb3cf21-4483-4216-9135-27d5728e1815,ISO,ISO,,,,,
7ff203ff-0f3b-45e0-aad1-a3e3833ab6cd,Broadview Press,Broadview Press,,http://www.wikidata.org/entity/Q4972333,http://viaf.org/viaf/141847954 | http://viaf.org/viaf/313496031,http://viaf.org/viaf/141847954,http://viaf.org/viaf/313496031 | http://www.wikidata.org/entity/Q4972333
c2119af5-0cec-414a-a275-8681deaa85aa,Chelsea Palace Theatre,Chelsea Palace Theatre,,,,,
b12050de-b57b-4153-b9e7-35dc359ba781,Democratic Party,Democratic Party,,,,,
1f0a3583-1ba1-434d-a07e-0d264e116b3e,Aosdana,Aosdana,,,http://viaf.org/viaf/315623295,http://viaf.org/viaf/315623295,
5b71ef03-d779-44ba-8e0b-5fe848e253c4,Fontana,Fontana,,,,,
95cb287b-5e0b-4509-975f-f82d7a42bf1b,Fianna Eireann,Fianna Eireann,,,,,
113774a0-da7d-4580-93ea-8d0f35ef6f1f,Creative Education Incorporated,Creative Education Incorporated,,,,,
369203fd-0b77-4e43-ac73-0c33e8f382b8,Mary Ward Settlement,Mary Ward Settlement,,http://www.wikidata.org/entity/Q6780924,,http://www.wikidata.org/entity/Q6780924,
7c39b02e-6267-4f0c-9a84-65f49c2ed3a9,Scottish National Players,Scottish National Players,,,,,
cbb0c68c-a941-4fb7-b2ec-f7871982eadc,National Union of Women's Suffrage Societies,National Union of Women's Suffrage Societies,,http://www.wikidata.org/entity/Q2748532,http://viaf.org/viaf/261312704,http://viaf.org/viaf/261312704,http://www.wikidata.org/entity/Q2748532
0e10dc57-5201-4a49-af3b-56d20f81776b,National Council of Women of Canada,National Council of Women of Canada,,,,,
d349cef5-d8af-432b-ade5-d6a447fb6bee,International Psycho-Analytical Press,International Psycho-Analytical Press,,,,,
8b881901-f802-49f3-83f4-e64f9df8816b,Sistren,Sistren,,,,,
f4643ad9-35dd-4551-a295-05c075249470,McLoughlin Brothers,McLoughlin Brothers,,,,,
3c636def-9695-4617-80d1-490d069c0f24,Debrett,Debrett,,,,,
0abc3cf2-4a60-4548-9182-52dc70232877,Quarto Press,Quarto Press,,,,,
8faa14a2-a970-42c9-aa3c-754502612b7b,Deism,Deism,,,,,
c570d327-475b-4069-81d6-fa63e537c822,Women's Auxiliary Police Corps,Women's Auxiliary Police Corps,,,,,
6fa36659-fc20-44d2-bee2-a87d23d65c6c,Women's Trade Union Council,Women's Trade Union Council,,,,,
7b42104a-8b94-4c44-81e7-96a856155b0b,W. Mason,W. Mason,,,,,
34c349b5-fc5e-4b99-8056-f6d6945cdee2,Bureau International du Travail,Bureau International du Travail,,,,,
f0731d3c-235a-4618-a8ca-93b1eb598ed2,St Patrick's College,St Patrick's College,,,,,
909e78d4-6d24-4cdf-bd9e-4d4f8c7eb1b3,"King Edward VI Grammar School, Bury St Edmunds","King Edward VI Grammar School,, Bury St Edmunds",,,,,
71e14a8f-3269-41a1-a8a1-b8463b8c3b47,National Botanic Garden of Wales,National Botanic Garden of Wales,,,,,
d803619b-cd65-4316-9ff4-96ce74c2c62e,British Independent Order of the Good Templars,British Independent Order of the Good Templars,,,,,
a819d595-230e-429e-8020-8e9fcdf612a3,Shakespeare Reading Society,Shakespeare Reading Society,,,,,
3e2218b2-1ce7-4c33-abdb-234eb07df0a3,Representative Council of Muslims,Representative Council of Muslims,,,,,
7b6ddffd-fad5-49b0-958e-e2ff3f63bfd9,Gurdjieff Electronic Publishing,Gurdjieff Electronic Publishing,,,,,
9d31739a-28f3-4c55-999b-f6c27bebd153,Mellon Library,Mellon Library,,,,,
11bdcb55-745f-4cb4-8bd1-d4362ac3ee09,Human Leopard Society,Human Leopard Society,,,,,
5d7b7d8f-8f53-4aea-b761-bd2b117974cd,School of Irish Studies,School of Irish Studies,,,,,
e8bb53dd-3ee8-483a-8742-b14b0c256c2d,Standard Library Company,Standard Library Company,,,,,
5543e801-a236-4d5d-b876-135982f87f1d,Irish Board of Works,Irish Board of Works,,,,,
4040a6a9-1645-45b7-8163-21f19ee5d400,Pluto Press,Pluto Press,,,,,
d4b77287-792f-4211-9db2-00fbbc77f0c2,October Club,October Club,,,,,
6fe1529d-c511-44fa-af63-c022ec211cc9,Cabinet Committee on Refugees,Cabinet Committee on Refugees,,,,,
2c723874-10a9-47e8-a3ac-5e7b02071c90,San Quentin Prison,San Quentin Prison,,,,,
9de44e73-539c-4cfc-b7ef-097e3ac1f697,Laing Art Gallery,Laing Art Gallery,,,,,
c2769fce-e59e-442a-8d47-0432527549be,Arbutus Private Hospital,Arbutus Private Hospital,,,,,
50d7a4bb-3caa-429a-9bb2-2c6c29c702c2,J. Power,J. Power,,,,,
d6a9c4a3-93ec-4d91-a094-a0f2a916c4de,Questors Theatre,Questors Theatre,,,,,
d3e80483-a118-411f-bb57-7a5ee61f3170,Dissenters,Dissenters,,,,,
e35ce092-fa8b-4fd6-baae-0c5d1ed34f41,Zwemmer Gallery,Zwemmer Gallery,,,,,
78806949-1c7e-48e8-aff6-6276c3193f7b,Ladies' Committee of the Leeds Temperance Society,Ladies' Committee of the Leeds Temperance Society,,,,,
23502bb9-86bd-44a8-b481-ecd3c1ddcd35,"Victoria College, University of Toronto","Victoria College,, University of Toronto",,,,,
7c380933-fcee-47a5-ab78-398d8bc1713d,British Foreign Office,British Foreign Office,,,,,
dd9c8a44-b19c-4438-b633-026dab1b5bbe,Philological Society,Philological Society,,,,,
7c12dafb-1210-41d6-8e86-c26966cfa42e,HathiTrust Digital Library,HathiTrust Digital Library,,,,,
170848a1-5467-4b2c-b90f-32225de88108,Pan-Celtic Society,Pan-Celtic Society,,,,,
17c674e0-9ec6-47e3-b77b-ef4a9e9b2d01,North Carolina Central University,North Carolina Central University,,,,,
b605706c-fbe1-4631-931f-c241de4ef521,Chelsea and Westminster Hospital,Chelsea and Westminster Hospital,,,,,
d05a3541-bba0-4110-be04-6c7a15158300,Africans' School,Africans' School,,,,,
1c96eff0-3467-44de-af19-3c1df79fd054,Sir Jamsetjee Jeejeebhoy School of Art,Sir Jamsetjee Jeejeebhoy School of Art,,,,,
afccc9a3-24df-4388-92d2-210906f7cc14,State Council,State Council,,,,,
db51835c-1932-423b-be4b-eea90d9be260,Leighton House Committee,Leighton House Committee,,,,,
ced79bfe-3a7a-46ce-bda9-f1d0741cc77b,Margery Kempe Society,Margery Kempe Society,,,,,
da5555af-9018-4198-9fc9-94f56b34e16f,Board of Longitude,Board of Longitude,,,,,
0d4f5c6c-de06-4b4a-8f46-b69df9fb72e0,British Union of Fascists,British Union of Fascists,,,http://viaf.org/viaf/158882234,http://viaf.org/viaf/158882234,
f11ec112-3ba6-4b05-86f6-3c9194d74c85,School of the Moravian Fathers,School of the Moravian Fathers,,,,,
22878bcf-7cd6-4500-abc1-910d9e072067,Ophelia Press,Ophelia Press,,,,,
36a20155-737b-4cff-a3a4-434bd4baa284,AQA,AQA,,,,,
7d928a62-8c69-49e9-a15c-86ce327d31b0,Grafton Theatre,Grafton Theatre,,,,,
af2a817b-8564-4c07-bc97-3218f105fdc5,Ottoman Empire,Ottoman Empire,,,,,
7e3ffafe-6ebf-427e-b0c5-73373359b344,National Council for the Single Woman and her Dependents,National Council for the Single Woman and her Dependents,,,,,
b064395b-7fdc-4cc4-ac13-437a1f8830b1,Women's Branch of the National Service Department,Women's Branch of the National Service Department,,,,,
724928b4-bf8a-49ac-888d-e3b68f0614c7,Royal Court Theatre Upstairs,Royal Court Theatre Upstairs,,,,,
af5d3a58-de25-4a24-9402-215ee5b255c1,Schaubühne,Schaubühne,,,,,
3f6564a7-215e-415d-94c1-716b0542aab2,Victorian Discussion Society,Victorian Discussion Society,,,,,
c304eca4-36c0-4b63-b33a-70e61a9c1a74,Order of St Louis,Order of St Louis,,,,,
dda14d48-6b87-40aa-9436-a2c5a071963f,Victoria and Albert Museum of Childhood,Victoria and Albert Museum of Childhood,,,,,
b05225ef-18c9-4044-8e15-9e3fb33a846a,Turret Press,Turret Press,,,,,
b2d9e188-3a85-4315-a3e6-5bd37174b407,St John's Abbey,St John's Abbey,,,,,
54c7ebd3-a911-4393-b165-35572d70a436,Charles Skeet,Charles Skeet,,,,,
16173d72-2e46-4ae8-b59c-82a18352f74f,Sir George Williams University,Sir George Williams University,,,,,
3504946e-1297-4f32-9e22-0baa8c89e208,London Graduates' Union for Women's Suffrage,London Graduates' Union for Women's Suffrage,,,,,
b326f00c-18c2-4e57-a33d-77ff79604d17,Prudent Man's Friend Society,Prudent Man's Friend Society,,,,,
236e273b-f5aa-4995-9700-66c771fe9a17,Act Inn Theatre Club,Act Inn Theatre Club,,,,,
5892c8b2-af9a-4b4c-995e-6ddef1f77137,John Warren,John Warren,,,,,
1cec3d6e-3c35-4ffa-a49b-0f21b57d3e69,British Commonwealth,British Commonwealth,,,,,
c39d677b-abb7-4d60-8f8a-1d3403aebab8,Church of St Mary the Virgin,Church of St Mary the Virgin,,,,,
80628103-f7fb-4b32-ac3b-7586f625f1cc,Church of England Moral Welfare Council,Church of England Moral Welfare Council,,,,,
4fb5b242-8e10-4b53-85e7-f3603826746d,Tidal Wave Theatre,Tidal Wave Theatre,,,,,
2d857fd4-068c-4f5c-8583-9b0c9f4445df,India Office Library,India Office Library,,,,,
a104547f-8a6f-4fe1-b5b8-7b49257333f8,Phaidon,Phaidon,,,http://viaf.org/viaf/123681958,http://viaf.org/viaf/123681958,
5f2b2c0a-0cb3-4eab-9454-9286e1694daa,King's Head Theatre,King's Head Theatre,,,,,
da790c39-c7ec-45f4-a1c1-0917e76f18bb,Imperial War Museum,Imperial War Museum,,,,,
ff5b6e99-0b31-40ad-8ef9-0158009c92f4,"Trinity Hall School, Southport","Trinity Hall School,, Southport",,,,,
79ae5a20-910e-4941-a2db-62b96e4eec27,British Transport Commission,British Transport Commission,,,,,
ea40934a-8098-401e-8993-1c704936f2c6,Irish Party,Irish Party,,,,,
6c8ee2ae-e934-4c13-9187-d5f6236d0d9b,J. Sadler,J. Sadler,,,,,
c23c1b44-5e75-400d-ab54-2086ff2d97e0,Despard Arms,Despard Arms,,,,,
5fec3bdb-9ee1-4225-9e93-26e067b62f3f,Aquarian Press,Aquarian Press,,,,,
8613312d-7669-46e6-a32a-24c34319c576,Great Yarmouth Children's Hospital,Great Yarmouth Children's Hospital,,,,,
bc6e35b0-a946-4574-b722-70c2af4b6696,New Writing North,New Writing North,,,,,
b6e33f81-1f18-4ade-92e4-e59bdba7a081,Vatican Library,Vatican Library,,,,,
e8a94594-f8d9-479c-8a64-c41241e09bcb,Supreme Court of Florida,Supreme Court of Florida,,,,,
6ff5b1cd-8c42-4968-a5d7-e3a00452221f,St Teresa's Hall,St Teresa's Hall,,,,,
1900be08-8c6c-42dd-b7ec-79ed4093af85,King James's Hospital,King James's Hospital,,,,,
c6b927de-af80-4ff3-b30c-5b4c353bcc4a,Sort of Books,Sort of Books,,,,,
19e78a22-43cf-4198-905e-6af94cbab708,Kegan Paul,Kegan Paul,,,http://viaf.org/viaf/167617309,http://viaf.org/viaf/167617309,
1854fd74-dfa9-4578-a5bf-7c4a639ac9e0,Criterion Theatre,Criterion Theatre,,,http://viaf.org/viaf/316597784,http://viaf.org/viaf/316597784,
ac1ea1a5-aec8-4d1c-ac5f-b5ec65bad305,Serbian Relief Fund,Serbian Relief Fund,,,http://viaf.org/viaf/135257186,http://viaf.org/viaf/135257186,
70936b1c-1cd8-4410-972e-ea95f830e434,Universal Negro Improvement Association,Universal Negro Improvement Association,,,,,
b0bddb68-cedd-4e58-8f40-a8bd53f88411,Artists and Writers Guild,Artists and Writers Guild,,,,,
6defa433-d592-41dd-be52-89a981ebed44,UNESCO,UNESCO,,http://www.wikidata.org/entity/Q7809,http://viaf.org/viaf/139500314,http://viaf.org/viaf/139500314,http://www.wikidata.org/entity/Q7809
6aee9dcb-808c-41ae-b18c-60eeb84c1067,Winson Green,Winson Green,,,,,
8002fb92-127d-4c56-9444-e66ad8e2cbfd,National Smoke Abatement Society,National Smoke Abatement Society,,,,,
867ec8ef-cf6a-4b59-8156-c7a4f2b6112b,Shakespeare's Ladies Club,Shakespeare's Ladies Club,,,,,
e667ba7a-9a04-44bc-979b-3fcda66d5aca,"School of Oriental and African Studies, University of London","School of Oriental and African Studies,, University of London",,,,,
5d203d86-9ea5-4b06-9e57-dd3fdf127509,Charta 77,Charta 77,,,,,
be62b3db-d9de-444c-9809-0ad6b5996fa2,British Council of Churches,British Council of Churches,,,,,
b10048de-5930-4d32-8bfe-df828093a098,Whitechapel Gallery,Whitechapel Gallery,,,,,
0f9f71ee-2bd1-4cbf-bd9b-289e1ee09afa,Charles University,Charles University,,,,,
b9bff8a0-2dbb-4900-b91e-64393a2d616f,East London Female Total Abstinence Chartist Association,East London Female Total Abstinence Chartist Association,,,,,
7c7c466f-41e5-4470-a8d7-d2b9ebfd2921,East End Dwellings Company,East End Dwellings Company,,,,,
e1e23452-6f85-40f9-9c62-a9de48a0bac0,Bettesworth,Bettesworth,,,,,
fbfb3c09-3d95-4e7e-b7d9-231dd362ff1d,High Commissioner in Baghdad,High Commissioner in Baghdad,,,,,
15e31c5f-a04b-45af-9e37-1ce6d9101924,Gardners Books,Gardners Books,,,,,
5e164c35-886f-48f2-a890-3717ce5426d3,University of Victoria,University of Victoria,,,,,
ade53902-0969-477a-903d-082337e0465e,Rodale Press,Rodale Press,,,,,
8fd9b48d-9e03-470d-ae93-4454014f0d4a,Polham Hall School,Polham Hall School,,,,,
e7f9ca9d-a9a7-4470-a42b-4d2f51c148be,International Book Fair of Third World Black and Radical Books,International Book Fair of Third World Black and Radical Books,,,,,
72da2338-b21f-485d-b7f9-b5d11bafc401,Radio Oxford,Radio Oxford,,,,,
7578363a-73d9-4f30-835c-42e403255f52,Royal Horse Guards,Royal Horse Guards,,,,,
aae6a13e-0f68-4bea-a98a-1fcef3d1407e,Labour Press,Labour Press,,,,,
31547141-d662-4ef0-9376-45ed8e78aecd,Ulverscroft,Ulverscroft,,,,,
f0f8d623-6a5e-4cd3-9e31-9958edeb0ede,Soho Theatre Company,Soho Theatre Company,,,,,
8641fec2-eed1-45d0-b6e8-75d40f48e03b,Cairo University,Cairo University,,,,,
8b9d0809-958d-4c5b-a7f2-20ed3cfc3e03,Sons of Temperance,Sons of Temperance,,,,,
f8a36962-c925-40a0-a1a5-1b3ada3d5c35,British Psychoanalytic Society,British Psychoanalytic Society,,,,,
7d47ef44-e107-4893-850f-88b54ffd6ebc,International Monetary Fund,International Monetary Fund,,,,,
4eeaf71d-f68e-41a3-a729-5097d70047ff,Guild of Handicraft,Guild of Handicraft,,,,,
695cab2b-a27b-4d4c-9fc6-42d787fee29c,Yohanna Mahtem,Yohanna Mahtem,,,,,
2a82e1c7-61e1-4d9e-997d-83f99b1defcd,Hamilton College,Hamilton College,,,,,
cc985c2a-5a76-4100-985f-e4cf6c847af5,Victoria Press,Victoria Press,,http://www.wikidata.org/entity/Q7926975,http://viaf.org/viaf/158559623,http://viaf.org/viaf/158559623,http://www.wikidata.org/entity/Q7926975
1e8f8915-fdfd-46b4-865f-8cc4ce9b9559,Middle Hill Press,Middle Hill Press,,,,,
7345ea8c-02b3-47e3-ae2b-2061ed3f333b,Anti-Suffrage Society,Anti-Suffrage Society,,,,,
ba6cf1ef-2715-4c9d-ab6d-cf6ba358629d,Society of the Holy and Undivided Trinity,Society of the Holy and Undivided Trinity,,,,,
c95cc9d0-a6d3-4ff4-aae9-e0cd0206b090,University of London Press,University of London Press,,,,,
1b04bfd1-c2f0-4928-b061-f7299e593de0,Women in Media,Women in Media,,,,,
b72fde1c-92ca-424b-92eb-e49ef628b672,Northern Newspaper Syndicate,Northern Newspaper Syndicate,,,,,
c1e6ecfa-888d-4016-9b73-eb44cebe7443,Mexican Eagle Oil Company,Mexican Eagle Oil Company,,,,,
17064f40-5116-4dd3-8a90-692ead44fb21,Pentabus Theatre Company,Pentabus Theatre Company,,,,,
6e144bbe-61d6-49cc-a9b3-bd78d02075e1,Lodge Dharma,Lodge Dharma,,,,,
68aa0fb1-5f37-4183-9aa7-e8221951f271,Beamish and Crawford,Beamish and Crawford,,,,,
7c390c40-168a-4c11-b30a-60bdbf904bea,KGB,KGB,,,,,
bb2423e6-0cf1-40b0-b2ca-c4f2c2a5fd5e,British Sexological Society,British Sexological Society,,,,,
6e2a5146-65c8-4fa0-a3c7-9b8e81e35aca,W. Brown,W. Brown,,,,,
ea343be4-be2a-40a4-9755-1838ae006c6a,The Congregation of Religious of the Society of the Most Holy Trinity,The Congregation of Religious of the Society of the Most Holy Trinity,,,,,
42812cb1-0ac3-4271-aeec-afe6afe7b45d,Hôtel de Rambouillet,Hôtel de Rambouillet,,,,,
65b19bed-79f1-4102-88a4-a129a7914c9e,St Bartholomew's Hospital Trained Nurses' Institute,St Bartholomew's Hospital Trained Nurses' Institute,,,,,
5edd2707-29e8-46c2-a04a-1a79a34433c5,Black and Tans,Black and Tans,,http://www.wikidata.org/entity/Q880656,http://viaf.org/viaf/142365863,http://viaf.org/viaf/142365863,http://www.wikidata.org/entity/Q880656
0cdedb84-6f84-465d-8ae6-167ca3a5c2f7,Tabart's Juvenile Library,Tabart's Juvenile Library,,,,,
f41f2508-04c1-419f-813d-cd409a006381,Suntext,Suntext,,,,,
dd4b3cda-24dc-49c6-b0d8-68abd58fddbe,Plymouth Ladies' Committee,Plymouth Ladies' Committee,,,,,
ea5968cf-cefc-4578-8d11-a0ccbfc07a5d,"National University of Ireland, Cork","National University of Ireland,, Cork",,http://www.wikidata.org/entity/Q1574185,http://viaf.org/viaf/148366539 | http://viaf.org/viaf/266455465,http://viaf.org/viaf/148366539,http://viaf.org/viaf/266455465 | http://www.wikidata.org/entity/Q1574185
268ee1c5-e243-4221-b6ad-6dc55037ca37,Pforzheimer Collection,Pforzheimer Collection,,,,,
8a0b1f39-8728-4169-b6b0-ced73e9aa08b,London Working Men's Association,London Working Men's Association,,,,,
11b8504c-23dd-452f-8ff2-2a732542d8b3,Governess Association of Ireland,Governess Association of Ireland,,,,,
64b1abbe-fe40-496e-8631-267399abc1a9,Concert of Antient Music,Concert of Antient Music,,,,,
42de3d7a-fd51-4a26-a01f-e56e17b571e9,Royal Flying Corps,Royal Flying Corps,,,http://viaf.org/viaf/146514025,http://viaf.org/viaf/146514025,
ea74048e-a7e0-4619-b544-a41375bda4f9,Museum of Richmond,Museum of Richmond,,,,,
ee4d334e-468f-424c-aa1c-31e1c537aa23,Borderline Theatre Company,Borderline Theatre Company,,,,,
cba598e1-4bd3-4d0a-8e26-fac58dfed13b,Quaker Social Union,Quaker Social Union,,,,,
e672ea29-7b93-49f0-bada-4d8b5a8231ff,Marxist-Feminist Literature Collective,Marxist-Feminist Literature Collective,,,,,
bffd3814-a942-423f-9d60-d397b9b267e1,Red Army,Red Army,,,,,
c6ef9e98-29dc-42b8-9fa8-0565497c6956,Eudora,Eudora,,,,,
1eb7e080-61d2-4eba-abd1-c77922de52c9,Friends of Peace,Friends of Peace,,,,,
9d6bd94a-00a8-46a3-995b-57505baa26c8,Oriel Mostyn,Oriel Mostyn,,,,,
66f8f1a4-5ff4-47de-b4be-5207a4bf53b6,Royal Canadian Army Medical Corps,Royal Canadian Army Medical Corps,,,,,
65d33485-15ad-4046-bdd0-6d1d9e1d69bf,Supreme Court,Supreme Court,,,,,
b89d51aa-e449-4c0c-85da-e3ec4dca0a61,Barbican Theatre,Barbican Theatre,,,,,
b88a8a58-0966-44a1-bb87-9af961ba6535,Rathfarnham Abbey,Rathfarnham Abbey,,,,,
4db6b126-0f95-4b09-8be3-93d5c1acde4e,École des Langues Orientales,École des Langues Orientales,,,,,
b94c54ea-e81d-48cc-afc8-5b8b3f733b7c,"Trinity College, University of Dublin","Trinity College,, University of Dublin",,http://www.wikidata.org/entity/Q258464,http://viaf.org/viaf/134770834 | http://viaf.org/viaf/261059942,http://viaf.org/viaf/134770834,http://viaf.org/viaf/261059942 | http://www.wikidata.org/entity/Q258464
4cad5fae-7739-454b-b92d-69171be5e6e2,British Library,British Library,,http://www.wikidata.org/entity/Q23308,http://viaf.org/viaf/121814978,http://viaf.org/viaf/121814978,http://www.wikidata.org/entity/Q23308
87886e27-df2d-4584-81e2-a062c7ba8003,Scottish Women's Rural Institute,Scottish Women's Rural Institute,,,,,
bb36193f-8cc1-48de-9d24-31836a519e43,Victoria University Press,Victoria University Press,,,,,
2f3a5ef8-40c9-4bdc-9417-ba13574347e2,Peacock Theatre,Peacock Theatre,,,,,
24448d37-0131-425c-8496-dafc57bdeac0,Mosley Street Sunday Schools,Mosley Street Sunday Schools,,,,,
ecd4206e-0a5c-4fce-a1e4-781cab32c311,City University of New York,City University of New York,,,,,
43a65fc5-d741-4dc0-8a22-9f0032e27a91,Merchant Navy,Merchant Navy,,,,,
ec29c049-769f-4659-9e3e-231af0d80ac7,Australian Imperial Forces,Australian Imperial Forces,,,,,
742b25de-0669-472f-b2eb-79dd794c628e,Royal Standard Music Hall,Royal Standard Music Hall,,,,,
de350048-6aa2-4144-9709-a3b590c63934,Covent Garden Theatrical Fund,Covent Garden Theatrical Fund,,,,,
8a9b0f88-2b7d-48ac-aa05-f3dd4231ed88,Commission for a Multiethnic Britain,Commission for a Multiethnic Britain,,,,,
991507b6-3125-48e4-ac3d-1f32809f56f5,Philobiblon Society,Philobiblon Society,,,,,
720bf370-5f4d-4c35-bff0-ebdf139adaf8,Franco-British Book Selection Committee,Franco-British Book Selection Committee,,,,,
5f1bd25f-ad05-4b1c-a835-99dffdd60e7e,Angelou Centre,Angelou Centre,,,,,
ccaa9bd4-08eb-4de8-99d8-643e85653541,Welbeck Clinic,Welbeck Clinic,,,,,
aace004b-396b-4296-870f-21f7c6979cc6,Sidgwick and Jackson,Sidgwick and Jackson,,,http://viaf.org/viaf/138432217,http://viaf.org/viaf/138432217,
13a6351e-4d00-42a2-b1d5-55de1e0b6d23,Metropolitan Grocers' Association,Metropolitan Grocers' Association,,,,,
42fd85bf-b19f-435f-923e-8351da723771,Dobson,Dobson,,,,,
8cd4b432-45c1-4e43-93d8-b41f7468358f,London Rape Crisis Centre,London Rape Crisis Centre,,,,,
8a9bacfc-7f10-426a-83b0-4f4fd6794813,Cornell University,Cornell University,,,http://viaf.org/viaf/126293486,http://viaf.org/viaf/126293486,
fa9f95c8-284b-4739-a4d7-c1a6fc89fa9a,University of Utrecht,University of Utrecht,,,,,
153cf8e2-5bd3-46a4-8859-caf6bab24e7a,Fourah Bay College,Fourah Bay College,,,,,
625d164b-1be5-429c-9a91-dab5848d7d1a,Plantation Centre for Contemporary Art,Plantation Centre for Contemporary Art,,,,,
d174017f-c8e7-44a5-9779-f07cc3a98292,Women's Party,Women's Party,,,,,
5fb0e580-714d-4642-8d09-11b6c5682c99,Darien Press,Darien Press,,,,,
a21581cf-bdae-4f54-8cce-efa0b4522c33,International Committee of Women for Permanent Peace,International Committee of Women for Permanent Peace,,,,,
6baa279c-f2e9-45dc-8d8a-d5dcc375ae58,Brains Trust,Brains Trust,,,,,
7922463c-8a70-4b23-97a2-79bd99159479,Stonehenge Free Festival,Stonehenge Free Festival,,,,,
14bffb5e-6ab3-4fef-b936-65229a7a8e36,State Anti-Slavery Society of Maine,State Anti-Slavery Society of Maine,,,,,
abd8574b-c821-43ba-8838-fd584d1b795d,Local Supervising Authorities,Local Supervising Authorities,,,,,
b4d39d7b-1715-41d0-b2e8-f291e2ca19fa,Community Relations Commission,Community Relations Commission,,,,,
694e2069-9ab6-4e65-9f38-de58a986be76,Forum,Forum,,,,,
5b9c8c9f-a303-42cb-be83-7c7d5df735da,Oak Hall,Oak Hall,,,,,
6a68012a-fa84-4fc3-bdb8-8a02337c4b6b,Butler's Chemicals,Butler's Chemicals,,,,,
eae85871-fb31-4b8d-8f42-f625923b06e9,Metallgesellschaft,Metallgesellschaft,,,,,
9678008a-ac58-4464-91af-3a63dd6d89d0,Bristol Record Office,Bristol Record Office,,,,,
74fab71b-3364-4f3e-aa7e-9d1f569f05aa,Johnsonians,Johnsonians,,,,,
bb7242f4-dfb8-418c-8fb6-c5f3a458e6f1,Bar Convent,Bar Convent,,,,,
c9a68f58-624b-4875-8314-c6ea148fea7e,University of Wales,University of Wales,,,,,
765483af-1144-45a7-bc27-acdab3f3a8fd,Hollywood Anti-Nazi League,Hollywood Anti-Nazi League,,,,,
8c644235-1d9e-42e4-9eeb-c0e7203f59e5,William Penn Charter School,William Penn Charter School,,,,,
67ea8136-7b0a-45a7-b217-0633bf5f11c0,London Chamber of Commerce,London Chamber of Commerce,,,,,
2422e989-b0b1-468c-88ec-d64f024ec15c,Conciliation Committee,Conciliation Committee,,,,,
33fd27a3-388a-4aec-89ce-e8fb86f5b52d,No-Conscription League,No-Conscription League,,,,,
d93e26d3-d904-4882-9df0-cf0a430ce2ad,Old Vic,Old Vic,,,http://viaf.org/viaf/140548301 | http://viaf.org/viaf/2079153954917705680008 | http://viaf.org/viaf/9737162669399955500007,http://viaf.org/viaf/140548301,http://viaf.org/viaf/2079153954917705680008 | http://viaf.org/viaf/9737162669399955500007
a4a9bd2a-fa53-450d-aeca-d2d6e316f928,English National Opera,English National Opera,,,http://viaf.org/viaf/132541682,http://viaf.org/viaf/132541682,
4ab4edca-ee1f-4b29-a0fc-ed986dfe71de,Brittains Limited,Brittains Limited,,,,,
d7517cb9-65d0-45bd-b189-e0fb788d745d,Key West Writers' Workshop,Key West Writers' Workshop,,,,,
69fb5396-fdd8-4b09-a382-4ebfe7803348,"Manchester, Bury, and Bolton Canal and Railway","Manchester,, Bury,, and Bolton Canal and Railway",,,,,
f0f72955-1538-4707-8014-b3a4e4abafb4,Jamaican Women's Social Service Club,Jamaican Women's Social Service Club,,,,,
e118377a-21e2-45d2-879e-0e1d9371e321,Mephisto Theatre Company,Mephisto Theatre Company,,,,,
3d86122b-19f1-4158-9583-0344d413db61,David Higham Associates,David Higham Associates,,,,,
4cb0a62c-3c6b-4774-971f-47860619048c,Comic-Con International,Comic-Con International,,,,,
2e17206e-046b-45b1-85b2-ce8e2795d573,Sörözö,Sörözö,,,,,
5e38b7ab-a4e2-4364-b31e-c7a7a93299b3,Methodist Church,Methodist Church,,http://www.wikidata.org/entity/Q33203,,http://www.wikidata.org/entity/Q33203,
46029ea7-68e0-4b5e-91f8-8b7dc8b47440,Heriot-Watt University,Heriot-Watt University,,,,,
cd18650b-1aa2-4c34-b210-ab99af04dcd8,Arthur H. Stockwell,Arthur H. Stockwell,,,,,
5dced6a7-9f90-4ad7-94f0-edca10113b62,Save the German Children,Save the German Children,,,,,
11b16198-b3d6-477a-ad6e-9ed3cf33f0b9,United States Pacific Fleet,United States Pacific Fleet,,,,,
19da8e18-0fd1-4b9c-95e1-940e65dcfcdb,State Historical Society of Wisconsin,State Historical Society of Wisconsin,,,,,
41f6e6da-fee0-497d-933a-1d540fa94dbc,"Queens' College, Cambridge University","Queens' College,, Cambridge University",,,,,
801453c2-7e81-4531-91d8-d85c3bb39bc7,Watts and Co.,Watts and Co.,,,,,
916360fb-896a-44aa-b699-d1355062aaf8,Madame Tussaud's Wax Museum,Madame Tussaud's Wax Museum,,,,,
8cdafc1f-dbea-4890-9b4b-4145abbd9541,David Douglas,David Douglas,,,http://viaf.org/viaf/313086845,http://viaf.org/viaf/313086845,
0cafb8b6-7cc7-4003-950b-64b892bfe158,Microsoft Reader,Microsoft Reader,,,,,
d3e8e962-b683-403c-8b6f-c61bb6803471,Ruth First Educational Trust,Ruth First Educational Trust,,,,,
be29d506-e383-4ae1-80d7-b98a22ed5948,Women in Profile,Women in Profile,,,,,
5c9e0d2f-3301-4199-a595-8558c0556745,Ryerson,Ryerson,,,,,
82e25db4-9e75-412d-850c-e7c586c05727,M. and R. Branthwaite,M. and R. Branthwaite,,,,,
143bf46f-eb63-4a6c-899c-51b501c01087,James Cole,James Cole,,,,,
dae000fd-e5b2-4f85-85a0-4f5a0a6e2ceb,Canadian Pacific Railway,Canadian Pacific Railway,,http://www.wikidata.org/entity/Q46974,http://viaf.org/viaf/133609464,http://viaf.org/viaf/133609464,http://www.wikidata.org/entity/Q46974
fee9855e-8f95-4449-8c22-ff44020cccc3,Cobden-Sanderson,Cobden-Sanderson,,,,,
74e4c38b-05da-418b-8c02-649a434d2d10,The Egoist Ltd,The Egoist Ltd,,,,,
30d90749-4854-434a-9b03-627878605cc4,Bunrika Daigaku,Bunrika Daigaku,,,,,
a753a835-ccd5-4b83-a478-b8132c0a9930,National Perinatal Epidemiology Unit,National Perinatal Epidemiology Unit,,,,,
db36285b-c568-44a2-9462-8a17dd82aa59,Andover Theological Seminary,Andover Theological Seminary,,,,,
fe7dae9f-dcda-421c-b4de-3a1f235a9d4d,W. W. Norton,W. W. Norton,,,http://viaf.org/viaf/127676589,http://viaf.org/viaf/127676589,
9685afae-655e-4539-9ab2-ee7e5389a0f5,Ackland Nursing Home,Ackland Nursing Home,,,,,
965f2810-fbad-4c73-bea8-834104c9b975,Judaism,Judaism,,http://www.wikidata.org/entity/Q9268,,http://www.wikidata.org/entity/Q9268,
975cd3a1-6903-4b90-a7cc-9a2de5e87fc7,King Alfred School,King Alfred School,,,,,
aa6e1b7f-829f-4b30-816e-59cfd726d9c2,Star of Erin Theatre of Varieties,Star of Erin Theatre of Varieties,,,,,
eab96136-130e-4da2-bbc6-2cf50de157fd,Distillers Company,Distillers Company,,,,,
700e2c5f-feae-422e-9d9b-a692b4b9cca3,Friendly Society of Agricultural Labourers,Friendly Society of Agricultural Labourers,,,,,
a6f02afd-70e8-4e4a-891f-8c1ff7f74ab8,Royal District Nursing Service,Royal District Nursing Service,,,,,
a7f51c4d-47b9-498d-80ae-a0cecef93e12,Burden Neurological Institute,Burden Neurological Institute,,,,,
0c7377ce-e9f0-4e67-9b05-f1259fc8317b,Yorkshire Television,Yorkshire Television,,,,,
7d8ee938-8528-46f5-9eba-34554c7f69d1,H. M. Stationery Office,H. M. Stationery Office,,,,,
31c7a290-d37e-488c-9387-ffaa72c7b614,RNCM Studio Theatre,RNCM Studio Theatre,,,,,
a4aa90cb-49b4-44cf-9321-97a981603e60,Fallon,Fallon,,,,,
13a3fd16-887a-454d-809b-e44a45eb3626,International Co-operative Women's Guild,International Co-operative Women's Guild,,,,,
5e23bb4b-e6db-4158-9f0a-b568c33a1147,Oswestry Operatic Society,Oswestry Operatic Society,,,,,
6a2ddb26-d359-4ad4-93c3-3897c7032442,Nancy School,Nancy School,,,,,
ba1e4294-cdab-42db-ac99-b604b7da8dfe,Men's Society for Women's Rights,Men's Society for Women's Rights,,,,,
3aaeac8a-6e69-4778-b1ea-5df1f48bb5c6,Institute for Human Potential,Institute for Human Potential,,,,,
08cae82e-5bcd-4e8b-a08a-fba71c67b6a7,John Grove,John Grove,,,,,
8f3e3fa5-4e01-42aa-95cb-dc7091ffecb0,Society of Film and Television Arts,Society of Film and Television Arts,,,,,
86650bb6-3ce4-4cea-a100-d351b5d1d536,"St Christopher School, Letchworth","St Christopher School,, Letchworth",,,,,
fc897578-8d39-4f09-8bb9-38687b999255,Liverpool Athenæum,Liverpool Athenæum,,,,,
70b28d86-4404-48b5-b278-854b657cbbb4,"Darwin College, Cambridge University","Darwin College,, Cambridge University",,,,,
df434339-7d3e-4c6b-bed1-a70cc8ee0dfb,University of Nottingham,University of Nottingham,,,http://viaf.org/viaf/159103458,http://viaf.org/viaf/159103458,
80b30a0f-18a5-4531-83fa-a00f9ffc64e5,London Pavilion,London Pavilion,,,,,
4f875b5f-1497-4f54-bfe7-dadd2643f677,Pixies,Pixies,,,,,
c4716976-e953-46e0-9e6a-7e09fcde6b0b,St Charles's Hospital,St Charles's Hospital,,,,,
532f6241-c9bf-4178-8816-b97213738dc3,Duckworth,Duckworth,,http://www.wikidata.org/entity/Q15839178,http://viaf.org/viaf/144762049,http://viaf.org/viaf/144762049,http://www.wikidata.org/entity/Q15839178
4e3a3469-a490-4207-8732-eea099d790b4,Pepper's Ghost Theatre Company,Pepper's Ghost Theatre Company,,,,,
8f1d14e5-770d-4d2d-9f6b-8a117ec50f4e,Jacob's Well Theatre,Jacob's Well Theatre,,,,,
9a175136-8a95-431c-8afa-22de92f6e912,W. Pickering,W. Pickering,,,http://viaf.org/viaf/39150030775610966016,http://viaf.org/viaf/39150030775610966016,
dccf7d69-927a-463f-afae-d44906d8f706,Royal Court Young Writers' Group,Royal Court Young Writers' Group,,,,,
3eede9e1-095e-446e-a764-d08278dc6355,Rymer and Co.,Rymer and Co.,,,,,
ae9c185b-bf90-4a4b-bb45-c3feac43ebb2,Ladies' Royal Benevolent Society,Ladies' Royal Benevolent Society,,,,,
1ce1c75f-9ec2-4df4-80b3-d12b93cba761,Women's Royal Army Corps,Women's Royal Army Corps,,,http://viaf.org/viaf/143046930 | http://viaf.org/viaf/242644652,http://viaf.org/viaf/143046930,http://viaf.org/viaf/242644652
a2931d1d-96fc-40e6-ba1f-d5d5bf5a78b0,Chemical Society,Chemical Society,,,,,
f2846de1-54f6-4e44-9c41-f677849ebf89,POOL,POOL,,,,,
287a9a6b-24fd-4081-989d-d667be32cd4d,Pear Tree Press,Pear Tree Press,,,,,
9dbab12b-ad7c-42dc-840b-15742c3bff01,Vale Press,Vale Press,,,,,
f5640279-f8e9-4777-b6c7-d83686df9a3b,Maudsley Hospital,Maudsley Hospital,,,,,
cba96602-5fc3-4ca0-8e00-a130b3d70d81,St Fagan's National History Museum,St Fagan's National History Museum,,,,,
4972d126-cfd9-4960-b101-45eae08d4072,Christian Union,Christian Union,,,,,
5286f9af-6680-407d-a777-f39b49f6f589,Rational Dress Society,Rational Dress Society,,,http://viaf.org/viaf/123131572,http://viaf.org/viaf/123131572,
d7a625f8-9ce7-439b-ba04-2cdc598388bb,Reformatory and Refuge Union,Reformatory and Refuge Union,,,,,
7892f388-a95c-480d-ba5d-69335f18825c,North Finchley Library,North Finchley Library,,,,,
fbd4acc9-4a1e-465b-9cd6-9dd761b0c584,Free French Forces,Free French Forces,,,,,
e59bdc80-3fb7-4557-b7db-53649e9d3a01,Sturm Abteilung,Sturm Abteilung,,,,,
26646ab0-e42e-49fc-a312-3802539feec4,War Injuries Compensation Scheme,War Injuries Compensation Scheme,,,,,
ff035d0a-184b-49c2-bba7-bd06ac6cc8e9,Canongate Theatre,Canongate Theatre,,,,,
4545a912-3669-4c0c-a19f-aea4b722e165,Royal Stuart Society,Royal Stuart Society,,,,,
24018cbe-0559-4617-b935-770fd30f28ec,Chelmno,Chelmno,,,,,
de4e1bc0-863a-42db-92db-bb93b6030c21,Regent Theatre,Regent Theatre,,,,,
51ed7afa-9a19-4743-841d-b4c65aebf844,Royal Library of Sweden,Royal Library of Sweden,,,,,
e8634b32-cd74-4c3d-bf87-4798d3fdefd8,Somerset House,Somerset House,,,,,
600d6ebe-596f-4ba9-8e80-ee04fb556914,All-India Women's Deputation,All-India Women's Deputation,,,,,
00710476-1640-4f92-bb0b-48ebf809d654,Vineland Training School,Vineland Training School,,,,,
637b6d10-184d-4faa-bda1-1c40faa6eadd,Kensington War Supplies Depot,Kensington War Supplies Depot,,,,,
8a980ff1-ef66-49d4-a496-f917ebb6d136,Moffat Gallery,Moffat Gallery,,,,,
06581bb6-f75e-44f5-9fec-c1524ddfb484,N. Biggs,N. Biggs,,,,,
e4fa991e-c85c-4686-89e2-fe95b1d95855,Astor Library,Astor Library,,,,,
9579ce31-1d29-4707-a655-04cfee20f2f8,Plain Edition,Plain Edition,,,,,
9d7ed7fe-abce-4849-9887-63296f885602,Folger Shakespeare Library,Folger Shakespeare Library,,http://www.wikidata.org/entity/Q728116,http://viaf.org/viaf/140536096 | http://viaf.org/viaf/154176576,http://viaf.org/viaf/140536096,http://viaf.org/viaf/154176576 | http://www.wikidata.org/entity/Q728116
7568fafb-06ef-4aa9-92eb-b0279e46ffae,John Clarke,John Clarke,,,,,
4977e03b-ef7f-4651-a873-68e7cf44f166,Officer Cadet Training Unit,Officer Cadet Training Unit,,,,,
b8d3ecf6-cd06-4a01-820f-8c179cbff733,Manchester City of Drama,Manchester City of Drama,,,,,
2c63a931-b704-40d6-93bf-74517c96d1b8,International Statistical Congress,International Statistical Congress,,,,,
8f88d7c7-a367-40a3-9745-eda9fea7d5ef,Sherborne School,Sherborne School,,,,,
d6b8d12e-320d-4181-84e3-dbc5a980949d,Youth Hostels Association,Youth Hostels Association,,,,,
9338f09d-de8b-41f1-a108-c287d1b10cc2,National Film and Television Archive,National Film and Television Archive,,,,,
79081528-0c0d-4806-8d53-2f5ea882aa74,Edinburgh Philosophical Society,Edinburgh Philosophical Society,,,,,
1eae63c1-daee-4cad-ac94-0d44bea8ecde,Sans Souci Club,Sans Souci Club,,,,,
98a3734d-2917-427b-8edc-c3dc6d101875,University of Padua,University of Padua,,,,,
fb95d043-2bf5-47b3-83a7-8d43c75cbbe1,H. Rollman and Sons,H. Rollman and Sons,,,,,
75722961-6b05-4b9e-8f58-23f6f2d529c9,T. Cautley Newby,T. Cautley Newby,,,,,
d6e82c36-f789-4c18-be77-b462a0a1cda1,Lucille Lortel Theatre,Lucille Lortel Theatre,,,,,
0bfdd5e1-d778-4d26-bbf2-42fe889a45aa,Providence Row Night Refuge for Homeless Women and Children,Providence Row Night Refuge for Homeless Women and Children,,,,,
095e15ae-3bc6-4bdd-b42b-6f44a6b713e0,Sensation Press,Sensation Press,,,,,
f04e9d98-ffac-4872-8b4c-4799a211a9e7,Smith College,Smith College,,http://www.wikidata.org/entity/Q49204,http://viaf.org/viaf/158225466,http://viaf.org/viaf/158225466,http://www.wikidata.org/entity/Q49204
95b7e053-e699-4c3e-97d5-4aa4e6fb35ea,Representative Church Council,Representative Church Council,,,,,
8593b66b-5022-43d4-9773-b659fd61857e,Committee on Recruitment in the Civil Service,Committee on Recruitment in the Civil Service,,,,,
68aff00a-eb78-453e-b95f-f60d2191328b,Northwest Regional Hospital Board,Northwest Regional Hospital Board,,,,,
f08dc512-cc63-4887-9905-a460b477a470,Edinburgh School of Medicine for Women,Edinburgh School of Medicine for Women,,,,,
1aed8d27-ed57-4de1-8755-9646c1fb99eb,Federation of Women Civil Servants,Federation of Women Civil Servants,,,,,
a24370dc-f5ff-4069-9db4-3cc6764ddb4b,Societé Européene de Culture,Societé Européene de Culture,,,,,
3bcaa33a-2551-4681-895e-8e636d81eab1,Theosophical Publishing House,Theosophical Publishing House,,,http://viaf.org/viaf/127127261,http://viaf.org/viaf/127127261,
ddbf2c8d-f5ad-443c-a828-dbb98823d20d,Botanical Society of Edinburgh,Botanical Society of Edinburgh,,,,,
97c604b9-83c6-42c0-8546-2f2f6375c182,Pensionnat Heger,Pensionnat Heger,,,,,
a378f56e-42a8-48ec-a11b-2511b2ed31f1,British and Foreign Bible Society,British and Foreign Bible Society,,http://www.wikidata.org/entity/Q920404,http://viaf.org/viaf/124069143,http://viaf.org/viaf/124069143,http://www.wikidata.org/entity/Q920404
23c5e88f-d5f9-4ef1-b560-3f2b16a6cc1b,Jews' Society,Jews' Society,,,,,
6be33386-5cc9-4a5c-91be-cf0c68887a33,Wimbledon,Wimbledon,,,,,
e1089233-497e-4d46-b101-76fb21b29f79,Central Sunday Closing Association,Central Sunday Closing Association,,,,,
7c1fe45c-03b3-4eca-b368-a4e49574f606,Dales Historical Monographs,Dales Historical Monographs,,,,,
6ba4f985-68c4-42fb-baf2-b099012f8843,Swallow Press,Swallow Press,,,,,
58e19515-332c-4763-a0fa-551e14f55032,University of Michigan Library,University of Michigan Library,,,,,
7645aebb-778c-4fae-90cd-5d0cf5352917,Leeds Pupil-Teacher Centre,Leeds Pupil-Teacher Centre,,,,,
8a9b7d4d-f1f7-40e2-848e-7f4fcc543bf2,Clifton College,Clifton College,,,,,
79069b52-3555-471d-aeae-24f9a4b4bebc,"Overend, Gurney and Company","Overend,, Gurney and Company",,,,,
f20ad13c-3d78-447a-8ec7-b1ff1c70f5ee,Finsbury School of Art,Finsbury School of Art,,,,,
e24de51b-c7f1-4971-b9f9-7ad9e5e763ca,Provincial Booksellers Fairs Association,Provincial Booksellers Fairs Association,,,,,
c558debc-33b6-47c8-aee7-86e6cb04f596,Royal Sea House Hotel,Royal Sea House Hotel,,,,,
3e53ece3-5a1a-4437-a97c-4e28e45c766c,St Patrick Dun's Hospital,St Patrick Dun's Hospital,,,,,
ad065bff-f67e-406f-a5c4-c72166095da7,Consumers' Union,Consumers' Union,,,,,
9078463a-8a4b-4614-9333-7f30c94cbe0c,Mercury Publications,Mercury Publications,,,,,
e1138c3e-aa1e-4a9f-8aeb-e9c66766463a,Medical Women's International Association,Medical Women's International Association,,,,,
1e3a4a4f-df73-4af8-9abe-e6a12d100c23,Guru Nanak Sikh,Guru Nanak Sikh,,,,,
37f76bef-fa09-4b53-81bc-4a18bc18eedc,Nottinghamshire Archives,Nottinghamshire Archives,,,,,
557a5887-0f1b-42b4-9044-2949b72b388d,Left Book Club Theatre Guild,Left Book Club Theatre Guild,,,,,
fe0ee572-d7a2-4e96-a1cb-0497fbd683de,"Theatre Royal, Drury Lane","Theatre Royal,, Drury Lane",,http://www.wikidata.org/entity/Q1756626,http://viaf.org/viaf/147272975,http://viaf.org/viaf/147272975,http://www.wikidata.org/entity/Q1756626
215746ae-ad6a-4ca7-84d2-da2dc5ad169c,Pakistan Army,Pakistan Army,,,,,
0c2bb331-9544-4a56-8d63-04458664313f,Bruce and George Buchanan,Bruce and George Buchanan,,,,,
fb36e192-7575-415f-ab08-ea1916982ce3,"Corpus Christi College, Oxford University","Corpus Christi College,, Oxford University",,,,,
2b54651d-6726-4ae3-a48f-c30c7ae0e7b0,Birmingham Arts Lab,Birmingham Arts Lab,,,,,
8977477d-5ad0-432c-8690-923088084ec1,Suffolk Record Office,Suffolk Record Office,,,,,
cf424a30-e180-404b-9a8c-c9087a5d81d0,Mukti Mission Press,Mukti Mission Press,,,,,
87cb1d29-4878-4add-ac1f-531ff9f12454,D. Appleton and Company,D. Appleton and Company,,,http://viaf.org/viaf/129012558,http://viaf.org/viaf/129012558,
0a15c1cd-e3ec-4bd1-9d8b-c94f976cd4b0,"Lyric Theatre, Belfast","Lyric Theatre,, Belfast",,,,,
a112a7e2-4fb7-40c4-bd0c-f25afa839918,Galton Papers,Galton Papers,,,,,
defffad3-6b2a-4006-bf9a-1f8f40d17e65,J. Hindmarsh,J. Hindmarsh,,,,,
eb79193a-d29d-4f41-8b11-8d6977d0e9fa,Irish Academic Press,Irish Academic Press,,,http://viaf.org/viaf/158197516,http://viaf.org/viaf/158197516,
3db2e7b9-c7f4-450f-972e-896c010cae4a,Chivers Press,Chivers Press,,,,,
86edc8a9-b65b-42ad-8793-47c17426a43a,Cambrian Collieries,Cambrian Collieries,,,,,
3f8b9d93-aad0-444f-bbf6-958ba26aece4,De Forest Radio Telephone Company,De Forest Radio Telephone Company,,,,,
4179aa4d-8941-424a-a51b-400b9e17c7f0,Surrey Iron Railway,Surrey Iron Railway,,,,,
f9ef097e-d7b5-40bb-a08d-80ae24fb6b78,Windsor Theatre,Windsor Theatre,,,,,
f3ac222e-85f8-41c4-b489-cb32d1d45610,W. and J. Innys,W. and J. Innys,,,,,
e5ea72cb-97fb-43c6-982d-9962f66ed889,Royal Observatory,Royal Observatory,,,http://viaf.org/viaf/126569499 | http://viaf.org/viaf/144645511,http://viaf.org/viaf/126569499,http://viaf.org/viaf/144645511
d928fb16-2886-4aeb-96e2-5f0435d730d7,Wodrow Society,Wodrow Society,,,,,
63a89a00-e126-4438-9e14-95afbfb044ea,Josephine Butler Society,Josephine Butler Society,,,http://viaf.org/viaf/232607715,http://viaf.org/viaf/232607715,
16e16f8c-a7f4-427f-b5a9-3b22f0cb1534,Warren's Blacking Factory,Warren's Blacking Factory,,,,,
7b85ac83-0278-4a26-9f01-a3117eb05393,American Academy,American Academy,,,,,
a7d5a26b-c710-4434-92ee-c0a891b9a8a3,Sydney Teachers' College,Sydney Teachers' College,,,,,
ec59f157-1d0e-4c42-b4e5-bb6fa531f8e4,Radio/Theatre,Radio/Theatre,,,,,
195d7b31-d4c0-4a6f-951c-6371ca8bf058,Palais du Louvre,Palais du Louvre,,,,,
1a642264-817b-4404-9bb8-ac46b50083ac,West Glamorgan Institute of Higher Education,West Glamorgan Institute of Higher Education,,,,,
52a5a87a-b97d-4b24-adfd-1d71ac825ea4,Jaeger Company,Jaeger Company,,,,,
c4098526-7ed5-44cd-a294-9e66b61675d6,New York Infirmary for Women and Children,New York Infirmary for Women and Children,,,,,
f8a5415f-836e-4407-8ce7-5c6c6c8e73c6,Ladies' Benevolent Society of Liverpool,Ladies' Benevolent Society of Liverpool,,,,,
e6402a33-0d2f-445e-9ef6-4f8c2e0aafe8,St Leonard's School,St Leonard's School,,,http://viaf.org/viaf/152881090,http://viaf.org/viaf/152881090,
606d965a-e5c8-4380-b7cc-9f1989a18b90,London Women's Liberation Workshop,London Women's Liberation Workshop,,,,,
aa9865c3-021b-4633-90db-a3d180bc7c9f,Bootham House School,Bootham House School,,,,,
20c84945-0e56-41be-9008-f63f6c6e271a,Asiatic Society,Asiatic Society,,,,,
e80d0970-efb7-4fc1-b598-db8c40dead1c,Obstetrical Society of London,Obstetrical Society of London,,,,,
bdb63dca-67e8-44ae-a56a-96f8c7273a3a,London Missionary Society,London Missionary Society,,,,,
2ab5841a-6157-4e11-84c7-82422b78b1f9,Cranston Library,Cranston Library,,,,,
a43b70b6-23ba-4055-94b4-f5bc960c7921,New Opera Company,New Opera Company,,,,,
aec11b35-0a5c-4c90-b967-6cea0c9e23d5,"St Stephen's College, Delhi","St Stephen's College,, Delhi",,,,,
c0216b9a-1828-4d2c-9526-c26e8a36e1d2,Good Templars,Good Templars,,,,,
51203275-983d-41cb-8f33-ab960d7ac351,Vancouver Normal School,Vancouver Normal School,,,,,
8fa11d90-5d25-4629-ae43-d38a6f797f0a,British International Pictures,British International Pictures,,,,,
e27752f1-03ee-4aa9-9505-0badd45f0c35,Liverpool Art Gallery,Liverpool Art Gallery,,,,,
93bcf70c-d17a-462b-94c4-13611e2a06ad,Royal Edinburgh Volunteers,Royal Edinburgh Volunteers,,,,,
68514e8e-0deb-4bdd-9ee5-748cdcde18a0,Ecole Normale Supérieure,Ecole Normale Supérieure,,,,,
dfc30466-8ebd-4349-9f62-1fbc728e3d97,"Girls' Public Day School Trust, Limited","Girls' Public Day School Trust,, Limited",,,,,
20afb89d-fad1-42ab-8a03-e25a178136a4,Chester Record Office,Chester Record Office,,,,,
b9e463d9-fe79-4721-ba12-a43402e9b836,All Hallows Convent,All Hallows Convent,,,,,
b9ebceb2-1e4f-4426-8c13-224487cc049d,I Belong International Story Chain,I Belong International Story Chain,,,,,
eec7195f-f7db-447b-bdef-f6017e33a72f,After-Dinner Club,After-Dinner Club,,,,,
823242cc-1cff-468e-bfbf-0d3e243599ca,Heath Grammar School,Heath Grammar School,,,,,
125d5559-0422-46e9-acfa-8052408f1051,Universal Aunts,Universal Aunts,,,,,
e5432599-14a3-4d14-a157-d744cceb0571,"Upper Orphanage, India","Upper Orphanage,, India",,,,,
9f821808-3da6-4f38-8ebf-c51ae2f54656,Compton Potters' Arts Guild,Compton Potters' Arts Guild,,,,,
ecbcbca7-badd-40bd-b714-8e21b3638246,Seamen's Hospital,Seamen's Hospital,,,,,
31864361-7430-43d8-8dec-52d82d03a70f,Reader's Digest Association Inc.,Reader's Digest Association Inc.,,,,,
bb7d29af-d9fe-4bdd-92c1-a9395e8ba763,Miss Ely's School for Girls,Miss Ely's School for Girls,,,,,
476813ba-58cf-4773-99f6-4144645e44df,Leadenhall Press,Leadenhall Press,,,,,
cd03e402-e5b1-49fb-b044-fd64facf2b82,William Drysdale,William Drysdale,,,,,
2dde6dce-3dd5-406a-b99f-f88503d7c6dc,Oldham Repertory Company,Oldham Repertory Company,,,,,
752c1258-b353-40f7-b9f9-279daf0c7e00,Palace Court Theatre,Palace Court Theatre,,,,,
e5fe8ac6-c4eb-4381-bb3b-b8f93b571f42,Marshall and Snelgrove,Marshall and Snelgrove,,,,,
08d1e63d-a657-40f5-aac3-0f46cfb07f04,Women's Service Bureau,Women's Service Bureau,,,,,
0cb602c8-7c32-499e-804e-5da202816c43,Almost Free Theatre,Almost Free Theatre,,,http://viaf.org/viaf/82149294480180527104,http://viaf.org/viaf/82149294480180527104,
e2cd7136-2688-4128-b4a8-a3e1aaf9cc77,Royal Commission on Divorce and Matrimonial Causes,Royal Commission on Divorce and Matrimonial Causes,,,,,
c0f5a793-ba99-478e-a3fe-7f06061e86cc,University of Bristol,University of Bristol,,http://www.wikidata.org/entity/Q459506,http://viaf.org/viaf/133584812,http://viaf.org/viaf/133584812,http://www.wikidata.org/entity/Q459506
85f00168-bddd-47ad-9cbd-28266c5f6351,John Camden Hotten,John Camden Hotten,,,,,
2cf7883c-5b5d-4a9f-9297-73f22fe4be32,London Society for the Encouragement of Faithful Female Servants,London Society for the Encouragement of Faithful Female Servants,,,,,
c90184c4-c3ef-44ea-9d47-d283801c7c1b,Beijing Palace Museum,Beijing Palace Museum,,,,,
ce86e346-082c-4268-99f0-1126d7316699,Anglia Films,Anglia Films,,,,,
7f0fe75a-7fae-4937-93c0-20910996830d,Pioneer Club,Pioneer Club,,http://www.wikidata.org/entity/Q7196666,,http://www.wikidata.org/entity/Q7196666,
da543c9a-7f22-4829-9f3b-31ca7909cdf9,Bristol Socialist Society,Bristol Socialist Society,,,,,
4921bf2b-d497-4fd8-8a39-47080180a3d2,Literary Academy of Stockholm,Literary Academy of Stockholm,,,,,
de160a65-417f-4b9b-8c0f-be6229b5a1ce,Mansard Gallery,Mansard Gallery,,,,,
ece2f30d-0379-45ad-aa0e-a6a5703c4472,Wabash College,Wabash College,,,,,
bbcad067-ba54-459d-84e5-bf2c5abb421f,Daventry Academy,Daventry Academy,,,,,
3667f6ae-b9de-45d7-adf7-1b048a8211e9,Man Power Requirements Committee,Man Power Requirements Committee,,,,,
d1cbec9a-4863-47ae-9a19-8c7f6355ae21,Community of the Blessed Virgin Mary,Community of the Blessed Virgin Mary,,,,,
309a528e-62b8-4b6b-a64e-52bc79059a70,Corinthian Dinner Committee,Corinthian Dinner Committee,,,,,
d8b6ac78-e6e4-41eb-abb2-42eaf41c4c88,Bath General Hospital,Bath General Hospital,,,,,
41ed4aac-313e-4741-90e3-20750075c6a0,Remington and Company,Remington and Company,,,http://viaf.org/viaf/155134447,http://viaf.org/viaf/155134447,
9b15da50-fb4e-43c7-a4be-03a6da2e8e97,First International,First International,,,,,
821ed520-679b-4809-9bd3-6f3b57da8e28,Sisters of the Propaganda,Sisters of the Propaganda,,,,,
effb74f7-75cb-4cb7-ab3b-7877bef3533a,Law Commission,Law Commission,,,,,
4df4b057-427a-4104-873a-f3b68e5f999b,Scientific Dress Cutting Association,Scientific Dress Cutting Association,,,,,
7a2cea4d-a234-45cd-960f-1cb717f6d691,Department of Agriculture and Technical Instruction for Ireland,Department of Agriculture and Technical Instruction for Ireland,,,,,
5af04e0e-6f47-44db-9249-af3cb86c595b,Chelsea Nursing Home,Chelsea Nursing Home,,,,,
6b9f0ac4-c6fa-45c8-a5c6-c93c1c4ca282,Mary Ingraham Bunting Institute,Mary Ingraham Bunting Institute,,,,,
903f1cbf-2d2c-4b06-8b3c-09730a4beb88,Carpathian Society,Carpathian Society,,,,,
54deee37-057a-47ec-a793-1d174d281912,Woolworths,Woolworths,,,,,
d5b2abf2-c6a5-4030-a362-ddbb473a31aa,Royal Lyceum Theatre Company,Royal Lyceum Theatre Company,,,,,
2ed2d583-9253-49c7-bdfc-4080018497b5,Reliable Feature Film,Reliable Feature Film,,,,,
7494ee30-9e30-4022-859b-1498b30fb549,Women Working Worldwide,Women Working Worldwide,,,,,
4d5f7a88-b74e-4711-a03f-a6e3105a1aa3,Ipswich Mechanics' Institution,Ipswich Mechanics' Institution,,,,,
ed0044d1-f2d2-4339-be1d-72d63b9ffdd7,"Royal Academy of Music, 1720 - 1728","Royal Academy of Music,, 1720 - 1728",,,,,
9d352e62-303e-47fd-a999-d7c2995ea8c6,King's Men,King's Men,,,,,
2be58f02-3eee-43f7-9b69-329923f1bb7b,HarperCollins Publishing,HarperCollins Publishing,,http://www.wikidata.org/entity/Q95149,http://viaf.org/viaf/129138489,http://viaf.org/viaf/129138489,http://www.wikidata.org/entity/Q95149
aed43827-b5aa-4bab-81dc-46a23b409242,Poetry Bookshop,Poetry Bookshop,,,http://viaf.org/viaf/123865415,http://viaf.org/viaf/123865415,
27c3ee70-8b45-4509-8173-50ff0bd98995,Young Men's Society of St Benedict's Catholic Church,Young Men's Society of St Benedict's Catholic Church,,,,,
a05e1e37-542e-438c-a498-90b7278f43ef,University of Greenwich,University of Greenwich,,,,,
b706c653-3cbb-4918-ba33-b53dd7725dfd,International Cipherwriting Company,International Cipherwriting Company,,,,,
97fc3238-79da-4e82-a7d8-f54b07dd8b9e,University of Florence,University of Florence,,,,,
fe15e5b2-8290-4c4d-85a5-4118d2b48174,Houlston,Houlston,,,http://viaf.org/viaf/146901864 | http://viaf.org/viaf/147038643 | http://viaf.org/viaf/148023349,http://viaf.org/viaf/146901864,http://viaf.org/viaf/147038643 | http://viaf.org/viaf/148023349
dae44547-5eaf-4996-a458-c29cdbeed47f,"St John's College, Cambridge University","St John's College,, Cambridge University",,,http://viaf.org/viaf/138286025,http://viaf.org/viaf/138286025,
c35336db-b0bc-4e74-b8e4-144df346a9da,Ministry of Food,Ministry of Food,,,,,
396f4fcc-db16-4e50-a335-f83c65276fd7,Richard Badger,Richard Badger,,,,,
b61f08c1-6fc6-435a-93eb-81888f8b2a72,Apothecaries' Guild,Apothecaries' Guild,,,,,
c3ce0417-4a13-4e06-9123-f10213541992,Inns of Court,Inns of Court,,,,,
cc11f770-7522-4eb5-aca0-50e0b9adc82d,Royal Academy Schools,Royal Academy Schools,,,,,
905c9283-f9fd-4546-8a82-7f0f1067d1f4,"Brasenose College, Oxford University","Brasenose College,, Oxford University",,,http://viaf.org/viaf/150805438 | http://viaf.org/viaf/198071127,http://viaf.org/viaf/150805438,http://viaf.org/viaf/198071127
7c7c97da-95d2-4d6f-867d-48ce5b943954,Royal Mail,Royal Mail,,,,,
d255b62c-483a-4bb9-92db-db3a82130e76,War Planning Secretariat,War Planning Secretariat,,,,,
d985f144-f07a-4858-a0b4-88928bc414de,South Illinois University,South Illinois University,,,,,
b476d3f8-07e9-4906-9b2a-a0d7b08af2e3,New England Female Medical College,New England Female Medical College,,,,,
96843d52-cd8e-4c5c-8588-f48bae0b8e87,Institute of Child Health,Institute of Child Health,,,,,
90bcf8a0-2bc7-42b7-80f8-d3f061adcc8d,Moray House,Moray House,,,,,
7e376cc6-5521-4cfd-b5c9-8dd4665fc03d,Temperance Hospital of London,Temperance Hospital of London,,,,,
97a26625-0ab2-4afc-825f-08459786f7fc,Vegetarian Society,Vegetarian Society,,,,,
5188d46a-7313-4f20-8d1d-06d49a1743f9,Liverpool Repertory Company,Liverpool Repertory Company,,,,,
5be46102-e224-497b-af9d-38d7e5d77073,Shell Transport,Shell Transport,,,,,
9249afce-fba8-41ab-bf5e-635f54d1a8c6,Narcotics Association of Vancouver,Narcotics Association of Vancouver,,,,,
32ba25d0-692c-427a-9861-c0fc0f7ce1c8,French Salon,French Salon,,,,,
be7b3580-db77-41ce-aa37-a8143601fbd7,Portsmouth School of Art,Portsmouth School of Art,,,,,
9a970522-ebdb-4bfb-95c3-a0da3c387089,Dun Emer Industries,Dun Emer Industries,,,,,
b4be5ce3-d85d-4274-84ac-f4d29675d61e,Economic Survey,Economic Survey,,,,,
ba7e8128-2e7a-40ee-b242-04cce06e048b,Tyne Tees Television,Tyne Tees Television,,,,,
61de5d91-22b4-4cf7-a2da-d8217f06fb14,People's Charter Union,People's Charter Union,,,,,
2b158498-4b7e-4fc2-a240-ab15dee9c2f9,People's Theatre,People's Theatre,,,,,
bd7cec17-6b61-4f91-9acb-0ebda5564019,John Redmayne,John Redmayne,,,,,
90fe6333-4016-42e7-ae8a-be7a5e370c85,Derby Church Congress,Derby Church Congress,,,,,
1d4ea322-27a8-4aa0-93c4-e620c23a6a41,Barker's Advertising Agency,Barker's Advertising Agency,,,,,
7b883faf-77eb-4bb9-9624-98b9527f7251,Dufour Editions,Dufour Editions,,,,,
053091ba-f8af-4ddb-84d6-0e9b56b708cf,Kensington Barracks,Kensington Barracks,,,,,
192f5fbf-ac2a-4d22-bb54-bf603c190681,Codrington Library,Codrington Library,,,,,
69b82ce5-7987-4253-9d6e-cffe761f4c41,"King Henry VIII School, Coventry","King Henry VIII School,, Coventry",,,,,
cf3a8821-3478-443d-95fb-c5d78a3f6c3a,Juilliard School of Music,Juilliard School of Music,,,,,
33ef65a2-f8b8-4a3a-a9a5-833b7aa27313,St George's Day Association,St George's Day Association,,,,,
9ac48086-9fcb-4d00-a744-270f9f4782ee,Sedbergh College,Sedbergh College,,,,,
dceb12ce-df87-40fd-956e-a1bce36734d6,Times Square Theatre,Times Square Theatre,,,,,
31f60de2-84dc-4074-b821-20068128c68e,Chicken Shed,Chicken Shed,,,,,
f32790e5-69d8-4c43-a838-64f547ca3cc4,Anti-Defamation League,Anti-Defamation League,,,,,
d5737ab3-8918-41de-98ae-8a039c917797,Black Guelphs,Black Guelphs,,,,,
b03a2d36-43f8-4dc6-8089-beb29161e073,Wesleyan Methodist Missionary Society,Wesleyan Methodist Missionary Society,,,,,
5c11e17c-ec50-4db5-b1a3-7c32607e8f3c,Consumers' League,Consumers' League,,,,,
655fbfe1-4b64-49ff-8a42-5aaaf41b82e0,London and Brighton Railway,London and Brighton Railway,,,,,
8920c37f-89e4-456b-8ab1-6d90572504f8,Charlotte M. Yonge Society,Charlotte M. Yonge Society,,,,,
d644d48d-4435-4e7e-bd98-336c9dd12a11,Women's International Democratic Federation,Women's International Democratic Federation,,,,,
e6b6d57a-44d2-4351-896c-371f90b511ab,Pioneer Book Club,Pioneer Book Club,,,,,
987219c9-138d-44a3-8e5a-1a5d69df36f6,Voluntary Schools Association,Voluntary Schools Association,,,,,
10d3499a-d706-4b7b-8d54-70c78054727a,West London Synagogue of British Jews,West London Synagogue of British Jews,,,,,
d926f96e-da7f-4123-91f5-432e19e5354b,National Maritime Museum,National Maritime Museum,,,,,
20ef06cf-ca4e-4b65-9c64-30455444370c,Time and Talents Settlement,Time and Talents Settlement,,,,,
315787f0-9acb-4c26-ad59-d83339f32d7d,Teenage Cancer Trust,Teenage Cancer Trust,,,,,
27631427-96d4-4c87-83b7-cfdd56e00cfc,Schutzstaffel,Schutzstaffel,,,,,
6ce70f83-fd2a-4495-91b3-04f082079df3,New York Public Library,New York Public Library,,http://www.wikidata.org/entity/Q219555,http://viaf.org/viaf/143013888,http://viaf.org/viaf/143013888,http://www.wikidata.org/entity/Q219555
81080dd2-af1c-47a5-b950-2a8420d6dcae,Rowan Tree Press,Rowan Tree Press,,,,,
c96f8f52-1b91-47cb-a901-f5f3da55257e,St Bride Printing Library,St Bride Printing Library,,,,,
8645413b-2d6f-441e-8b2a-0a8a2940d290,Bromley High School,Bromley High School,,,,,
7a951457-9b64-4530-bf2f-5eec6853a35c,Grapel,Grapel,,,,,
5ca419ce-f8fe-49e0-ba3c-31bd0b518ee7,Sheffield Hallam University,Sheffield Hallam University,,,,,
bca2a7de-40bf-4531-8000-28fe461617e5,R. Brimley Johnson,R. Brimley Johnson,,,,,
5e704c57-f5c6-48e8-943a-f238cf37b86b,B. Franklin Emands,B. Franklin Emands,,,,,
9778894a-9cfb-4c62-b653-a2ecea1d36b9,"Theatre Royal, Chester","Theatre Royal,, Chester",,,,,
c4f4eccd-0822-4357-9294-fa5e6e1dd905,National Trust for Scotland,National Trust for Scotland,,,,,
012c8379-05aa-489c-8bf9-de4e0a89c998,Lady Rodney Nursing Home,Lady Rodney Nursing Home,,,,,
85649e0a-e8b9-4694-bf2b-809730c6d395,"Spiritualist Bookshop, Library, and Museum","Spiritualist Bookshop, Library, and Museum",,,,,
894f1ebc-42ff-4ee0-99ca-0871bc3fec37,Aylesbury Jail,Aylesbury Jail,,,,,
9353db48-279b-49ac-b27e-0aa059d64180,Governor General's Award,Governor General's Award,,,,,
492e8c12-5c83-4c61-93ea-de5ad05f25ca,Coldbaths Field,Coldbaths Field,,,,,
a9a20a5d-9982-4a6d-935e-4d35dbc2c3e3,Doré Gallery,Doré Gallery,,,,,
f7a68057-94b4-486b-963e-2b5982d69869,Poetry Society of Australia,Poetry Society of Australia,,,,,
8af4e383-5e69-473b-84b9-f2cbee513537,London City Mission,London City Mission,,,,,
143eb74a-1043-4f1d-8f2f-46531bb48e26,The Herald,The Herald,,,,,
33af8873-cfaa-4867-883c-156720e20497,Fogg Art Museum,Fogg Art Museum,,,,,
045eebd0-5d02-45d9-b9cf-b219162e0542,National Manuscript Collection of Contemporary Writers,National Manuscript Collection of Contemporary Writers,,,,,
60ee4aeb-1763-458f-97b8-c71e05c274db,Irish National Volunteers,Irish National Volunteers,,,,,
a005f124-52a1-41cd-ba8e-bc4c7cafc46a,Bengal Military Board,Bengal Military Board,,,,,
7e78402b-fa38-41a7-8a48-876f548dbe8d,La Salpêtrière,La Salpêtrière,,,,,
bc594648-fb25-4bf6-93dc-dccf71d55011,Rude Guerilla,Rude Guerilla,,,,,
25be2825-5e1e-40cc-add6-3378a9e14e90,T. S. Eliot Prize,T. S. Eliot Prize,,,,,
f63fca68-01d6-4211-9e8a-784841de36d8,Utilitarian Society,Utilitarian Society,,,,,
1473d6b5-3980-457a-b35b-4d1ec15c4f0c,John Day,John Day,,,http://viaf.org/viaf/146950190,http://viaf.org/viaf/146950190,
8f76fa14-ace3-4d41-a3e3-3d3157b645d1,Duke's Theatre,Duke's Theatre,,,,,
4730e31f-f46a-43fa-9653-206a7df346cd,Timothy Dwight College,Timothy Dwight College,,,,,
05ea8241-269d-4278-a263-2546e2de7795,Old Watercolour Society,Old Watercolour Society,,,,,
1b61945b-307f-47ec-8154-822e24d54af9,Scottish Society of Reparation,Scottish Society of Reparation,,,,,
a9b68a8d-37cc-4f88-a6c5-2483f9f18ba4,Neue Schule,Neue Schule,,,,,
e097fe0a-9c55-49a9-9bcf-d2d09d29e794,Godwin's Juvenile Library,Godwin's Juvenile Library,,,,,
504864b7-0303-47ff-a7f1-399c873126d9,University of Dublin,University of Dublin,,,,,
39f51ec9-863c-45db-8a25-b97e4c176f86,United Nations Economic and Social Council,United Nations Economic and Social Council,,,,,
2c57a5c2-baa0-497d-8919-588b3f0890e7,Congress of Industrial Organizations,Congress of Industrial Organizations,,,,,
5e06382f-049d-4458-a101-888d3b2bf509,Women's Liberal Federation,Women's Liberal Federation,,,http://viaf.org/viaf/134428994,http://viaf.org/viaf/134428994,
2082fad4-8dce-4c2b-984a-d4795a656b83,St George Girls High School,St George Girls High School,,,,,
55ff950e-7e90-4333-b272-e79468165b96,Jacaranda Press,Jacaranda Press,,,,,
e9c9ba8d-dd94-48ea-96f2-92065e91c2f0,Evelina Hospital for Sick Children,Evelina Hospital for Sick Children,,,,,
d779f9b5-9d55-44cf-9b16-0662b3c01dbd,American Theosophists,American Theosophists,,,,,
06bfeec4-d69a-4667-ac21-519db5b89953,United States House of Representatives,United States House of Representatives,,,,,
82383ecd-75ac-449d-9dce-d69d984156b7,Poor Law Union,Poor Law Union,,,,,
b19b1678-5e88-4389-a547-322bf4c4bbf9,Copthall Comprehensive School,Copthall Comprehensive School,,,,,
c5ac19d4-5fcb-486e-a59b-c332fc280344,Town and Country Planning Association,Town and Country Planning Association,,,,,
6e2010dd-7c38-4e1e-ab2d-ba7e0cd36e5d,Schomberg Museum,Schomberg Museum,,,,,
d210d9fb-8751-474c-92e1-fd16e8dc4f0b,Eastman House Archives,Eastman House Archives,,,,,
7b4ea3bc-1446-4c4f-aee8-4c027574c256,National Union of General and Municipal Workers,National Union of General and Municipal Workers,,,,,
d0556f4e-e3f7-4f6a-a9e0-7039328297f9,South Place Ethical Society,South Place Ethical Society,,,,,
ef796fc7-91eb-4804-b448-1dd68fa18dd7,Teatro alla Scala,Teatro alla Scala,,,,,
249bbc9a-ace1-4366-bbeb-5a4b84eb35a4,"Muller, Blond and White","Muller,, Blond and White",,,,,
65c1d1fc-9173-42c5-9376-e5f9f096f5f0,Distribution Centre of American Comforts,Distribution Centre of American Comforts,,,,,
33cb0cdd-b084-4c1c-8f74-9e589499efd0,Colonial Land and Emigration Commission,Colonial Land and Emigration Commission,,,,,
463f3d9f-8721-4f53-97fd-d2793669c0f7,Arthur Barker Limited,Arthur Barker Limited,,,http://viaf.org/viaf/245463737,http://viaf.org/viaf/245463737,
6f93a3d0-0887-4dcb-898a-ad87e4eb8378,Lehman Brothers,Lehman Brothers,,,,,
0cd671df-63d7-4c79-b841-4b292ad165db,Notable British Trials,Notable British Trials,,,,,
21974002-c084-4a94-99e1-7bf500c21ef9,Bombing Restriction Committee,Bombing Restriction Committee,,,,,
20284095-59b9-49cd-81e5-2eee057b5013,India Office,India Office,,http://www.wikidata.org/entity/Q769779,http://viaf.org/viaf/123670634,http://viaf.org/viaf/123670634,http://www.wikidata.org/entity/Q769779
6eccd3d1-d74c-416a-b924-7e2ad6ce6702,Birmingham Institute of Art and Design,Birmingham Institute of Art and Design,,,,,
99b92145-13c2-42b2-8a4d-85e984880d20,Inner Temple,Inner Temple,,,,,
6036493e-0d15-43d9-a823-ebdfc2a124ff,Union for Democratic Control,Union for Democratic Control,,,,,
10b2994c-ad31-4410-9b32-8b98ac5374fb,Dail Eireann,Dail Eireann,,,http://viaf.org/viaf/126953651 | http://viaf.org/viaf/247159474047927660298,http://viaf.org/viaf/126953651,http://viaf.org/viaf/247159474047927660298
e5604384-9f25-46d9-b62c-5ec5560e975a,Cambridge Ladies' Discussion Society,Cambridge Ladies' Discussion Society,,,,,
728aed8a-92e0-436e-aec3-7524c2a922e1,Leeds College of Art,Leeds College of Art,,,,,
58433d0b-6dfd-4f20-8ed5-ccdedf8fec88,Dramatic Authors' Society,Dramatic Authors' Society,,,,,
9ddb17bf-b7f3-47d8-8af9-cd3be274e19d,Oxford University Extension Delegacy,Oxford University Extension Delegacy,,,,,
4aadb24e-a07c-4ead-b79a-115056fc879c,Sisterhood of the Holy Cross,Sisterhood of the Holy Cross,,,,,
7285ef02-9fe8-4883-8ae1-95aeacdcef49,Ministry of Reconstruction,Ministry of Reconstruction,,,,,
63578a22-23bf-457f-bf8b-76b29e0c6597,ICANN,ICANN,,,,,
c5c29ce9-e3e7-4f89-aa5b-6838e93475f0,"Peterhouse, Cambridge University","Peterhouse,, Cambridge University",,,,,
af629320-06ee-41eb-9fdd-50c4dce08660,National Film Board,National Film Board,,,,,
6537ef48-6edf-4e47-ace0-d94a8e142796,Scottish Arts Council,Scottish Arts Council,,,http://viaf.org/viaf/159426044,http://viaf.org/viaf/159426044,
cb95f64e-3362-4bcb-b399-1bd8b3af2fd6,Egyptian Ministry of Health,Egyptian Ministry of Health,,,,,
c21e61df-094d-4f7a-8b01-c86c60c1fe34,"Ursuline Convent School, Cork","Ursuline Convent School,, Cork",,,,,
d339ff19-d812-4cc4-b944-d0924d14a244,Ministry of Lands and Agriculture,Ministry of Lands and Agriculture,,,,,
fc460981-610d-4338-846c-a0cdcb396eb1,Metropolitan Opera House,Metropolitan Opera House,,,,,
f7ed63ee-41bc-47c5-9bff-72c82ce48a54,Book Marketing Council,Book Marketing Council,,,,,
11f18fcc-8124-443a-9f03-990583712b8a,Nature Canada,Nature Canada,,,,,
d607be75-ccf4-4d66-b188-803ded490c00,University of Wyoming,University of Wyoming,,,,,
fa246a94-b5ba-4e6f-851b-814484be42c8,Truth and Reconciliation Commission,Truth and Reconciliation Commission,,,,,
321bc778-b535-4bdd-acec-5cc2c78ef2dd,Canongate,Canongate,,,http://viaf.org/viaf/135289335,http://viaf.org/viaf/135289335,
dda495c4-9f17-40ff-9636-bdee3043ee93,M. L. Sultan Library,M. L. Sultan Library,,,,,
8583db82-00e3-48bd-8bf7-1e6b484993d5,British Airways,British Airways,,,,,
2488258d-bd9c-4edb-ace4-1842db7e0aef,Transvaal Committee,Transvaal Committee,,,,,
2d9afad7-de1d-42c6-b9de-5942621d0c03,Benjamin Bragge,Benjamin Bragge,,,,,
a5103be4-6bf4-468b-8b36-bf63663b51ed,Pakistan Academy of Letters,Pakistan Academy of Letters,,,,,
b31ef10f-0b50-4654-ad5d-a5ce8a1eab22,Angels of Fire,Angels of Fire,,,,,
3f88463f-ed03-49df-903b-046de4c3dde0,Dragon School,Dragon School,,,http://viaf.org/viaf/268593483,http://viaf.org/viaf/268593483,
813e6aea-18a5-468d-9de1-bbafe3b06ec5,Heatherley's,Heatherley's,,,,,
964d061a-de35-430b-bf9f-58770c34269b,Scottish Council for Women's Trades,Scottish Council for Women's Trades,,,,,
d94243e5-6d81-4a2c-b435-9bc4071969aa,University of Munich,University of Munich,,,,,
fb864dc7-4a78-42ad-bf7f-79fbf978053d,Society of Independent Artists,Society of Independent Artists,,,,,
896f1d90-e356-4d14-be2e-f66fa09f18a7,Hallé Orchestra,Hallé Orchestra,,,,,
7aa78f6b-5f3a-4c9e-9a2f-c2cdc467b74a,Constitutional Association,Constitutional Association,,,,,
f67a20e4-4bf0-4ce9-85ba-ff3afe78a21d,Assembly of Women,Assembly of Women,,,,,
673067e7-4a24-48d6-b20b-1acd2a4d86ac,Society for the Provision of Birth Control Clinics,Society for the Provision of Birth Control Clinics,,,,,
68d50d3f-68b3-4a66-af37-975ae8954c54,Tank Books,Tank Books,,,,,
2b6e59ac-cfad-47fc-b32b-510428c53455,St Anne's House,St Anne's House,,,,,
cf526fdb-8316-47de-8ca2-454990977c5e,Other Poetry Editions,Other Poetry Editions,,,,,
887ce6a8-2482-45d7-8187-d433b340ba7e,Santa Clara University,Santa Clara University,,,,,
f0407412-1736-46bd-afea-4be8b2667b1e,Eyre Defence Committee,Eyre Defence Committee,,,,,
006e669c-1f5c-408f-b185-a8972d8e592a,Jewish Emigration Society,Jewish Emigration Society,,,,,
6ed9a195-703e-4e37-9d61-5215167bf912,Baring High School,Baring High School,,,,,
49e9f1ee-eb9e-4d4b-a801-3635372c3c2d,Oxford Prison,Oxford Prison,,,,,
b788806f-3f70-4e5e-801d-148a2d64699c,Salisbury Hospital,Salisbury Hospital,,,,,
7566c2cb-8576-4574-bc67-9494ae0669c7,Reagan Memorial Baptist School,Reagan Memorial Baptist School,,,,,
c55ac0c4-d58a-49c3-825a-6690d6abd7c0,"National University of Ireland, Dublin","National University of Ireland,, Dublin",,,http://viaf.org/viaf/157052388,http://viaf.org/viaf/157052388,
0d323043-adaa-4594-bdcb-23d6b136321c,Bath Central Library,Bath Central Library,,,,,
ec57b0df-a7ff-40bf-8931-826c0aacf58c,League of American Penwomen,League of American Penwomen,,,,,
e521da28-34ca-4ba3-b95b-b171667c8767,Pharmaceutical College of Ireland,Pharmaceutical College of Ireland,,,,,
fa288a8b-d6e0-4bb8-934d-261db06353e6,Margaret Cavendish Society,Margaret Cavendish Society,,,,,
49f1f8cf-6661-42d1-a8d6-5f16ef0333aa,"New Theatre, Haymarket","New Theatre,, Haymarket",,http://www.wikidata.org/entity/Q540426,http://viaf.org/viaf/22145910117227020288,http://viaf.org/viaf/22145910117227020288,http://www.wikidata.org/entity/Q540426
e823eca3-616b-4fc5-b9c0-bea30dfe25bc,Lost Dog's Home,Lost Dog's Home,,,,,
3c220e6f-935b-449a-bbb2-451eb0b09f84,Bibliothèque littéraire Jacques Doucet,Bibliothèque littéraire Jacques Doucet,,,,,
2ee931f4-3380-4be3-8d47-ae143fb0c12d,Fascist Party,Fascist Party,,http://www.wikidata.org/entity/Q139596,,http://www.wikidata.org/entity/Q139596,
274c6525-ab97-4864-9fe3-f6490a4ce849,Sicherheitsdienst,Sicherheitsdienst,,,,,
8bfe2473-308f-458e-b8b4-55055ed2271b,Diplomatic Service,Diplomatic Service,,,,,
83ce73af-14ed-4d44-ba80-424693085ae9,Wellcome Institute,Wellcome Institute,,,,,
f8288ca3-ba5f-4fec-b21b-10fc752d3d55,Kynoch Press,Kynoch Press,,,,,
466bbfcf-6599-4448-b45b-92aea8ef41d6,British Medical Association,British Medical Association,,,http://viaf.org/viaf/145221095,http://viaf.org/viaf/145221095,
d40796ed-aac4-417f-a6e8-a6b7d491bb4b,Tate Modern,Tate Modern,,,,,
72ea6a7c-c4a2-4054-b512-36051fe0e516,Irish Republican Army Volunteers,Irish Republican Army Volunteers,,,,,
9098aeec-b64b-43a3-ab0b-b133d39c5ca2,National Council of Women of Kenya,National Council of Women of Kenya,,,,,
14a14e34-7e6c-4aee-96a8-e9be5e0c771c,Harrow County Girls' School,Harrow County Girls' School,,,,,
2e8e87a5-8149-4161-bb8c-1d28316402ab,Foreign Office,Foreign Office,,,http://viaf.org/viaf/156712113,http://viaf.org/viaf/156712113,
d1050fd4-bb5a-4a19-8135-ee0667a08e22,Rhyme Club,Rhyme Club,,,,,
f27867e8-351d-427b-b404-7b6fe5d061ce,European School,European School,,,,,
ebb97e7d-eb59-406b-b22a-a84170b308d2,St Martins in the Fields High School for Girls,St Martins in the Fields High School for Girls,,,,,
19c09995-448e-493a-9318-ae90f0b406a3,Tottenham Hotspur,Tottenham Hotspur,,,,,
2997e75b-865e-476e-8ecf-31db2a02e315,British Institute of Political Research,British Institute of Political Research,,,,,
31082567-90b0-4151-a757-e67989a3b429,Loreto Sisters,Loreto Sisters,,,,,
8b698085-4f6a-4e75-ab6d-0a4bf75528d4,Zoroastrians,Zoroastrians,,,,,
0a65fac8-fe2a-411b-a628-96d1a3961ad5,"Stage Society, New Lyric Club","Stage Society,, New Lyric Club",,,,,
a5721e47-65de-42ed-a8a6-e5004b6c62ec,John Bishop Memorial Hospital,John Bishop Memorial Hospital,,,,,
30686744-6e1d-498b-ab0a-78bd6288c3e0,National Centre for Social Research,National Centre for Social Research,,,,,
fbc4bf53-b8fa-4fea-a729-129cb377fe94,Monstrous Regiment,Monstrous Regiment,,,http://viaf.org/viaf/141004529,http://viaf.org/viaf/141004529,
9ce85c30-ade9-469f-a594-d8c9e8ef6ddf,J. P. Skelly and Co.,J. P. Skelly and Co.,,,,,
9dabb137-38b2-48f3-a1a4-ac0af6330c1c,Six Point Group,Six Point Group,,http://www.wikidata.org/entity/Q7532859,http://viaf.org/viaf/125361878,http://viaf.org/viaf/125361878,http://www.wikidata.org/entity/Q7532859
8d6d3058-d3e5-4d0d-bbf0-cb92042da471,Sistershow,Sistershow,,,,,
3cc9417d-bc95-4db8-82d1-aff795dbdd58,Baptist Missionary Society,Baptist Missionary Society,,,,,
ef782af5-86b8-4b08-9343-3a994c4e94a7,Union for the Defense of Paris and Aid to the Wounded,Union for the Defense of Paris and Aid to the Wounded,,,,,
27ed71c0-8d05-45cf-a2a2-82d4adcd8aea,Society for Improving the Condition of the Labouring Classes,Society for Improving the Condition of the Labouring Classes,,,,,
15cfc7dd-5873-4e1c-90a8-f3a30262a543,International Association of Lyceum Clubs,International Association of Lyceum Clubs,,,http://viaf.org/viaf/150434639,http://viaf.org/viaf/150434639,
67dafa87-ed08-46b8-86e9-fa8b57d7a402,Women's Committee for Peace and Democracy,Women's Committee for Peace and Democracy,,,,,
c9d571f1-40a5-4c36-bb51-ba9873bfdf60,Sealed Knot Society,Sealed Knot Society,,,,,
dc4d87dd-953b-4c64-8b1b-24ccbe550e0e,University of Zimbabwe,University of Zimbabwe,,,,,
7f9bef6a-dce6-483e-b31f-f7e6eb9a029b,Henry Frowde,Henry Frowde,,,,,
9f81a55d-15df-413f-96b1-16bf297a7048,Lutz,Lutz,,,,,
a261069d-409b-4ef5-b1a5-e8fd3e4cd253,State Pension Scheme for Necessitous Mothers,State Pension Scheme for Necessitous Mothers,,,,,
a25e914e-2fe9-4009-ba8e-828b911d1b31,Lancashire Record Office,Lancashire Record Office,,,,,
929cf2e4-ca6c-42f7-b9c9-e1e2f2c8c11f,Simon Miller,Simon Miller,,,,,
2b79101f-c65c-482d-acfb-68dd8eeb46dd,Edgeworth House,Edgeworth House,,,,,
68679a53-7bec-46cb-91d8-0878c3c9011f,Wide Street Commission,Wide Street Commission,,,,,
d70e365d-aa9d-42cb-8eb2-33642c8789d8,Films for the Humanities and Sciences,Films for the Humanities and Sciences,,,,,
509b9fd8-d894-492d-aa50-682929fca1b2,Nottingham Trent University,Nottingham Trent University,,,http://viaf.org/viaf/148240535,http://viaf.org/viaf/148240535,
5ab6a909-3f78-4d7f-bb69-4d58c0404330,Readers Library Publishing Co.,Readers Library Publishing Co.,,,,,
d20b4fe2-c34e-4f6a-aa9d-a8d93b58ba9a,Volkswagen,Volkswagen,,,,,
dc3ac895-6133-4e10-a72a-48143d2150dc,"Artizans', Labourers' and General Dwellings Company","Artizans',, Labourers' and General Dwellings Company",,,,,
d9a61ee8-644a-4ba9-862f-a27ae251920b,Railtrack,Railtrack,,,,,
d3353fda-4862-4265-ac2c-596494211dd3,Leonard Smithers,Leonard Smithers,,,,,
96d53a8f-6840-45d0-ae0e-4c052d9e8169,Senate of Northern Ireland,Senate of Northern Ireland,,,,,
9c793888-3ac1-4116-a576-90b736533b31,The Elbow Room,The Elbow Room,,,,,
2b5b3507-d368-4e09-9fd2-6b6fca018eb7,An Cló-Chumann,An Cló-Chumann,,,,,
1b434443-a735-4f80-b819-7fb973347fc9,Mudie's Circulating Library,Mudie's Circulating Library,,http://www.wikidata.org/entity/Q24661030,,http://www.wikidata.org/entity/Q24661030,
2ac73cd7-2200-4e18-a9b1-76b88077e39a,Hepworth,Hepworth,,,,,
ccdef3fb-bf98-4119-a012-2ead759db5b4,English Cricket and Athletic Association,English Cricket and Athletic Association,,,,,
d6b7ea2c-74dd-44eb-9252-46702ea48c3e,Committee of Patronage,Committee of Patronage,,,,,
46cff13c-9901-4c66-ace5-b17b4b423f83,Farncombe and Son,Farncombe and Son,,,,,
a2a6a201-1b4f-478c-8bee-2c8fec96c3df,International Traffic in Women Committee,International Traffic in Women Committee,,,,,
a41ceda7-b430-4e5c-8528-852e2485be6b,Chemical Society of London,Chemical Society of London,,,,,
8d3f9990-453e-477c-a0eb-f4a04bedab1c,Ministry of Munitions,Ministry of Munitions,,,http://viaf.org/viaf/311114481,http://viaf.org/viaf/311114481,
a6324f52-6fb8-436b-adab-9fd803335b1b,Gospel Purity Association,Gospel Purity Association,,,,,
76444ece-2cfe-4698-99a5-368933a00b3c,Society of Friendship,Society of Friendship,,,,,
5c651298-570b-4469-b587-9046847e2c9a,Visible Music,Visible Music,,,,,
9a2e9680-d310-4885-9c79-9b43cf507907,Metropolitan Museum of Art,Metropolitan Museum of Art,,http://www.wikidata.org/entity/Q160236,http://viaf.org/viaf/126238294,http://viaf.org/viaf/126238294,http://www.wikidata.org/entity/Q160236
3b9d5087-8d9d-43aa-81ca-0e3045278971,Radiohead,Radiohead,,,,,
66ae3073-286b-41d5-9c87-f1e0226c3714,Bomber Command,Bomber Command,,,,,
b5b09bf0-8621-4532-9e0e-f96124edd5a7,British Society for Aid to the Sick and Wounded,British Society for Aid to the Sick and Wounded,,,,,
dd32060a-1d6a-4f6a-9f83-1f39e81ad0ca,Young Germany,Young Germany,,,,,
724de0cd-2690-44b7-b563-cb2896d925d0,Campaign for Homosexual Equality,Campaign for Homosexual Equality,,,,,
424314a0-8da4-41d6-9894-9b586b876a3f,Peace Pledge Union,Peace Pledge Union,,http://www.wikidata.org/entity/Q7157422,http://viaf.org/viaf/148462658,http://viaf.org/viaf/148462658,http://www.wikidata.org/entity/Q7157422
3738894b-785d-47ad-9374-5db111468190,University of Madras,University of Madras,,,,,
773a4a40-0b76-413e-81ed-55570017045d,National Temperance Society and Publication House,National Temperance Society and Publication House,,,,,
4d4502ac-1394-4ec8-a22a-645510666ac1,District Nursing Association,District Nursing Association,,,,,
c42b2ace-4c7b-411a-ab8b-05fe3b034fb2,Yorkshire College,Yorkshire College,,,,,
b2c79894-6ccc-42f0-b7e3-3f9932512e73,Women's Peace Crusade,Women's Peace Crusade,,http://www.wikidata.org/entity/Q25303357,http://viaf.org/viaf/152698556,http://viaf.org/viaf/152698556,http://www.wikidata.org/entity/Q25303357
e512ccff-bd87-40d1-8910-1b4dfd5cf4f6,General Post Office Film Unit,General Post Office Film Unit,,,,,
4772dd4c-44a5-4a68-82ab-c6555b7784c4,Brighton College,Brighton College,,,,,
63d40877-221d-4340-a520-7db0c13d389d,Morning Star Publications,Morning Star Publications,,,,,
5f64e7be-e883-4809-aa61-38691cfdcd89,Dramatists' Club,Dramatists' Club,,,,,
65996a3c-52c4-4604-a98f-41322217562f,"PEN International, Cape Town","PEN International,, Cape Town",,,,,
665580c5-69c8-43d2-a87f-eb1225b34998,International Criminal Court,International Criminal Court,,,,,
27943598-b92a-4e4e-ae50-516948493b3d,Leger Gallery,Leger Gallery,,,,,
9794cabd-cd2d-4fa0-b98c-f97f52d1d39b,Marie Stopes International,Marie Stopes International,,,,,
44993c35-c6d2-40df-a56e-5a8e2a8dae3b,Sarah Lawrence College,Sarah Lawrence College,,http://www.wikidata.org/entity/Q1051840,http://viaf.org/viaf/136547199,http://viaf.org/viaf/136547199,http://www.wikidata.org/entity/Q1051840
733a5089-a02c-4ada-b5ff-3e34720bcb46,Marsh's Library,Marsh's Library,,,http://viaf.org/viaf/137994366 | http://viaf.org/viaf/7712167867564623060005,http://viaf.org/viaf/137994366,http://viaf.org/viaf/7712167867564623060005
83013cc1-1740-4c7c-8481-3a4d8bf29339,United States Department of State,United States Department of State,,,,,
aecf14ce-6dd1-4800-a013-15de46dcac4d,Prentice-Hall,Prentice-Hall,,,,,
939d6fbd-2771-4be5-9023-7b59bcbde119,Literary Ladies Club,Literary Ladies Club,,,,,
65fa6c4f-9c15-461d-b292-08f409ee0ec3,Drill Hall,Drill Hall,,,,,
8a5ca8ee-9a04-40fe-ba2c-ff433fe09763,Irish Revolutionary Brotherhood,Irish Revolutionary Brotherhood,,,,,
0c3b6c01-86a8-4710-ad16-911a3d664129,Crime Club,Crime Club,,,,,
27eece72-e1ee-409d-8dbe-95a2d6b4f454,Rutgers University,Rutgers University,,,,,
c51d3bf6-ddd6-426e-82d6-d51046730ad7,Amnesty Association,Amnesty Association,,,,,
bcc64a3a-432c-4f89-951c-30ca3ad666ca,Personal Laws Committee,Personal Laws Committee,,,,,
79f8f7f1-6706-4366-b104-2aca4c8fb18a,Old Fire Station Arts Centre,Old Fire Station Arts Centre,,,,,
6a4d76b6-29db-4c84-81d5-bb0ca9e0dd4f,Abolition Fair,Abolition Fair,,,,,
166ee35e-142f-4778-8a69-020a8ab37257,Archbishops' Commission on Women and the Ministry,Archbishops' Commission on Women and the Ministry,,,,,
331c2c06-f937-4b71-ba88-b5b0fe6dd561,Dartmouth College,Dartmouth College,,,,,
62b7009c-fb12-4c94-b3e0-fc04e33a3f7a,John Long,John Long,,,http://viaf.org/viaf/311358603,http://viaf.org/viaf/311358603,
d8f2622f-0b7c-4210-96af-cc8bdc30239a,National Council of Social Service,National Council of Social Service,,,,,
3bfe1ed7-7f19-40e7-b079-f73e52503ed7,Wallack's Theatre,Wallack's Theatre,,,,,
4769450d-10fb-4adf-91d9-927e1f4c07ac,Preston,Preston,,,,,
57d671f9-f478-479f-96c0-ce1990a0f823,Thomas Carnan,Thomas Carnan,,,,,
7ae85ffc-2e0b-424f-9e80-6612759b81d4,McLean Hospital,McLean Hospital,,,,,
1f03ef8e-86c1-4e8b-9b65-4528bc9cb300,British Institute of International and Comparative Law,British Institute of International and Comparative Law,,,,,
8f6621a0-02e7-479a-aa4e-677acfa264ea,Royal Air Force Fighter Command,Royal Air Force Fighter Command,,,,,
3c19763c-77c3-470d-8dfa-3a467346b579,House of Mercy,House of Mercy,,,,,
7781e477-90d6-43f1-8860-40a9d02633b0,Leicester Square Theatre,Leicester Square Theatre,,,,,
9948578a-8cc0-4c95-89dc-04a1925c9354,Friends of Canadian Broadcasting,Friends of Canadian Broadcasting,,,,,
a2efefa9-3be9-4eff-9fdf-1fcdfd284549,National Political League,National Political League,,,,,
6425d85b-0ff4-45c1-bf01-31fa67eeca39,Bondoni,Bondoni,,,,,
4fb4b445-a062-41b4-b698-51bb53e2d98b,Royal Commission on the Army in India,Royal Commission on the Army in India,,,,,
80eeebbf-ccc4-46bf-bdeb-5a9f6fca0db5,Charterhouse,Charterhouse,,,http://viaf.org/viaf/173460932 | http://viaf.org/viaf/197099916 | http://viaf.org/viaf/7419160546932210240000,http://viaf.org/viaf/173460932,http://viaf.org/viaf/197099916 | http://viaf.org/viaf/7419160546932210240000
9751bdba-256b-4084-99bc-d15a7fa623cc,British War Relief Society,British War Relief Society,,,,,
f702c01b-d221-4750-bbe5-2815e7a301a6,Boards of Health,Boards of Health,,,,,
00577752-b053-4c24-8c92-4378b8a5df7e,Project Gutenberg,Project Gutenberg,,http://www.wikidata.org/entity/Q22673,http://viaf.org/viaf/141011491,http://viaf.org/viaf/141011491,http://www.wikidata.org/entity/Q22673
52455a51-c213-4fb9-969b-2c9fa820b5b4,Munich Group of Individual Psychologists,Munich Group of Individual Psychologists,,,,,
54695186-133f-4691-8ce0-54f5784db571,James Ridgway,James Ridgway,,,,,
6653479f-9563-45af-a84a-4ad49073257c,Auxiliary Division,Auxiliary Division,,,,,
ae75e745-450e-4b70-9a71-af06b897f293,Head Start,Head Start,,,,,
6e599f38-3828-4a09-a12a-1ab2ecafa5a4,Chatham College,Chatham College,,,,,
78f7658c-a9ed-410d-aaa6-e08fdd757c4d,Salzburg Seminar in American Studies,Salzburg Seminar in American Studies,,,,,
66ee9be0-d650-4e63-9c17-19fc9b0b042f,Yale University Library,Yale University Library,,,,,
85129bd1-0229-43da-8966-07b4fe42c800,Université Laval,Université Laval,,,,,
d3bdf085-56f6-443f-a545-9fac9c0bbc66,John Denton,John Denton,,,,,
6dc91d16-0849-4f33-aef8-19899dfe9bcf,Pasteur Institute,Pasteur Institute,,,,,
6ce87382-df5c-4a8c-9458-d2fd17e2d88d,Higher Grade Girls' Schools,Higher Grade Girls' Schools,,,,,
62f261c0-d1a7-4ab3-8e01-f6cf748ff4d1,St Mary Bourne Village Produce,St Mary Bourne Village Produce,,,,,
4013e359-4c50-4249-82f9-408ba4f02794,Paris Municipal Council,Paris Municipal Council,,,,,
de3e997d-5bc3-44dd-96eb-8034a6600d48,Supreme Court of Pennsylvania,Supreme Court of Pennsylvania,,,,,
0efa74fe-3115-41aa-ad8e-2c685c9ba615,The Book Club,The Book Club,,,,,
ca864aba-1e84-4b92-89de-939a2d917e0c,Co-operative Wholesale Society,Co-operative Wholesale Society,,,,,
e9145adf-5552-4370-9efd-ece80f8535f7,"PEN International, Scotland","PEN International,, Scotland",,,,,
2f31f6b9-c53e-4841-9d17-f7441e1e9c83,Providence Hospital,Providence Hospital,,,,,
40229f01-e4c1-4005-8bd0-3a852e53dd1e,Carlyle Grammar School for Girls,Carlyle Grammar School for Girls,,,,,
872e5310-584a-491f-a803-8e05c628cbf6,J. Andrews,J. Andrews,,,,,
861eda46-b784-4deb-9991-a7860e4ab289,Association for Promoting the Education of Girls in Wales,Association for Promoting the Education of Girls in Wales,,,,,
938fd951-9309-47b9-a242-9a77ec6c611e,Women's Municipal Party,Women's Municipal Party,,,,,
defb17fd-eb7c-4834-91ab-2545d7c33efc,Rice University at Houston,Rice University at Houston,,,,,
2152be1f-fe3f-400d-860e-8e6309f5dcc1,General Convention of the Industrial Classes,General Convention of the Industrial Classes,,,,,
1739757c-02b1-4397-99ce-514cbaf12a30,Euroscience Open Forum,Euroscience Open Forum,,,,,
e9c7adc8-2cdf-4720-a4f8-f02e75b7070a,Scottish Convention Movement,Scottish Convention Movement,,,,,
f2fe1e6e-853d-4c43-9545-68bc5d96f637,Wiley and Putnam,Wiley and Putnam,,,,,
c7b97ba4-cc6b-47dd-aad2-626a1867ae52,International Association of Athletics Federations,International Association of Athletics Federations,,,,,
e50cf1d8-c741-4182-85c4-02c985bb8405,University of Malawi,University of Malawi,,,,,
2b93dc1b-a416-4bee-90e7-7c19b2671f59,Manchester and Salford Ladies' Sanitary Reform Association,Manchester and Salford Ladies' Sanitary Reform Association,,,,,
766aeb7d-547c-46c3-b3d0-f5cf13dafcd9,Liverpool City Library,Liverpool City Library,,,,,
ad87156a-c28e-4101-b451-1acb72bae200,Queen Mary's Needlework Guild,Queen Mary's Needlework Guild,,,,,
ddf9e1fa-286d-47b6-b61d-e0258d888669,University of Queensland,University of Queensland,,,,,
875d3948-15b8-44f6-b00e-ceea11ccb5a3,Jewish Agency,Jewish Agency,,,,,
20b1535f-f4ae-40c3-b120-ec6284dcac2e,Virginia Minstrels,Virginia Minstrels,,,,,
77b8ba17-3150-4613-93dd-ca06bec27f9d,Rotunda Hospital,Rotunda Hospital,,,,,
e50a51d9-ae30-4893-8fec-83fc3a227856,Pioneer Corps,Pioneer Corps,,,,,
43d320b9-ef36-4579-bd83-17c9e5f1ab22,Dalhousie High School,Dalhousie High School,,,,,
680d782f-a75e-44a3-b0de-9cdf5398d8d0,Bedales,Bedales,,,,,
0e29a5c4-8c94-46af-915e-3121483c6ba8,"Seeley, Jackson and Halliday","Seeley,, Jackson and Halliday",,,http://viaf.org/viaf/148844867,http://viaf.org/viaf/148844867,
460d2068-41b1-4c07-8b53-12af37e130db,"Small, Maynard","Small,, Maynard",,,,,
16dcf409-5a7e-4aaf-8971-ec11bcb05140,J. Moir,J. Moir,,,,,
237ab212-95d6-4745-87fd-09a34959cc7d,British Anti-War Movement,British Anti-War Movement,,,,,
4cd86a39-6972-40b5-a40e-771898947f58,People's League,People's League,,,,,
b2f71600-351a-4eda-b5ff-79bc00a7869d,Boys' Institute,Boys' Institute,,,,,
00ded5b9-2138-4921-b235-a81431cab873,Headland Poetry Publications,Headland Poetry Publications,,,,,
373dce64-8a6b-4afd-81c4-c32ba88f860a,West Yorkshire Archives,West Yorkshire Archives,,,,,
13069e3c-ec58-4274-b320-667cc8e6be5c,British Academy of Film and Television Arts,British Academy of Film and Television Arts,,,,,
c7822cca-81c1-45cc-9d40-d883287d903a,Welsh Bibliographical Society,Welsh Bibliographical Society,,,,,
cec95974-1838-49bf-b9e3-09e058a8ae0a,Bangor University,Bangor University,,,,,
c1eeb0e4-d2da-4b9a-ac1e-3fcfb9835280,Friends First Day School Association,Friends First Day School Association,,,,,
aaef77d4-57a7-4fb0-bbb8-d50335f7a755,Fitzroy Street Group,Fitzroy Street Group,,,,,
0ddc5e88-ae47-4069-810c-a3679176f1ac,Ho-Ho-Kus,Ho-Ho-Kus,,,,,
d68daec2-686c-4770-96b1-8ddd01c43d9a,Dialectical Society,Dialectical Society,,,,,
066286dc-cd34-417b-88cc-deff71809aed,Mr Gillespie's Asylum,Mr Gillespie's Asylum,,,,,
c4e1c7a4-fa2b-4880-a21a-4f6ef714571e,Lesbian Archive and Information Centre,Lesbian Archive and Information Centre,,,,,
781c3650-b8f6-46ce-bbde-8b5636614079,Pacifist Service Unit,Pacifist Service Unit,,,,,
5fadb4e0-2f25-4bf1-88b0-08d3e852985d,Consistory Court,Consistory Court,,,,,
89dc6256-f373-44a9-9c0f-bf47cd0b0df5,Diggers,Diggers,,,,,
db1ec073-0fbf-41f5-8e16-57ce8fc21b96,Kent Opera,Kent Opera,,,,,
fa09bdde-3e33-4ed1-b522-8f0e8934d003,Smithsonian Institution,Smithsonian Institution,,,,,
e8c8acf3-ec74-420c-943b-d2511c283337,McMaster University,McMaster University,,,http://viaf.org/viaf/159435770,http://viaf.org/viaf/159435770,
af809f46-302f-4ed0-b770-9def350d7a47,University of Caen,University of Caen,,,,,
1b60aae4-898a-4d07-832b-a0485e277bf2,St Pancras Registry,St Pancras Registry,,,,,
5cbf27af-aac7-438c-8f55-5cbfc58aeb13,Shakespeare's Sisters,Shakespeare's Sisters,,,,,
755bc78c-6713-47b6-b459-82e931fd1012,South African Liberal Party,South African Liberal Party,,,,,
d658953d-2417-41d4-8b93-db2b73676568,National Sunday Closing Association,National Sunday Closing Association,,,,,
726f8ea2-e055-42aa-9638-97cea722c977,Anglican Society for Work among the Jews,Anglican Society for Work among the Jews,,,,,
e4f4384a-7b93-4d3c-9020-74fd456d8eeb,Leo Baeck College,Leo Baeck College,,,,,
5391325c-1a54-422a-9e45-738d2615c70b,GALHA,GALHA,,,,,
38a22aef-dbda-46ba-91fb-f176286e9a43,Nuffield Ward,Nuffield Ward,,,,,
5eda5f85-35f4-4249-b10c-0bff59952678,National School of Cookery,National School of Cookery,,,,,
99301948-301a-4ed6-809e-44acd609038a,J. Walter,J. Walter,,,,,
72dbd081-0dfe-456b-b06c-dfc45b22f22c,Society for the Relief of Distress,Society for the Relief of Distress,,,,,
0a97777d-e9d8-441c-9d6f-592bac5d6254,1st West India Regiment,1st West India Regiment,,,,,
dc0871d8-b16c-4d8f-a55d-82b7371270e5,Carl Zeiss,Carl Zeiss,,,,,
31ab630b-c8af-4c94-a0db-eaddf1815a71,Guild of Women Binders,Guild of Women Binders,,,,,
340f3196-7593-4dcd-908a-9e2840ce09e1,Four Seas Press,Four Seas Press,,,,,
8c4d6308-fd78-4cab-87be-64d8a082fdb2,Committee of 100,Committee of 100,,,http://viaf.org/viaf/140978409,http://viaf.org/viaf/140978409,
8c2108b7-c169-440b-93f8-11511f153175,Poolbeg Press,Poolbeg Press,,,,,
492e46fc-3b4e-47c9-a1f8-ec1d7d0ecc28,Honno Welsh Women's Press,Honno Welsh Women's Press,,,,,
60bb37b9-a9cc-4780-a170-b8ae1c94975f,Philosophical Society of New South Wales,Philosophical Society of New South Wales,,,,,
4e04a693-d65b-46d2-ba1c-11a168a0ad77,"Linacre College, Oxford University","Linacre College,, Oxford University",,,,,
2e44c85b-2aa0-46a4-8cff-114e48d3f484,Hoe,Hoe,,,,,
fea1a8f8-90bc-4e6f-9f92-06d4d5820547,Young Poland,Young Poland,,,,,
88933c97-f178-40d3-a0ec-b78b64a3abd2,"Lord Mayor's Children's Relief Committee, Leeds","Lord Mayor's Children's Relief Committee,, Leeds",,,,,
aed57659-4c4c-4682-ae25-0c5b2110904d,Labour Publishing Company,Labour Publishing Company,,,,,
88e6c098-1184-41d9-8f77-639c3e9e51ce,National Sound Archive Publications,National Sound Archive Publications,,,,,
1ad8f689-e1a8-41bc-8f28-9286353d8ce6,Independent Theatre Society,Independent Theatre Society,,,,,
a47dc61a-3acd-46cc-a3b5-28b365f3ff62,University of Berlin,University of Berlin,,,,,
65762642-e2b0-4807-b113-1d4755ff229d,Royal Hants Infirmary,Royal Hants Infirmary,,,,,
68140c53-ddb0-4b6b-8b19-8bc2213303d1,W. Phorson,W. Phorson,,,,,
490d3ecd-e1cd-4601-a8d6-a0a4d7ce8346,Dr Barnardo's,Dr Barnardo's,,,,,
ecd73c5b-138d-424d-9b8d-c6a9c0f2d326,Hickman's Dancing School,Hickman's Dancing School,,,,,
0f8bc3b5-94db-4e5f-a63a-038dbc7ec78f,Goldman Sachs,Goldman Sachs,,,,,
b3c29d42-75f8-4c30-b845-c9b915e5d41a,Fielding and Walker,Fielding and Walker,,,,,
79c08802-08f1-4f30-830b-8dfbdefd78b4,Alateen,Alateen,,,,,
a8d34c78-3439-4140-aef7-ba1c849a8934,Anansi Press,Anansi Press,,,http://viaf.org/viaf/268199074,http://viaf.org/viaf/268199074,
6ec85c71-8292-488f-a8a1-5faabf8bddbb,Society of the Most Holy Trinity,Society of the Most Holy Trinity,,,,,
802d7c5c-15c2-4c3c-9fad-21446f05f08e,Cumann na nGaedheal,Cumann na nGaedheal,,,,,
1a719d4c-31b1-4ae5-9aef-799d6ac0d8b4,Fair Employment Tribunal,Fair Employment Tribunal,,,,,
3b1e5b2e-f2cd-4d94-b7bd-7665afdfc402,Viking Press,Viking Press,,http://www.wikidata.org/entity/Q921536,http://viaf.org/viaf/127655569 | http://viaf.org/viaf/295681810,http://viaf.org/viaf/127655569,http://viaf.org/viaf/295681810 | http://www.wikidata.org/entity/Q921536
cdb57c80-a03a-46c0-87e6-6680a4dde082,St Martin's Press,St Martin's Press,,,http://viaf.org/viaf/134878895,http://viaf.org/viaf/134878895,
f2630d0c-2ffc-4363-b7ee-146765934444,US Catalog of Copyright Entries (Renewals),US Catalog of Copyright Entries (Renewals),,,,,
39cd03c9-8f39-4bff-a190-70e175deedd2,Ulster Theatre,Ulster Theatre,,,,,
c76de2fc-f214-4dee-9cf0-f30141848fd1,Daughters of Ireland,Daughters of Ireland,,http://www.wikidata.org/entity/Q16847592,http://viaf.org/viaf/315647464,http://viaf.org/viaf/315647464,http://www.wikidata.org/entity/Q16847592
5801b313-4475-4097-ba83-9b2b6740a98a,Hofburg Theatre,Hofburg Theatre,,,,,
ff73ea3c-4a2c-4f96-b7ae-01dfb6bef417,Writers' Guild of Great Britain,Writers' Guild of Great Britain,,,http://viaf.org/viaf/142924779,http://viaf.org/viaf/142924779,
6a2677da-4c1e-4f5d-aa31-f92d11d1fa32,"Kendal, Milne and Co.","Kendal,, Milne and Co.",,,,,
fe6449b6-c3e3-45e8-8d59-0aaea34c4e94,Female Tailors,Female Tailors,,,,,
586d64ec-3fbe-4514-b1fa-f25991410714,Indian War Office,Indian War Office,,,,,
75ce652e-6d75-442c-84fb-22dd10207348,Welsh Academy,Welsh Academy,,,,,
4fd015b1-ea32-4148-83a0-834e0b438cb2,English Opera House,English Opera House,,,,,
562e1dc4-c293-4a0a-8bbd-d85fce6109c9,"Queen's Theatre, Manchester","Queen's Theatre,, Manchester",,,,,
831afe1f-6233-4fbc-9c03-b8b88e0b80b3,Lumos,Lumos,,http://www.wikidata.org/entity/Q1758697,,http://www.wikidata.org/entity/Q1758697,
5f52d2b9-33eb-4be5-9e19-b5525b433ef3,Campaign to Protect Rural England,Campaign to Protect Rural England,,,,,
54e11241-e752-436e-93e3-6fc76458f1cf,British Music Movement,British Music Movement,,,,,
06efcecc-f5bf-4982-94f3-6e20516671f3,Pizza Hut,Pizza Hut,,,,,
c3c2e889-a048-460d-8a36-48024beec8c7,Irish Harp Society,Irish Harp Society,,,,,
72675780-da68-4e8a-9933-2f925000fe7e,Royal Central Asia Society,Royal Central Asia Society,,,,,
1cada0f9-c18c-44db-a886-e156d021f386,Upton House,Upton House,,,,,
c030f847-b8d2-49c7-add5-a8c5fa2efd78,Paris Commune,Paris Commune,,,,,
4ec24ad3-7d9b-44eb-ac34-fd2834d9315c,"St Catherine's College, Oxford University","St Catherine's College,, Oxford University",,,,,
6394ce3f-0fce-40d6-9b9f-bdbd68e40e86,ASHA Foundation,ASHA Foundation,,,,,
e1c0a768-1e5e-4033-94d5-58fd8e553d21,Stockdale,Stockdale,,,,,
814d25a4-80e1-414a-b3c1-9fd7d3bd0e49,Tudor Church Music Research Project,Tudor Church Music Research Project,,,,,
3598ab77-5582-4a5b-a68d-5a7179f06500,Society of Women Upholsteresses,Society of Women Upholsteresses,,,,,
f8cd8379-2881-4ec2-a5a5-30305f05de2b,Irish White Cross,Irish White Cross,,,,,
f83bab46-314c-49bb-817d-eb75663c2f90,Educational Books Committee,Educational Books Committee,,,,,
2515271d-1ed3-4e03-b8a2-d07704574c4d,Oak Tree Press,Oak Tree Press,,,,,
d4c5b01b-63d1-4dcf-a5b7-2d4ab701b2ec,Omega Workshops,Omega Workshops,,http://www.wikidata.org/entity/Q1330833,http://viaf.org/viaf/150597890 | http://viaf.org/viaf/498145858128523022290 | http://viaf.org/viaf/7431169032385887720001,http://viaf.org/viaf/150597890,http://viaf.org/viaf/498145858128523022290 | http://viaf.org/viaf/7431169032385887720001 | http://www.wikidata.org/entity/Q1330833
0036a13a-8f56-4eaf-89ab-abed5f100df6,Ramanathan College for Girls,Ramanathan College for Girls,,,,,
6b6711f7-a37c-4550-990d-9b603b667789,Meyrueis et Compagnie,Meyrueis et Compagnie,,,,,
2ccca09d-64f4-4e1e-99a2-f848b806ae18,Women's Consultative Committee,Women's Consultative Committee,,,,,
2d80bfd0-5508-4dd1-85c6-7b0d56831e68,Wakefield Tricycle,Wakefield Tricycle,,,,,
a7f6c328-3d88-43ac-8497-c1ca5e6cd184,Brendin,Brendin,,,,,
4dc722d4-6386-429a-ac26-361d7eb0828a,Brotherhood of Freedom,Brotherhood of Freedom,,,,,
8c4f1b2f-e1bd-486f-a208-f41601357d7f,Barclays,Barclays,,,,,
1f44b820-3c0f-4cd4-ab68-039c118f880b,Airmont Publishing Company,Airmont Publishing Company,,,,,
dc9d7ef6-5889-442f-93a2-8bbf857845a9,Stowe School,Stowe School,,,,,
5de4d64e-5c9e-4f58-a328-b248d5d35eb5,Queen's University,Queen's University,,,http://viaf.org/viaf/149706703,http://viaf.org/viaf/149706703,
918ac68a-140d-455d-8c68-ebb02d4bdaed,"Osgood, McIlvaine and Company","Osgood,, McIlvaine and Company",,,,,
cb95899a-a918-493e-99df-d6acefe60392,Ticknor and Co.,Ticknor and Co.,,,http://viaf.org/viaf/134943125 | http://viaf.org/viaf/136341792 | http://viaf.org/viaf/138450637 | http://viaf.org/viaf/144707912 | http://viaf.org/viaf/147064270 | http://viaf.org/viaf/262140940,http://viaf.org/viaf/134943125,http://viaf.org/viaf/136341792 | http://viaf.org/viaf/138450637 | http://viaf.org/viaf/144707912 | http://viaf.org/viaf/147064270 | http://viaf.org/viaf/262140940
9937f0ab-92d5-4ff7-a004-310c08c979f2,Marylebone Cricket Club,Marylebone Cricket Club,,,,,
55dca23a-fd02-4c3b-931c-d5eb728a43a1,"Everyman Theatre, Liverpool","Everyman Theatre,, Liverpool",,,,,
bd4aed06-9765-4205-ba97-b69ab6a28c24,Women's Industrial League,Women's Industrial League,,,,,
a7162146-a53a-4406-b355-3c61dfcd8aae,Grey Walls Press,Grey Walls Press,,,,,
29d72b48-a8b6-409f-a59c-c89cab669f05,Metropolitan Opera,Metropolitan Opera,,,,,
5a251113-9a3e-48e0-8bde-d9381846e7ae,Mint Theater Company,Mint Theater Company,,,,,
2de81ebe-6273-4d7a-a01d-28d0c1fc9c79,Excise Office,Excise Office,,,,,
0b1ecefd-c439-410e-8a9d-639b10b72457,Anti-Comintern,Anti-Comintern,,,,,
9a6be6a2-8276-4c6a-be78-4d5ba1d07234,USA School of Writing,USA School of Writing,,,,,
6793f4d2-5906-4f9f-b7c2-85eec7466d71,American Place Theater,American Place Theater,,,,,
2b318a66-7143-436d-9494-2ccbcd27879f,Wine and Food Society,Wine and Food Society,,,,,
b4bffb9a-a407-4f06-8e86-abba57f1592a,"British Consulate, Paris","British Consulate,, Paris",,,,,
81ffa0da-86c6-479e-ba6a-c3644435ac4e,Swan Sonnenschein,Swan Sonnenschein,,,,,
42c683f4-ba27-4212-97e8-4a8b31eac67c,Primrose Habitation,Primrose Habitation,,,,,
8e8c8fc5-7865-4ecb-82fc-9330f67d1535,l'Hôpital Cochin,l'Hôpital Cochin,,,,,
5004421c-0e82-4895-a091-d96898fd90ac,National Woman Suffrage Association,National Woman Suffrage Association,,,,,
15f7236c-1b6c-4000-8ffc-ba7aaeca7c32,Courts of Equity,Courts of Equity,,,,,
d849f22a-ec16-434b-a779-efaf98fedb4b,Charing Cross and Waterloo Electric Railway,Charing Cross and Waterloo Electric Railway,,,,,
72258510-5261-431d-8d75-b1a05ad0c822,History Channel,History Channel,,,,,
67a82edf-923b-4e7e-a552-4c3310b42288,Lady's Army and Navy,Lady's Army and Navy,,,,,
5d8e1dd8-d1b4-4f04-be8f-d4e57a1d93df,Seamen's Society,Seamen's Society,,,,,
54036766-a4b6-4066-99f9-c4722e68dba2,Political Economy Club,Political Economy Club,,,,,
3059ea01-f6bf-44b9-90f8-496b8bba9949,"Carl and Lily Pforzheimer Foundation, Inc.","Carl and Lily Pforzheimer Foundation,, Inc.",,,,,
ba9e94b9-d09e-4d06-b7e2-8c26836d42a8,Museum of Practical Geology,Museum of Practical Geology,,,,,
18b85d6f-ab50-4bd9-9350-35d5073ea059,Jamaica Assembly,Jamaica Assembly,,,,,
7fc207c1-1982-4584-bacd-e07c20ffec5b,Church Socialist League,Church Socialist League,,,,,
8819170a-8fa9-4447-a7c8-860473cceee1,Labour Church,Labour Church,,,,,
eb39ebe7-514a-438c-9c44-cb4810d2364b,Friends of Literature,Friends of Literature,,,,,
eb03b7b1-baec-41b1-9198-718a191b1024,Fatimids,Fatimids,,,,,
4fd7803e-98fd-40ff-9cd2-6f113cd1dc51,Organization of Eastern Caribbean States,Organization of Eastern Caribbean States,,,,,
06443251-63e1-44a9-8168-a695bd3c87b7,Local Health Authorities,Local Health Authorities,,,,,
d2cfabdc-f215-431b-957c-09f06802daa5,Georgian Papers Programme,Georgian Papers Programme,,,,,
6bd4d697-9ccc-40d3-9a2a-4140e44789c5,Nightingale Fund,Nightingale Fund,,,,,
90ddb6dc-77ba-4cd8-9c6c-fe41a2cce368,Universal Pantheist Society,Universal Pantheist Society,,,,,
040654c0-90a2-4f3f-8ed9-c869b9d51ee0,Boydell Press,Boydell Press,,,,,
06e4f4ec-8b97-40e3-8f7d-96c604a2c0a3,"American Embassy, Lagos","American Embassy,, Lagos",,,,,
eeff84b6-c9f8-40c9-a6be-590a0c3608d6,Romantic Novelists' Association,Romantic Novelists' Association,,,,,
ebf5cb25-2bde-479e-87ba-df040f5c4113,Jardin des Plantes,Jardin des Plantes,,,,,
96c48fd6-ff3c-466e-8570-bdd064b07c01,Edinburgh Female Section,Edinburgh Female Section,,,,,
9d9ab824-3abd-4a9d-854e-da4e807b5399,National Council of Women of the United States,National Council of Women of the United States,,,,,
c919f5d3-e969-43ac-a28f-4451f0594f57,Wigan Public Library,Wigan Public Library,,,,,
ce1dc577-daef-4970-94fa-bc32cc080df0,Macdonald,Macdonald,,,http://viaf.org/viaf/265092408,http://viaf.org/viaf/265092408,
a83555b7-01ef-4639-b8a2-e2a89756edd2,London Booksellers' Society,London Booksellers' Society,,,,,
245c2bf1-6c80-4aa5-aac3-400466790253,MLA Committee on Scholarly Editions,MLA Committee on Scholarly Editions,,,,,
1ca39cf4-4868-449c-a994-dd51c2c2152d,Primavera Press,Primavera Press,,,,,
ea9a9022-9215-4843-9f19-1192336e1f14,University of Sussex,University of Sussex,,http://www.wikidata.org/entity/Q1161297,http://viaf.org/viaf/151949757,http://viaf.org/viaf/151949757,http://www.wikidata.org/entity/Q1161297
4f23bf61-c3bc-4f82-bd4f-3f476b446430,Young Vic Theatre,Young Vic Theatre,,,,,
96539c3d-3006-43a3-8505-1418b1d53edf,Society for the Prevention of Cruelty to Pregnant Women,Society for the Prevention of Cruelty to Pregnant Women,,,,,
c746e628-5b30-44bd-ba60-69ff69b060ea,Royal Hospital for Sick Children,Royal Hospital for Sick Children,,,,,
8ef29713-a99a-4f0b-aff5-d034aac12072,American Library Association,American Library Association,,,,,
697fdcd5-92a1-4503-8555-b98084aecc54,"London Hospital Medical College, University of London","London Hospital Medical College,, University of London",,,,,
8d083d92-15cb-4309-8f07-2493d9539750,Press Complaints Commission,Press Complaints Commission,,,,,
ab7b537f-291d-48d8-80a9-dcb65cde87e4,Menard Press,Menard Press,,,,,
e6c05e08-6ca8-4465-ae66-966d75444ca8,Alexander Turnbull Library,Alexander Turnbull Library,,,,,
ce5d123a-eca5-419c-9812-65ceaf12dc84,Brighton Co-operative Society,Brighton Co-operative Society,,,,,
739303d3-9a24-4894-95f2-139cf4c8301b,Female Anti-Slavery Society,Female Anti-Slavery Society,,,,,
5e8a386a-0f04-4378-823c-abfa497a00ef,Ivriah School for Girls,Ivriah School for Girls,,,,,
ef5f6666-51b7-4df8-b82a-a520f58b9c89,S. Crowder and H. Woodgate,S. Crowder and H. Woodgate,,,,,
c32e4fb5-221f-4fcb-b2df-ed18dc384088,Houghton Mifflin Company,Houghton Mifflin Company,,,http://viaf.org/viaf/159556432,http://viaf.org/viaf/159556432,
a2f78d05-c5a0-4d38-a6ab-6b00b7f363d4,Reuters,Reuters,,http://www.wikidata.org/entity/Q130879,http://viaf.org/viaf/132548028,http://viaf.org/viaf/132548028,http://www.wikidata.org/entity/Q130879
ebe15f44-cc19-46d2-937d-8287edb20a7f,Bloomsbury Group,Bloomsbury Group,,http://www.wikidata.org/entity/Q603529,http://viaf.org/viaf/152917697,http://viaf.org/viaf/152917697,http://www.wikidata.org/entity/Q603529
cae1b24f-ad9a-41d0-b19a-630bd3b14c95,Walton Gaol,Walton Gaol,,,,,
ac47b5e3-97a6-45f6-bce3-868473f238f2,Trinity Guild,Trinity Guild,,,,,
fe7f3e39-5c29-4905-8110-f7bff0ebc838,Theatre Centre Women's Company,Theatre Centre Women's Company,,,,,
2b9e05d6-e784-4313-a233-485a94532cba,Steerforth Press,Steerforth Press,,,,,
2d4ed257-ec40-4415-abdf-c9bd6c488939,Ekumeku,Ekumeku,,,,,
41db7b4d-70de-4f9b-90bc-a6bb82d69471,Guild of St George,Guild of St George,,,,,
d51531dd-f2e8-4514-9250-8183b15000da,Clowes,Clowes,,,,,
0634dc39-bd77-4dd6-8764-8c539d334cad,Netherlands Organization for International Development Cooperation,Netherlands Organization for International Development Cooperation,,,,,
88540246-be83-488c-9935-3594d86c626a,Society for the Suppression of Vice,Society for the Suppression of Vice,,,,,
596d3fba-b8a9-409d-9283-9da10ea30e21,Women Messengers,Women Messengers,,,,,
eb903870-5a30-420d-8637-d58a451aee4d,Political Prisoners' Aid Society,Political Prisoners' Aid Society,,,,,
1a72b59b-a20d-41e8-ac6a-028419b4d574,Klinik Hislanden,Klinik Hislanden,,,,,
4d6e8e65-c12a-4862-bff5-a589ad44c5d1,Institut Sainte-Marie,Institut Sainte-Marie,,,,,
b19da15c-35aa-40bd-859b-a7887966df0d,Young People's Missionary Association,Young People's Missionary Association,,,,,
55eb829c-1363-426c-bd71-2496577ace22,Royal Ulster Constabulary,Royal Ulster Constabulary,,,,,
5fac37a2-d1c6-4eb4-93f0-35a42244bffd,Fine Art Society,Fine Art Society,,,,,
388c66a3-ed43-4f0b-b66b-881f88126838,Imperial Legislative Council,Imperial Legislative Council,,,,,
491e4910-511e-47a3-a799-8c2a1c336304,Women's Monitoring Network,Women's Monitoring Network,,,,,
f976acd3-6331-4ec9-96dd-167533e9aeb2,Allison and Busby,Allison and Busby,,,http://viaf.org/viaf/142082115,http://viaf.org/viaf/142082115,
e8843da3-e0df-40f8-bf21-f9a08b28a509,Central Casting,Central Casting,,,,,
d58331ae-0a18-4045-a924-f40a456f77d6,Carnegie Club,Carnegie Club,,,,,
0628e114-344e-4950-b703-efcd8055dd70,Grand River Books,Grand River Books,,,,,
e5692329-00f9-4e29-9e58-7e0073649f34,Marconi plc,Marconi plc,,,,,
a459ec24-88ae-48e9-b022-c52939ce1da5,Kenya Farmers' Association,Kenya Farmers' Association,,,,,
5d9a8871-28d5-4d9b-977d-50bf1d424787,"Windsor Theatre, New York","Windsor Theatre,, New York",,,,,
4ce21027-1749-499b-abe8-88d1f80307fb,Land Nationalisation Society,Land Nationalisation Society,,,,,
a9a764eb-379d-40d4-a1ee-0277cb1cc5c9,Olympic Theatre,Olympic Theatre,,,http://viaf.org/viaf/130468234,http://viaf.org/viaf/130468234,
ae6b3e61-63cd-4d2c-b9eb-67102e307a83,Great Radical Association,Great Radical Association,,,,,
2b2bbf5f-2490-4e51-bef9-b5d09b93415d,United Kingdom Railway Temperance Society,United Kingdom Railway Temperance Society,,,,,
13f4804d-2678-4b70-bce6-6dfbe837b47a,"Eden, Remington, and Co.","Eden,, Remington,, and Co.",,,,,
4def75ec-080a-4f9e-a9fa-c31cce931eeb,"Theatre Guild, New York","Theatre Guild,, New York",,,,,
ae5580fa-b14a-4cc8-afe4-873c9d5a055c,Médecins Sans Frontières,Médecins Sans Frontières,,,,,
a43504d1-fb55-4c62-9615-daa3d8a68957,Society of the Supporters of the Bill of Rights,Society of the Supporters of the Bill of Rights,,,,,
992bd813-6413-4f8b-987c-7fa01c15892b,Salisbury Playhouse,Salisbury Playhouse,,,,,
657b7af5-b99a-456d-8d42-6a59c0d12dbe,International Medical Congress,International Medical Congress,,,,,
fa1f1fbf-8b80-4476-8541-ad30cc8a106a,Piccadilly Poets,Piccadilly Poets,,,,,
8a8a8d21-83e1-4c16-997d-caf1899bc5f2,Brilliance Books,Brilliance Books,,,,,
a5d45b55-15a9-4730-83ca-871f7c17d5ce,Literary Club,Literary Club,,,,,
0b166a55-a3a8-47fa-a981-3767abf1e514,Institute of British Architects,Institute of British Architects,,,,,
69962d88-9b45-454a-b8c5-a7945bc28186,Arthus Bertrand,Arthus Bertrand,,,,,
4e17d216-7ca0-49f1-a2c0-7d2589965f9b,Mothers' Committee,Mothers' Committee,,,,,
e0332437-6386-4e8c-8fd1-23a79b78f598,Mothers' and Babies' Welcome,Mothers' and Babies' Welcome,,,,,
2c398ce0-527b-4273-9fac-4c201912e39e,Portfolio Theatre,Portfolio Theatre,,,,,
d18cda9a-682f-4291-9ba4-3a1d8ae31920,Orange,Orange,,,,,
3b312465-ddd2-409e-8f64-0d18f37b5039,Select Committee on Midwife Registration,Select Committee on Midwife Registration,,,,,
4c65e4f1-b79c-4259-a368-1c38ebfe8501,Star Chamber,Star Chamber,,,,,
116c10a5-a79d-43ab-9cc6-9e4b79fbbb16,Civil Works Administration,Civil Works Administration,,,,,
5a6b8d92-884a-499f-8028-66ab7abf400c,Sunshine Homes for Blind Babies,Sunshine Homes for Blind Babies,,,,,
1a301206-bde1-4689-b72a-90b7cb0f56b2,Royal Ballet,Royal Ballet,,,,,
95c030b5-5dfd-4fe2-8e03-b8d7d1a4eab1,Embassy Theatre,Embassy Theatre,,http://www.wikidata.org/entity/Q15216553,,http://www.wikidata.org/entity/Q15216553,
a4621b9d-3424-4ba8-a4b8-4cddf17fb114,New Bodleian Library,New Bodleian Library,,,,,
c68d1e4e-4ff2-48b3-bf4b-ea12395d0194,Stanley Paul and Company Limited,Stanley Paul and Company Limited,,,,,
4a8110df-34ea-4b7f-9368-460799650ca1,Gucci,Gucci,,,,,
3a0109b5-fb4e-425f-8119-b7b9caaad60e,W. and R. Chambers,W. and R. Chambers,,,http://viaf.org/viaf/264492873,http://viaf.org/viaf/264492873,
2c8a150c-df15-4c7b-9992-591237f0a17a,Central School of Art and Design,Central School of Art and Design,,,,,
f5724fc2-0b90-411a-a234-b7ee5afcb87b,University of Liverpool,University of Liverpool,,http://www.wikidata.org/entity/Q499510,http://viaf.org/viaf/136918390,http://viaf.org/viaf/136918390,http://www.wikidata.org/entity/Q499510
480fdb2d-87e1-452f-b4b0-2534109a822f,Liverpool Suffrage Society,Liverpool Suffrage Society,,,,,
8327bc2b-5df3-4092-b7cd-d279580edc83,American Irish Foundation,American Irish Foundation,,,,,
493e3c91-7ce8-458e-b0fe-2622e05ca041,Leicester Ladies Negro Friendly Society,Leicester Ladies Negro Friendly Society,,,,,
93aa726a-6faf-41ee-a713-6f85c7a6f89b,Uffizzi,Uffizzi,,,,,
eb5b5d58-9d66-4d8b-8104-781788035cf6,Pakistani Constituent Assembly,Pakistani Constituent Assembly,,,,,
6d595ca6-3d34-441f-a38a-557a15b888e9,Bristol Hippodrome,Bristol Hippodrome,,,,,
48378331-f361-452d-b59c-8391e5526cc0,Welsh Society,Welsh Society,,,,,
441a7ba4-d1fd-4497-94f6-ca98cf31fb33,Doves Bindery,Doves Bindery,,,,,
426ca5aa-c06f-4606-900c-65049e449c80,Civil Defence,Civil Defence,,,,,
7c89f458-4c33-40b6-ab52-e7440ca14feb,"Bethany College, West Virginia","Bethany College,, West Virginia",,,,,
21aa0e65-5888-49d4-be00-56ea886d252a,Mayakovsky Museum,Mayakovsky Museum,,,,,
8b8f6e9e-1888-4b97-94c0-bed684e061e6,Matrimonial Causes Procedure Committee,Matrimonial Causes Procedure Committee,,,,,
b50b0103-3038-4de3-a390-3f172a0ead05,Navvy Mission Society,Navvy Mission Society,,,,,
38de684e-447d-4e98-9626-c0d21d04d028,Gazetter of Arabia,Gazetter of Arabia,,,,,
27eb8cd5-d3d1-49fa-8ac6-d8c809089998,Studio Ghibli,Studio Ghibli,,,,,
e3457a03-1454-4eb0-8def-dfdd2ef0457c,Pan,Pan,,http://www.wikidata.org/entity/Q3892930,http://viaf.org/viaf/169248630,http://viaf.org/viaf/169248630,http://www.wikidata.org/entity/Q3892930
0b37f1eb-b97c-49e3-8831-86a532b90fe6,Kilburn Polytechnic,Kilburn Polytechnic,,,,,
086b1e08-e380-49bd-9fa7-962d0a7a21f8,Campaign for Nuclear Disarmament,Campaign for Nuclear Disarmament,,,http://viaf.org/viaf/144215085,http://viaf.org/viaf/144215085,
61b9c679-ae43-4d6a-9dfd-bb435c2dbbc4,International PEN Women Writers Committee,International PEN Women Writers Committee,,,,,
bdb67d71-55f6-49fa-92d3-13f9a2dd0ec5,Cotswold Players,Cotswold Players,,,http://viaf.org/viaf/14161149825034942464,http://viaf.org/viaf/14161149825034942464,
f2e3a395-441d-4d5c-97b7-d8dcb9aeb9f9,"Theatre Royal, York","Theatre Royal,, York",,,,,
83820590-c7e5-4367-b836-c1471467c986,Pascoe Grenfell and Sons,Pascoe Grenfell and Sons,,,,,
2970c5ce-3591-4346-9743-fc847fd82f51,Sagot's Gallery,Sagot's Gallery,,,,,
95a96412-a566-4b4b-8309-13e8a456a733,Society for Printing and Publishing the Works of Swedenborg,Society for Printing and Publishing the Works of Swedenborg,,,,,
6d2b85e8-71c7-48b7-ba46-c9252287e197,Live Theatre,Live Theatre,,,,,
e6274979-905a-40dd-a0de-09aaec31ac06,Chapman and Hall,Chapman and Hall,,http://www.wikidata.org/entity/Q2054191,http://viaf.org/viaf/151283596,http://viaf.org/viaf/151283596,http://www.wikidata.org/entity/Q2054191
fc70918b-dd10-46b6-bb96-6d53aa77b81d,Cominform,Cominform,,,,,
48bbc9cd-a615-4d15-83d4-38affd572dba,Finsbury Theatre,Finsbury Theatre,,,,,
ca44f4cb-5157-4249-8559-17ba9f5654b7,Congress for Cultural Freedom,Congress for Cultural Freedom,,,,,
72d3f906-f323-471e-9846-21dc52a21ebf,Becket and De Hondt,Becket and De Hondt,,,http://viaf.org/viaf/121291923,http://viaf.org/viaf/121291923,
37b1e902-d71d-4e6a-8f2b-f007f4b7ac87,Eldridge Johnson,Eldridge Johnson,,,,,
dcb4fa0a-4692-4c84-aa9f-b1cf19930ac4,Channel 4,Channel 4,,http://www.wikidata.org/entity/Q501070,http://viaf.org/viaf/275636012,http://viaf.org/viaf/275636012,http://www.wikidata.org/entity/Q501070
66fa7ec9-d327-48e7-a2c0-70d747f2ee21,Girl's Life Brigade,Girl's Life Brigade,,,,,
a1615e6e-1c3a-4361-ad46-f379655640d1,Simon and Schuster,Simon and Schuster,,,http://viaf.org/viaf/149958803,http://viaf.org/viaf/149958803,
fdb4a037-abd7-463b-b905-134ca47b57f4,Gothic Printing Company,Gothic Printing Company,,,,,
029c1b3f-6071-4a49-85eb-55878b244190,Female Naval Orphan School,Female Naval Orphan School,,,,,
1af6d2e0-f2a1-45f5-8467-b96ee9a20c62,War Censor's Office,War Censor's Office,,,,,
b1cee787-1d21-47e1-9035-5de4b71f3a3d,National Society's Depository,National Society's Depository,,,http://viaf.org/viaf/159812471,http://viaf.org/viaf/159812471,
6fe892db-9f16-45be-851d-63938b6c713f,West London Ethical Society,West London Ethical Society,,,,,
2f55e036-c2c0-43f9-98ba-bc8e772367d3,Prince of Wales Theatre,Prince of Wales Theatre,,,,,
5279e0da-ae3a-455e-9584-30437afd7766,University of Strathclyde,University of Strathclyde,,,,,
c17bcfba-95e2-4484-8073-fab722a346c6,Christian Socialist Movement,Christian Socialist Movement,,,,,
13b743d6-51c4-4134-bee4-1bacc584ffd0,Royal Military Academy,Royal Military Academy,,,,,
46243d85-dd94-449e-b410-8c3208e34496,Workers' War Emergency Committee,Workers' War Emergency Committee,,,,,
1ba68bb3-8531-4c9e-8f7f-f9d358180290,Highgate Literary and Scientific Institution,Highgate Literary and Scientific Institution,,,,,
1fb61e7c-db8a-44e7-a4a4-187fb6d6b465,Advisory Board for English,Advisory Board for English,,,,,
8c52397e-a5cf-4fef-ad66-bf219cb31768,Académie des Sciences,Académie des Sciences,,,,,
fe1e6614-e2c2-4467-8d9b-6811b6d77b99,Ananda Publishers,Ananda Publishers,,,,,
5bcfaf22-c5ad-4727-8d76-0f56af049d3f,Dräger,Dräger,,,,,
172afdec-addb-4494-96bf-965472b982c7,Old People's Welfare Association,Old People's Welfare Association,,,,,
4789ed6b-5efa-47fe-bd42-baf4a4da6159,Cardiff International Poetry Competition,Cardiff International Poetry Competition,,,,,
4d7c549c-19ab-4575-a8e7-4cf4c75f5e34,Collection of American Literature,Collection of American Literature,,,,,
8639f17d-d32e-4aa4-9c55-31dfb8cbac2d,"St Mary's College, University of St Andrews","St Mary's College,, University of St Andrews",,,,,
54a4888b-28ab-4f4d-8af3-65a229782e19,"Princess's Theatre, Doncaster","Princess's Theatre, Doncaster",,,,,
7b25b7ab-1d56-4c10-bae8-8e7933ee65ed,Machinists' Society for Tailoresses,Machinists' Society for Tailoresses,,,,,
0268e3f7-3fa2-42d2-8994-ec70af9d5d44,Highland Society,Highland Society,,,,,
0ac2da7c-c291-450d-b0fe-953451ad604a,Royal Latin (Free) School,Royal Latin (Free) School,,,,,
8dfbc76a-fff3-48cb-845f-575b6214766f,Havergal College,Havergal College,,,,,
95786fc5-788c-43cf-99f5-ae10f8fb6cbe,Birmingham Architectural Association,Birmingham Architectural Association,,,,,
e11d6d0e-ba49-4817-b86d-bad2b0b6ac17,National Union of Suffrage Societies,National Union of Suffrage Societies,,,,,
9ce0ae02-be4a-452d-816e-46b357d04c0c,Bastille,Bastille,,,,,
d6464b2b-c423-4fe9-ac4b-e03ee612b679,Women's National League,Women's National League,,,,,
19b17b35-149d-42d1-bf4a-f3557eda036c,Royal Naval Division,Royal Naval Division,,,,,
cd058fd7-493d-4242-be88-12e6ad067a81,Airwork Limited,Airwork Limited,,,,,
ff639481-ba08-4c67-8aa1-2ca2dc168a67,Sex Pistols,Sex Pistols,,,,,
a19bff8c-a931-4a46-b681-c08793f4f04d,Halcyon Club,Halcyon Club,,,,,
6fb1a230-ff20-472c-86f1-bc39abad4073,Marylebone Radical Association,Marylebone Radical Association,,,,,
a9da0fa4-7356-47e1-8606-67a716e9616b,"Hodges, Figgis","Hodges,, Figgis",,,,,
12927925-a63f-4ddf-92ab-3ffbfe369eec,United Postal Workers,United Postal Workers,,,,,
e5b9c8dc-7690-4cfb-a7e8-6b06a3f8830e,New Park,New Park,,,,,
233d25aa-d373-43ff-83bf-870a8d59cc9d,Imperial Institute,Imperial Institute,,,,,
9b7ed361-2e8c-4a93-a175-23f197424e70,Royal Cornwall Polytechnic Society,Royal Cornwall Polytechnic Society,,,,,
f19b5d1b-572e-4e82-ad01-08f8ce1079ef,Internet Corporation for Assigned Names and Numbers,Internet Corporation for Assigned Names and Numbers,,,,,
ee1430ba-3c0d-433b-a5cf-cc5c71b772d3,Mainstream Press,Mainstream Press,,,,,
69d44ae5-1563-43eb-8e4c-c694fa3220db,Status of Women Committee,Status of Women Committee,,,,,
3dae9f47-a9a5-4896-a614-0ab416396c87,Crofton Grange,Crofton Grange,,,,,
2a046322-b12d-49d4-8723-22368e5163ad,National Reform League,National Reform League,,,,,
065079eb-18ae-443b-ad91-480d0f788c14,National Assembly,National Assembly,,,http://viaf.org/viaf/148462593,http://viaf.org/viaf/148462593,
3e723a87-7447-4771-b32b-5ff23cd4b47e,"National Waterfront Museum, Swansea","National Waterfront Museum,, Swansea",,,,,
27e9d8f4-19e9-4356-985a-83effb29668c,Haverly's Coloured Minstrels,Haverly's Coloured Minstrels,,,,,
ff208c6d-7007-43ad-9e5c-8ee931d92b2f,Kearsley,Kearsley,,,,,
d57a2529-bdf5-49c4-80d3-48b3e700b42b,Keswick Movement,Keswick Movement,,,,,
9292ad55-00da-475a-b4c3-b4f087e3a897,Messrs Biggar and Odhams,Messrs Biggar and Odhams,,,,,
16f2670b-891b-4114-a80f-37d2c7732ff9,National Hospital for Nervous Diseases,National Hospital for Nervous Diseases,,,,,
e5fef44d-acec-4d9a-8941-cd707ff4842d,Messrs Ricordi and Co.,Messrs Ricordi and Co.,,,,,
6dcf585d-3f8f-4f1f-bcea-73d6173dbae3,"Royal College of Physicians, Edinburgh","Royal College of Physicians,, Edinburgh",,,,,
81da812d-0b0e-4e9e-b3d0-ac210cdd3d73,Women's Voluntary Corps,Women's Voluntary Corps,,,,,
11e21d24-dbd4-42df-bf92-ca1d2227f879,Redland High School,Redland High School,,,,,
7d1904b6-ee33-4f95-a26b-cf3a1df3a4b2,Serb-Croat-Slovene Child Welfare Association,Serb-Croat-Slovene Child Welfare Association,,,,,
db0b6951-9ba2-45e1-88b0-e1cac13b0fd9,Catholic Social Guild,Catholic Social Guild,,,,,
ecaba551-7a29-4f5f-ab69-1eecc947e233,British Astronomical Association,British Astronomical Association,,,,,
6c2dd6b6-76be-4aa0-9ee1-fb9d8ed3e217,Department of Health and Social Security,Department of Health and Social Security,,,,,
9efe54c3-1450-4404-82e7-ea15ac1b082f,Soviet Anti-Fascist Women's Committee,Soviet Anti-Fascist Women's Committee,,,,,
9003d489-d095-4daa-bca9-7f1cb662a22e,Erasmus University,Erasmus University,,,,,
0153e81b-8d2f-4d9b-b5eb-ee0e2d1a838b,Prix Femina,Prix Femina,,,,,
a47474ae-c20b-45f2-9959-9a3784a93a00,Omega Club,Omega Club,,,,,
294665bc-2d0f-4ac7-ac84-6a0f54378182,London Women's Symphony Orchestra,London Women's Symphony Orchestra,,,,,
d0724288-fae9-4c98-bc03-3fe72eb133ae,Irish Self Determination League,Irish Self Determination League,,,,,
486069aa-2d1a-49b4-a5c0-22a2f22ebe53,W. Nicholson,W. Nicholson,,,,,
39e1b132-7fad-48bc-86f5-ca055217bebd,Women's International Zionist Association,Women's International Zionist Association,,,,,
b827c7a6-2cd4-46cb-9fd5-5fc64bd0e8dd,Soho Poly,Soho Poly,,http://www.wikidata.org/entity/Q55840941,,http://www.wikidata.org/entity/Q55840941,
1fd72aa6-1216-4b32-b6cb-eeef6977276e,J. Saville,J. Saville,,,,,
f6a27210-733e-431c-8b89-73932388ca83,Scala Theatre,Scala Theatre,,,,,
a2797317-9ff5-4365-a571-7b752ac02a12,Indian Imperial Police,Indian Imperial Police,,,,,
dcc0f423-06bb-4767-b461-f89e863b859f,Home Office,Home Office,,http://www.wikidata.org/entity/Q763388,http://viaf.org/viaf/155146331977418702848,http://viaf.org/viaf/155146331977418702848,http://www.wikidata.org/entity/Q763388
17ba3908-44e7-4c6c-b498-9f375d48f862,Trafalgar Square Theatre,Trafalgar Square Theatre,,,,,
d1492edc-346b-4ee2-adf6-9d7843beb047,University of Amsterdam,University of Amsterdam,,,,,
3e76a295-3d4d-4feb-b5f1-7f61634492c5,Poetry Library,Poetry Library,,,,,
f690e0ce-0256-41e1-bd6d-949ee5ca8f86,Cuala Press,Cuala Press,,,http://viaf.org/viaf/151773916,http://viaf.org/viaf/151773916,
77202e2d-cb05-4e7e-9358-592847189a92,Somali Youth League,Somali Youth League,,,,,
c3fe037c-30f7-4d15-bbbc-675683af4a13,Marylebone Police Court,Marylebone Police Court,,,,,
b6d9f64b-62db-488d-8243-39731b25966a,Irish Literary Theatre,Irish Literary Theatre,,,http://viaf.org/viaf/146714688 | http://viaf.org/viaf/315662417,http://viaf.org/viaf/146714688,http://viaf.org/viaf/315662417
7290e155-da96-41fa-85a0-3614bce23aee,Indian Medical Service,Indian Medical Service,,,,,
2a2d4fe4-7e75-4360-b2b3-471c51c59d82,Mouvement de libération des femmes,Mouvement de libération des femmes,,,,,
ac52e522-a2ea-4cae-916e-180a0fbbd896,Catatonia,Catatonia,,,,,
b3842b8f-7774-48a7-8b6c-2f2eacd3120c,Palach Press,Palach Press,,,,,
4434f5a6-8328-4bd1-95ea-bbac430d2f98,London Society for the Promotion of Christianity among the Jews,London Society for the Promotion of Christianity among the Jews,,,,,
7571fb8b-9dc5-4c0a-a95d-037d770e1197,Historical Society of Pennsylvania,Historical Society of Pennsylvania,,,http://viaf.org/viaf/142518556,http://viaf.org/viaf/142518556,
d6ea0080-8f62-42ed-89e7-ef0bb5a43a97,Morris and Company,Morris and Company,,,,,
d1bcb235-eb74-486b-ba88-1f591ae1ae8a,Oxford Group,Oxford Group,,,http://viaf.org/viaf/34144928667954442240,http://viaf.org/viaf/34144928667954442240,
3e7bae64-2769-416e-a553-6293e54e476a,Taliban,Taliban,,,,,
08d59a01-2497-45e0-8437-016c1a8b8c32,"W. Gardner, Darton","W. Gardner,, Darton",,,,,
f4e08ad5-7718-4ed5-825d-c418124a3259,Irish Confederation,Irish Confederation,,,,,
6be50f45-3e3b-4a6b-a936-5f179dff37cf,Ruskin Society,Ruskin Society,,,,,
c57525f3-defa-44c4-bce2-e68ab54b1c85,Houghton Library,Houghton Library,,http://www.wikidata.org/entity/Q3719374,http://viaf.org/viaf/155530939,http://viaf.org/viaf/155530939,http://www.wikidata.org/entity/Q3719374
78803f94-c2fd-4a39-9ef9-d343c213a058,"Lyric Theatre, Shaftesbury Avenue","Lyric Theatre,, Shaftesbury Avenue",,http://www.wikidata.org/entity/Q3269699,,http://www.wikidata.org/entity/Q3269699,
05ff394e-b380-438f-8688-5f14eebf8812,Almack's Club,Almack's Club,,,,,
e3a0fa93-cd76-4c7c-9af6-54ccbe8c1ea2,Baptist Church,Baptist Church,,http://www.wikidata.org/entity/Q93191,,http://www.wikidata.org/entity/Q93191,
a4a2b943-dc0b-4495-96ab-a06c1c975351,Rochester Academy,Rochester Academy,,,,,
f50fef6b-82c5-4fee-9073-b71f63c4b71d,Society of Women Welders,Society of Women Welders,,,,,
7530fdae-04bb-4d32-8572-6c4f487c506c,Bushmills Comprehensive School,Bushmills Comprehensive School,,,,,
4a61b2df-ff02-42e9-b0e4-5dc4445d63ba,SUNY,SUNY,,,,,
747b5c41-8e1c-48dc-9b88-94dcc54c71f1,Richard Bentley and Son,Richard Bentley and Son,,http://www.wikidata.org/entity/Q73939642,http://viaf.org/viaf/126230561 | http://viaf.org/viaf/132959281 | http://viaf.org/viaf/4146951371115372498,http://viaf.org/viaf/126230561,http://viaf.org/viaf/132959281 | http://viaf.org/viaf/4146951371115372498 | http://www.wikidata.org/entity/Q73939642
aa095e58-45eb-4daa-99cf-3597b1dde5e2,Council of Jews,Council of Jews,,,,,
1d0b4482-ead3-4dbd-aa15-730fe885a9cd,Melesina Press,Melesina Press,,,,,
0fa8bf1f-7ff4-4ae4-8234-180c33b3b20d,Benedictine Community of St Mary at the Cross,Benedictine Community of St Mary at the Cross,,,,,
b2197968-556d-4684-a43c-3107a37070e7,E. Churton and Company,E. Churton and Company,,,,,
16f63c4c-58e1-4db3-ab60-74f73af089b4,Jew's Infant School,Jew's Infant School,,,,,
3f740602-39a5-44ee-b72f-9963504ceca0,Argo,Argo,,,,,
9893b800-1ec8-45ac-8f29-2603daac558a,Swedenborgians,Swedenborgians,,,,,
64d0c410-3304-45c3-bda1-612aadd8f902,Calotype Club,Calotype Club,,,,,
a49b9581-a20c-4af2-90c8-e30f5c95bcb8,Henry Drane,Henry Drane,,,,,
fe89bbef-e8ca-4f69-a953-a810f7bc1e25,Salvation Army,Salvation Army,,http://www.wikidata.org/entity/Q188307,http://viaf.org/viaf/153030282,http://viaf.org/viaf/153030282,http://www.wikidata.org/entity/Q188307
4c6aff84-877f-41cb-b32f-1d83c897f217,Microsoft,Microsoft,,,,,
6c282321-161f-4cb9-8241-b0e9ca5fbca9,Minuit Press,Minuit Press,,,,,
d73ddc9b-a566-46ca-95fb-d03d43d0231e,Pace University,Pace University,,,,,
f3ea9c6f-2955-4f06-bcad-3df6d00aa43f,"Archival Survival, Inc.","Archival Survival,, Inc.",,,,,
6d190536-b43e-4028-b9a0-a290cc4e7a85,Hammer Films,Hammer Films,,,,,
a5d01849-8102-40f1-86b1-59e3c2ffad9d,E. Kerby,E. Kerby,,,,,
c1bc01f6-b56f-45f3-8dbf-458ed9752d82,Warner Brothers Corset Company,Warner Brothers Corset Company,,,,,
3f5487a9-058b-4a38-bab3-4794e8cfa01c,St Augustine's College,St Augustine's College,,,,,
10f41004-b902-4795-8d88-18d85c357cc0,Repeal Association,Repeal Association,,,,,
b9c5a4e6-c7b8-4ed9-9507-10f52ba2b28c,Court Theatre,Court Theatre,,,http://viaf.org/viaf/149883392,http://viaf.org/viaf/149883392,
9a34c961-a603-4aff-92aa-3cfad36deb23,Metaphysical Society,Metaphysical Society,,,,,
ab37362c-d792-4361-a3fd-5c066fe84e23,Kavan Properties,Kavan Properties,,,,,
53065d8e-d402-43dc-bf58-c99ef240a8f6,Worth,Worth,,,,,
f345f735-4c1b-4369-bb52-f1de4bed2b31,Time and Tide Publishing Company,Time and Tide Publishing Company,,,,,
61fb9f2a-bcfd-4876-b35c-c4da89f0ad26,Irish American Institute,Irish American Institute,,,,,
dbd40dff-8194-475a-a60b-2f3211a6b7b1,Mayflower Books,Mayflower Books,,,,,
311be88c-5c19-4f3f-84bc-ff60fc15f115,London Throat Hospital,London Throat Hospital,,,,,
5fddb91e-dc55-48f1-a3f5-282106076d4f,Henrietta Bird Memorial Hospital,Henrietta Bird Memorial Hospital,,,,,
26505a23-40fe-48d1-ad43-2419124e9e67,Pitts Theology Library,Pitts Theology Library,,,,,
21621435-98eb-4a48-9b19-92ef65f6c611,Adelaide Hospital,Adelaide Hospital,,,,,
21ffa26c-41f2-4da5-a688-77a6d944b92b,Sierra Leone Company,Sierra Leone Company,,,http://viaf.org/viaf/154845909,http://viaf.org/viaf/154845909,
71094aa9-4138-486c-b2c0-349d2ec1c901,Indian Intelligence Service,Indian Intelligence Service,,,,,
32d60f59-763e-4f98-9f56-511f3fdd0370,Traverse Theatre,Traverse Theatre,,,,,
c1a624be-a9d8-471f-a0d4-0c3856702756,Ashgate,Ashgate,,http://www.wikidata.org/entity/Q4805028,http://viaf.org/viaf/312738538,http://viaf.org/viaf/312738538,http://www.wikidata.org/entity/Q4805028
f755340b-d70b-4f2d-8aff-598ed85dc750,Rank Organization,Rank Organization,,,,,
4d99aef6-302d-4550-aa8b-61337c9291b3,Commission for Racial Equality,Commission for Racial Equality,,,,,
2fd1cd87-393f-490f-b391-91a21d5729b5,Artane Industrial School,Artane Industrial School,,,,,
efb09289-f610-4476-85bb-48874b665f51,Bloomsbury Auctions,Bloomsbury Auctions,,,,,
b99a6070-2247-4a57-9864-a9f172b9126f,Famine Relief Committee,Famine Relief Committee,,,,,
676e6c51-e04e-4525-abbc-0db56843e1f0,Légion d'Honneur,Légion d'Honneur,,,http://viaf.org/viaf/122730487,http://viaf.org/viaf/122730487,
138d2249-b040-4ad7-9512-d40b019f03dc,J. and W. Chester,J. and W. Chester,,,,,
57289025-505f-4645-b451-99f2310704d5,John Wheble,John Wheble,,,,,
d6d627c0-0ca5-43ab-8a4a-173812f61291,Royal College of Obstetricians and Gynaecologists,Royal College of Obstetricians and Gynaecologists,,,,,
d9d8fc3a-2201-4bca-a5e3-7e07c62ba4a7,Inn of the Sixth Happiness,Inn of the Sixth Happiness,,,,,
95d177ff-dbaa-4759-8a96-03420ea5bde3,Prince of Wales College,Prince of Wales College,,,,,
b76a1af4-88ca-4169-b58d-3fa1d37119b4,Society of Artists of Great Britain,Society of Artists of Great Britain,,,,,
52c2acbb-2738-471d-b997-b9a7fe8fbdc1,Farmer-Labor Party,Farmer-Labor Party,,,,,
dc01fa4d-9346-4ca0-b079-3d464d055fac,Union of Women in Bookbinding,Union of Women in Bookbinding,,,,,
4608c6d6-678c-4f2e-8970-557721c5b062,New Black Panthers,New Black Panthers,,,,,
8adbad8d-5d03-434e-adfc-16e82ad65f0d,Collier Books,Collier Books,,,,,
b61d42bc-f8e3-4325-8329-a7426adcd4b9,Dramatists Play Service,Dramatists Play Service,,,,,
0305f98d-d44b-49ce-a1fa-bfda6e498579,Sarah Bonnell High School for Girls,Sarah Bonnell High School for Girls,,,,,
1b1732c8-dfd9-4b7c-ac8e-8791bf4e4733,General Sea-Bathing Infirmary,General Sea-Bathing Infirmary,,,,,
536450ef-42eb-4351-9b10-2fbf656ae70e,Ku Klux Klan,Ku Klux Klan,,,,,
6a7e92eb-2572-447b-b5ce-63896ab9eeb4,Happy Dragons Press,Happy Dragons Press,,,,,
d19b07a8-1a4b-4209-a696-53ee1082119d,Bernard Lintot,Bernard Lintot,,,http://viaf.org/viaf/34509981,http://viaf.org/viaf/34509981,
b26ee5a9-a034-4910-b54b-78a53688cbcd,Gallup,Gallup,,,,,
952a9187-373f-4325-81f3-663960908bab,Fortnum and Mason's,Fortnum and Mason's,,,,,
458d73ae-6a94-44ee-8cba-08ae48803282,Freedmen's Aid Societies,Freedmen's Aid Societies,,,,,
1deb3af5-50ff-4bc8-ba3d-9c861b8932a1,Comedy Theatre,Comedy Theatre,,,http://viaf.org/viaf/144941103,http://viaf.org/viaf/144941103,
8ed66776-c4bf-418a-9e8c-84ab596930b7,"I. Cockshaw, Jr","I. Cockshaw,, Jr",,,,,
53b343f8-9c7a-46af-8f0a-b7a86437fec4,Peace Committee,Peace Committee,,,,,
34f19622-35e4-4190-84c6-3727829876b6,Working Man's Club,Working Man's Club,,,,,
61ad9272-ff79-4319-b640-4db9b761c9e6,London Sinfonietta,London Sinfonietta,,,,,
d44de56f-113d-4523-97d4-be97b19cd7f7,Raphael Tuck,Raphael Tuck,,,http://viaf.org/viaf/141274649,http://viaf.org/viaf/141274649,
c30088f7-af17-4bce-bdab-122cca8b0e77,University of Bologna,University of Bologna,,,,,
521e4a1b-62bc-45e4-a3b3-4ef2ea169413,Anne Sexton and Her Kind,Anne Sexton and Her Kind,,,,,
769187f4-5053-4202-9fda-e051c1739ec4,National Policy League,National Policy League,,,,,
5a903cfc-e77c-4f10-b8bf-e2a81ab95f90,Gehenna Press,Gehenna Press,,,,,
46dc59e3-900a-407d-9adc-2ce1fc85fb79,Victorian Institute,Victorian Institute,,,,,
53d19bb4-9699-4ca5-a15a-c15ca18bb75d,Royal Surrey Theatre,Royal Surrey Theatre,,,http://viaf.org/viaf/233661039,http://viaf.org/viaf/233661039,
ef24993d-28c0-4c91-b0d0-d99324b80f4e,Brook Street Bureau,Brook Street Bureau,,,,,
3d4ee22d-d242-4e00-b1c6-ba4a724d82f9,Chelsea Building Society,Chelsea Building Society,,,,,
91c3ff8b-d749-422f-8f33-e8955c1bfffd,University of Milan,University of Milan,,,,,
6a93b9d7-4296-403e-a586-5eacefc11e33,Sobell House,Sobell House,,,,,
a50afec5-c10c-459a-80e4-1c8d4ccc2933,London Assurance Corporation,London Assurance Corporation,,,,,
ab6c145c-7694-48bc-b11e-9595be26d44b,Fawcett Society,Fawcett Society,,http://www.wikidata.org/entity/Q16980525,http://viaf.org/viaf/143033697,http://viaf.org/viaf/143033697,http://www.wikidata.org/entity/Q16980525
008a8ad2-e9bb-4d95-bb19-e96bd387ae57,Association of Fraternal Democrats,Association of Fraternal Democrats,,,,,
fe644b81-73f2-4b63-8b60-b6ba711161f4,New Freewoman Company Ltd,New Freewoman Company Ltd,,,,,
b861bce4-a4ca-40d3-8a32-81287efcd905,Commonwealth Press Union,Commonwealth Press Union,,,,,
e55ced9e-fae9-4a42-a24c-63db25fa49be,Huddersfield Church Institute,Huddersfield Church Institute,,,,,
0581d9af-78ca-43ce-85a4-764a1e43a2c4,Suffragette Fellowship,Suffragette Fellowship,,,,,
89c3ecde-8879-4036-9363-b4d189a626f8,Protestant Association,Protestant Association,,,,,
78d1140e-cafa-4300-bbb9-4a2b983d8686,Union of Shirt and Collar Makers,Union of Shirt and Collar Makers,,,,,
9e45648f-5c0e-41c0-8a0b-72eec8764fc0,Clubs Industrial Association,Clubs Industrial Association,,,,,
d027db00-4473-442e-9ef2-66c0b0f2adfe,Fordham University,Fordham University,,,,,
b177b352-6545-4048-8274-7dd435eeab67,Whitworth Institute,Whitworth Institute,,,,,
ae547982-315a-4ef3-b4c0-f66474c67399,International Brigade,International Brigade,,,,,
0c305ee0-929b-473e-8bde-04405d3a3e62,Stonewall,Stonewall,,,,,
199ba1e4-05c2-4416-85f4-6f9b698f9bb7,National Theatre of Scotland,National Theatre of Scotland,,,,,
ed79d366-65e4-4a62-aa01-3cb2548927a7,Lewis,Lewis,,,,,
9fa42685-0750-436d-acaf-947569f95cca,Association for Preserving Liberty and Property,Association for Preserving Liberty and Property,,,,,
f4db0e2e-f1e3-4392-bfdc-82c0cccc48d2,Newlyn,Newlyn,,,,,
77eda1eb-daa3-4e1a-8389-beb1b8522b6e,"Infectious Diseases Hospital, Warrington","Infectious Diseases Hospital,, Warrington",,,,,
3e633ab5-d662-47ef-afe8-ff1d59eb053c,Johns Hopkins Medical School,Johns Hopkins Medical School,,,,,
ff5f68af-9cb5-4c2f-b0a8-db67f32639cc,McClelland and Stewart,McClelland and Stewart,,,http://viaf.org/viaf/152755326,http://viaf.org/viaf/152755326,
9814982b-0089-4275-bfab-feddfed78a9d,Oddfellows,Oddfellows,,,,,
7911dc42-95c5-40ef-99ec-56da67cc15b7,"Queen Margaret's School, Darlington","Queen Margaret's School,, Darlington",,,,,
78f882f8-72f4-4dab-b87b-ccc97f329083,Georgetown University,Georgetown University,,,,,
34f3fa7b-0725-4331-b3dc-88e36f1daaa6,International Campaign to Ban Landmines,International Campaign to Ban Landmines,,,,,
310346c3-e297-4acc-abaa-e726c26c3841,British Institute in Florence,British Institute in Florence,,,,,
cab2b736-6a68-4ac1-8291-c2d9e69fc0ef,Authors' Club,Authors' Club,,,,,
432131ee-94af-464a-9f4f-249d4c776996,C. S. Francis,C. S. Francis,,,,,
92e3a70e-a288-4d5d-964f-dd643eee4aff,Ladybarn House School,Ladybarn House School,,,,,
5eb1be1c-0f86-449b-bf05-12891e2f6505,Boston Center for Adult Education,Boston Center for Adult Education,,,,,
8be2908a-e658-4097-8c0c-340a7bd16afd,Free Church League for Women's Suffrage,Free Church League for Women's Suffrage,,,,,
eaa1a4ee-6886-432c-8cd7-fea61619a6e6,Persephone Books,Persephone Books,,http://www.wikidata.org/entity/Q7170105,http://viaf.org/viaf/154010484,http://viaf.org/viaf/154010484,http://www.wikidata.org/entity/Q7170105
f51c2de8-b00d-4387-a2d5-5ed25bad1297,Bayerische Staatsbibliothek,Bayerische Staatsbibliothek,,,,,
4b056893-cdaa-4282-9d9e-ad98161d47e9,RKO Studios,RKO Studios,,,,,
b0e17961-f2c5-40bd-8cc6-314f062bd186,Sunderland Co-operative Society,Sunderland Co-operative Society,,,,,
904e4d4e-6227-48f7-8047-d42ecc56f914,Conference on Christianity and Literature,Conference on Christianity and Literature,,,,,
0e343b00-a104-4db0-864f-391aa162598b,All England Croquet and Lawn Tennis Club,All England Croquet and Lawn Tennis Club,,,,,
9e7c3040-5f57-4dbc-896f-216c0e0de295,Iraq Petroleum Company,Iraq Petroleum Company,,,,,
04055b6f-2756-4336-b536-9856b576d239,Drug Advice and Research Office,Drug Advice and Research Office,,,,,
4ccc8730-7dcf-4ffa-ba18-47470833c330,Jamaica Save the Children Association,Jamaica Save the Children Association,,,,,
7bb16ea0-3cfd-43a0-a703-d58a8c6284d8,Foynes and Company,Foynes and Company,,,,,
5084e9fa-d077-4b1c-aaf5-b05a761baf92,Bolivar Mining Association,Bolivar Mining Association,,,,,
fdc21a8a-f681-4ecc-93ee-aafc31e3db2c,Roberts Brothers,Roberts Brothers,,,http://viaf.org/viaf/153421486,http://viaf.org/viaf/153421486,
66bcf688-433d-4b76-a6d5-ad94a533ef0b,Scottish Typographical Association,Scottish Typographical Association,,,,,
2d8e3fc3-77d5-4e46-b53b-cccd00e96014,University of Kent at Canterbury,University of Kent at Canterbury,,,,,
f36b7097-0d7e-401a-8ce9-7fcb1d67a81e,Carmelite Order,Carmelite Order,,,,,
76e6398e-e736-4f7c-a622-022e57387267,London Committee for Suppressing the Traffic in British Girls,London Committee for Suppressing the Traffic in British Girls,,,,,
15ddbd53-ce0b-4424-8374-c70c1f97985d,Women's Labour League,Women's Labour League,,http://www.wikidata.org/entity/Q18163374,http://viaf.org/viaf/133234451,http://viaf.org/viaf/133234451,http://www.wikidata.org/entity/Q18163374
22f4a433-fcfe-45d7-9590-28a5d584057a,Leeds International Pianoforte Competition,Leeds International Pianoforte Competition,,,,,
4b905b83-ddef-4399-a6c0-273ee9b8e2be,College of Wooster,College of Wooster,,,,,
37a32b59-b7b8-4a6d-b144-a396c6bd245e,University of Massachusetts,University of Massachusetts,,http://www.wikidata.org/entity/Q1061122,http://viaf.org/viaf/123141812,http://viaf.org/viaf/123141812,http://www.wikidata.org/entity/Q1061122
8643b9a9-c48a-4349-8669-05f16669fab1,Oberon Books,Oberon Books,,,http://viaf.org/viaf/305046890,http://viaf.org/viaf/305046890,
93cd0557-5990-457f-8d6f-d8c92d6bf6b0,Department of Practical Art,Department of Practical Art,,,,,
d43678bd-1b09-4c6b-a5f9-35c5feb69335,"First Avenue Presbyterian Church, New York","First Avenue Presbyterian Church,, New York",,,,,
d28acf5c-8f97-42cc-940d-858f95b586c7,"Queen Mary and Westfield College, University of London","Queen Mary and Westfield College,, University of London",,http://www.wikidata.org/entity/Q195668,http://viaf.org/viaf/312937192,http://viaf.org/viaf/312937192,http://www.wikidata.org/entity/Q195668
b3a631c7-3920-4176-84df-b428b80b49ed,National Mission of Repentance and Hope,National Mission of Repentance and Hope,,,,,
2b8d1922-aee6-4927-acab-bcf57b9f39c8,X Press,X Press,,,,,
6550bb59-9baf-459d-aebf-9af7dbe21440,National Urban League,National Urban League,,,,,
233ad669-0084-46e3-be82-2e44138fd9ce,Kensington College,Kensington College,,,,,
6c94fad2-66aa-4732-b014-d4a370de357d,Electronic Research Center,Electronic Research Center,,,,,
564d7aa8-4942-49d8-a9f0-5c207137b176,American Anti-Slavery Society,American Anti-Slavery Society,,,,,
343948d9-3994-414d-b309-1edee8e29c87,Puritans,Puritans,,http://www.wikidata.org/entity/Q137073,,http://www.wikidata.org/entity/Q137073,
89c8ec51-cd37-4fe5-80fa-5a503dcecab9,First Kenya Rifles,First Kenya Rifles,,,,,
de6598bc-c9fe-4e7b-97a5-1d4c6725c063,Huddersfield Polytechnic University,Huddersfield Polytechnic University,,,,,
17fc393c-55cd-4d28-94ff-982eda36c371,Argyll County Council,Argyll County Council,,,,,
69d48ebc-8164-42d5-bec3-3302518c18c3,Cheltenham Ladies' College,Cheltenham Ladies' College,,http://www.wikidata.org/entity/Q2962242,http://viaf.org/viaf/148560420,http://viaf.org/viaf/148560420,http://www.wikidata.org/entity/Q2962242
8757f332-553e-4905-9b74-4fcd460341a2,Parliament,Parliament,,http://www.wikidata.org/entity/Q11010,http://viaf.org/viaf/148513878,http://viaf.org/viaf/148513878,http://www.wikidata.org/entity/Q11010
d78e32b8-22fd-4358-b565-1e39cbfea1c6,Glaisher Press,Glaisher Press,,,,,
27975a5b-9499-4bb1-bb2a-63b3a73d530e,Women's Aid,Women's Aid,,,,,
022c3b21-41ea-4095-b5b8-e8d2963f2102,Falmouth School of Art,Falmouth School of Art,,,,,
c774efb4-3da7-4d0e-967a-6bacc3440423,Liberal Catholic Church,Liberal Catholic Church,,,,,
4f4adaa3-a629-4712-803e-51792dba7a13,Malthusian League,Malthusian League,,,,,
9ebbfddb-837b-4004-9433-c863ab5dd6a9,Viennese Society of Physicians,Viennese Society of Physicians,,,,,
6d1cdfb9-7813-4a81-96bc-fa76e431b944,"King's College, University of London","King's College,, University of London",,http://www.wikidata.org/entity/Q245247,http://viaf.org/viaf/128638237,http://viaf.org/viaf/128638237,http://www.wikidata.org/entity/Q245247
b5b81a83-2ce5-401b-9fd5-90dd5631e282,Society of Scottish Artists,Society of Scottish Artists,,,,,
d0a43667-3f75-41fe-bc1e-a31da40c8ce2,Windmill Theatre,Windmill Theatre,,,,,
ebe57e75-aa65-4e2e-b852-7e4f5e2a7acc,National Gallery of Ireland,National Gallery of Ireland,,,,,
2e92bffe-6334-4ac8-bad5-d505cb22b86d,Harry Ransom Library,Harry Ransom Library,,,,,
768a9214-e926-4952-a7c9-b1a53d89ed12,Pavilion Theatre,Pavilion Theatre,,,,,
681b9c00-d9a6-4d81-8550-69330b7c948e,Legislative Assembly of Western Australia,Legislative Assembly of Western Australia,,,,,
56b8bbac-e7c6-43fb-9efd-2c47edc21799,Telegraph Clearing House Branch,Telegraph Clearing House Branch,,,,,
d44f06d5-4fb9-412b-af38-7e144f7cff58,University of Glasgow,University of Glasgow,,http://www.wikidata.org/entity/Q192775,http://viaf.org/viaf/157362130,http://viaf.org/viaf/157362130,http://www.wikidata.org/entity/Q192775
fee143ec-5c5a-49e5-bc94-bc9b7359b7dc,Robert Louis Stevenson Club,Robert Louis Stevenson Club,,,,,
be14f72a-c178-457f-9e1f-1d77a3fdc2d8,Sun and Moon,Sun and Moon,,,,,
6c1741f7-2382-482d-97d9-e7354829d63a,"Office of Works, Edinburgh","Office of Works,, Edinburgh",,,,,
4902c7dc-1d7e-4063-8118-f15f9a965dba,Good Shepherd Sisters,Good Shepherd Sisters,,,,,
4fdc1ea9-8b8e-40ae-9198-4d2033243690,Kali for Women,Kali for Women,,,,,
8b413233-f47b-4378-8fff-558f034e8b3c,Browne and Nolan,Browne and Nolan,,,,,
6636ea09-a835-4b81-ba13-15f23b15dce2,Government Code and Cypher School,Government Code and Cypher School,,,,,
3ae9a608-29b3-4d86-926e-7244af87913d,Pirate Jenny,Pirate Jenny,,,,,
815ab8eb-67fb-42e8-8839-c90c3a38b3c2,Men's Political Union,Men's Political Union,,,,,
20f3cb5b-7334-487e-80d5-e973e951f942,Women's Abortion and Contraception Campaign,Women's Abortion and Contraception Campaign,,,,,
d2e3bec1-5d64-4565-997e-912df3d9b37c,Somers Islands Company,Somers Islands Company,,,,,
c44da408-c958-4f7b-a822-c352979f4b2b,Bar Convent School,Bar Convent School,,,,,
4030b696-ff5e-49a9-ab65-5f7d2c9df735,Pentecostal Holiness Church,Pentecostal Holiness Church,,,,,
542d6373-7f24-45e9-9ae8-5079a7a8b260,Clarendon Press,Clarendon Press,,,http://viaf.org/viaf/140104148,http://viaf.org/viaf/140104148,
5f8df5bd-9c6a-490d-b8a2-08cc9b34294e,Pedestrians' Association,Pedestrians' Association,,,,,
dd554041-bb1f-4d6f-be42-d649a0760cc2,London Poetry Secretariat,London Poetry Secretariat,,,,,
12243789-6bc5-4c4f-9cc8-189aa9cd6e51,Library Campaign,Library Campaign,,,,,
23d97b6f-77e1-4af7-acc9-ef288cfdea60,Leeds Art Club,Leeds Art Club,,,,,
6e2c32f2-0f5d-4122-9991-b205c255be27,Popular Front,Popular Front,,,,,
502ede20-d729-4fb5-8153-70a09c0412b5,Midland Counties Electoral Union,Midland Counties Electoral Union,,,,,
94aa1be5-1937-4266-b107-475318a3cd29,Institute of Hygiene,Institute of Hygiene,,,,,
378a6a73-f22f-49cd-a8c1-c12e3b47e09d,Healthy and Artistic Dress Union,Healthy and Artistic Dress Union,,,,,
150eda2a-9129-44ee-b60f-f7ec2a7ac8b0,Occupy,Occupy,,,,,
b16fd2fb-9169-430a-8694-9a14ab411459,Oxfordshire Record Office,Oxfordshire Record Office,,,,,
7ef0aa8d-3ca6-4044-b06d-b6805602a050,Brampton House Academy,Brampton House Academy,,,,,
76b523ce-468e-4946-8a82-2f73f7a5fe09,Hampton University,Hampton University,,,,,
f3c420b5-6a0a-4b27-ac0a-4ebf9b741d75,K. Blundell Trust,K. Blundell Trust,,,,,
3689fddb-bafa-45d5-bb85-89df979f73f0,"Gonville and Caius College, Cambridge University","Gonville and Caius College,, Cambridge University",,,,,
b3b3c799-b2cb-4f71-b637-251b2eefe838,Association for Literary Studies,Association for Literary Studies,,,,,
e77c733b-1620-4477-9066-583e8c33a796,World Congress,World Congress,,,,,
1943458f-a30e-4746-9c03-2a1676b70e1a,Downe House School,Downe House School,,,,,
98aeff96-3afb-458b-99c9-4817ba041931,Boriswood Limited,Boriswood Limited,,,,,
59002766-260a-4690-a7f9-36f93dee2d0b,Sutton's Hospital,Sutton's Hospital,,,,,
51ea2e7d-e5c3-4f79-b22e-ac9fd73d55e2,London Society for Extension of University Teaching,London Society for Extension of University Teaching,,,,,
f3627d0e-b937-4c67-8d3b-df7f6138bf8a,Clay and Sons,Clay and Sons,,,,,
a7a67d7d-0552-4659-800b-94d3ca66dc35,St Nicholas Press,St Nicholas Press,,,,,
2902aaf8-9492-4750-981f-ed6ce08d9d58,Homebrew Computer Club,Homebrew Computer Club,,,,,
86b98917-7ca8-4c5a-acb7-1af795a9f511,Conjoint Medical School,Conjoint Medical School,,,,,
5644e7d6-0148-42f6-989d-2b47dad88c53,Ministry of War,Ministry of War,,,,,
14ec3b04-26c5-4592-9ca8-a357c136128d,Women's Academy,Women's Academy,,,,,
86350dbd-81ea-4baa-bdc7-61ed02ac2176,Musée Carnavalet,Musée Carnavalet,,,,,
35b2f283-9c79-474e-845d-d87779ca738b,Fire and Marine Insurance Company,Fire and Marine Insurance Company,,,,,
d0b45763-cacf-45e1-9490-bb6cefb7446c,Home for Young Servants,Home for Young Servants,,,,,
9080668c-a289-499a-b002-07485f445f81,Wordsworth Society,Wordsworth Society,,,,,
e12a0ae9-ec40-4cd1-a250-23d3482c87e1,Women's Church Union,Women's Church Union,,,,,
da1bde48-e006-4873-a98f-ebbb2efda3ba,University of Manchester,University of Manchester,,,http://viaf.org/viaf/157695433,http://viaf.org/viaf/157695433,
6a897f77-439d-4def-a1ad-1d31f445ad77,United Society for Christian Literature,United Society for Christian Literature,,,,,
dd7a2a37-f242-4709-8628-69be2d24d535,Venice Film Festival,Venice Film Festival,,,,,
a046962a-0020-48b0-8371-35add3e63e6d,Curwen Press,Curwen Press,,,,,
f664cd85-cffd-4f86-a78e-7d920562f92a,Wandsworth Prison,Wandsworth Prison,,,,,
20f1937b-0178-4ea0-8a12-438508d7c715,Madison Square Theatre,Madison Square Theatre,,,,,
e22ee187-6077-475b-982e-c9e1e8365003,Dillwyn and Co.,Dillwyn and Co.,,,,,
91535ef7-7c7a-497d-98ef-0dc4b7bab1dd,Caswell and Co.,Caswell and Co.,,,,,
77263c45-f819-48e4-aa3f-a35861eb593e,Calder and Boyars,Calder and Boyars,,,http://viaf.org/viaf/138789613,http://viaf.org/viaf/138789613,
60808ecd-4503-48c0-992a-cfb091d86e64,University of the Arts,University of the Arts,,,,,
aa4f646a-4166-44b3-bdaa-fae0ac73e23f,Solemn League and Covenant,Solemn League and Covenant,,,,,
9dd94ca4-205c-410f-962b-a2aea415d44c,Macaroni Club,Macaroni Club,,,,,
52b9baac-6e66-4d2e-a777-f938b4dcdb5e,"Corpus Christi College, Cambridge University","Corpus Christi College,, Cambridge University",,,,,
26d60e7f-9974-4d86-b4a5-e86654b3243d,Ivy House,Ivy House,,,,,
44902953-cc88-48aa-b4e2-74c9a46de9c4,Kenyon,Kenyon,,,,,
3f994dd5-8d1b-4788-80cf-1d9e2de97246,Carnegie Mellon University,Carnegie Mellon University,,,,,
3e4293df-dc67-465e-821a-d0d64dc60e17,Royal College of Physicians and Surgeons of Canada,Royal College of Physicians and Surgeons of Canada,,,,,
e1fa3d89-a5e7-4b02-aa89-ee3b3583773a,John M. Poole,John M. Poole,,,,,
16add64f-d65d-443f-b1fa-e66c5ff2d675,Birmingham Repertory Company,Birmingham Repertory Company,,,,,
e6c12331-4584-4648-84cf-948624a04412,Grasshopper Press,Grasshopper Press,,,,,
7d628228-ca3e-4541-99da-b67c59aaa359,Public Archives of Canada,Public Archives of Canada,,,,,
c5683182-31b2-4e7e-bb72-67563668af17,"University College, London University","University College,, London University",,,,,
64c1d57e-905c-4dab-af3f-dbecd4a8efd0,Canadian Grand Trunk Railway,Canadian Grand Trunk Railway,,,,,
731ca559-3566-442d-9517-69391fe5bb2b,Bibliothèque Nationale,Bibliothèque Nationale,,http://www.wikidata.org/entity/Q193563,http://viaf.org/viaf/137156173 | http://viaf.org/viaf/143903205,http://viaf.org/viaf/137156173,http://viaf.org/viaf/143903205 | http://www.wikidata.org/entity/Q193563
a43ef7ce-8c93-43e2-a8bc-9413a3baf039,City of London Corporation,City of London Corporation,,,,,
eda5b108-e5ef-43fb-911d-f4f56732e10e,British United Press,British United Press,,,,,
d3d5cacc-6896-4343-a802-b106f2664fc2,Tibet Society,Tibet Society,,,,,
5f79c0a3-0117-4976-b807-b385b5303e1a,Institute for the Harmonious Development of Man,Institute for the Harmonious Development of Man,,,,,
4fbe3966-919e-4d55-9283-53084d69243c,Imperial Order of the Crown of India,Imperial Order of the Crown of India,,,,,
fe1544ae-1b9e-41fa-9d57-d9e7191de433,International Marxist Group,International Marxist Group,,,,,
51f9d813-6dd8-4a25-bad0-5e270e925041,Mansfield Shoe Company,Mansfield Shoe Company,,,,,
35f1ef3e-dcb7-49f6-89bc-4363ab986c90,Carey and Lea,Carey and Lea,,,http://viaf.org/viaf/145337641 | http://viaf.org/viaf/152455838 | http://viaf.org/viaf/159368724,http://viaf.org/viaf/145337641,http://viaf.org/viaf/152455838 | http://viaf.org/viaf/159368724
5bc0e3d5-791c-43b3-bf73-c3bed2704ea8,Princeton University,Princeton University,,,http://viaf.org/viaf/142470589,http://viaf.org/viaf/142470589,
0f120f60-2d07-4508-9357-87ecfa6c6be8,Malvern Girls' College,Malvern Girls' College,,,,,
958573dc-73f7-4601-8c6b-6d01d78772f9,Time-Life Books,Time-Life Books,,,,,
c9fc81ef-7696-4a9b-aa18-e40ed6fa36f6,Hans Place School,Hans Place School,,,,,
28a97ce2-b563-4c29-9852-78eb7802855b,Trinity College of Music,Trinity College of Music,,,,,
d22e614f-655c-4c33-ac3c-6f948670933c,Jamaica Information Service,Jamaica Information Service,,,,,
3e95e53b-8edd-43f0-acd6-7bc6b034f670,People's Revolutionary Government,People's Revolutionary Government,,,,,
e41c756f-db77-4e8f-a4a6-3bb2ed4d25fe,Coordinating Committee on Equal Pay,Coordinating Committee on Equal Pay,,,,,
49ef5858-9265-4bd4-9348-8e40c7245505,Ward and Downey,Ward and Downey,,,http://viaf.org/viaf/141084982,http://viaf.org/viaf/141084982,
9d7f6f9e-2381-4755-bb92-5cc08bcb4296,English Institute of Beauty,English Institute of Beauty,,,,,
67e26a45-4c3a-4dd1-b3e5-1d9b66e39cd2,Rawdon House,Rawdon House,,,,,
dda04f91-a80e-4fe0-bbb4-5e62d5420761,Blackwell Publishers,Blackwell Publishers,,,http://viaf.org/viaf/312736099,http://viaf.org/viaf/312736099,
38599798-69a4-4874-881c-146e3e39a1b0,Universities China Mission,Universities China Mission,,,,,
fcad399a-079c-4860-8562-711ea44c394e,"National Administrative Council, Independent Labour Party","National Administrative Council,, Independent Labour Party",,,http://viaf.org/viaf/123419597,http://viaf.org/viaf/123419597,
3f581832-cfd4-4f29-baa5-e4e355e0a0b4,University of Hong Kong,University of Hong Kong,,,,,
b0a76d9f-e810-4d59-8e70-677c245f5e8c,Time Inc. Books,Time Inc. Books,,,,,
73821d75-c39b-45c2-91c1-2c35e7184bec,Brewers' Society,Brewers' Society,,,,,
97a83f05-f2a0-478c-b96b-3252ac64247f,Drama League,Drama League,,,,,
f0783af0-1a18-42b6-8423-3d1787cc0940,Vickers Armament Factory,Vickers Armament Factory,,,,,
12523613-4523-45af-aa12-23c691a53c9f,Dean Street Press,Dean Street Press,,,,,
7f2d0b90-8443-4ea8-ade4-42e3127ed5c5,Collegiate Institute,Collegiate Institute,,,,,
3dbb2f2e-a684-46fd-98bc-6947fc11eeda,Bohn,Bohn,,,,,
5c62a059-705e-479b-8d55-441ddb759057,John Lewis,John Lewis,,,,,
13bfd702-1ad3-426c-a407-dd8defe66a3d,Gowans and Gray,Gowans and Gray,,,http://viaf.org/viaf/129146094369900331008,http://viaf.org/viaf/129146094369900331008,
4979553d-01b0-47c9-b024-05d349e72567,Canadian Booksellers Association,Canadian Booksellers Association,,,,,
34440401-98d4-4c4d-b03e-d388001cb88f,Bow Street Runners,Bow Street Runners,,,,,
1944d127-593f-4f0d-b395-8db133a246db,Community of the Holy Cross,Community of the Holy Cross,,,,,
5d995a20-4865-4092-9027-471cb4b803e8,University of North London,University of North London,,,,,
b1eda647-c9b9-469f-b6e1-8f6f7738483f,William Russell,William Russell,,,,,
2728db43-f987-42fb-9395-ff04ac7adb84,Miners' Libraries,Miners' Libraries,,,,,
9e16c74c-10c5-4dc1-b6f1-bd69aa459990,National Convention,National Convention,,,,,
66ed170f-00da-4090-b64b-66023c456db4,Family Planning Association,Family Planning Association,,,,,
0f6a376c-0fc4-4e80-8430-5d7310e4f98a,British Chihuahua Club,British Chihuahua Club,,,,,
311c65e8-d4c4-437c-9055-609d0d297740,Young Women's Christian Improvement Association,Young Women's Christian Improvement Association,,,,,
6b444aad-1841-414d-a695-2940e65bd361,International Astronomical Federation,International Astronomical Federation,,,,,
0505b827-06ec-46e6-85ef-98017dad2d41,Louth Mechanics' Institute,Louth Mechanics' Institute,,,,,
cbdb5092-e6a1-4c2d-910e-69e6923d475e,Greenpeace International,Greenpeace International,,,,,
20d52ef7-4124-4697-9845-a6f70cd8a499,Nightcleaners' Collective,Nightcleaners' Collective,,,,,
46b52f27-fd53-4ad0-ae5a-c9ad30aed855,American Antiquarian Society,American Antiquarian Society,,,,,
ef26232a-0957-4d98-b0ba-87e9c288cedd,City and South London Railway,City and South London Railway,,,,,
f45d72c0-b904-4ebd-bc19-a60a843b199c,St Angela's High School for Girls,St Angela's High School for Girls,,,,,
e66b298d-af7f-4972-bd41-2a17f43b974b,Hampstead Comprehensive School,Hampstead Comprehensive School,,,,,
66e6366b-c5ef-4c52-8af7-b6f0e99932ea,Republican Party,Republican Party,,,,,
598ced68-0636-4e4d-897f-c6eec780eadb,York and North Midland Railway,York and North Midland Railway,,,,,
c1d74c19-58b5-4de0-a2ad-5f78b254e82b,National Society for the Prevention of Cruelty to Children,National Society for the Prevention of Cruelty to Children,,,http://viaf.org/viaf/148381387,http://viaf.org/viaf/148381387,
77fcfa8e-b399-4c5b-88e1-32c8de7ca19d,Dudley Gallery,Dudley Gallery,,,,,
d4930e64-bc8a-4195-a844-9478ecb3edb0,Humber School for Writers,Humber School for Writers,,,,,
4679017c-852b-4c5d-9270-ddeacd12eee6,Co-operative Correspondence Club,Co-operative Correspondence Club,,,,,
53852cb2-533c-4fef-bdf5-8cb58673e30f,French Geographical Society,French Geographical Society,,,,,
01ad0b4e-536b-401d-ba58-b2d5e03fec7e,League of Peace,League of Peace,,,,,
985aff6d-25f4-42d3-ab20-ab716b966e88,S. and E. Harding,S. and E. Harding,,,,,
89cd3d72-675c-4fde-8464-ee1354ad5894,Talbot Press,Talbot Press,,,,,
6945f669-cd91-4a72-8809-58c5dda5b6b5,British Branch for the Abolition of the State Regulation of Vice,British Branch for the Abolition of the State Regulation of Vice,,,,,
33d5e08a-b73a-44d3-ac17-cfd70a18ae79,Bow Street Police Station,Bow Street Police Station,,,,,
c77b42f8-8b57-46c4-8d33-f39dc81f54ad,Tribunal for Espionage and High Treason,Tribunal for Espionage and High Treason,,,,,
991efb12-d47c-48e7-abab-655b256b9951,St Andrews,St Andrews,,,,,
60a92829-eb07-433a-9451-21a6b9bc36cd,Arrowsmith,Arrowsmith,,,http://viaf.org/viaf/124255804,http://viaf.org/viaf/124255804,
b34d3caf-ab63-47f6-accb-25cd8500597f,Cercle Social,Cercle Social,,,,,
1f00ccf7-7341-4a75-8e93-58fa3f8a7ddd,Constructing Elizabeth Isham,Constructing Elizabeth Isham,,,,,
6cc5aa8b-5277-49ba-85ee-b7fa3c9c8bf6,"Polish Embassy, London","Polish Embassy,, London",,,,,
f87d1e3c-f1e6-4346-a5ab-69b1a95a0198,Lloyd's of London,Lloyd's of London,,,http://viaf.org/viaf/126447642 | http://viaf.org/viaf/173569560 | http://viaf.org/viaf/9799149198353974940005,http://viaf.org/viaf/126447642,http://viaf.org/viaf/173569560 | http://viaf.org/viaf/9799149198353974940005
bec5f986-74e4-42f2-b0f0-8cb9fb204413,Woman Power Advisory Committee,Woman Power Advisory Committee,,,,,
ef795387-b520-4301-8d41-a68c42c4d7be,"Women Students Suffrage Society, University of St Andrews","Women Students Suffrage Society,, University of St Andrews",,,,,
e480a532-b404-4ca0-b8d5-e6588451bc71,Christie's,Christie's,,,,,
6a5352f1-7f15-45bb-9fca-871f4097ec5b,National Children's Hospital,National Children's Hospital,,,,,
8bbcd795-bab2-4190-a8e1-63434aa13981,Arcadia Books,Arcadia Books,,,,,
f27b7618-97a5-4233-b90e-89d72bde1c34,Irish National League,Irish National League,,http://www.wikidata.org/entity/Q1672869,http://viaf.org/viaf/147565247,http://viaf.org/viaf/147565247,http://www.wikidata.org/entity/Q1672869
4d3bfa9e-4955-44fe-9f82-457b70c11c3c,Académie des Beaux-Arts,Académie des Beaux-Arts,,,,,
6cfcba88-a48e-4a4a-a53a-87e7a130882f,Hitler Jungend,Hitler Jungend,,,,,
e9998d0b-10d7-4761-9ca6-276b37cd98ad,Priory Press,Priory Press,,,,,
39d1b454-3fbd-48c3-b10f-2533624128d6,Boston Public Library,Boston Public Library,,,http://viaf.org/viaf/133435180,http://viaf.org/viaf/133435180,
af32904c-0320-4114-8cd1-2f06c38f5665,Mersey Railway,Mersey Railway,,,,,
650e1414-1aac-4512-a00b-186c8e6ed66c,Upper Grosvenor Galleries,Upper Grosvenor Galleries,,,,,
8d4b723c-f8f2-4f0f-8ea0-3b8e1906e572,Women's Citizens Association,Women's Citizens Association,,,,,
f1b17ca2-7182-4740-983c-35717e8e2566,Ladies' Secular Club,Ladies' Secular Club,,,,,
7d58e512-95f0-4a8e-9ddf-7a297865285c,Separatists,Separatists,,,,,
2c7a8b2e-4291-4120-9ac3-d7a6170960a1,Aer Lingus,Aer Lingus,,,,,
629eb804-5dc2-4dce-873c-4aea7e6597e4,University of Ingolstadt,University of Ingolstadt,,,,,
0c3698f6-c20a-4fe5-b33b-e44321d5c2cd,Raidio Telefís Éireann,Raidio Telefís Éireann,,,,,
9c3f47b9-25b4-46b8-ae75-e88bd7caf1bf,City of Dublin Hospital,City of Dublin Hospital,,,,,
a9df5827-8b2d-4ded-bc59-3583790ddb49,Royal Academy of Music,Royal Academy of Music,,,,,
4869acce-5a4c-4f83-a283-a3fdc1f8db31,Maidstone Prison,Maidstone Prison,,,,,
73ed4199-9331-44e6-856b-7463b9c7cd8a,Washington University,Washington University,,,,,
06348897-4bc4-431d-8071-6a032cc7df5d,W. Tweedie,W. Tweedie,,,,,
6851591c-cbbc-459e-bbe2-7bfef136dbe3,J. M. Dent,J. M. Dent,,,http://viaf.org/viaf/123541450,http://viaf.org/viaf/123541450,
177a0ab8-b532-49c9-86c9-ccc32f5c562e,"New Vic Theatre, Newcastle-under-Lyme","New Vic Theatre,, Newcastle-under-Lyme",,,,,
292fb8c6-6c12-4cff-9e16-53d2cec35382,Shore to Shore Nationwide Poetry Tour,Shore to Shore Nationwide Poetry Tour,,,,,
038f6b61-9bef-4b68-b0f5-3d8763eb2784,"Exeter College, Oxford University","Exeter College,, Oxford University",,,,,
4e9065df-6a4b-41bd-8a4e-0adbe2b65eed,Philadelphia New Theatre,Philadelphia New Theatre,,,,,
30246934-9346-451e-9164-d2285bf97c6a,Information Research Department,Information Research Department,,,,,
4f05ebfe-8d5d-4b50-9fec-f95f85351f2b,Paladin,Paladin,,,,,
aad7c435-a8a2-42ba-af8e-6af0a8f0e1a0,Complete Press,Complete Press,,,,,
f2c81fd7-e1f0-4ace-ab5e-7e1ce1d705f1,W. Keymer,W. Keymer,,,,,
9659d9d8-5de2-4124-9480-d0142c7db04d,BiblioLife,BiblioLife,,,,,
2c6edabc-98fd-46c0-ba95-497b56365a69,"Her Majesty's Theatre, Haymarket","Her Majesty's Theatre,, Haymarket",,http://www.wikidata.org/entity/Q1155331,http://viaf.org/viaf/122681832 | http://viaf.org/viaf/94145542600496641657,http://viaf.org/viaf/122681832,http://viaf.org/viaf/94145542600496641657 | http://www.wikidata.org/entity/Q1155331
803b4d0b-c81d-47ba-b9ee-cdacae671dfc,Mathematical School,Mathematical School,,,,,
0e27c94a-3c06-40aa-8263-9f2cd65c4f26,Macon University,Macon University,,,,,
c8f19e16-b511-442f-99d8-71485efc9391,Hull House,Hull House,,,,,
e9f22db3-adc9-41e4-a22e-efd8b9c24689,Mount Allison University,Mount Allison University,,,,,
b0670cfe-6e69-4c2d-8e71-07e385f639af,War Resisters' International,War Resisters' International,,,,,
5a08401b-db57-4ede-a87c-ba66657efbc9,Intourist,Intourist,,,,,
1317ee9d-47f8-4a1b-8756-f583c873282b,Privat-Heil-und-Pflegeanstalt hur Weibliche Giesteskranke,Privat-Heil-und-Pflegeanstalt hur Weibliche Giesteskranke,,,,,
c81c2898-8c34-4b3b-853f-9c1757eb5f66,Dover,Dover,,,,,
d5e87bb9-4658-4231-ae9b-c42fa3823b47,Friends of the University Libraries,Friends of the University Libraries,,,,,
480f72d4-4ef4-4c30-8207-2fb176796fc9,Old Fruitmarket,Old Fruitmarket,,,,,
77e6f209-6ecd-49d3-a5f4-5447905d5081,"University Dramatic Society, Durham University","University Dramatic Society,, Durham University",,,,,
25459806-b6a0-4ec8-ad9b-f424bb346d27,Harton Workhouse,Harton Workhouse,,,,,
c5820844-c69c-441f-aaf3-b1ae0f469586,"Festival Theatre, Chichester","Festival Theatre,, Chichester",,,,,
ff9cbb42-3698-48cb-ab9a-15ae015afaa4,Birmingham Natural History Society,Birmingham Natural History Society,,,http://viaf.org/viaf/128465741 | http://viaf.org/viaf/137321316 | http://viaf.org/viaf/137837255,http://viaf.org/viaf/128465741,http://viaf.org/viaf/137321316 | http://viaf.org/viaf/137837255
856ce2cb-8ce4-4239-ac46-b2197423b14c,University of Fribourg,University of Fribourg,,,,,
c30cdc0d-85b3-4589-bd76-9f8188c6758d,Mid Northumberland Arts Group,Mid Northumberland Arts Group,,,,,
379d4a3a-553c-490b-8375-ba6d83d377c2,Crawfords,Crawfords,,,,,
3df905dd-7308-4d1d-b73c-1a10a18bd521,Warner Brothers,Warner Brothers,,,http://viaf.org/viaf/146783345 | http://viaf.org/viaf/303039613,http://viaf.org/viaf/146783345,http://viaf.org/viaf/303039613
51e34076-18e6-49ad-a2cc-67ab0b5936ea,New Lindsay Theatre,New Lindsay Theatre,,,,,
1dbe4e54-d102-4252-b8f4-63f4117eebf3,Democratic Club,Democratic Club,,,,,
afbe1326-6e5a-416b-b304-1c9225c6cb6f,Oddy and J. Goodwin,Oddy and J. Goodwin,,,,,
9cee99af-4b21-48a1-b7e7-51ef2775fb00,Masque Players,Masque Players,,,,,
9df7e065-461a-4cb1-9717-72a4927f0ac8,Orphanage of Mercy,Orphanage of Mercy,,,,,
cb37d62f-9944-4bbe-8e2e-aa8e95de4854,"American Hospital, Neuilly","American Hospital,, Neuilly",,,,,
a7525aa8-f47c-47af-a767-c8208fba1861,Bombay Stock Exchange,Bombay Stock Exchange,,,,,
b4580d65-43ad-4466-be32-4cd891eb8cad,Central Office of Information,Central Office of Information,,http://www.wikidata.org/entity/Q821726,http://viaf.org/viaf/147349231 | http://viaf.org/viaf/Q5061539,http://viaf.org/viaf/147349231,http://viaf.org/viaf/Q5061539 | http://www.wikidata.org/entity/Q821726
4d26b7ec-508d-45e7-950c-9881c7f79222,"Congress of the People, South Africa","Congress of the People,, South Africa",,,,,
ec2b05e3-830f-4217-8711-73357108769c,Hull-House Players,Hull-House Players,,,,,
136c3644-7c57-4b9d-8875-55aa0254e1f1,University Tutorial Press,University Tutorial Press,,,,,
77ea707b-07ae-49f0-b52c-77388d1a8c49,Incubation3,Incubation3,,,,,
92461608-b648-4549-90fd-5f9d72af590e,Sisterwrite Gallery,Sisterwrite Gallery,,,,,
b19ba951-fc13-4e6a-bef4-87b795b734c6,Worcester Cathedral,Worcester Cathedral,,,,,
fc875aa8-a532-4cf5-b6a0-a78ee3a33f46,Mercury Press,Mercury Press,,,,,
45a19683-2990-46ce-b937-5325436fb68b,Correctors of the Press,Correctors of the Press,,,,,
f0f96feb-c0b7-4dac-8901-e4e378933222,Light Brigade,Light Brigade,,,,,
b87941d1-545f-43ee-9bab-f1ba057b3635,Logographic Press,Logographic Press,,,,,
6dc81a93-fbf4-4a6e-ab59-378158bd543b,Senussi,Senussi,,,,,
00e0b6bc-d26b-4268-883b-fda3fdad3f78,Working Men's Club and Institute Union,Working Men's Club and Institute Union,,,,,
201c8859-5339-413d-b6c5-8ac96e87447b,Swiss Re,Swiss Re,,,,,
2c4dace0-a822-4894-a2fb-a49896a0d1f6,Newgate Prison,Newgate Prison,,,http://viaf.org/viaf/139599258,http://viaf.org/viaf/139599258,
0e045f9f-cc87-4de8-974d-84d5fa789d04,Amherst College,Amherst College,,,http://viaf.org/viaf/133115330,http://viaf.org/viaf/133115330,
846dcf40-e384-4c89-96e5-e12b01b8bc28,Women and Equality Unit,Women and Equality Unit,,,,,
a192563c-61a8-493e-846d-0e67c9b5410e,"Society of Ladies, A","Society of Ladies, A",,,,,
409818bd-1a62-4b14-b57f-1e32bbdabd1d,Female Chartist Association,Female Chartist Association,,,,,
528dd763-6084-4927-9fd7-92c3167a7803,Palgrave Macmillan,Palgrave Macmillan,,,http://viaf.org/viaf/315532896,http://viaf.org/viaf/315532896,
00711778-dc91-459b-818d-f9aaa640c5f2,Bury St Edmunds Grammar School,Bury St Edmunds Grammar School,,,,,
e20649f2-1936-485c-9302-969a310b4b55,American Museum of Natural History,American Museum of Natural History,,,,,
74730535-2d03-4146-81fe-16fdea7d9d10,American Celanese,American Celanese,,,,,
ec47eae6-8bca-4959-a926-e7eb7a46e563,"Citizens' Theatre, Glasgow","Citizens' Theatre,, Glasgow",,,http://viaf.org/viaf/173165807 | http://viaf.org/viaf/231233293,http://viaf.org/viaf/173165807,http://viaf.org/viaf/231233293
f114ae6e-bd05-4dfa-a785-b754bdd81b65,Strahan and Co.,Strahan and Co.,,,,,
41a0c4d0-6dfb-4322-a4ba-c204b442f9aa,Women's Health Enquiry Committee,Women's Health Enquiry Committee,,,,,
2997be5d-155a-4f25-98dd-15f4faea991f,Dachau,Dachau,,,,,
9ce59ce4-8067-4ce1-a817-d965d8ba7934,Savoy Hotel,Savoy Hotel,,,,,
0865832d-9cef-41a5-8679-33ac9c61dbf7,Wrexham Library Arts Centre,Wrexham Library Arts Centre,,,,,
33363f58-bf02-46dc-a982-461c3af5f978,Cheshire and Chester Archives and Local Studies Service,Cheshire and Chester Archives and Local Studies Service,,,,,
7a56a667-1443-49da-8dc5-3f7c7a959ba5,Wesleyan Methodist Connection of America,Wesleyan Methodist Connection of America,,,,,
22e6e339-73e8-4ec6-aa11-472adf4dad8b,Bunyan Meeting,Bunyan Meeting,,,,,
3b3b86ce-a261-4b76-b84d-b64814fbb72b,Institute of Social History,Institute of Social History,,,,,
28bb8c0d-762e-4d1d-a4d5-f88ee065b32e,Orange Order,Orange Order,,,http://viaf.org/viaf/144754749,http://viaf.org/viaf/144754749,
7eedb06a-4c25-4f57-9b35-fd0a1145b6a7,Picador Books,Picador Books,,http://www.wikidata.org/entity/Q7190491,,http://www.wikidata.org/entity/Q7190491,
5bdff6a3-7a1c-45d0-a44d-054690c1b6cf,Miners' Association,Miners' Association,,,,,
38d06bf4-c8c2-4e7b-a105-67b6dcf8fcd7,District Provident Society,District Provident Society,,,,,
58e6615b-0965-4f4d-b86e-ec59d899edb0,Literature Advisory Council,Literature Advisory Council,,,,,
e04cfd89-2b45-4f07-ad74-f62a3686b392,Exile Editions,Exile Editions,,,,,
c514fa88-3bd6-4516-b972-d5ed82cd0b92,Times Book Club,Times Book Club,,,,,
e70fcd42-845f-44c7-918a-37cd1787e968,British Film Institute,British Film Institute,,,http://viaf.org/viaf/144730424,http://viaf.org/viaf/144730424,
7082b8c3-4c04-4c6b-8c4f-33d02342b619,California State University,California State University,,,,,
7722ff7c-51dd-4d96-ae9e-34192afe0763,Federation of the Partito di Democrazia Socialista,Federation of the Partito di Democrazia Socialista,,,,,
ed78f3d7-eef5-4d80-b842-962d6ebcf0f2,George Allen and Son,George Allen and Son,,http://www.wikidata.org/entity/Q95145,,http://www.wikidata.org/entity/Q95145,
b578dec5-0337-48e8-93c2-91c2513148a5,Christy and Moore,Christy and Moore,,,,,
1f721a61-851e-4a06-804a-b4e23f6ba737,Paddington Policewomen's Committee,Paddington Policewomen's Committee,,,,,
70a23dd4-c716-42a5-ba64-fc33b06eb2a7,"St Paul's School, New Hampshire","St Paul's School,, New Hampshire",,,,,
6d17b70b-4150-4057-9bc0-5b8b34db02a4,Edwin Mellen Press,Edwin Mellen Press,,,http://viaf.org/viaf/123244823,http://viaf.org/viaf/123244823,
b4344d91-5203-45cf-9731-ced34d04f81a,"Labour Party, South Africa","Labour Party,, South Africa",,,,,
d29bac35-886b-44ab-bd02-937836d31bb1,James Burmester,James Burmester,,,,,
81ff4849-d956-4640-abbc-0b375d6ff575,Selfridge's Ltd,Selfridge's Ltd,,http://www.wikidata.org/entity/Q1475656,,http://www.wikidata.org/entity/Q1475656,
52b3d008-77f0-40e8-abe6-ad309e4038ad,G. R. Clarke,G. R. Clarke,,,,,
791662df-f29d-49e5-b78d-eef15ef6e758,Cistercian Abbaye de Pontigny,Cistercian Abbaye de Pontigny,,,,,
a38b708f-9937-4f54-8f9b-34c328bf12e0,91 Club,91 Club,,,,,
bf05a3b2-bcb2-4e3f-8daa-31752d7be207,Queen Mary Work for Women Scheme,Queen Mary Work for Women Scheme,,,,,
767943aa-7c0c-4dd8-bb6b-525ca76134ea,"Nationalist Party, China","Nationalist Party,, China",,,http://viaf.org/viaf/155479869,http://viaf.org/viaf/155479869,
b436ccad-9d34-4cf9-ae56-ca7636290bcf,Iowa Writers' Workshop,Iowa Writers' Workshop,,,,,
2837663d-cff0-4e91-8f60-152477984592,Association of Canadian Map Libraries,Association of Canadian Map Libraries,,,,,
86238a47-dc3a-4cea-9098-154796f6eb94,Maitland Club,Maitland Club,,,,,
80d6e67e-a30a-4ba8-8acf-a522b7b7ebf3,Poets' Trust,Poets' Trust,,,,,
0565e0dd-13d3-4f6b-8582-bab404813a46,Forum Club,Forum Club,,,,,
0913c0a7-10e1-448e-8511-e78637aacbd8,Writers' Development Trust,Writers' Development Trust,,,,,
3bbf2276-4452-4b2a-9555-79354eb355bb,"Arts Theatre, Cambridge","Arts Theatre,, Cambridge",,,,,
b25d7747-e0db-4596-8f38-e462391de212,Australian Literature Censorship Board,Australian Literature Censorship Board,,,,,
78ababcf-257d-482c-8cac-add06582c29b,Ellerslie,Ellerslie,,,,,
340b7d2e-fea4-4c9f-9b30-983cf1a2d40f,Waugh and Innes,Waugh and Innes,,,,,
cf3f2b90-f142-42bf-a1dc-0e91270fb221,HiLoBooks,HiLoBooks,,,,,
2c8ffb78-6f6b-4ea1-9854-244bc4374161,Sheffield Academic Press,Sheffield Academic Press,,,,,
7947f9fa-d527-43c4-a940-88ea213bbda8,European Community,European Community,,,,,
1b02ae32-3a34-4431-b1e6-e47baaf4709c,Alleyn's School,Alleyn's School,,,,,
9de2ec78-e632-4908-ac24-38eac03ebbfe,Bradford Long Pledge Association,Bradford Long Pledge Association,,,,,
4c7c327e-08e2-4e0d-a98e-7c4d92186e9c,Sydney Girls' High School,Sydney Girls' High School,,,,,
a29e25d4-c272-41c6-ad0d-33bb09e70ab4,National Registration,National Registration,,,,,
576eae6d-667d-4cc1-bb09-287b175000fb,Bristol Museum and Art Gallery,Bristol Museum and Art Gallery,,,,,
18710f2e-58e5-4d19-9ceb-a365331b7358,Crabtree Club,Crabtree Club,,,,,
908dab40-a11b-4d69-9aba-9e42635f585c,Breast Cancer Care,Breast Cancer Care,,,,,
e1204fee-b70f-4fe5-8d69-ee493994a6b9,University of the Punjab,University of the Punjab,,,,,
c991052b-5c3c-47c9-adfa-2d29c81ce7a1,Kate Marsden Leper Fund,Kate Marsden Leper Fund,,,,,
3e89a8d5-3b03-42f2-a40f-b102712faa01,National Lottery,National Lottery,,,,,
4a64166c-7087-4b98-8ac8-b28cc4f11909,Carysfort College,Carysfort College,,,,,
dcb888b5-685c-4973-9bb1-9f2df2a9ef0f,Society for the Promotion of the Repeal of the Stamp Duties,Society for the Promotion of the Repeal of the Stamp Duties,,,,,
1cf9dd94-45f1-4e47-a4fe-e70913f2095a,Royal African Company,Royal African Company,,,,,
7de37988-faa7-4826-b089-d7298f2437b6,Olympia Press,Olympia Press,,,,,
2fd060d0-5311-428f-bcc0-1184d0d08855,Bancroft Library,Bancroft Library,,,,,
33e155a5-0ae7-4d78-b3d0-39f793ef2212,Chiswick Women's Aid,Chiswick Women's Aid,,,,,
45eb368d-d8f5-4dac-bbe9-0194dbbb3ee1,International Workers of the World,International Workers of the World,,,,,
fe7ff23e-4b65-45a7-8951-e228c3158fda,St Luke's Boys School,St Luke's Boys School,,,,,
2d277b2c-33fc-489a-abe4-308735661715,National Register of Archives,National Register of Archives,,,,,
76b8988d-5b07-41a6-87e9-e03dda4dfc01,Northumberland House,Northumberland House,,,,,
910cbcd8-3df8-416d-ba29-99b0b791936f,Queen's House,Queen's House,,,,,
4eb9db75-c4b6-44f1-86e2-ae538c6b3f3f,Prison Committee,Prison Committee,,,,,
a5b68d42-9050-46f5-a763-99293fc1f4b3,"St Anthony's College, Oxford University","St Anthony's College,, Oxford University",,,,,
8dfc862b-dff4-4dd6-a5f7-6d17d44857c3,Marylebone Workhouse,Marylebone Workhouse,,,,,
721890f5-2c60-4f77-9da0-ed3a9560f197,Anna Akhmatova Museum,Anna Akhmatova Museum,,,,,
319c4529-6247-410a-a2ba-53100201e84d,Book Crisis,Book Crisis,,,,,
df843fbc-9e05-4608-a188-07a602b268d2,Friends' House Library,Friends' House Library,,,,,
f96a373d-0aba-403e-a41b-295fe77fc034,Martin Booth,Martin Booth,,,,,
34cf9e0f-f3f4-4f66-9b10-412d4ca5248b,Tao,Tao,,http://www.wikidata.org/entity/Q9598,,http://www.wikidata.org/entity/Q9598,
e8337b35-dd30-4c93-8de7-3f989eaa380e,Munster Women's Franchise League,Munster Women's Franchise League,,,,,
911b1991-4b53-40db-8fd8-8c06edc18c66,Channel 13,Channel 13,,,,,
6eaeaff9-4faf-4a18-96af-fdcd49f430fd,Greater London Arts Association,Greater London Arts Association,,,,,
7ecc0663-cac5-4576-a000-0c42d1f4b903,Lambretta,Lambretta,,,,,
4de5b789-38a2-48b8-9ced-6e9aeef2c402,County Hall,County Hall,,,,,
30995cbf-a054-4123-a723-04ce2180d073,Literary Agency,Literary Agency,,,,,
15d68320-390a-4d5a-b239-7bbed0a7f4ff,Scarborough Repertory Theatre,Scarborough Repertory Theatre,,,,,
72a0e7fa-e5e5-4d4d-97f0-c769eb539d26,Madame Huzard,Madame Huzard,,,,,
f060c856-553f-46f3-b2a2-ba2c9d4c07bb,Order of Cistercians of the Strict Observance,Order of Cistercians of the Strict Observance,,,,,
2f609d8b-b6e9-484f-933b-1380eea6b85c,Women in Islam,Women in Islam,,,,,
1a406dbe-ae96-42d8-98f5-ec98fe627180,National Women's Political Caucus,National Women's Political Caucus,,,,,
fc2ee517-bd10-4911-9da9-40eebaf8547e,Shaftesbury Theatre,Shaftesbury Theatre,,,http://viaf.org/viaf/151321010 | http://viaf.org/viaf/316597033,http://viaf.org/viaf/151321010,http://viaf.org/viaf/316597033
8487bd27-f80d-44c1-adcd-202dffe87e6d,Royal North-West Mounted Police,Royal North-West Mounted Police,,,,,
9cd2411e-2b7d-485d-b843-a8fa231a67a5,New South Wales Institute of Technology,New South Wales Institute of Technology,,,,,
3553d8bd-1290-4308-94f7-c56afc009fde,Working Title,Working Title,,,,,
5cdc527f-4109-4cf5-abfe-ee495b327a85,Printer's Pension Society,Printer's Pension Society,,,,,
a2827877-708e-4807-8707-20d1d29c50d7,Popular Book Club,Popular Book Club,,,,,
237b6e3d-51e8-4652-9c29-6f580bea4cdd,National Council for One-Parent Families,National Council for One-Parent Families,,,http://viaf.org/viaf/127287040 | http://viaf.org/viaf/140689640 | http://viaf.org/viaf/151021416,http://viaf.org/viaf/127287040,http://viaf.org/viaf/140689640 | http://viaf.org/viaf/151021416
b818fbb3-73f0-425d-9694-7422c1afaf8d,PAL Screenwriting Lab,PAL Screenwriting Lab,,,,,
c6166e20-eef7-4abb-8cde-24dbc6507704,National Eisteddfod,National Eisteddfod,,,,,
ce484b18-d675-49b7-a591-26068c8dc38f,Tindersticks,Tindersticks,,,,,
12af9ce9-4ae2-4a82-b4f9-b24f2e478db4,International Suffrage Shop,International Suffrage Shop,,,,,
514f18c4-df6c-4919-8e80-e7f938ce4380,K. and J. Cooper,K. and J. Cooper,,,,,
23fa2843-57c9-4232-9b4f-3ef408e7544d,Mandarin,Mandarin,,,,,
f859ced4-2ce3-4f5a-aa57-98bf0e3f0b70,The Los Angeles Central Library,The Los Angeles Central Library,,,,,
845f41cb-2851-49ea-b550-3b297a3f1ed6,Osiris Players,Osiris Players,,,,,
5fa5958a-47bd-4ef4-9a63-4a66d88236e4,Leighton House,Leighton House,,,,,
21bec6c1-9c49-487b-938a-81c49cb6e2f7,Vegetarian Federal Union,Vegetarian Federal Union,,,,,
4fc8b782-e32f-46e9-b4cf-29da66bdb519,Chapin Library,Chapin Library,,,,,
71f24519-e49a-4a31-9f2b-711fd3035899,Apex Jazz Trio,Apex Jazz Trio,,,,,
bbba5fb1-c77c-4b55-bbaf-6373a141b7fd,Lund University,Lund University,,,,,
54689e5e-7caa-481f-a01a-15dc91450eb2,Jamaica Festival,Jamaica Festival,,,,,
8c2a67ea-c9f7-46f3-b6f8-8bf5fd5b16ca,C. N. Baldwin,C. N. Baldwin,,,,,
1c09a92f-c9ae-4fa8-95d6-98b9a554c000,"National Party, South Africa","National Party,, South Africa",,,,,
c0a6cd56-762e-490a-8012-26cc6ae1d0cd,Colonial Emigration Society,Colonial Emigration Society,,,,,
54dd60ce-d5fb-4adf-a1f2-c7d10681e720,Labour Club,Labour Club,,,,,
42ee9812-c34b-43e2-8803-3cca64cf8f20,Hay Festival Press,Hay Festival Press,,,,,
cd4227b8-196d-4603-afaa-e174c0a7883e,Negro Universities Press,Negro Universities Press,,,,,
41144856-fda6-46af-8534-7ffc9d698188,Massachusetts Society for the Prevention of Cruelty to Animals,Massachusetts Society for the Prevention of Cruelty to Animals,,,,,
6e214a34-9c4c-422b-aee3-17ecd8219bf1,Army Medical Department,Army Medical Department,,,,,
14e8a75a-ed7e-42a4-ba5e-ac9d01e9bd91,"Tramway Theatre, Glasgow","Tramway Theatre,, Glasgow",,,,,
2a714b1b-0fc5-48e4-a9e7-56395d8a9728,Amalgamated Union of Clothing Operators,Amalgamated Union of Clothing Operators,,,,,
1f27d03d-c228-4df4-89dc-c413ea080204,Women of the Wall,Women of the Wall,,,,,
54bc6fa1-49f6-4b9b-a682-eeca3beba8ca,University of Calgary,University of Calgary,,,,,
223b808a-3e52-4d84-9d26-dd7524beb406,Court of the Star Chamber,Court of the Star Chamber,,,,,
59c0393f-78cd-4933-9c29-27e85a3704b6,Firestone Library,Firestone Library,,,,,
d4ee892e-95f9-4e70-873d-0ca02f5ba2b5,Académie Royale de Peinture et Sculpture,Académie Royale de Peinture et Sculpture,,,,,
294ccf52-0180-4d94-b574-a61b70e2809e,Unitarian Church Temperance Society,Unitarian Church Temperance Society,,,,,
5e735eeb-c993-4517-ae44-fbf9d4518817,Community of St Mary The Virgin and St Modwenna,Community of St Mary The Virgin and St Modwenna,,,,,
cbd28f58-43bf-4e91-a1a0-df2052c1c309,London Library,London Library,,http://www.wikidata.org/entity/Q269192,,http://www.wikidata.org/entity/Q269192,
e3a2dcc4-cf8c-4585-8215-849e8ef7aed3,Oxfam,Oxfam,,,http://viaf.org/viaf/151515465,http://viaf.org/viaf/151515465,
122e90e2-1cb6-4fad-a1bf-f03ef9d2174c,Redfern's,Redfern's,,,,,
c9a28d4b-b496-4471-b571-23f9e4e1b106,Radcliffe Camera,Radcliffe Camera,,,,,
26caef9a-c5f6-4f9a-8851-f92f359492c2,Association of London Married Women Teachers,Association of London Married Women Teachers,,,,,
ad64fde2-1403-4a7a-9548-0be6d8d9b5de,Salzburg Festival,Salzburg Festival,,,,,
ed2601e2-18e0-4d7d-bc18-87b259d57f7f,Passages,Passages,,,,,
580791e7-d087-4b4a-9e8f-f3f35b064071,Indian National Social Conference,Indian National Social Conference,,,,,
fb3d0ef9-5485-4c9c-8ad6-0efd94a4a8f1,University of Newcastle,University of Newcastle,,,http://viaf.org/viaf/128716129,http://viaf.org/viaf/128716129,
5beabb8d-b3a7-4979-9948-964d07858cdf,Crescent Moon Bookstore,Crescent Moon Bookstore,,,,,
fd207e81-f93f-4c89-aefe-52e0cc9c9dab,"Religious Tract Society, Paris","Religious Tract Society,, Paris",,,,,
5f9871e4-19c6-456e-8dcf-0816b8cc750c,Kiwi Publishers,Kiwi Publishers,,,,,
eb3d3347-d379-47a4-a1c1-1ae21a3e82d2,Scottish Royal Geographical Society,Scottish Royal Geographical Society,,,,,
7268fb4d-b923-4424-b2e4-06eaef6395cd,Ackermann and Company,Ackermann and Company,,,,,
5d2243c9-3637-406e-bb11-bc33675cb81e,"Royal Victoria College, McGill University","Royal Victoria College,, McGill University",,,,,
4a250d77-97f9-4b29-9d6e-7db283fc6a83,Hôtel Dieu,Hôtel Dieu,,,,,
c70849ac-9e53-44fd-8cb0-d3e523c08bc5,Alice Walker Literary Society,Alice Walker Literary Society,,,,,
bc3678ed-9f63-4e43-af7e-439d13ff3379,Native Representative Council,Native Representative Council,,,,,
05c3c8c2-26e6-4118-8cc5-537aab5eca92,Women's Playhouse Trust,Women's Playhouse Trust,,,http://viaf.org/viaf/133774713,http://viaf.org/viaf/133774713,
0faad0a8-2d3b-48dd-9e29-81d24762244a,Morgan Library and Museum,Morgan Library and Museum,,,http://viaf.org/viaf/139537973 | http://viaf.org/viaf/140782799,http://viaf.org/viaf/139537973,http://viaf.org/viaf/140782799
3582a952-17eb-4b3c-ba7a-48575452423b,Bromley Auxiliary Fire Service,Bromley Auxiliary Fire Service,,,,,
0a5407ea-0622-412b-a360-008557457fd4,White House,White House,,,,,
9ab2f02d-7875-419e-9999-e0cee3f0cbcd,"Minerva Press, 1790 - 1821","Minerva Press,, 1790 - 1821",,http://www.wikidata.org/entity/Q18428142,http://viaf.org/viaf/143390459,http://viaf.org/viaf/143390459,http://www.wikidata.org/entity/Q18428142
b2b8e8b7-6819-4066-ae4c-c039e34aced7,Freemansons' Female Charity,Freemansons' Female Charity,,,,,
6fa902a9-1fde-4139-8716-b18ad8c8a620,Duncan of Jordanstone College of Art,Duncan of Jordanstone College of Art,,,,,
f539cca9-3f84-4c0f-8250-7298a88b4d27,Émile-Paul Frères,Émile-Paul Frères,,,,,
bc76334a-4361-4594-8918-1afb45fc5b34,Mau Mau,Mau Mau,,http://www.wikidata.org/entity/Q476855,,http://www.wikidata.org/entity/Q476855,
3effaf66-2c17-4b47-953c-c2e59fbcc544,Heritage Lottery Fund,Heritage Lottery Fund,,,,,
a21a7921-e826-4601-868b-bda7ae02beb3,Rugby School,Rugby School,,http://www.wikidata.org/entity/Q1143281,http://viaf.org/viaf/132806297 | http://viaf.org/viaf/138713438 | http://viaf.org/viaf/141960097 | http://viaf.org/viaf/145758546 | http://viaf.org/viaf/302153409724541581549,http://viaf.org/viaf/132806297,http://viaf.org/viaf/138713438 | http://viaf.org/viaf/141960097 | http://viaf.org/viaf/145758546 | http://viaf.org/viaf/302153409724541581549 | http://www.wikidata.org/entity/Q1143281
782e0243-5bf3-4d54-a6b3-84e531adca05,"College of St Hild and St Bede, Durham University","College of St Hild and St Bede,, Durham University",,,,,
fbc91f07-7da1-4550-921e-2eb17bc86d3d,American Council of Learned Societies,American Council of Learned Societies,,,,,
238c7b57-8232-434c-ab2b-47487cf61eb8,Marchmont Hall,Marchmont Hall,,,,,
add7de95-8f63-4362-b13a-b6e677c2d293,British Library of Political and Economic Science,British Library of Political and Economic Science,,,http://viaf.org/viaf/136771558,http://viaf.org/viaf/136771558,
ed05118b-4511-4f07-98c6-826500bfae66,American Folklore Society,American Folklore Society,,,,,
6d19df49-24cd-4d8b-95d4-79450f1f04dd,Sunday School Union,Sunday School Union,,,,,
0dd40f4f-6948-4d9f-8e57-26c84bc9debb,Charles Kean Company,Charles Kean Company,,,,,
09710122-e27b-4e32-82b9-b4ed5bb8702e,Charing Cross Hospital,Charing Cross Hospital,,,,,
b529b33c-ab56-4ba5-968f-f62197db363a,Liberty,Liberty,,,,,
003e1b93-638d-43f6-b251-688b98a44de3,Salmon Publishing,Salmon Publishing,,,,,
6f80b3f6-6256-4c6f-bfb8-2c2c3994838e,"New Theatre, Leicester","New Theatre,, Leicester",,,,,
ee2127a2-3ccf-400c-a228-8eb82c1e9bdc,British Women's Temperance Association,British Women's Temperance Association,,,,,
c0718c02-c3ed-43ca-a3f0-7ac5751ef9f6,Brown and Patterson,Brown and Patterson,,,,,
5d3b8d4b-a468-4cff-9788-006ee7776d6e,Freewoman Discussion Circle,Freewoman Discussion Circle,,,,,
6dd3709c-5a09-4d82-8d0e-11056255e326,Federalist Party,Federalist Party,,,,,
b59253cb-a829-4a00-819c-df0ea7692744,Royal Victoria Hospital,Royal Victoria Hospital,,,,,
692d2e5d-5c1c-4042-b207-b5be92149ba0,Farrar and Rinehart,Farrar and Rinehart,,,,,
594b5836-b55c-4805-86bf-c54e4ce7d956,Imperial Society of Teachers of Dancing,Imperial Society of Teachers of Dancing,,,,,
ac00d700-8810-4ccb-86ca-a05c20eb2cb5,Elim Pentecostal Church,Elim Pentecostal Church,,,,,
86baea90-5c2d-442b-a578-10edb64dcfc1,J. Ogilvie,J. Ogilvie,,,,,
4677979a-e868-472b-8562-907160519fca,Municipal Workwomen's Society,Municipal Workwomen's Society,,,,,
f975e3b6-7e52-4955-9444-026265e7704a,Monroe Academy,Monroe Academy,,,,,
7e72e4f6-fe23-4716-a29d-b34b607ee5e2,Phrenological Association,Phrenological Association,,,,,
53d71751-74e5-4100-97c3-0aeddfa50237,T. T. MacDonald,T. T. MacDonald,,,,,
1e7b1895-1d56-43fb-968e-be9bd31a026c,International Council of Nurses,International Council of Nurses,,,,,
bf6aab6d-297c-4c7f-9dee-c955b184230a,Chekhov Theatre Studio,Chekhov Theatre Studio,,,,,
74789d7e-3e40-4d3c-97ad-b80015e82fa1,University of Wisconsin Press,University of Wisconsin Press,,,http://viaf.org/viaf/142839588,http://viaf.org/viaf/142839588,
64b94580-a1c6-4a08-98b5-a1a9329c67e1,Christian Missionary Society,Christian Missionary Society,,,,,
b62173d5-1c35-4df5-a95f-a2d506c8340e,Booker Prize,Booker Prize,,http://www.wikidata.org/entity/Q160082,,http://www.wikidata.org/entity/Q160082,
db5f0de6-b009-41c5-9ed9-c25a36c913dd,Budapest Psychoanalytic Association,Budapest Psychoanalytic Association,,,,,
21fc82e3-e57b-402b-a272-a047490b3035,Blackie,Blackie,,,http://viaf.org/viaf/142986780,http://viaf.org/viaf/142986780,
4e85e140-05e4-4c9f-b413-539ec1dd10bf,Orient Express,Orient Express,,,,,
99e7ae58-d0a2-483a-8987-7c50c8cd43b2,Ojai Festival,Ojai Festival,,,,,
1d51ee2b-521f-4ff5-a985-6fab13f57eaa,T. Werner Laurie,T. Werner Laurie,,,,,
cb4bccd6-0b11-4869-8444-ade643e9b06e,Les Amis de Shakespeare and Company,Les Amis de Shakespeare and Company,,,,,
ffb2d9ae-d9b9-4da8-b1da-10493797aa87,Social and Revolutionary Congress,Social and Revolutionary Congress,,,,,
240c1b50-423e-492e-8e8c-9ddb7a40591a,Institute of France,Institute of France,,,,,
28bc7bf9-adcf-49ba-a946-6fb680394f0c,National Birth Rate Commission,National Birth Rate Commission,,,,,
61212bf7-ad21-445c-9fc2-b24f0bb9b0fd,Firestone,Firestone,,,,,
37ec9c11-f504-4752-9e6a-73fa69b98ce5,Miners' Welfare Fund,Miners' Welfare Fund,,,,,
13ad5e43-96b3-4dda-99d0-b04894f65e40,Socialist League,Socialist League,,,,,
074cbc27-ddca-46f4-90e0-8e2e84d81fd5,Jamaica Committee,Jamaica Committee,,,,,
c06c2945-91e0-433a-a777-49de8a9f4a7c,Hampstead Registry Office,Hampstead Registry Office,,,,,
9290d017-4eb2-429f-998c-c3a95cfe0f31,Jansenists,Jansenists,,,http://viaf.org/viaf/136584424,http://viaf.org/viaf/136584424,
01041b70-0607-4d96-bb75-ee428aefbd84,Porte-Saint-Martin,Porte-Saint-Martin,,,,,
4c48e162-12cf-45e3-b5bf-7839c93faad4,Naomi Bramson Trust,Naomi Bramson Trust,,,,,
9bc32641-850f-49f9-b0a7-c58efd1f13d1,Centre for Contemporary Art,Centre for Contemporary Art,,,,,
dac2b586-e2e2-4425-9710-b20f89a763b8,Arya Mahila Samaj,Arya Mahila Samaj,,,,,
d8b88f41-591d-456b-93f8-800192f4e920,Cornerstone Books,Cornerstone Books,,,,,
21faae78-ee4d-465e-85f2-807264c43e76,Sporting Club,Sporting Club,,,,,
7ea4940b-52ce-418a-a4cf-efdadf1d1fcb,Whiteboys,Whiteboys,,,,,
b392c360-74ed-4e58-8cbe-3bedcf817c0e,Recess Committee,Recess Committee,,,,,
509a4f13-8f66-4834-90df-058b4e6a63f3,Modern Language Association,Modern Language Association,,,http://viaf.org/viaf/168421486,http://viaf.org/viaf/168421486,
f1810156-1fc8-4a34-9bc2-d442903a25ba,Manic Street Preachers,Manic Street Preachers,,,,,
496d6de1-37b9-4278-9031-25eaf4ac3bf3,Green Belt Movement,Green Belt Movement,,,,,
1dcdd8b6-4e0f-4dd7-9726-998075f19c00,Murray MacDonald and John Stevens Limited,Murray MacDonald and John Stevens Limited,,,,,
b8b171a3-7e22-4c49-9adb-2438259fc531,Colored Women's Progressive Franchise Association,Colored Women's Progressive Franchise Association,,,,,
8a561987-53ad-4752-b467-a2819f818ac8,People's College,People's College,,,,,
0b823b37-ea74-4e9d-8a91-a75a0f0cb960,Rand Corporation,Rand Corporation,,,,,
0a6f7733-0f84-4514-8741-2bb477a966e4,Battersea Arts Centre,Battersea Arts Centre,,,,,
89f8f713-5f89-446d-9287-94cc11cdbe4d,George Redway,George Redway,,,http://viaf.org/viaf/124791143,http://viaf.org/viaf/124791143,
a8ae2c74-e243-450d-81b8-033d618cdc13,"St Bartholomew's Hospital Medical College, University of London","St Bartholomew's Hospital Medical College,, University of London",,,,,
816d14a0-2b0d-4d31-ab76-94e63f0e6176,Screen Writers Guild,Screen Writers Guild,,,,,
2fc80d22-a7eb-4be5-90df-f88048764222,Oxford Russia Fund,Oxford Russia Fund,,,,,
fb12b024-56ba-4ca6-9fb3-4286ad63c11b,First London General,First London General,,,,,
a7869265-d327-43d6-b266-9f82d81f59ab,Ramabai Association,Ramabai Association,,,,,
b883fbf1-5d06-4af2-a44c-cd17b4420978,Royal Geographical Society,Royal Geographical Society,,,http://viaf.org/viaf/138109643,http://viaf.org/viaf/138109643,
152969a6-ba80-4b69-ac6e-71104a484388,National Union of Tailors and Garment Workers,National Union of Tailors and Garment Workers,,,,,
46b45929-9a00-4e76-980e-9a7d7c4b53b4,Tefal,Tefal,,,,,
a460aa00-3175-4987-8a39-dfa62c7cb447,"Theatre Royal, Windsor","Theatre Royal,, Windsor",,,,,
f623cbc8-c424-4fe2-a576-10ed9ef678a2,Law Society of Upper Canada,Law Society of Upper Canada,,,,,
e67b1f48-a385-4ff9-9f15-378a26fc23e2,Irish Republican Army,Irish Republican Army,,,http://viaf.org/viaf/129760787,http://viaf.org/viaf/129760787,
14759848-278b-444d-b649-819cf3c208a4,Female Middle Class Emigration Society,Female Middle Class Emigration Society,,,,,
40f260d6-c9d0-4fa2-ba8b-e3fa8d6ef676,Journeyman Press,Journeyman Press,,,http://viaf.org/viaf/313429809 | http://viaf.org/viaf/56155707106722411990,http://viaf.org/viaf/313429809,http://viaf.org/viaf/56155707106722411990
f03db3ff-83d8-42db-a4c3-4cd352735728,Lyceum Theatre,Lyceum Theatre,,http://www.wikidata.org/entity/Q1661445,http://viaf.org/viaf/131393646 | http://viaf.org/viaf/172513322,http://viaf.org/viaf/131393646,http://viaf.org/viaf/172513322 | http://www.wikidata.org/entity/Q1661445
69a3ca91-e18a-4be3-9dad-b56bbade1484,Lambeth Palace Library,Lambeth Palace Library,,,,,
86270a78-3f32-4b80-be09-586aabd2a0c6,Poem-of-the-Month Club,Poem-of-the-Month Club,,,,,
6f38674c-6ce4-4824-8575-b08613cf29aa,Scots Fusilier Guards,Scots Fusilier Guards,,,,,
4dd5fc96-ebe4-4505-8ada-ad3042afd98e,SOS Racisme,SOS Racisme,,,,,
45e12a5e-9bb4-45e0-8ccb-2c2358236643,Elsevier International Press,Elsevier International Press,,,,,
47f71ca9-54d9-4994-aea2-54253a46051c,Society for the Oversea Settlement of British Women,Society for the Oversea Settlement of British Women,,,,,
b9d41fc0-51f5-4c81-b4ce-01565eb29d28,Abbey Players,Abbey Players,,,,,
f11fdbd3-73d8-4b3d-9f50-533a4c720348,University of California at Berkeley,University of California at Berkeley,,http://www.wikidata.org/entity/Q168756,,http://www.wikidata.org/entity/Q168756,
95d57dc9-cb71-47b8-b687-d5241e021af5,New England Poetry Club,New England Poetry Club,,,,,
f4aea84b-d9e2-436e-bf46-1561f6c26359,Fair Employment Agency,Fair Employment Agency,,,,,
ec230607-02b4-44e4-b4c5-48e411a7b4bf,Disabled Women's Coalition,Disabled Women's Coalition,,,,,
50bc11f7-0ee4-4f2c-bd9b-d04b9af14918,Indian National Congress,Indian National Congress,,,http://viaf.org/viaf/158938534,http://viaf.org/viaf/158938534,
a18a3a57-7e2b-495a-a06c-129226c67996,Friends' Ambulance Unit,Friends' Ambulance Unit,,,,,
a65a88f1-5d56-4d65-814c-97c3084b0ed8,Village Press,Village Press,,,,,
f5787779-0700-4cd5-9bf8-a45da46cd279,Kingston Penitentiary,Kingston Penitentiary,,,,,
7c80e361-b24f-4297-b5dc-8d6b1adafe53,Infants' Health Society,Infants' Health Society,,,,,
afe2662c-8840-4a01-8f6c-e7bff2e4d90f,Blyth Festival Theatre,Blyth Festival Theatre,,,,,
559a21c5-7ae4-4564-a08a-e7b70ed2cb6e,Anti-Partition Committee,Anti-Partition Committee,,,,,
fe816f9a-31df-4921-a89e-c57555f378fe,Highbury Little Theatre,Highbury Little Theatre,,,,,
7dad70fe-f3a4-4b43-a17b-0ddeaeceae8f,Welwyn Folk Players,Welwyn Folk Players,,,,,
d5cd1d04-34aa-409c-af69-122e8ac3c94d,Army Clothing Establishment,Army Clothing Establishment,,,,,
15d827b4-4742-49f6-a63a-c3e83e2af511,Severalls Hospital,Severalls Hospital,,,,,
1a2e7cb0-6510-4e96-9120-034fbaa3bfa0,International Textile Workers,International Textile Workers,,,,,
559e1f30-a7b5-4737-811e-066a9724924b,Loreto Convent School,Loreto Convent School,,,,,
94c0df97-9b7f-438c-895b-c1edd48efe03,Association for Women's Rights,Association for Women's Rights,,,,,
21efc0ec-6246-4b0d-8286-4cd4d77b60f1,Brixton Prison,Brixton Prison,,,,,
92bf8572-f40c-485c-b903-8acf39b2a5fd,Widener College,Widener College,,,,,
f470070e-b200-4811-aabf-54cca6177748,British Federation of Women Graduates,British Federation of Women Graduates,,,,,
fee8730f-2b9d-4851-a319-045938760028,Inner Traditions,Inner Traditions,,,,,
075fd424-5e38-472a-ab9e-1f9f97a6b769,Piccolo Press,Piccolo Press,,,,,
f73d33dc-b1be-46dd-92d5-e595ed91107a,New York Psychoanalytic Institute,New York Psychoanalytic Institute,,,,,
1bda56b1-2859-45cc-bcde-7181818f235e,Gwasg Gregynog,Gwasg Gregynog,,,,,
aa6e01dd-6b6f-47c5-aaf8-244afdb2c935,British and North American Royal Mail Steam Packet Company,British and North American Royal Mail Steam Packet Company,,,,,
6018c6f6-89b3-4b0a-9ac4-8d023c787038,Scottish Text Society,Scottish Text Society,,,,,
6f0b9fdc-1253-4fcf-a0f8-8f2800322b79,Man Group,Man Group,,,,,
7bbcf484-cb8c-4227-9994-42bc2db010b3,Westminster Hospital,Westminster Hospital,,,http://viaf.org/viaf/154315802,http://viaf.org/viaf/154315802,
12237b09-4028-4cc1-8b6c-658532987db9,Gee and Company,Gee and Company,,,,,
890cfe7a-5858-47cc-bbcc-43b68e78aea7,SM Publications,SM Publications,,,,,
7a063ff4-0f24-4a36-a6e8-f941d634931b,London Executive Committee,London Executive Committee,,,,,
4a6f62ce-5791-4260-8ba5-be5cfb4b6f81,"Wolfson College, Oxford University","Wolfson College,, Oxford University",,,,,
322004a9-f7b8-4be2-b2fb-88af997a5f81,Jackson State University,Jackson State University,,,,,
c0d52cb4-0353-4755-b31e-7415833c83e9,"Lyric Theatre, Hammersmith","Lyric Theatre,, Hammersmith",,,http://viaf.org/viaf/132642302,http://viaf.org/viaf/132642302,
33f68c8d-dbc7-4cad-9491-624a7ecf6d33,Irish Anti-Partition League,Irish Anti-Partition League,,,,,
c27a70aa-7af2-45c7-8c74-a1958c03457a,Women Patrols,Women Patrols,,,,,
b4236126-c8ed-4051-b92d-7afc16cc50d4,Armenian Relief Fund,Armenian Relief Fund,,,,,
83426abe-a941-48d2-9bc7-c01fc97b7f0d,Irish Art Museum,Irish Art Museum,,,,,
f86b7eca-9063-4b66-a18d-77f52a44750f,Plaid Cymru,Plaid Cymru,,,,,
29d6c934-39b4-49c9-99b5-aca4600d9f7e,Voluntary Euthanasia Society,Voluntary Euthanasia Society,,,,,
b79be432-e264-4368-819a-bcaaca5ab21b,Woodard Schools,Woodard Schools,,,,,
346ad43d-ec0c-492a-9a44-c174e2c5e018,Canadian Red Cross,Canadian Red Cross,,,,,
605b0a18-11c9-44ae-af1c-3aabc3cc87d0,Travelers' Bank,Travelers' Bank,,,,,
62dac272-3238-4d28-a23e-5064b8444356,Independent Theatre,Independent Theatre,,,,,
b4a02fb5-65d7-4881-b181-60429224424b,London Society for the Protection of Young Females,London Society for the Protection of Young Females,,,,,
f9f7637a-f4ae-4f51-bcdf-273aec9bd46d,Elizabeth Garrett Anderson Gallery,Elizabeth Garrett Anderson Gallery,,,,,
ed8be2e1-125e-4737-8190-a8dacdabe83d,Hunter College,Hunter College,,,,,
760f3835-935c-45b8-ae07-0229ff3553d2,Reichsbank,Reichsbank,,,,,
0e753dfb-b84a-4494-b0c4-adc9350e057b,West Metropolitan School,West Metropolitan School,,,,,
45a01944-5a2f-44d9-9d59-f82983a9b983,Marine Motoring Association,Marine Motoring Association,,,,,
fe845d49-7c38-4c66-b5a7-891c8ae1410c,Dalkey Archive Press,Dalkey Archive Press,,,,,
b791a05a-b9f9-4e87-b561-256472193c7b,Phoenix Fire Insurance Company,Phoenix Fire Insurance Company,,,,,
e2825716-5189-40a9-921f-6648ee6de7eb,Beaverbrook,Beaverbrook,,,,,
347cd6a0-47a4-4dbb-b14b-e92cae171feb,Fáilte Ireland,Fáilte Ireland,,,,,
9abca199-4123-4dcf-aa30-8cebe47a5c1b,Rachel Carson Trust,Rachel Carson Trust,,,,,
57985cb1-f314-44db-80a8-0a19570a9b10,Biltmore Theatre,Biltmore Theatre,,,,,
3614169d-57de-4f5d-800b-1ef8b9c154ae,Dublin Red Cross Nursing Sisters,Dublin Red Cross Nursing Sisters,,,,,
acf297f8-ebce-43a1-89b0-1b5f0eb9520d,Australian National Library,Australian National Library,,,,,
1a29bc1f-e748-4525-ab3b-4c4a9c384981,"Regent's Park College, Oxford University","Regent's Park College,, Oxford University",,,,,
4155ff91-f61b-499b-bc5d-b9d85626b54b,Electricity Board,Electricity Board,,,,,
120768da-4968-4fe8-9f86-2a7f1145661d,Women's Enfranchisement League,Women's Enfranchisement League,,,,,
7e64e23a-5a3f-4ac1-a85d-957e10bcfdf8,Methuen,Methuen,,http://www.wikidata.org/entity/Q3296078,http://viaf.org/viaf/167761845,http://viaf.org/viaf/167761845,http://www.wikidata.org/entity/Q3296078
435a0b73-26cf-4d0d-91c3-cff5bfa8eec5,Stock,Stock,,,,,
74257532-dd1a-4d12-b99a-76a16061758c,Lawn House,Lawn House,,,,,
8429ca03-bbff-4bdf-ae6c-1fe570eb9713,Triton Books,Triton Books,,,,,
1b2a3320-f885-4056-acf7-85ce3162ce7d,Aramco,Aramco,,,,,
4786a364-adfc-47cf-a0ee-f3e73ece8d70,Zouaves,Zouaves,,,,,
4e1a2a0e-da1e-4419-85e1-0db1ac2be3ce,Edinburgh Bibliographic Society,Edinburgh Bibliographic Society,,,,,
c25deee0-e07e-4c8a-9310-655ac3ddef38,S. H. Benson,S. H. Benson,,,,,
66d729d4-7c74-4404-a9db-144afee13908,Hormone Imbalance,Hormone Imbalance,,,,,
24200948-8f0a-423b-abb3-d0467cdd3439,W. J. Watt,W. J. Watt,,,,,
3d12743e-8576-47f2-af65-5415c155ed0c,City of Leeds School,City of Leeds School,,,,,
0c708997-c4ae-421f-a40d-faa4f65953fd,Literary Press,Literary Press,,,,,
ae52e00b-d210-428d-b041-663efeb6652f,Midland Bank,Midland Bank,,,,,
a5ef76a2-5be2-44d4-8235-4fd25f5cbfba,Society of Applied Anthropology,Society of Applied Anthropology,,,,,
0cb9ef4c-bee6-4041-8679-4f26dcfadfa7,Friday Hampstead Circle,Friday Hampstead Circle,,,,,
37c26274-0fe1-4421-be1e-3fcf4279bb2a,Cedric Chivers,Cedric Chivers,,,http://viaf.org/viaf/29155224425184370688,http://viaf.org/viaf/29155224425184370688,
51b6300c-8d89-4cff-9cdf-e03160c4fd8b,Congress of the World League for Sexual Reform,Congress of the World League for Sexual Reform,,,,,
95becded-e693-403b-82c4-8c43587b8eac,Peking University,Peking University,,,,,
2c87e323-9e4a-431f-913b-10d0b61705b5,Dreamscape Media,Dreamscape Media,,,,,
50e27705-061e-4115-a17c-2094448fcf80,Artists International Association,Artists International Association,,,,,
47ac747a-82af-4e7a-ac81-0edf853c38e9,Hospital for Sick Children,Hospital for Sick Children,,,,,
2f6f2f92-3bd0-4808-9ab1-13344a0ccebe,"Arts Theatre, London","Arts Theatre,, London",,http://www.wikidata.org/entity/Q2342293,http://viaf.org/viaf/5145542569996642304,http://viaf.org/viaf/5145542569996642304,http://www.wikidata.org/entity/Q2342293
67057c16-7e19-4116-aaf8-1c60faf610af,Swarthmore College,Swarthmore College,,,,,
c69ecc0f-0c81-485d-bd17-ed5d18be0ec9,Webster,Webster,,,,,
1005a9b2-77be-4cf2-ace2-c278db7f6350,Arminian Church,Arminian Church,,,,,
11f324ef-ae52-4532-a81c-2f64e413ffb6,Playtone,Playtone,,,,,
861b747c-24c8-4183-8b04-19d16bd816b6,Amateur Company,Amateur Company,,,,,
1d1a46ff-ecbc-4ddb-8de6-9db325d9ad3a,Morosco Theatre,Morosco Theatre,,,,,
21561c57-86c2-499d-856e-8fad730aed55,East London Apprenticeship Fund,East London Apprenticeship Fund,,,,,
5c03fe21-5450-4262-aab9-dc81d71feafc,"FVS Foundation, Hamburg","FVS Foundation,, Hamburg",,,,,
5a66670e-6aed-42b3-9b43-9f67c6bbdfdf,North Staffordshire Regiment,North Staffordshire Regiment,,,,,
9d9af4fc-3dd6-46a8-90c0-5230e652d0d9,International Atomic Energy Agency,International Atomic Energy Agency,,,,,
e768338c-889b-491e-aa53-8f24f1e623c2,"National Endowment for Science, Technology and the Arts","National Endowment for Science,, Technology and the Arts",,,,,
6b28d59f-9702-453b-b22f-eff29c32d914,Association of Headmistresses,Association of Headmistresses,,,,,
47241bb8-ccd9-4153-87a0-05f96d2bf1ff,Royal Exchange,Royal Exchange,,,,,
01b2bd26-7012-4c63-afc6-2389741367c7,"St John's College, Oxford University","St John's College,, Oxford University",,,http://viaf.org/viaf/152441516,http://viaf.org/viaf/152441516,
ff85a8ac-36ab-4f06-82f6-9e774049d718,Continental Congress,Continental Congress,,,,,
cfa42c5b-5f8b-41b2-8a9c-35ab6a9d90cf,Chiswick Press,Chiswick Press,,,,,
e9b271d4-fb6c-4647-9734-2c33ef286040,Royal Aero Club,Royal Aero Club,,,,,
e324d6cf-feb9-43cb-901d-830a3ade55d5,Agricultural Circle,Agricultural Circle,,,,,
b883a541-f7ba-481a-93bd-43da2bd9705f,Dublin Volunteers,Dublin Volunteers,,,,,
27101c71-d90b-4f8e-a82f-027aa824e2e5,University of Dhaka,University of Dhaka,,,,,
002571ee-cba2-47c4-81e3-cdb753f6f8ba,Seven Stories. The National Centre for Children's Books,Seven Stories. The National Centre for Children's Books,,,,,
7e23a256-1b51-4400-a54c-8b027d505c15,University of South Carolina,University of South Carolina,,,,,
be5822d9-1637-4302-b5f7-b06970dc27ad,Constituent Assembly,Constituent Assembly,,,,,
dda22ef0-ef6c-4ed9-acbb-01c43d9bf92f,Metropolitan Theatre,Metropolitan Theatre,,,,,
46a0aff6-643c-423d-8765-edbd8dd6dad7,Sion College,Sion College,,,,,
978c711d-27cd-45f2-82c9-d5a0a88bcd2d,National Monuments Record of Scotland,National Monuments Record of Scotland,,,,,
6c5c38eb-718d-4e1c-ac10-b5c5063fcc0a,St Anthony's Theatre,St Anthony's Theatre,,,,,
19deeb8a-ae6d-4677-b2c4-acd8ef4c0d05,Save the Children Nursery Schools Committee,Save the Children Nursery Schools Committee,,,,,
76aaf09d-0749-47e2-a1e0-3a41e82a98fa,Patriotic Fund,Patriotic Fund,,,,,
d4c76267-8f58-4f5c-b349-ea3ac246f2c6,Cover to Cover,Cover to Cover,,,,,
ec52d785-beba-4fb1-b721-f8bd5bf37c73,Ethical Society,Ethical Society,,,,,
3055be95-a599-43d9-a81e-fe842402f35b,Portable Theatre Workshop,Portable Theatre Workshop,,,,,
6432c801-8ce7-4eb1-aefe-ac3bca364df2,American Associated Negro Press,American Associated Negro Press,,,,,
15249c66-068f-4a60-9239-81310ad396f3,Society for Promoting the Employment of Women,Society for Promoting the Employment of Women,,,http://viaf.org/viaf/160536404,http://viaf.org/viaf/160536404,
e21f7747-328c-4c37-8de8-eb6b6773e9e8,Saint Lucie County Welfare Home,Saint Lucie County Welfare Home,,,,,
73bafbad-5e04-4d3e-9ce8-95b9c9f7ec72,Poetry Society of America,Poetry Society of America,,,,,
1d39b8fa-bb55-4368-b6a8-74328e8e9358,Spare Ribs,Spare Ribs,,,,,
4e3affa3-d7b3-423b-908a-2c8f634ea0c9,Skylight Paths Publishing,Skylight Paths Publishing,,,,,
1f830f6d-8384-48cf-b267-2ebe0110fed6,Ballantine Books,Ballantine Books,,,,,
3af6b8d5-ab47-4895-b9e3-acef1a569c72,American Express,American Express,,,,,
91ca84fd-f545-4151-8a45-319b41aea41c,Central Criminal Court,Central Criminal Court,,,http://viaf.org/viaf/158786339 | http://viaf.org/viaf/172535498 | http://viaf.org/viaf/248290655,http://viaf.org/viaf/158786339,http://viaf.org/viaf/172535498 | http://viaf.org/viaf/248290655
5da1b309-9c79-4704-8e66-f2572e86b413,Albemarle Club,Albemarle Club,,,,,
eee9df41-bebe-496d-8155-625551a839a1,Peninsular and Oriental Steam Navigation Company,Peninsular and Oriental Steam Navigation Company,,,,,
557694b2-9331-40e2-8851-871d3ed235c2,Institute for Protestant Deaconesses,Institute for Protestant Deaconesses,,,,,
1e2d12f1-b2ad-4b1c-b07c-3e69cfb5c4a1,Sappho Publications,Sappho Publications,,,,,
be671e2f-de3f-4d35-b240-b7fe1da74fec,Charles Tilt,Charles Tilt,,,http://viaf.org/viaf/50271899,http://viaf.org/viaf/50271899,
733cd3b5-2ea7-4e4a-aca5-788ba55b85f7,Daughters of Bilitis,Daughters of Bilitis,,,,,
66a1ac0f-5e58-402a-8820-a963c659e342,Women's Hospital,Women's Hospital,,,,,
654f1834-ccea-4c46-a7e9-8d38e308d950,Birmingham Political Union,Birmingham Political Union,,,,,
07790750-d6a9-4ed9-a7f7-8744df77c520,Pinker and Co.,Pinker and Co.,,,,,
9f4b4aee-e701-4284-a6df-fa3a16c28f66,Men and Women's Club,Men and Women's Club,,http://www.wikidata.org/entity/Q6816233,,http://www.wikidata.org/entity/Q6816233,
c2f090c8-bbae-43fe-954b-c7043abe144e,Asia Publishing House,Asia Publishing House,,,,,
86361449-ecce-47ec-b9b1-818c3a1a944a,Triangle Film Company,Triangle Film Company,,,,,
bf400dfc-ff0e-4d9e-b143-4971fa84557e,Poetry Circle,Poetry Circle,,,,,
32895768-5295-4fd5-a13a-f5a9894c5825,National Gallery,National Gallery,,http://www.wikidata.org/entity/Q180788,,http://www.wikidata.org/entity/Q180788,
43f651f6-b47a-459a-9a99-795b121bba30,University of Pennsylvania Press,University of Pennsylvania Press,,,http://viaf.org/viaf/159571939,http://viaf.org/viaf/159571939,
c5fed611-619a-4d93-a579-0121742d358c,Mrs Hoster's Secretarial Academy,Mrs Hoster's Secretarial Academy,,,,,
bc54705c-cefb-49d2-8bb7-0debe6c4893d,International Institute of Philosophy,International Institute of Philosophy,,,,,
4ff0839e-83b7-4d55-ba0d-c418fd2a3258,Department of Social Security,Department of Social Security,,,http://viaf.org/viaf/146856894,http://viaf.org/viaf/146856894,
95774334-881a-4e88-92eb-db2dab5c8801,B. C. Cancer Foundation,B. C. Cancer Foundation,,,,,
fcd4daa8-de3e-4e68-8442-1964605c7b1e,Royal Society for Asian Affairs,Royal Society for Asian Affairs,,,,,
4607de05-953b-4408-b6c7-200209ac7dde,Bryan and Company,Bryan and Company,,,,,
f8abe866-64f9-41a8-8cd0-c2eaabb559cc,"International Musical, Dramatic, and Literary Association","International Musical,, Dramatic,, and Literary Association",,,,,
2461e94e-66fb-4b75-bbce-7aaa28cad45f,Middle Temple,Middle Temple,,http://www.wikidata.org/entity/Q925942,http://viaf.org/viaf/149990603 | http://viaf.org/viaf/789159474070427660214,http://viaf.org/viaf/149990603,http://viaf.org/viaf/789159474070427660214 | http://www.wikidata.org/entity/Q925942
ea48a72a-2f30-431d-a6fe-81bda1d62401,Musée Cernuschi,Musée Cernuschi,,,,,
6854099b-b0c3-45b5-9dd8-4610d5fae812,Royal Bank of Scotland,Royal Bank of Scotland,,,,,
9deff5bf-8f4b-4a5b-96fa-7323942d9bd0,Landore Siemens Steel Co.,Landore Siemens Steel Co.,,,,,
9da0bb5a-1189-41e6-8f35-b52a72cb7e8c,Denison Club,Denison Club,,,,,
23f3a623-0005-4a8d-9b92-b0abd31db4c0,Women's Voluntary Service,Women's Voluntary Service,,http://www.wikidata.org/entity/Q3569774,http://viaf.org/viaf/167973241,http://viaf.org/viaf/167973241,http://www.wikidata.org/entity/Q3569774
7d303de2-e071-4e6c-97f5-bd3b1e0a9adb,Royal Mint,Royal Mint,,,,,
e53de160-00ab-407f-b762-144bcef03b6b,Environment Agency,Environment Agency,,,,,
a8d54af3-99f8-44d5-bebe-bf4a3797e855,Contras,Contras,,,,,
1be52c82-8b5c-42a3-8b6e-0f8b66ae847e,"Dolphin Theatre, Brighton","Dolphin Theatre,, Brighton",,,,,
7e13a719-b36d-40e7-9a91-5d759a8710f8,West London Foreign Circulating Library,West London Foreign Circulating Library,,,,,
4c2dcce3-b6f3-463a-800b-2d1a0f820310,Poetry Ireland,Poetry Ireland,,,,,
97ea1ada-8a70-4347-b42e-7f39ff84f72d,"Keble College, Oxford University","Keble College,, Oxford University",,,,,
ee9a8a32-e34a-45d3-9c5f-90aa7cf72b32,SCM Press,SCM Press,,,,,
500a0b25-92f6-4fd0-8f3f-7d6aa46cc4de,Paradise Foundry,Paradise Foundry,,,,,
e87985a8-610a-47fc-acfa-996fc8204f77,Sherman Theatre,Sherman Theatre,,,,,
fbc09a36-f29f-445c-b9ff-17e83b967936,South London Hospital for Women and Children,South London Hospital for Women and Children,,,,,
892f8159-498b-4e79-83ad-c264a6dadd6b,Stoll Film Company,Stoll Film Company,,,,,
50230d34-b3ac-4f6d-8254-5adbdd16c99f,Mildmay Memorial Hospital,Mildmay Memorial Hospital,,,,,
f93dfafc-34ef-4eec-a797-3cd51d87b0e7,University of Cincinnatti,University of Cincinnatti,,,,,
98dc0ed5-3f93-4946-8353-d7394db9d9db,American Geographical and Statistical Society,American Geographical and Statistical Society,,,,,
54273f7b-1c41-4fb7-9013-7d9682654c00,Gregynog Press,Gregynog Press,,,,,
a62ce875-44fa-4fcc-98ae-9967f3297dee,Literary and Artistic Institute of France,Literary and Artistic Institute of France,,,,,
ac070055-f2d1-495d-a2cb-a48454d257e9,Rolls-Royce Limited,Rolls-Royce Limited,,,,,
03913c0a-6f23-4cb5-964a-cc64552dc611,WDJX,WDJX,,,,,
7d48e978-a7cf-40a9-ac5f-3cdac2d97116,Cassell,Cassell,,,http://viaf.org/viaf/121718240,http://viaf.org/viaf/121718240,
b051735a-5fea-45c2-9a4b-220dfba97d12,Upper Canada College,Upper Canada College,,,,,
11e28f9b-26ba-4d0b-94da-57416699e340,Conservative Association,Conservative Association,,,,,
7901a010-5100-4957-9e67-3fdf9c89e2a1,Dutton,Dutton,,,http://viaf.org/viaf/266034617,http://viaf.org/viaf/266034617,
fe0b0e02-bef7-4035-95fc-bc53a02b7733,House of Industry Infirmary,House of Industry Infirmary,,,,,
6ac5ecc1-f270-4284-b6b4-25a381dc10e1,Brotherton Library,Brotherton Library,,,http://viaf.org/viaf/136949486 | http://viaf.org/viaf/167984266,http://viaf.org/viaf/136949486,http://viaf.org/viaf/167984266
6e11ba05-cbfe-4fb8-a889-df7987450719,Subcommittee on Health and Kindred Services,Subcommittee on Health and Kindred Services,,,,,
556c78fe-c743-4106-ad9e-5560b191cfd3,French Red Cross,French Red Cross,,,,,
9d34e361-670c-4f45-ae9d-dbd5e8bb4bb0,National Anti-Contagious Diseases Act Extension Association,National Anti-Contagious Diseases Act Extension Association,,,,,
ceb0a33e-1695-4031-9a5c-2f23c2a7fd36,Random Century,Random Century,,,,,
245fce45-1b5b-4722-97ee-4ece6297ace4,Vizetelly,Vizetelly,,,,,
c5d09430-1a6b-4bf9-9324-85d6280d2364,Cameron Highlanders,Cameron Highlanders,,,,,
785980f8-bd83-4028-93f0-f05bb186cc28,Johns Hopkins University Press,Johns Hopkins University Press,,,http://viaf.org/viaf/157408888,http://viaf.org/viaf/157408888,
68736a14-ae10-4fa0-8a15-b0da2151921b,National Players,National Players,,,,,
9a5e5907-8f2b-4f7c-9cc5-acd81596a614,F. S. Ellis,F. S. Ellis,,,http://viaf.org/viaf/5770911,http://viaf.org/viaf/5770911,
3e8905c1-a442-4093-9f39-bbd6f002e073,University of Reading,University of Reading,,,http://viaf.org/viaf/128699820,http://viaf.org/viaf/128699820,
53f74ffe-bf5c-49d0-a711-f2e846b713de,Committee of Vice-Chancellors and Principals,Committee of Vice-Chancellors and Principals,,,,,
705b2a6c-39ba-4874-b034-974cea75cf25,Getty Center for the History of Art and Humanities,Getty Center for the History of Art and Humanities,,,,,
69f9389f-6eba-4c7b-b36b-bb050751b8c4,Society of Compositors,Society of Compositors,,,,,
84eae5f1-205d-4fc3-9386-e00d6f9e6e2e,St Andrew's Church,St Andrew's Church,,,,,
1f6cb1e2-9c84-484f-8340-601cc7e1e22c,Schiaparelli,Schiaparelli,,,,,
dbc08e7f-989b-41aa-955b-6f4368e6aef4,Worshipful Company of Fanmakers,Worshipful Company of Fanmakers,,,,,
483eaa5b-6b10-4c32-bc6c-8286664389ca,Staff Investigating Committee,Staff Investigating Committee,,,,,
cba7ce85-19ff-4c06-bbb7-8b0658aedaee,Wichita State University,Wichita State University,,,,,
87f085b5-eaae-4941-9132-cae4147a4224,Government Information Services,Government Information Services,,,,,
9fd92e36-e92a-4fa0-a4c7-41e33fa78636,Convent of Our Lady of Lourdes,Convent of Our Lady of Lourdes,,,,,
7ddaa9ad-0ee8-41b5-87d5-1f0248f5a253,Invalid Children's Aid Association,Invalid Children's Aid Association,,,,,
dfdc5306-27d9-4a47-bbfc-2db7f04d2826,London and Westminster Review,London and Westminster Review,,,,,
8d9af291-f0d1-4831-9816-a7c699153d1b,Daly's Theatre,Daly's Theatre,,,,,
2219d9f3-a94b-405f-8b22-ec23ba16f6ea,Pan-African Congress,Pan-African Congress,,,,,
536f1933-9aa9-419c-b2a3-e71be14a24ce,Apostles,Apostles,,,http://viaf.org/viaf/125867791,http://viaf.org/viaf/125867791,
f00dc1ec-549c-4bce-97e1-cfae9ee70f8d,Namara Group,Namara Group,,,,,
a877faf9-205e-455c-b9ed-892580888278,Bayer,Bayer,,,,,
371b9c88-714c-4791-a644-40eaaad0b52c,Redgrave Theatre,Redgrave Theatre,,,,,
e6f00ba2-3c7f-44a4-b364-51df9d4e4c6b,Movement for the Care of Children from Germany,Movement for the Care of Children from Germany,,,,,
71a2598c-f03b-42e4-81bd-c843c78c9656,Schools Inquiry Commission,Schools Inquiry Commission,,,,,
d61e826f-ddd6-4c60-ba7c-ad6a25e130d8,Conservation Society,Conservation Society,,,,,
4185defb-e11a-4ed2-9c6f-c0475531d5af,Unity Theatre,Unity Theatre,,,,,
4824b8c0-2f68-4664-86ff-45779c58e114,Girls' Guild,Girls' Guild,,,,,
fedf7a96-792a-40f4-8b1c-18b87ee6bb26,San Diego State College,San Diego State College,,,,,
96c8c770-cb3c-4c42-aefa-ad6a7fd5b67a,National Association for the Welfare of Children in Hospital,National Association for the Welfare of Children in Hospital,,,,,
c63f640a-0d07-4e79-a312-7a47c6d21514,National Union for Societies of Equal Citizenship,National Union for Societies of Equal Citizenship,,,,,
8c84307c-cc66-4a0e-9589-ae1f73440c17,"Wadham College, Oxford University","Wadham College,, Oxford University",,,http://viaf.org/viaf/136751608,http://viaf.org/viaf/136751608,
5c8c686d-64a7-4314-a095-c29b1d40e0cb,Paddington General Hospital,Paddington General Hospital,,,,,
1fee7064-daed-496e-bedb-082fae97991d,African Association,African Association,,,,,
2fbb8a74-722d-4733-832d-5c2357c2fd92,General Nursing Council,General Nursing Council,,,,,
d54c9377-04b3-436c-bf89-3f1b15b646f9,"Queen Elizabeth Hospital, Birmingham","Queen Elizabeth Hospital,, Birmingham",,,,,
a6597ead-2faa-492e-84aa-158f324e8ce4,St Francis,St Francis,,,,,
2e0d1ee8-dc31-4246-bab6-5f6942e09e0f,East and West Library,East and West Library,,,,,
fcb15aac-cd98-4ac9-ac67-840e0d874f55,American Medical Association,American Medical Association,,,,,
09265174-e0b0-46e4-97b8-f74ec0728cb2,Robert Purdie,Robert Purdie,,,,,
e342b5be-e696-48dd-a289-a8a6c3df12a7,Thomas Edlin,Thomas Edlin,,,,,
5366b8bb-e0dc-4d1e-abe7-15125ef68f8b,Medical Society of London,Medical Society of London,,,,,
e9cd8f68-a531-4ffa-9445-e4afc21852c6,Opera Factory,Opera Factory,,,,,
2088a9dc-8528-4833-99e9-d493a55ce0dd,South Bank Centre,South Bank Centre,,,,,
b3321750-ce76-428a-b251-ac4dbf6e2891,Strangeways,Strangeways,,,,,
edb7bb81-5bad-4400-a3c4-a880489372dc,Indian Army,Indian Army,,http://www.wikidata.org/entity/Q642932,,http://www.wikidata.org/entity/Q642932,
18872b01-95b9-474b-8a72-42d2fa413d24,Women's Peace Association,Women's Peace Association,,,,,
0fdbdf95-0513-4f18-945a-38040b453516,Women's Coalition,Women's Coalition,,,,,
e74c5541-05b7-410b-8e6b-90ac9e248cc7,West London Mission,West London Mission,,,,,
e5da6ae3-e99c-4a4f-840e-c1fb608b1cb4,Giramondo,Giramondo,,,,,
951de71a-bd4c-47fd-b69b-2bcd671815eb,Mount Carmel Training Centre,Mount Carmel Training Centre,,,,,
5879bbc8-89c6-4826-8615-f9c403f9d3f9,Mills and Boon,Mills and Boon,,,http://viaf.org/viaf/138558579,http://viaf.org/viaf/138558579,
ea549aa0-b406-43ea-90de-50b1b83a4b65,Married Women's Association,Married Women's Association,,,,,
46f7411f-0e24-42a1-87e6-07649024f7f1,Society of Women Bookbinders,Society of Women Bookbinders,,,,,
c99ec0f6-9355-48fa-b211-d2d9bec216c8,Joint Council of the National Theatre,Joint Council of the National Theatre,,,,,
569e8e5c-74cc-4da7-ad11-38395197bca1,Heinemann Educational Books,Heinemann Educational Books,,,,,
051cc850-23ac-4e70-9b90-fd3edf020277,Field Day,Field Day,,,,,
46668a20-6214-489e-810c-3173e05baced,Cambridge School of Art,Cambridge School of Art,,,,,
ebc45c30-4feb-479c-a67f-32a869706755,Friends' Historical Society of Ireland,Friends' Historical Society of Ireland,,,,,
ae0a987e-5d3e-444f-8a97-3f59a5bb6154,IBM,IBM,,,,,
af3582dc-0bbb-4a54-be7b-0795dd439f27,W. Caffyn,W. Caffyn,,,,,
23fb1b47-ae89-4688-ac6d-8e31d6dbf3a7,University of Ibadan,University of Ibadan,,,,,
ed999c41-aa75-42c7-b104-c7aa399667ad,Hyderabad Ladies' War Relief Association,Hyderabad Ladies' War Relief Association,,,,,
f80d1c22-85f6-45a5-b8ea-ec687e77138a,University of Nairobi,University of Nairobi,,,,,
71565bdb-d0a3-4a54-9cfa-9e3d0c48780f,Fawcett,Fawcett,,,,,
d136a8fd-4b1b-4cfb-b7a5-772ad718d718,Women's National Commission,Women's National Commission,,,,,
546be2f3-6d02-407f-94d3-40b2fd47755d,Tara Arts,Tara Arts,,,,,
c40539e8-3671-4b0b-a579-8326651c15d7,Ruth Lilly Poetry Prize,Ruth Lilly Poetry Prize,,,,,
02fce8fa-04af-4cdc-80c3-45f6b346c00f,Research Publications,Research Publications,,,,,
d3c2d58b-deb7-45f1-9449-e397f0aeb264,British Army Bureau of Current Affairs,British Army Bureau of Current Affairs,,,,,
10222647-4194-4510-aaa3-e273c6214119,Belgrave Theatre,Belgrave Theatre,,,,,
e9f322c5-3994-46e3-8a60-790cf8accacf,Christian Tract Society,Christian Tract Society,,,,,
4d834c89-f0d4-450c-a5a5-168488ca418e,Dr Williams' Library,Dr Williams' Library,,,http://viaf.org/viaf/148892954,http://viaf.org/viaf/148892954,
96ac95aa-abaa-49c2-9a14-67f2803b0a00,Muriel Spark Society,Muriel Spark Society,,,,,
8fd642df-9950-4f21-aa0f-1b052c434e7f,Covenanters,Covenanters,,http://www.wikidata.org/entity/Q1138040,,http://www.wikidata.org/entity/Q1138040,
d63468ff-6ffd-4fa1-a4fa-80866491467d,Trianon Press,Trianon Press,,,,,
12602c1d-cf6e-4425-96e2-b2fdc603e045,World Trade Organization,World Trade Organization,,,,,
cafc5939-9a0a-4946-b5c5-bd553d2891b0,New York Review Books,New York Review Books,,,,,
bbd2de19-b74d-42c0-ad74-8f3e54558323,British Committee for Indian Women's Franchise,British Committee for Indian Women's Franchise,,,,,
b90f3aeb-62be-49ac-b38e-d3d4f57a7380,Five Seasons Press,Five Seasons Press,,,,,
361d5904-7be8-4b44-b154-73363922167b,Training School for Women,Training School for Women,,,,,
0f710b67-8ba0-43ac-bd53-4989e4386795,Peter Owen,Peter Owen,,,http://viaf.org/viaf/151350062,http://viaf.org/viaf/151350062,
f23d8af8-7e97-43a8-afa4-ff6dbe3cfc76,DC Rape Crisis Center,DC Rape Crisis Center,,,,,
d20d4d32-b5cb-4154-a604-03cbc2aab64a,Bateleur Press,Bateleur Press,,,,,
836c5751-eafd-49fd-a409-d2260b5c3af2,Female Immigrants' Home,Female Immigrants' Home,,,,,
f7440144-b8bd-4a0e-9f4b-ffabcbf1bde7,Concordia University,Concordia University,,,,,
5ab42bb3-8c24-4d22-87af-02fae60cade1,Female Medical College,Female Medical College,,,,,
b8325922-4285-422f-8cb8-08151923e33a,"University College, Northampton","University College,, Northampton",,,,,
96327efd-237e-4c4c-8934-87594c1fd389,Board of Customs,Board of Customs,,,,,
15dcd851-9496-42f6-a7fb-a59e92c5e03c,Shakespeare Society,Shakespeare Society,,,,,
93f1764c-9b04-494f-978a-d9e703d88010,Carnegie Corporation,Carnegie Corporation,,,,,
07431e31-c40f-4768-87f4-5dbbbddee1d8,Maidstone Museum and Art Gallery,Maidstone Museum and Art Gallery,,,,,
60b73c6b-281a-46d7-842b-d7090497ccd1,Travellers' Library,Travellers' Library,,,,,
3524405f-4d91-4fd6-8152-3b7f41332fcf,Anglo-Persian Oil Company,Anglo-Persian Oil Company,,,,,
2253eebb-0f4d-4024-825d-45f6783a316c,Des Femmes,Des Femmes,,,,,
b86afa2e-af86-4819-9b05-072d483e7f75,Inland Waterways Association,Inland Waterways Association,,,,,
fb3882e8-6cef-4f83-ae87-33066d81e0a6,"National Museum, Poland","National Museum,, Poland",,,,,
b990db0a-dfc2-4b6a-b928-de8930065798,Institut Français,Institut Français,,,,,
c2fe3b82-e70e-441a-8516-a017d5ed69c9,Socialist Book Centre,Socialist Book Centre,,,,,
3d05cffd-368b-4edf-89bc-8e4ebcd9b8e3,National Portrait Gallery,National Portrait Gallery,,http://www.wikidata.org/entity/Q238587,http://viaf.org/viaf/121893961 | http://viaf.org/viaf/165430167,http://viaf.org/viaf/121893961,http://viaf.org/viaf/165430167 | http://www.wikidata.org/entity/Q238587
df3592c3-6991-4f2c-9420-ad5e7aca1272,Meurig Morris Spiritualist Services,Meurig Morris Spiritualist Services,,,,,
b3d133fd-7506-4176-bc7a-5738a4e635f0,Queensland Education Department,Queensland Education Department,,,,,
32b430cd-c921-4805-9290-3fd29d707dc8,Theatre Guild,Theatre Guild,,,,,
3ef9647c-060a-448c-8a4d-aa5a0f4f3b0a,"Women's Meeting, Kendal","Women's Meeting,, Kendal",,,,,
1fc40a2d-effa-4ea7-8147-330a047498b8,International Federation of Red Cross and Red Crescent Societies,International Federation of Red Cross and Red Crescent Societies,,,,,
b4f6c609-4aa9-45b6-9797-4258e3e70811,American Federation of Labor,American Federation of Labor,,,,,
c47484b2-d1c4-43b7-869d-7b069a166b1e,Bartlett,Bartlett,,,,,
89cb4c5e-ac6e-42aa-a70f-abb543c33fd8,Mothers' Union,Mothers' Union,,,,,
7dff3600-ba24-45f8-bb63-7c04de5b8392,Court of the Exchequer,Court of the Exchequer,,,,,
cad02312-3d1d-4e7c-a8c8-f91e52d847aa,Guildhouse,Guildhouse,,,,,
bc3f497e-fc8d-442f-b1b5-fa169e5300a2,G. and R. King,G. and R. King,,,,,
3289fbb5-b6e0-4c1f-b761-1c25ee7abacc,North of Ireland Women's Suffrage Society,North of Ireland Women's Suffrage Society,,,,,
bbf49eb5-43ef-4ce4-9d75-b68cf9a5ea86,Feldman and Co.,Feldman and Co.,,,,,
80fd30d9-871a-43da-a06f-5e6a957a1cea,Cambridge Local Examinations Syndicate,Cambridge Local Examinations Syndicate,,,,,
d208adc2-2a9a-4751-9475-db8fc86f4b99,National Society for Women's Suffrage,National Society for Women's Suffrage,,,,,
2d927f9e-d28f-4ff5-aaa3-695fde592d67,Highlands and Islands Advisory Panel,Highlands and Islands Advisory Panel,,,,,
b79e3d5a-3827-49b1-ae75-68ca0d53b5ed,Holywell Press,Holywell Press,,,,,
09168b11-85f2-43da-8921-51ca18ec2eec,Mary Webb Society,Mary Webb Society,,,,,
437d6812-80f5-4d4e-a489-56d2f1e6b03e,Corinthian Club,Corinthian Club,,,,,
3a2a8802-17cd-41f1-924f-e2b61b99bb78,Kaiserworth Medical Institute,Kaiserworth Medical Institute,,,,,
35672801-d6c4-4058-a3a1-d526fafa3250,Patent Office,Patent Office,,,,,
71ba3294-b5d7-4c69-9fa0-e9f77b078a4d,General Post Office Film Unit,General Post Office Film Unit,,,,,
e0e6ae2a-36d7-4dfc-a288-c84fd569db7c,Tuileries,Tuileries,,,,,
310f5577-1d8f-4ffc-ab36-0807615370d4,Open Road,Open Road,,,,,
2681ae8b-dcc5-41f2-a72a-95b8eeadcb4e,Musée de l'Homme,Musée de l'Homme,,,,,
90b30dab-b46f-4e14-a52b-bf867892fbe0,Birtley House,Birtley House,,,,,
f9f62dde-1107-4113-884a-02fc9d7a25a5,Rescue Society of London,Rescue Society of London,,,,,
368cca76-fea1-4d78-bca2-cd2f8eb90197,Ladies Debating Society,Ladies Debating Society,,,,,
ba86a754-fe0c-4fbc-8394-c84e5c64806c,Commission for Relief in Belgium,Commission for Relief in Belgium,,,,,
76b381f3-778e-4a79-879b-1b996700048d,Millbrook National School,Millbrook National School,,,,,
d790e30b-fb3a-4810-b4df-a908b54d6c5f,Les Femmes Voluntaires Françaises,Les Femmes Voluntaires Françaises,,,,,
85b18ddf-2411-46e0-a5eb-4e8e514ed8e0,Four Courts Press,Four Courts Press,,,http://viaf.org/viaf/155184733,http://viaf.org/viaf/155184733,
c2873ab5-0afa-413b-84a1-8c803cdedf11,Arno Press,Arno Press,,,http://viaf.org/viaf/144748692,http://viaf.org/viaf/144748692,
f3a0acc8-d90c-47e6-93a1-e115b8045fc9,American Equal Rights Association,American Equal Rights Association,,,,,
803d374a-224e-44aa-bc41-0b1b2243c7a9,Second International,Second International,,,,,
0efb9c0f-2e0a-4eb0-81f0-ae3e348b6008,Elizabethan Stage Society,Elizabethan Stage Society,,,,,
05ca0bf6-5353-49cd-a3a1-e47bb8f15dcf,Irish National Dramatic Company,Irish National Dramatic Company,,,,,
7e22731f-c04d-450d-8956-f1013c0e928e,New Century Theatre,New Century Theatre,,,,,
83b66596-4c7b-4a74-b176-12ce28e5c3d8,Bexhill Museum,Bexhill Museum,,,,,
ca976494-3929-4b74-b6bb-0c2bdaac8884,Pan Am,Pan Am,,,,,
8370dbf9-fbcb-41f1-8701-5d55b7d93bd8,Nuffield Theatre,Nuffield Theatre,,,,,
a67fb473-fb37-40ba-a25d-c0546bf13da2,Hampstead Garden Suburb Trust,Hampstead Garden Suburb Trust,,,,,
f9d7bd65-182c-4d83-ba9e-01d783eb3084,Grand National,Grand National,,,,,
a92c630c-8764-4c46-b347-03b504d9e5fb,Westwood House,Westwood House,,,,,
12e31bfe-360c-45e0-8e05-9129881f21f2,Stoll Theatre,Stoll Theatre,,,,,
53b0f4e9-0821-4895-9602-e2c94a3bbc71,Welsh Manuscripts Society,Welsh Manuscripts Society,,,,,
5b8fe8d6-0443-4ac6-be87-f5e39d237d0f,Innsbruck Early Music Festival,Innsbruck Early Music Festival,,,,,
95221094-e329-4aa7-97aa-b04429c79dce,Ministry of National Service,Ministry of National Service,,,,,
08faac0f-c90d-4b4d-925b-68390c9a1fc5,Men's League for Women's Suffrage,Men's League for Women's Suffrage,,,,,
851daa90-4219-4809-95a6-2aad6ad09ddc,Riccardi Press,Riccardi Press,,,,,
8c977613-2c2b-4023-85b0-ad0882295829,Charing Cross Spirit-Power Circle,Charing Cross Spirit-Power Circle,,,,,
8b0606af-ef40-489b-a8ae-631c3491a5ed,Women's Forestry Service,Women's Forestry Service,,,,,
6fa6dc69-f455-4673-809d-300af04090dc,University College Hospital,University College Hospital,,,,,
78db17e9-5cf4-4c79-8bec-a081f9631664,Universal Studios,Universal Studios,,,,,
ee032f6d-ce72-4213-ac59-bdab824b6d3d,Work Projects Administration,Work Projects Administration,,,,,
52c9e05d-8693-4a7a-8e0e-a4d0480254cc,Guest Hospital,Guest Hospital,,,,,
46e2f521-0c7b-4888-b51b-0399e9549e26,Woking Prison,Woking Prison,,,,,
edd1bf07-6924-4879-bfbc-51422d00721d,Books on Demand,Books on Demand,,,,,
bb1e6aca-586a-453e-8bb0-9679588e664e,Benedictine Nuns,Benedictine Nuns,,,,,
bfd7a964-ec8a-4cf1-b134-a6ba2bf48787,World Methodist Council,World Methodist Council,,,,,
4b16e0db-2500-4e73-a225-1580d05aefee,Blackburn Public Library,Blackburn Public Library,,,,,
3584bbe3-d598-402c-b0c9-f2a98fe4b075,World Union for Progressive Judaism,World Union for Progressive Judaism,,,,,
d0a1dd20-e5a8-428c-a4b5-f5d8a212bd54,League of Coloured Peoples,League of Coloured Peoples,,,http://viaf.org/viaf/156029879,http://viaf.org/viaf/156029879,
61efb54e-3599-485d-8616-896481ebac26,Fremantle Arts Centre,Fremantle Arts Centre,,,,,
4adeea81-0dea-4223-b392-eccc44ffd25f,Académie Colarossi,Académie Colarossi,,,,,
e4c9dd4d-896e-4ae2-9950-03e04b7f0504,Central London School of Art,Central London School of Art,,,,,
05e33f7e-c29e-4882-8283-0ba7850f9289,New Westminster Lying-in Hospital,New Westminster Lying-in Hospital,,,,,
eb4ad874-dfe8-4ee5-a03a-80ec788b5863,Millstream,Millstream,,,,,
7525d975-1e56-40f6-ab52-0db9764c56a2,Grace Darling League,Grace Darling League,,,,,
9831341e-77ae-4a74-a6d4-d82bed43c38a,Woman's National Anti-Suffrage League,Woman's National Anti-Suffrage League,,,,,
b90ea368-930e-4208-b297-f14a5943d633,Watermill Theatre,Watermill Theatre,,,,,
265925a4-30f4-4397-a218-0296c31ea2af,Holy Faith Sisters,Holy Faith Sisters,,,,,
065f88fd-04ed-4275-8b95-14dbcfcec2fe,Royal Niger Company,Royal Niger Company,,,,,
759bbd1f-a14c-49ca-a3dd-a8cb41d83c2a,J. and C. Brown,J. and C. Brown,,,,,
f731e76b-52ed-4b72-ac73-2a4049330a0a,Workhouse Visiting Society,Workhouse Visiting Society,,,,,
379e867f-6eea-4e95-9386-00e079e16da0,Tauchnitz,Tauchnitz,,http://www.wikidata.org/entity/Q109478843,http://viaf.org/viaf/134285098 | http://viaf.org/viaf/137725401 | http://viaf.org/viaf/259264776 | http://viaf.org/viaf/313255174 | http://viaf.org/viaf/315678030,http://viaf.org/viaf/134285098,http://viaf.org/viaf/137725401 | http://viaf.org/viaf/259264776 | http://viaf.org/viaf/313255174 | http://viaf.org/viaf/315678030 | http://www.wikidata.org/entity/Q109478843
f75b395c-77b1-4150-9fcf-039a2d0a1ff1,And Other Stories,And Other Stories,,,http://viaf.org/viaf/4971156317463202758656,http://viaf.org/viaf/4971156317463202758656,
a7d64597-db10-426b-af58-1a89fe7e1562,United World Colleges,United World Colleges,,,,,
5e77fe41-dbdc-426f-b713-f76a09c52f5d,Scottish Nationalist Party,Scottish Nationalist Party,,,,,
f98c358d-3533-40c5-ae09-3eca8b0dd028,Shakespeare Birthplace Trust,Shakespeare Birthplace Trust,,,http://viaf.org/viaf/262557101,http://viaf.org/viaf/262557101,
b65feb0a-15db-429d-9c51-c5e8ee0af724,Robert Hall,Robert Hall,,,,,
afa71180-78cf-4b6c-b36f-66ae6b81fb29,New Toys Club,New Toys Club,,,,,
0a8fc794-0cf3-4971-8e5e-5db65064bf8a,University of Maryland,University of Maryland,,,,,
8e7b6c5d-efac-41ba-8b7d-14635bce53e2,Friendless Girls Association,Friendless Girls Association,,,,,
cb4b5265-1242-4302-9984-816ca45c6f56,Mark Morris Dance Group,Mark Morris Dance Group,,,,,
01ee755b-c8f7-45e1-b497-66d5120e152b,Old Canterbury Arms,Old Canterbury Arms,,,,,
0603fb3b-d57f-441d-91e6-1f013f6fa0a8,Civil Service Printing and Publishing Company,Civil Service Printing and Publishing Company,,,,,
ffb2be5e-676c-4fbf-ad56-a4325ff61169,Bryan House,Bryan House,,,,,
a5154097-9c87-4de8-a2cb-2747b2e61042,Book Trust,Book Trust,,,,,
3f0a9e28-59f4-4264-be35-1dd185db36a0,Australasian Bank,Australasian Bank,,,,,
8f276567-0945-4168-8e88-570929db82ba,Louth Grammar School,Louth Grammar School,,,,,
3a73d54a-98a0-4158-b2f4-38226e7fb7bf,Student Nonviolent Coordinating Committee,Student Nonviolent Coordinating Committee,,,,,
1c240725-64a7-4221-b114-29cb805c1a56,Mountain Heritage Trust,Mountain Heritage Trust,,,,,
fea044c6-f4bf-475f-b850-6748cc686025,Royal Institution,Royal Institution,,http://www.wikidata.org/entity/Q2171086,http://viaf.org/viaf/148912366,http://viaf.org/viaf/148912366,http://www.wikidata.org/entity/Q2171086
ba73538b-42a9-451d-b385-d46a5a33019f,Carcanet,Carcanet,,http://www.wikidata.org/entity/Q5038119,http://viaf.org/viaf/124615312 | http://viaf.org/viaf/129333745,http://viaf.org/viaf/124615312,http://viaf.org/viaf/129333745 | http://www.wikidata.org/entity/Q5038119
7218fff6-0a69-44dd-8225-81debfc17975,Canning Town Settlement,Canning Town Settlement,,,,,
1bf1386c-ba53-4275-abd7-c0a3ba9acae4,Woolland's,Woolland's,,,,,
f9a2dcb8-28b6-4290-a4a0-f91ea8890ec8,TotalFinaElf,TotalFinaElf,,,,,
6509bee9-534e-4f45-9589-7beb56d728e5,Wayland High School,Wayland High School,,,,,
6e3865a3-c035-46f5-89f0-1d4490247192,Indian Women's Association,Indian Women's Association,,,,,
bdf157b6-f84b-407c-b6a2-ef042e008147,"Christ's College, Cambridge University","Christ's College,, Cambridge University",,,,,
cdf6894e-dafd-4388-9fa3-b378b8ea2ea6,Nightingale School and Home for Nurses,Nightingale School and Home for Nurses,,,,,
600d4670-10f0-4149-b2aa-eabaf1b46795,St John Council,St John Council,,,,,
4edd5562-07b6-4cb9-85e8-5a2830a11c7e,Seventeenth-Century Press,Seventeenth-Century Press,,,,,
d258f5a0-f457-43d5-876c-0bb0e713f170,Dutch East India Company,Dutch East India Company,,,,,
17bc05a9-23c4-4a69-a725-a6ced51b87f7,Lantern Press,Lantern Press,,,,,
e5751a6b-392d-4b79-acb2-a497b1e585ff,"Macmillan Company, New York","Macmillan Company,, New York",,,http://viaf.org/viaf/126104290,http://viaf.org/viaf/126104290,
c4fd7ad4-a79c-498e-9c88-a36d1fb87d79,Booksellers Association of Great Britain and Ireland,Booksellers Association of Great Britain and Ireland,,,,,
44660408-90ca-425b-895c-b8ad2b4292b0,Isaac Forsyth,Isaac Forsyth,,,,,
fde2df66-eb16-4a48-b58a-7cc7ca3fefdd,World Women's Committee Against Fascism and War,World Women's Committee Against Fascism and War,,,,,
877ed101-5f52-4c0e-b9f0-83891d50d33a,Bell's Library,Bell's Library,,,,,
1b3241f1-cb5b-4371-a56a-2d67f7c5f134,Victor Gollancz,Victor Gollancz,,http://www.wikidata.org/entity/Q2522363,http://viaf.org/viaf/154749751,http://viaf.org/viaf/154749751,http://www.wikidata.org/entity/Q2522363
41386c1c-4240-415c-ab35-b948699dc912,"British Embassy, Baghdad","British Embassy,, Baghdad",,,,,
7eed2953-f369-45f5-8115-dccead2f3d5f,Pelican,Pelican,,,,,
e3d9081d-141f-4c4f-9960-fa5cc4131253,Publishers Association,Publishers Association,,,,,
22c8d286-0fda-4f41-a71a-adbbcc01ad24,Britannia Theatre,Britannia Theatre,,,,,
31d71eb4-4e43-4cc5-9df3-f7ef7b2ce5a9,"Collège Saint-Jean, University of Alberta","Collège Saint-Jean,, University of Alberta",,,,,
bad923b4-9dc1-443f-b204-639bbc699ba7,C. Arthur Pearson,C. Arthur Pearson,,,,,
49d0ea1c-0c33-463f-8496-e0ad4fca40bc,Save the Children,Save the Children,,http://www.wikidata.org/entity/Q215934,http://viaf.org/viaf/127810592 | http://viaf.org/viaf/131212351,http://viaf.org/viaf/127810592,http://viaf.org/viaf/131212351 | http://www.wikidata.org/entity/Q215934
43abab6f-978a-4f3e-a135-396a4536e47c,"SUNY, Stony Brook","SUNY,, Stony Brook",,,,,
50a90571-f01c-4868-abd7-aea4db60b16b,World Muslim Congress,World Muslim Congress,,,,,
ef24cee4-6377-4f89-b939-f632aee124ef,Ranters,Ranters,,,,,
040bc605-9bfa-4549-b21c-48e92d825f01,European Economic Community,European Economic Community,,,,,
a61fe784-6f2f-494d-97e6-445d6d26f98c,Committee on the Juvenile Employment Service,Committee on the Juvenile Employment Service,,,,,
42a974f5-c9cb-4c9d-920e-49b237af8bf8,Musicians' Union,Musicians' Union,,,,,
759cadc6-5ad3-4129-be22-2d361595d3a1,Lancaster University Television,Lancaster University Television,,,,,
3954a4ef-8522-45c7-ad39-4dd2ad8b991c,Committee on Broadcasting,Committee on Broadcasting,,,,,
73cf1a29-dfec-4a12-89c1-6313b795e94b,Boston Lyceum for Young Ladies,Boston Lyceum for Young Ladies,,,,,
9091d504-d7d3-4a65-bdb4-4210541db77c,Liverpool City Council,Liverpool City Council,,,,,
f667ca2d-90f2-4740-befe-4a925036eade,Paris Opera House,Paris Opera House,,,,,
f39c3008-8639-4415-a9ec-f65fb6e541ff,St Saviour,St Saviour,,,,,
cab5d7d3-0c54-4430-b2bb-0cd66c69625d,Dorset Peace Council,Dorset Peace Council,,,,,
2f2cb34d-b0fa-4e34-a57a-002d92faafcb,First Edition Club,First Edition Club,,,,,
ec8accd7-0d72-4bc8-b439-1f0f85624f3e,William Saunders,William Saunders,,,,,
7297aada-c4fb-42a6-9eb1-8d9934201e10,Orientalist Congress,Orientalist Congress,,,,,
f9e9c32b-e89e-473f-99cb-e737cff03687,St Vincent's Hospital,St Vincent's Hospital,,,,,
88c33d53-2324-4e6e-8e9f-816dce69733a,Quarry Theatre,Quarry Theatre,,,,,
0a59dc22-d830-4a3a-9c27-424264f60a09,"National Southeastern University, China","National Southeastern University,, China",,,,,
294a9cda-b6c6-4742-a154-26ea6fea9fb3,Community of the Servants of the Cross,Community of the Servants of the Cross,,,,,
93e86ca6-62c1-4f23-aa88-51c0678b2fbb,National Association for Promoting the Medical Education of Women,National Association for Promoting the Medical Education of Women,,,,,
9727f9d4-7382-43fa-a668-c2fb62909720,Irish Loyal and Patriotic Union,Irish Loyal and Patriotic Union,,,,,
434a7791-d208-4340-b0d8-52a88c786266,Falcon Press,Falcon Press,,,,,
7c31c21a-8ebf-4d27-abb8-76271eadaf78,European Free Trade Association,European Free Trade Association,,,,,
dc2c652b-be70-4888-8f47-8f8d122b8a21,Burrswood Christian Hospital,Burrswood Christian Hospital,,,,,
e60af7f5-6814-4927-96f7-dd97c5c24cea,Thames and Hudson,Thames and Hudson,,,http://viaf.org/viaf/129092275,http://viaf.org/viaf/129092275,
0b472374-9308-4ffa-b5b8-bf3918b5fc44,King's Company,King's Company,,,,,
b59eea31-5192-4bc0-9470-b6c37bcbaa03,Earle and Hucklebridge,Earle and Hucklebridge,,,,,
1f1b3e58-562e-489b-a648-526034db6bd6,Exchange Rate Mechanism,Exchange Rate Mechanism,,,,,
ef4e4843-1cad-4286-9299-b1658677e66f,"Belford, Clarke and Company","Belford,, Clarke and Company",,,,,
cc36a584-d270-4b1a-9783-8976af5fca4b,Aborigines Protection Society,Aborigines Protection Society,,,,,
2ca1d276-584c-4b8c-ab21-fdface9b5430,All'Insegna del Pesce D'Oro,All'Insegna del Pesce D'Oro,,,,,
6d4ea53b-3bbf-491d-9b64-290db610aade,League of the Communists,League of the Communists,,,,,
55043552-bb65-4afc-b35f-e3fade337e16,Kit-Cat Club,Kit-Cat Club,,,,,
6ca2a7db-4ea1-4d11-8a80-a24c2d723d02,Whigs,Whigs,,,,,
ecb94dd4-ae95-4b73-836d-8905c7e59c66,General Assembly of the Unitarian and Free Christian Churches,General Assembly of the Unitarian and Free Christian Churches,,,,,
5728142c-c2f8-4163-8e5e-30d022ce9b9c,George Watson's College,George Watson's College,,,,,
ef90d385-bb50-4bee-9bc6-c661668f4775,Simmons College,Simmons College,,,,,
62d7b914-1907-49ca-9221-a819bd9ae191,Presbyterian Ladies' College,Presbyterian Ladies' College,,,,,
b831fda9-90d6-4a73-8c84-622d7c1471ba,Dawson Elementary School,Dawson Elementary School,,,,,
6607226f-4a02-4700-9658-7da3f4a33f22,Opéra Comique,Opéra Comique,,,,,
c871a86f-f3de-425c-a02a-583594e92777,Eton College,Eton College,,http://www.wikidata.org/entity/Q192088,http://viaf.org/viaf/157729206,http://viaf.org/viaf/157729206,http://www.wikidata.org/entity/Q192088
866160f5-a0a1-42cd-a7a4-1efbb284d0a7,Peace Society,Peace Society,,,,,
ae011c37-3f75-431e-abc0-cb49c682c319,Emergency Rescue Committee,Emergency Rescue Committee,,,,,
b1ba349e-469a-4790-afca-4b0f92914cc1,The Fleuron Limited,The Fleuron Limited,,,,,
b9ebf264-cd2d-43d3-bb2b-65cb945b0de7,Royal United Hospital,Royal United Hospital,,,,,
ef11e1d3-8aff-4bc2-952a-ae1b7b863804,Shepherd's Bush Library,Shepherd's Bush Library,,,,,
22272e0d-18e5-4f99-9aff-a0eea8267b99,Harveian Medical Society,Harveian Medical Society,,,,,
f2777b78-d82d-45fb-ac39-13a9ff60c3fa,All-India National Congress,All-India National Congress,,,,,
6b934fbd-d0ab-4bc5-bcfc-65cf6e7ebe92,Centre des Recherches en Etudes Féminines,Centre des Recherches en Etudes Féminines,,,,,
116a6b4f-5729-4c00-a9f4-d8e98bd27bc4,Presbyterian Church,Presbyterian Church,,http://www.wikidata.org/entity/Q178169,,http://www.wikidata.org/entity/Q178169,
0476f571-4707-4a1a-99a2-09d16a5b7989,École des Hautes Études en Sciences Sociales,École des Hautes Études en Sciences Sociales,,,,,
d0b8eb08-819d-4679-9f9e-4df7835c4b4d,Pennsylvania Society for Promoting the Abolition of Slavery,Pennsylvania Society for Promoting the Abolition of Slavery,,,,,
58ab62a9-11cc-4661-85d5-bab76478d690,National Museum of Women in the Arts,National Museum of Women in the Arts,,,,,
26263e95-b7cd-48fc-a117-f8e7e43082cd,"Hertford College, Oxford University","Hertford College,, Oxford University",,,,,
ed1839c1-b06c-4a4a-80ba-4f703c13b59c,Women Accepted for Volunteer Emergency Services,Women Accepted for Volunteer Emergency Services,,,,,
5f2380cb-c3b2-4c2b-a0ea-65e94ef02ecd,University of Gloucestershire,University of Gloucestershire,,,,,
13032f2e-d594-49b9-ac51-c49ffd99fe60,Jamaican Federation of Women,Jamaican Federation of Women,,,,,
843e29d1-f5e9-4b8a-a416-66467249ada9,W. A. Pepperday,W. A. Pepperday,,,,,
e11e9f84-0950-4c9b-8489-d8eccde5e81c,"St Andrew's Church, Kingston","St Andrew's Church,, Kingston",,,,,
f96b5c30-1e1e-46d6-a62c-977506394be4,Henry Carey,Henry Carey,,,,,
b20af4a4-62dc-4646-a841-fd7a9abce51e,Tricycle Theatre,Tricycle Theatre,,http://www.wikidata.org/entity/Q7841332,http://viaf.org/viaf/131707143 | http://viaf.org/viaf/305850756,http://viaf.org/viaf/131707143,http://viaf.org/viaf/305850756 | http://www.wikidata.org/entity/Q7841332
7223abe4-e2e1-44ae-af0a-ca153f174ac5,Corvey Collection,Corvey Collection,,,,,
1a986e91-2950-4ea2-96fd-d85f586474f3,Crosby,Crosby,,,,,
ad260f90-79f8-4058-afe6-bcf7e68a92c3,Red Party,Red Party,,,,,
a756730a-7307-4dfa-98d9-610050b21faa,PES Invalid Children's School,PES Invalid Children's School,,,,,
665a3e3e-ef5d-4b11-9ad9-d3d751c403c0,Ramblers Federation,Ramblers Federation,,,,,
fcd0a9c9-35ff-4618-8d7d-df309fb7e0fb,University of Geneva,University of Geneva,,,,,
cdaa0e10-7535-4fc2-a26f-cfcc1ab9bb4c,United Irish Executive,United Irish Executive,,,,,
8e41aad8-c4ee-45a5-a980-9fe95c96943e,Curtin University of Technology,Curtin University of Technology,,,,,
5d8c0da1-df6a-467d-a859-5d892431f02c,"New Hall, Cambridge University","New Hall,, Cambridge University",,,,,
6ad91679-dddc-4ded-b86b-9483f816b727,Greenleaf Theatre,Greenleaf Theatre,,,,,
44e36075-af40-46f8-aa48-74d470962354,National Purity League,National Purity League,,,,,
ca7bf596-582f-4161-bc31-251943c3367a,Indian Franchise Committee,Indian Franchise Committee,,,,,
7335e701-9685-43e1-afdf-5003d9901da9,Leicester Galleries,Leicester Galleries,,,,,
7f849a69-f80e-4999-b6c6-5bbe3b4468ae,Merchant-Ivory Productions,Merchant-Ivory Productions,,http://www.wikidata.org/entity/Q2407366,http://viaf.org/viaf/147871981,http://viaf.org/viaf/147871981,http://www.wikidata.org/entity/Q2407366
247e1816-d19d-403e-8852-320ca4f85f6d,Generation Press,Generation Press,,,,,
f3e5188f-8f50-4092-b4c8-ee95f2e0e2fb,Signet,Signet,,,,,
3ed6b4f7-ce99-4e45-9b43-340fd098923f,Skilled Employment Sub-Committee,Skilled Employment Sub-Committee,,,,,
cb3fc57a-bae3-41a8-a491-fafcd41fd3e6,14th Sikhs,14th Sikhs,,,,,
e0fcae16-60cd-4138-be07-ee39b5a53268,Brantford Collegiate Institute,Brantford Collegiate Institute,,,,,
7b094855-f57a-4a2e-9ef8-32efe17da012,Gaumont-British,Gaumont-British,,,,,
3a89342a-2428-4a46-a2eb-02b7771fa3be,French Foreign Legion,French Foreign Legion,,,,,
e648d6a8-2831-407c-8ab9-b8c5d7cf9e8c,Working and Visiting Society,Working and Visiting Society,,,,,
02bba00b-9568-46ff-9f5c-4032a1510478,Vernor and Hood,Vernor and Hood,,,http://viaf.org/viaf/129408442 | http://viaf.org/viaf/151730662,http://viaf.org/viaf/129408442,http://viaf.org/viaf/151730662
4140d079-201f-4469-8c6f-8d27b1f32b6a,Royal Drawing Society,Royal Drawing Society,,,,,
bbc06c30-8cac-426d-9126-2e1969a4b5d9,Lancaster University,Lancaster University,,,,,
f5d2507e-d631-49c3-a5a8-401417e9535d,Ethiopian Baptist Church,Ethiopian Baptist Church,,,,,
f51a037c-1f4f-4596-8253-e7554e3163ed,Henry Wykes,Henry Wykes,,,,,
294035d5-99c4-4596-bd8d-2e158d253bca,Master Bookbinders' Association,Master Bookbinders' Association,,,,,
504ff201-d1e4-4d81-8da5-2393696640d5,Ecole des Roches,Ecole des Roches,,,,,
9e9986f0-df70-45b8-8ca5-7823aafea290,London School of Dental Surgery,London School of Dental Surgery,,,,,
e59445d0-6316-47a5-8c04-6957594c2bd5,English Home Rule Confederation,English Home Rule Confederation,,,,,
63a1fecd-60c9-4334-bd78-6c99a077570a,National Union of Journalists,National Union of Journalists,,,,,
83713c68-e77a-4f8b-9002-f7272401170c,Maison Cadolle,Maison Cadolle,,,,,
70b93a70-bceb-47f0-9780-60b7f7d86b62,Three Arts Club,Three Arts Club,,,,,
c30bfbe7-e353-47d6-9a2c-fee1f2b0001f,HMV Group plc,HMV Group plc,,,,,
8f3784cf-68b8-40dd-a7f9-cf8e63daaaa6,Fascism,Fascism,,,,,
46f16828-9821-4c1b-af6b-cb8df65a5855,Inter-Action,Inter-Action,,,,,
71b13c04-94db-4cc6-bcb1-189eb3791bd6,The English Players,The English Players,,,,,
e83f419e-49b9-4b15-98bf-85602238af6b,Burgess Hill School,Burgess Hill School,,,,,
aa0667ea-47b1-4607-9273-03812cf1258f,Royal Society of Tasmania,Royal Society of Tasmania,,,,,
d992bac8-93e2-4968-9d60-0d3ebfab5c3b,National Association of Health,National Association of Health,,,,,
a06d2c26-138a-43f4-8b15-2c0b1c64587f,T. Fisher Unwin,T. Fisher Unwin,,http://www.wikidata.org/entity/Q7668241,http://viaf.org/viaf/121287478,http://viaf.org/viaf/121287478,http://www.wikidata.org/entity/Q7668241
e4ac1aa3-89e0-424c-a159-20a955623d18,ABC Teashop,ABC Teashop,,,,,
47897030-854d-496e-9582-2ac7f766b77f,Digital Equipment Corporation,Digital Equipment Corporation,,,,,
c54cccab-db7c-4888-addf-900e1466a17c,J. and R. Maxwell,J. and R. Maxwell,,,http://viaf.org/viaf/154038101,http://viaf.org/viaf/154038101,
06f8a543-c686-4b30-8fcc-08ecae925ffb,Independent Order of the Rechabites,Independent Order of the Rechabites,,,,,
8fefa775-cd10-4ffc-8a48-c25fa464270a,Intelligence Corps,Intelligence Corps,,,,,
4e2aaeb1-317e-4313-9199-0bc657ed97a2,Actors' Union,Actors' Union,,,,,
524c6312-1845-4d4d-bc78-9648a7b791a2,Lloyds Bank,Lloyds Bank,,,,,
0e675805-eb4e-4e1f-881d-eab28c6189a8,International Women's Suffrage Alliance,International Women's Suffrage Alliance,,,,,
18de8bc6-b000-4059-8539-1f702fc275ab,Society of Protestant Sisters of Charity (Nursing Sisters),Society of Protestant Sisters of Charity (Nursing Sisters),,,,,
92b0852d-abd9-49db-828d-beead0b655e8,Monotype Corporation,Monotype Corporation,,,,,
3de8adef-91ba-4bb9-860e-647e340e8d1f,Golspie Society,Golspie Society,,,,,
b12054fa-7e7b-45b0-a724-a35fca81cdba,Headland Publications,Headland Publications,,,,,
fa33f1cf-eca5-4aa8-a75d-6eb8e28a01aa,Tower of London,Tower of London,,,,,
cee49f24-5245-4949-a120-9912696f5da7,Children's Society,Children's Society,,,,,
797077cc-3193-41fb-b44e-788f64b3f1e7,Linden Press,Linden Press,,,,,
fcdcfd7b-df59-4040-909e-9c305f153458,Treblinka,Treblinka,,,,,
f751fbaf-f9e5-43a9-9def-cfcb3ba5fa61,General Court of Massachusetts,General Court of Massachusetts,,,,,
4e9a2446-3806-4272-8ac4-a15fc8690316,Natural Science of Canada,Natural Science of Canada,,,,,
f1a05dd5-87a2-4b07-865d-d30562013a5f,Sahitya Akademi,Sahitya Akademi,,,,,
0f7fd609-9089-4ae6-b5c4-6165b620f37c,Women's International Alliance,Women's International Alliance,,,,,
7d9f297c-b066-4f40-9444-16bc2043c14e,Infantry Training Centre,Infantry Training Centre,,,,,
5e89e765-5937-4d41-8a51-bd991db05362,Perpetua Press,Perpetua Press,,,,,
57c7c9c5-95e1-4203-879d-9fc7aafc8b85,North American Society for the Study of Romanticism,North American Society for the Study of Romanticism,,,,,
7cb44fc0-9ac3-4bef-85b3-01a7eb7f4182,C. J. Skeet,C. J. Skeet,,,,,
7eae1614-3666-4596-9ec0-53f53532c039,Greater London Authority,Greater London Authority,,http://www.wikidata.org/entity/Q1135166,http://viaf.org/viaf/236493943,http://viaf.org/viaf/236493943,http://www.wikidata.org/entity/Q1135166
e9f8d078-39f7-46f9-9f0a-65429caf9515,Endell Street Hospital for Soldiers,Endell Street Hospital for Soldiers,,,,,
223231aa-721c-4651-9a6e-c1469386b1ec,National Socialist Leadership Corps,National Socialist Leadership Corps,,,,,
45de1318-f735-4d30-adb0-185baad8eb5d,Jansen and McClurg,Jansen and McClurg,,,,,
bda4e944-4b0f-4f87-9999-0d20ccf38dcb,"Indian High Commission, London","Indian High Commission,, London",,,,,
d94d2e99-af32-451a-a445-a9a7990822bb,Society of Jesus,Society of Jesus,,http://www.wikidata.org/entity/Q36380,,http://www.wikidata.org/entity/Q36380,
1ab39fd4-ebf5-493a-9d48-2d1c66a738a3,Industrial and Commercial Workers' Union,Industrial and Commercial Workers' Union,,,,,
11f6cf17-44cd-48a1-b0ad-633c7b1ce6bf,British Rail Pension Fund,British Rail Pension Fund,,,,,
e03d4203-52a9-4794-8a9f-19c10604cd53,Alexander Stewart,Alexander Stewart,,,,,
0a496f15-fc9f-40c6-8006-0e38ff527e3c,Saffron Walden Grammar School,Saffron Walden Grammar School,,,,,
20df4e1f-9e8e-497b-85eb-113e6075a8fd,Cawthorn,Cawthorn,,,,,
a8208e54-14fd-409b-87b0-de34e94aef29,Northern Wey Trust,Northern Wey Trust,,,,,
c14423b7-8275-45e0-bb0d-0a9e98822763,Royal Army Service Corps,Royal Army Service Corps,,,http://viaf.org/viaf/156003350,http://viaf.org/viaf/156003350,
de936870-3b82-4481-859a-af30d2995cdf,Civic Theatre,Civic Theatre,,,,,
0d78508f-7c4f-4058-83da-791242f99396,Centre National de la Recherche Scientifique,Centre National de la Recherche Scientifique,,,,,
52a04672-3507-4ea8-ad20-f3f8b0025c46,"Gas, Light and Coke Company","Gas,, Light and Coke Company",,,,,
fd4ac85e-1680-407a-82f3-1307bff03fe5,English Committee,English Committee,,,,,
207a792b-f4ca-4de3-bb6d-585890aec2db,University of Texas,University of Texas,,,http://viaf.org/viaf/136026746,http://viaf.org/viaf/136026746,
94bc4fa8-bbc3-4ee5-9c3e-fb8d9da4ab32,Deaconess Community of St Andrew,Deaconess Community of St Andrew,,,,,
d8f32e18-497f-4842-8429-4a102be30356,London Society of Lithographic Printers,London Society of Lithographic Printers,,,,,
6870f941-8fb7-4da3-a1e6-a4c177cac9c1,Dumfries Academy,Dumfries Academy,,,,,
7aabaae2-bc04-4040-9d6f-029d3a71cf51,National Archives of India,National Archives of India,,,,,
2a247335-65f1-48c5-8012-a28a6dd3bba9,Agricultural Workers Union,Agricultural Workers Union,,,,,
be5ebf27-690d-4740-9af8-f2660257495b,Liverpool Central Relief Society,Liverpool Central Relief Society,,,,,
653afbab-9a89-4f69-b85d-a957ec498f09,Soho Bazaar,Soho Bazaar,,,,,
4c2b0aa4-04b1-4cdb-9528-408fc0f1ae2c,Vaudeville Theatre,Vaudeville Theatre,,,http://viaf.org/viaf/146122909,http://viaf.org/viaf/146122909,
d50b4ab5-5d95-43b2-a70d-ce776ae71035,Federation of Medical Women,Federation of Medical Women,,,,,
ac0bab29-1237-4123-8e32-7a9bf768cda9,Authors' World Peace Appeal,Authors' World Peace Appeal,,,,,
73b566b7-fc65-408e-a1a7-7d63ce6c2b3a,Robert W. Woodruff Library,Robert W. Woodruff Library,,,,,
63f44e19-908f-44b2-a791-98778d7858db,Falmouth University,Falmouth University,,,,,
b98014b4-9e8f-4ac5-9437-6d3fb391a5d2,United States Army,United States Army,,,,,
4a8742f9-c632-4d10-a443-50ac7b441a25,Thomas Colwell,Thomas Colwell,,,,,
4139a3df-e8dd-43e9-a1d2-c6dec3c3d8e5,Durham Light Infantry,Durham Light Infantry,,,,,
94cd5c6a-7518-4c1d-aee6-49bdf475319a,Scottish Women's Suffrage Society,Scottish Women's Suffrage Society,,,,,
5902912c-f61e-4745-ae85-754fe8a8fef1,Hours Press,Hours Press,,,http://viaf.org/viaf/138711119,http://viaf.org/viaf/138711119,
211815db-a67f-4593-b2b2-73eb5d6e84d0,Dicky Bird Society,Dicky Bird Society,,,,,
e0bc0410-e54c-46a2-bb8a-ac5a6772f7fc,Bombay Rifle Volunteer Corps,Bombay Rifle Volunteer Corps,,,,,
7d28eda6-b94f-4c8c-8045-1862084fb29a,British India Steam Navigation Company,British India Steam Navigation Company,,,,,
797925cf-d092-40e0-8a47-26d5930221e9,Accueil Franco-Americain,Accueil Franco-Americain,,,,,
4f080ec3-5b5c-4fb9-87a4-58d939512286,Merlin Publishing,Merlin Publishing,,,,,
711d8676-08d9-441e-9fe5-f652c61b635c,London School of Hygiene and Tropical Medicine,London School of Hygiene and Tropical Medicine,,,,,
b7428353-5c06-43c7-a9f9-ae58cd21d3c7,Scientific Press,Scientific Press,,,,,
614fcef1-4856-441b-a0b2-cd5b6e3b871c,York Symphony Orchestra,York Symphony Orchestra,,,,,
22a3e4e0-5cf1-4bef-be76-1e67f7901d4a,Women's Club of Chicago,Women's Club of Chicago,,,,,
b3ef944d-6e39-426b-9ef1-9ff7b583c0ed,Indian Military Services Family Pension Fund,Indian Military Services Family Pension Fund,,,,,
edb6832d-6ae0-4711-925a-0dc4b709ecdc,Mary Russell Mitford Society,Mary Russell Mitford Society,,,,,
0791edd0-68f8-4b85-8dff-311c42f06671,"Fords, Howard and Hulbert","Fords,, Howard and Hulbert",,,,,
1faa04f6-ff87-4042-b0f4-78cef15af9b9,J. Robson,J. Robson,,,,,
357c31fd-7a58-4fed-9845-10851926b185,Marion Boyars,Marion Boyars,,,,,
acbfde88-1b24-44e9-8829-4e1b431bd9f2,Arab Women Solidarity Association,Arab Women Solidarity Association,,,,,
2a8f6fa3-eb20-417d-afd9-41746b318845,Commonwealth Conference,Commonwealth Conference,,,,,
733b4070-ca04-408b-971a-35badaf9a152,East and West Association,East and West Association,,,,,
e6390049-d7aa-4414-818c-ff4203692902,Rio Tinto,Rio Tinto,,,,,
86d0a0af-226a-4341-ae46-cc8b3e2d4c34,Museum of Modern Art,Museum of Modern Art,,,,,
41d56cf4-245d-49de-9dc0-df74e1d8df8a,St Dominic's Press,St Dominic's Press,,,,,
1e6e3c73-a370-43c8-bc3d-437dd377b18e,Homeopathic Hospital,Homeopathic Hospital,,,,,
d7a70022-3688-49ac-90f4-af5161ac69c8,Palace Theatre,Palace Theatre,,,,,
dfe7b85a-0935-43fb-a15d-93aff2ecea7d,Sheed and Ward Limited,Sheed and Ward Limited,,,,,
e49ab7de-e091-4da6-8f42-a6fe642dc4a1,New Times and Ethiopia News Book Department,New Times and Ethiopia News Book Department,,,,,
277c36c8-f0c1-4364-b727-522c21ac2da8,Comintern,Comintern,,,,,
deefa90a-1791-47e1-ab60-4e0a93a39485,Constable,Constable,,http://www.wikidata.org/entity/Q24068427,http://viaf.org/viaf/152487858 | http://viaf.org/viaf/156672148,http://viaf.org/viaf/152487858,http://viaf.org/viaf/156672148 | http://www.wikidata.org/entity/Q24068427
f655a6c2-ff66-4c0a-a85d-c8ce44cb0703,Antique Collectors' Club,Antique Collectors' Club,,,,,
05a7e7fe-4fc9-4baa-a014-d2b50b9ecda2,Royal Society for the Prevention of Cruelty to Animals,Royal Society for the Prevention of Cruelty to Animals,,http://www.wikidata.org/entity/Q584819,http://viaf.org/viaf/122617855,http://viaf.org/viaf/122617855,http://www.wikidata.org/entity/Q584819
80d001ae-89fe-458b-a0ba-d1600c4cfae8,"Trinity College, Oxford University","Trinity College,, Oxford University",,,http://viaf.org/viaf/136107432 | http://viaf.org/viaf/152294889,http://viaf.org/viaf/136107432,http://viaf.org/viaf/152294889
b3bf6bf7-5c98-4606-83df-8bf303183c69,Authors' Lending and Copyright Society,Authors' Lending and Copyright Society,,,,,
f22c1073-8ca6-474d-9e41-7f60110ff3e8,National Laboratory of Psychical Research,National Laboratory of Psychical Research,,,,,
3389a195-ba25-4046-8298-eb5d7bafb5ab,Women's Athletic Club,Women's Athletic Club,,,,,
7fd73ac9-5555-43a0-b091-b5ffc008aa9c,New University of Ulster,New University of Ulster,,,,,
ba3b6d30-6393-4d24-b25c-bba7547cb4e3,Court of Delegates,Court of Delegates,,,,,
ea903f4b-1b37-444e-9047-90afe3cf6190,Department of Information,Department of Information,,,,,
e910fcd8-63d1-4e4c-a478-3de7ab85ba2d,Trinity House,Trinity House,,,,,
f58dd2b3-faec-4b0b-a6b4-fa453b60c50d,Liberty's,Liberty's,,http://www.wikidata.org/entity/Q3237793,,http://www.wikidata.org/entity/Q3237793,
59c55268-8118-46fc-baae-b7fc5f18a354,Rinehart,Rinehart,,,http://viaf.org/viaf/126773718,http://viaf.org/viaf/126773718,
43f04fa8-bcb3-4b27-b5ee-7cc4bd44d245,United States War Office,United States War Office,,,,,
4f9c09c8-d0e0-4620-b40b-5e8764ca6ca9,Drew University,Drew University,,,,,
43a82ad9-2343-4d0e-ab98-d775dd42d5a9,Philadelphia Public Library,Philadelphia Public Library,,,,,
46aca178-b19d-4f62-9b47-ac59d0450302,Centre for Kentish Studies,Centre for Kentish Studies,,,,,
e99ef148-6fc6-4b0d-a74f-d2b913926ee5,Center for Book Arts,Center for Book Arts,,,,,
0a665485-c99f-4f43-820e-a08fdb6bdf45,Dean and Shaw,Dean and Shaw,,,,,
ca114592-bf2b-4470-b4bd-88734b47b757,Helena Club,Helena Club,,,,,
ba9cdba0-3275-4554-80a8-40815d6cae4e,Home for the Dying,Home for the Dying,,,,,
80015b43-10a3-42bc-a55a-617259d44c5c,Sir John Soane's Museum,Sir John Soane's Museum,,,,,
7fd461a4-e038-4773-9d0d-021fceed422f,Tattenhall Centre,Tattenhall Centre,,,,,
057a2b63-f562-40d2-966a-43b3be4882b4,War Propaganda Bureau,War Propaganda Bureau,,,,,
adfd3f87-6e5c-44de-8e42-ebcdd48bf419,Victoria Women's Settlement,Victoria Women's Settlement,,,,,
8e473729-1e6c-4bc4-8e58-4f1224c2c51b,Board of Trade,Board of Trade,,,http://viaf.org/viaf/148869730,http://viaf.org/viaf/148869730,
892d53d8-f0cf-4914-b95d-6ff6febf6b9c,Bureau Central de Renseignement et d'Action,Bureau Central de Renseignement et d'Action,,,,,
ca61bc46-c99d-426f-9578-081aa4a57cc7,St Katharine's College,St Katharine's College,,,,,
b0f43a12-cf55-42f9-9888-b4ffa185d2b8,London Orchestral Union of Professional Musicians,London Orchestral Union of Professional Musicians,,,,,
c233ebe6-3f4d-4aa0-8f1f-7703794fd34c,Tait,Tait,,,,,
e7769ff2-561c-4a78-b701-9996f9966414,Street Level Gallery,Street Level Gallery,,,,,
e0907b2c-43c2-4563-a1fb-e61c1ef9f75f,Boston Cooking School,Boston Cooking School,,,,,
6e800e19-0337-4626-ac35-aa0c995fa1ee,Arts at Home,Arts at Home,,,,,
725bddd4-ffbd-4fd2-8314-3475a9b95e67,Royal Literary Fund,Royal Literary Fund,,http://www.wikidata.org/entity/Q7374404,http://viaf.org/viaf/156762489 | http://viaf.org/viaf/315629158 | http://viaf.org/viaf/53166835734435942367,http://viaf.org/viaf/156762489,http://viaf.org/viaf/315629158 | http://viaf.org/viaf/53166835734435942367 | http://www.wikidata.org/entity/Q7374404
d3f3700e-e8b4-4133-8b85-02dbab226c31,Emily Pfeiffer Fund,Emily Pfeiffer Fund,,,,,
c6324e58-2c4d-43bc-9ea7-f51dc7bc657a,Unicorn Theatre for Children,Unicorn Theatre for Children,,,,,
205bb8d1-46f3-4926-bdf4-3f68f2f3affe,Sheba Feminist Publishers,Sheba Feminist Publishers,,,http://viaf.org/viaf/139863099,http://viaf.org/viaf/139863099,
51c0301b-91e2-49ca-b57c-cadec722cbe9,World Sexual Reform League,World Sexual Reform League,,,,,
c8b04beb-9f4b-4588-a03b-40fb7f9df9b4,Institute of Jamaica,Institute of Jamaica,,,,,
b99f9614-e8bf-4b14-99da-9cc3fe671101,King's Own Regiment,King's Own Regiment,,,,,
3d08b5d6-abdc-41f6-ad17-f9ab6b789b38,"Bethlehem Hospital, Edinburgh","Bethlehem Hospital,, Edinburgh",,,,,
293ea2b4-8551-4087-8397-a6a754c1ca60,Ramlochan Books,Ramlochan Books,,,,,
4faa8c4d-247d-4b72-813b-607cff7fbb00,Greater London Arts Literature Panel,Greater London Arts Literature Panel,,,,,
f197c888-d2fc-43ff-8ec7-59c7c12b8944,Atomic Energy Authority,Atomic Energy Authority,,,,,
68a35410-ef8e-4b5f-b52f-22fc08eef49e,Williams and Smith,Williams and Smith,,,,,
e8ca33da-8037-4c51-969b-cd7d05e38536,"Princess's Theatre, London","Princess's Theatre,, London",,,http://viaf.org/viaf/135564618,http://viaf.org/viaf/135564618,
0bb71d94-11a1-4dc9-b257-a8056454c8ef,Women's Prison Association,Women's Prison Association,,,,,
2c987b4e-3b91-4a5d-9b12-89e37a08ceba,Gwaithel and Gilwern,Gwaithel and Gilwern,,,,,
5e034d39-11f9-4298-9ffb-e32475ba4fe3,Trinity and All Saints College,Trinity and All Saints College,,,,,
d922c23a-0d32-4687-8327-eee4656e504e,American Society in London,American Society in London,,,,,
55884304-ea96-40b8-b1e0-ab0d2fed0ecb,Overseas Food Corporation,Overseas Food Corporation,,,,,
8b457930-dbdb-4c77-8810-dc03663b9660,Women's Police Volunteers,Women's Police Volunteers,,,,,
2794ac40-2b19-4b96-b562-d1cb87a6a7a8,Zoological Gardens,Zoological Gardens,,http://www.wikidata.org/entity/Q270263,http://viaf.org/viaf/267182310,http://viaf.org/viaf/267182310,http://www.wikidata.org/entity/Q270263
bd33839f-28ea-4293-ae4d-423b640e872b,Christ's Hospital School,Christ's Hospital School,,,,,
7706bd17-008f-4fb0-bce7-2b42f99e4680,Baileys,Baileys,,,,,
4a5cb9ab-3df0-4ec5-8e11-c46c37faaf66,Studio Lab,Studio Lab,,,,,
913e5660-ee7c-4f15-8ce3-8d71c5953e26,Refuge for the Destitute,Refuge for the Destitute,,,,,
4b643fd8-4818-4877-99db-b4a403c9a92b,Oakland High School,Oakland High School,,,,,
921a9c00-74f0-44d1-9ef5-ae82ebff6b19,King Edward's Horse,King Edward's Horse,,,,,
994d57c0-f479-4ba7-aa5e-09fd6dc46d60,J. E. Bentley and Co.,J. E. Bentley and Co.,,,,,
39811015-dd2f-4147-9cd5-29cf435b6ef5,Leverhulme Trust,Leverhulme Trust,,,,,
e1a0c00a-83af-4823-abf5-0f94144b0fb2,University of Otago,University of Otago,,,,,
b1df4a40-03fc-4958-873b-fc64a69fa4d3,Company Pictures,Company Pictures,,,,,
695790d3-76bf-463d-9e09-47d8f8738c67,Smock Alley Theatre,Smock Alley Theatre,,,,,
e3c6b7ee-ac56-4b53-9cbe-377fb587d68c,Lock Asylum,Lock Asylum,,,,,
dfc02440-624a-404d-811b-00b8a7eeeb59,Canterbury Museum,Canterbury Museum,,,,,
e55d6803-e8b2-4c79-b53e-483ef763fc6c,Modern Poetry Association,Modern Poetry Association,,,,,
60c7abb7-b9a9-4447-91d3-f8f0030fd6d5,Society of the Attic Chest,Society of the Attic Chest,,,,,
f1be3299-79e7-4b5a-b736-9236b41b8775,Black Lesbian Group,Black Lesbian Group,,,,,
f23e2206-7177-4c0f-ab46-2c88131cde40,J. Wilford,J. Wilford,,,,,
fa7d6072-9aea-4b54-9dbc-d43c467f69c4,Blackshirts,Blackshirts,,,,,
4e4016c1-c294-481a-ba24-adea887491a5,Carey and Hart,Carey and Hart,,,,,
3afa9423-7aec-4aff-a1fd-81c6c9622e21,University of Chicago,University of Chicago,,,http://viaf.org/viaf/143657677,http://viaf.org/viaf/143657677,
bc48efb0-2af7-4dba-ac68-fbff67f4f985,Women's Recruiting,Women's Recruiting,,,,,
81135789-3f2e-43cf-971a-dbd78d1b1048,Royal Irish Infantry,Royal Irish Infantry,,,,,
b86c5198-7256-4708-b378-f7f61214b745,Children's Country Holiday Fund,Children's Country Holiday Fund,,,,,
17cd064a-a68d-48b9-8e3b-126d58efc30d,London College of Printing,London College of Printing,,,,,
02b94e2a-ca6a-4c8d-8965-a3d20bfc9260,Marianne North Gallery,Marianne North Gallery,,,,,
4bcb2394-e211-4e2d-84e6-7ae76a86e4f7,Thomas Simmons,Thomas Simmons,,,,,
47aa74e6-4e2d-463f-ab98-44764d568146,United States Army Corps of Engineers,United States Army Corps of Engineers,,,,,
9b29722b-d4b0-4ed7-8171-e82fd32850f1,Unicorn Press,Unicorn Press,,,,,
7b1a32d9-bfb0-4054-930d-6c81f5cb857e,Eastern Fever Hospital,Eastern Fever Hospital,,,,,
a134267f-c963-46dd-984c-6aba794b90d2,John West,John West,,,,,
ce8b36cc-d204-49e1-baf3-642749196f22,Fawcett Trust,Fawcett Trust,,,,,
12ef32d2-ba01-400e-b3b1-ea99a7a9ee3c,Committee on Women's Questions,Committee on Women's Questions,,,,,
66726a57-a143-49ad-bdc1-65cccd8e9bcd,Yale University,Yale University,,http://www.wikidata.org/entity/Q49112,http://viaf.org/viaf/149131869,http://viaf.org/viaf/149131869,http://www.wikidata.org/entity/Q49112
509febba-f37d-4d4c-b3d1-b77bcc4b3388,Royal Hospital,Royal Hospital,,,,,
262728d1-f10b-4fe7-a01d-ca73eb98f83f,Scotland Yard,Scotland Yard,,http://www.wikidata.org/entity/Q1139213,http://viaf.org/viaf/141304622,http://viaf.org/viaf/141304622,http://www.wikidata.org/entity/Q1139213
1e28745b-e09d-48bc-a620-0c0ecbbe4fd5,Carlisle Indian School,Carlisle Indian School,,,,,
c4b3ac97-5f6f-4613-98d5-0dfda81dd3dd,Take Back the Night,Take Back the Night,,,,,
1b9a0ea7-b5b8-4c5f-9585-e650fa874094,Family Colonisation Loan Society,Family Colonisation Loan Society,,,,,
ebd8aba7-5cdc-4c44-83cb-17236a3bf7b8,Red Guards,Red Guards,,,,,
c649cc57-4541-48a6-83f5-865066764735,London International Lyceum Club,London International Lyceum Club,,,,,
049725de-0047-4fe7-8be1-5f411d9cd377,Reclaim the Streets,Reclaim the Streets,,,,,
69b02eca-7be2-41be-adff-b0f8bd0141cb,University of Kansas,University of Kansas,,,,,
1d62fba1-aa91-49e5-a17c-a414277799ad,Religious Texts Society,Religious Texts Society,,,,,
7f3eaf27-338a-4120-8e4a-15d008977ad1,Lyons,Lyons,,,,,
059530ac-5be8-4cab-8626-c0bf1d5565c8,United Society for the Propagation of the Gospel,United Society for the Propagation of the Gospel,,,http://viaf.org/viaf/124023353 | http://viaf.org/viaf/4284148209332600460003,http://viaf.org/viaf/124023353,http://viaf.org/viaf/4284148209332600460003
8bf5f057-f6f1-4dc3-88db-1dc0769ae2bd,National Theatre,National Theatre,,http://www.wikidata.org/entity/Q511108,http://viaf.org/viaf/137020540,http://viaf.org/viaf/137020540,http://www.wikidata.org/entity/Q511108
de4fee2d-4ae5-4e2f-903d-72e40b6f890b,General Theological Seminary,General Theological Seminary,,,,,
e120d791-d300-4e79-81d0-01a9f52879aa,Electrical Association for Women,Electrical Association for Women,,,,,
f13c2b33-7bc8-454f-b823-ce39d3578e00,Bath Reference Library,Bath Reference Library,,,,,
94d366de-b171-4104-9e3f-01bb048477dd,Literature Online,Literature Online,,,,,
06f366ac-8678-4222-a855-ef3d24782df1,Delaunay,Delaunay,,,,,
0e967302-0229-4c2b-98f0-4abe9eaaef71,Royal Brompton Hospital,Royal Brompton Hospital,,,,,
33cd11c6-048b-4ad9-8e9e-cc6831d08140,Medici Society,Medici Society,,,,,
bbc3563f-fac3-4678-a6c9-0cdac2e1f90c,McDonald's,McDonald's,,,,,
adc4a0a5-8e30-4858-bb53-c2299bd2f414,"Royal Holloway and Bedford New College, University of London","Royal Holloway and Bedford New College,, University of London",,http://www.wikidata.org/entity/Q1202039,http://viaf.org/viaf/151533276 | http://viaf.org/viaf/153743938,http://viaf.org/viaf/151533276,http://viaf.org/viaf/153743938 | http://www.wikidata.org/entity/Q1202039
b7e5afb6-0de1-4110-95dd-f1b64a8cfcba,"New Theatre, Bath","New Theatre,, Bath",,,,,
20631d42-fb9c-486c-b52c-cdd385d85422,McGlashan and Gill,McGlashan and Gill,,,,,
58b58c3c-1a3f-4e30-8556-fd08a5d3297a,Russian Research Institute of Agronomy,Russian Research Institute of Agronomy,,,,,
a3afafe1-914d-4369-bbbc-6b456bf83b31,Muslim Brotherhood,Muslim Brotherhood,,,,,
0270e4cb-92e4-48a0-a039-08ea57e2d8eb,Newport Central Library,Newport Central Library,,,,,
8df5bd75-46c0-464d-b9ea-ae66fb3b672a,London Mathematical Society,London Mathematical Society,,,,,
7772983f-025d-4f49-8700-f2dfdfc50825,Bush Theatre,Bush Theatre,,,http://viaf.org/viaf/129184150 | http://viaf.org/viaf/34158125049214931279,http://viaf.org/viaf/129184150,http://viaf.org/viaf/34158125049214931279
5e5c8f02-8330-4fd3-a6aa-8687e5dd7e57,Wordsworth Library,Wordsworth Library,,,,,
852d461d-9f52-4c94-b9d1-2379ddeb953d,A. Donaldson,A. Donaldson,,,,,
466295a3-036d-4b9d-abfc-61a17e263b0c,Department of Health,Department of Health,,,,,
69133a31-1ebc-4329-a87b-8774e7f79207,Council of the International Liberal Party,Council of the International Liberal Party,,,,,
9390b655-2524-4563-a75a-877ba19c2b7e,"Theatre Royal, Bristol","Theatre Royal,, Bristol",,,,,
c59a71cb-dd3e-4cf6-baac-e764000d86ec,Gordon Highlanders,Gordon Highlanders,,,,,
a3ae57b4-a2d9-48e3-8f1d-37acb681d6c6,Peepal Tree,Peepal Tree,,,,,
4ead075f-f7f8-4127-82cd-0cb788393fac,York Retreat Insane Asylum,York Retreat Insane Asylum,,,,,
d6de6ab5-a429-4997-b84e-1634d8f528ae,Municipal School of Technology,Municipal School of Technology,,,,,
f39cca2f-a193-493e-a8ab-cf38dd9fa14d,Griffith Farran and Co.,Griffith Farran and Co.,,,http://viaf.org/viaf/155126472,http://viaf.org/viaf/155126472,
858c1013-683f-466b-a1c8-9df7d028316e,Society for the Conversion of the Jews,Society for the Conversion of the Jews,,,,,
9bc7aaf5-bfe1-452b-8e70-595d81c1a7c3,Women's Art Alliance,Women's Art Alliance,,,,,
53b866c6-526f-454d-b64a-fe1f2dcea6bd,Portway Junior School,Portway Junior School,,,,,
92d16a85-1264-468e-9d3e-c97735d28683,Medical Foundation for the Care of Victims of Torture,Medical Foundation for the Care of Victims of Torture,,,,,
7bf7c12a-160e-40e6-b8a9-42a8c691c3d1,National Council for Combating Venereal Diseases,National Council for Combating Venereal Diseases,,,,,
dabe7635-5231-49d6-997a-6fe6576e161c,University of Indiana,University of Indiana,,,http://viaf.org/viaf/140720861,http://viaf.org/viaf/140720861,
c379dbaf-cc01-403b-b9bc-054cb9c60854,German Navy,German Navy,,,,,
adaad6f6-29c6-4a35-ac33-1cf9b78bfb9b,Literary Circle of the National Liberal Club,Literary Circle of the National Liberal Club,,,,,
a70ef86f-7dbb-4d0c-9f80-f77acf48b319,American Literary Guild,American Literary Guild,,,,,
e73a06cd-11e9-4484-aafe-7bcd6c32c044,Hague Orchestra,Hague Orchestra,,,,,
2f9745ad-827e-47b4-a619-cac984d3af62,International Suffrage Alliance,International Suffrage Alliance,,,,,
3bea01b8-6624-406b-8861-ae629d7d40ec,Chemie Grunenthal,Chemie Grunenthal,,,,,
bbdc892b-6bad-4696-81d3-e19f2661b7e6,Oxford Spires Academy,Oxford Spires Academy,,,,,
7adc221f-0bee-4693-9fb2-a88d752bffc1,British Association at Belfast,British Association at Belfast,,,,,
96a50c85-5f42-4de8-b960-03f4190b1ae7,Equal Opportunities Commission,Equal Opportunities Commission,,,,,
f0d53d18-3c59-4860-a139-a7943bc8f81a,R. Tilling,R. Tilling,,,,,
356e0d49-99ea-458b-bfb4-18206ccea3a9,London Gospel Standard Baptist Trust,London Gospel Standard Baptist Trust,,,,,
1829c2ba-ce5f-44e8-a1fc-4037c9533d52,Louvre,Louvre,,,http://viaf.org/viaf/257711507,http://viaf.org/viaf/257711507,
2c362155-bcbb-46dd-9864-c2980ff3c2ce,Library Shelf,Library Shelf,,,,,
569a1744-9214-4a03-ab74-daf308833d25,P. Broster,P. Broster,,,,,
97bd9f1d-ee7c-4f50-a155-87a238839407,Sans Pareil Theatre,Sans Pareil Theatre,,,,,
06d267d7-faca-480e-8ee4-65ed071092fb,American Poetry Society,American Poetry Society,,,,,
ae7d8765-4d5a-43e5-bbb8-a223333bd940,Bryn Boots,Bryn Boots,,,,,
8815c71f-360c-41f6-b3df-a466554668cf,American Anti-Imperialist League,American Anti-Imperialist League,,,,,
748839d3-0bd8-4181-a857-18bfbfe9cb5b,Source Book Press,Source Book Press,,,,,
90b4877e-31fb-459c-9694-81bb08b79acd,King's College Hospital and Medical School,King's College Hospital and Medical School,,,,,
338a07f0-0021-453a-af96-b308ccaabe78,Outposts Press,Outposts Press,,,,,
4a7acd49-36f3-4794-8251-41807e5bbd6b,Cartiers,Cartiers,,,,,
0446695c-e8b1-43d1-a1d5-a08e08464b7b,British Women Romantic Poets Project,British Women Romantic Poets Project,,,,,
53de2f90-7c65-44fc-844b-58be0d59c9cc,University of California,University of California,,,,,
ad5bb67b-3a10-4739-ba27-43f5f635bf18,Anti-Apartheid Movement,Anti-Apartheid Movement,,,,,
0cc49787-191a-4c89-8490-c44d78e4b5aa,Unionist Party,Unionist Party,,,,,
ddb41a00-52f5-4038-ad86-432139ece62f,Harriet Jacobs Papers Project,Harriet Jacobs Papers Project,,,,,
63701e6c-4ae7-4a60-94a6-00ec41660e2a,British Federation of the Business and Professional Women,British Federation of the Business and Professional Women,,,,,
e7fd043e-0c80-4cec-9d45-f2ae2eca8b5a,Sunday School Society,Sunday School Society,,,,,
4c33c34c-e533-4bd4-81ae-0f46f05a1f57,Education Otherwise,Education Otherwise,,,,,
202f5658-7f4c-4346-b9f7-39189dffc4f7,New Royalty Operetta House,New Royalty Operetta House,,,,,
84e32c82-d83b-48b1-ae3c-b5e98c55f2d0,University of Westminster,University of Westminster,,,,,
fb26f754-5429-404d-a8f1-9b1ef1782157,Institution of Women Shorthand Typists,Institution of Women Shorthand Typists,,,,,
9f265988-9ce5-4e14-8656-cc4c1b796382,"Royal College of Surgeons, Edinburgh","Royal College of Surgeons,, Edinburgh",,,,,
95123e1b-406f-4e34-986b-680b96ae2116,Cavendish House,Cavendish House,,,,,
3fb65a98-61d4-4a21-826a-03b637b59ce2,A.L.O.E. High School,A.L.O.E. High School,,,,,
2242a412-7d57-4ee5-9fda-ac1f386b5bc3,Anglia Polytechnic University,Anglia Polytechnic University,,,,,
58f24af7-7532-4d1a-be85-902003b2eb45,"Middlesex Hospital Medical School, University of London","Middlesex Hospital Medical School,, University of London",,,,,
f39c9225-3478-427d-9e40-0dd386e038f6,J. Bell,J. Bell,,,http://viaf.org/viaf/51741707,http://viaf.org/viaf/51741707,
eb31a5cb-da47-451e-8db5-e82455ff8c91,Poetry Book Society,Poetry Book Society,,http://www.wikidata.org/entity/Q7207485,http://viaf.org/viaf/123097947,http://viaf.org/viaf/123097947,http://www.wikidata.org/entity/Q7207485
30d6153f-4a97-435e-b80e-a470a6cbd6b2,Islamic State,Islamic State,,,,,
3c0b78f3-2431-4a66-8048-2aefe3909cd6,Twitter,Twitter,,http://www.wikidata.org/entity/Q918,http://viaf.org/viaf/176777970,http://viaf.org/viaf/176777970,http://www.wikidata.org/entity/Q918
c1af8943-0734-4fdb-abf9-4260f53d8cbf,Lesbian Nation,Lesbian Nation,,,,,
24accd22-b962-4760-b370-6f6dc0fe184a,Aid to China,Aid to China,,,,,
9c99c1ae-0f32-479d-81d4-92347f4539a8,Addison Wesley Longman,Addison Wesley Longman,,,http://viaf.org/viaf/313458563 | http://viaf.org/viaf/314887381,http://viaf.org/viaf/313458563,http://viaf.org/viaf/314887381
300fa496-ab05-41e9-a993-31b100d97678,Sandinistas,Sandinistas,,,,,
d72f237d-ec4c-4975-ac3a-edba705b7105,VIDA,VIDA,,,,,
4a5468f0-1e82-4a0a-8cbc-5ffbb044362c,Churchill Archives Centre,Churchill Archives Centre,,,,,
fd975c2a-147c-4e84-8dcc-0a8a60708023,Empire Marketing Board,Empire Marketing Board,,,,,
0106d9ac-eb68-470a-81ba-aead97cbaad9,William Shoberl,William Shoberl,,,,,
0717db4b-d45d-4d3b-8781-d7290f1743fc,Spanish and Portuguese Jews' Congregation,Spanish and Portuguese Jews' Congregation,,,,,
0f4c4521-6c35-43bf-bc28-ee8b8572ac24,Lilliput Press,Lilliput Press,,,,,
e2dce69d-f200-444d-99f3-c97a1d1bb771,International Association of Women Police,International Association of Women Police,,,,,
3162668c-bb0e-41bc-8f3c-c29122e94884,Horsham High School for Girls,Horsham High School for Girls,,,,,
c1d2dd06-98f7-4d67-9b12-fa8be76e4afd,Intergovernmental Panel on Climate Change,Intergovernmental Panel on Climate Change,,,,,
edcfbff4-0ecc-4f14-8511-d6acf5853ce4,Society for the Blind,Society for the Blind,,,,,
63a9346c-f20a-4fc4-8c0e-d3fb2b8bd40e,Coates,Coates,,,,,
0476e619-73b3-4983-8be0-bfc33f45e985,Society for the Suppression of Blasphemous Literature,Society for the Suppression of Blasphemous Literature,,,,,
61adc8ab-c871-487e-950e-5131621fa738,Bronx Opera House,Bronx Opera House,,,,,
5d381349-c92e-47f8-a063-25e46871d726,Cockpit Theatre,Cockpit Theatre,,,,,
c0a61f36-54f7-43c8-b42b-6d7bb2c0f7dc,Merchant Taylors' School,Merchant Taylors' School,,,,,
a083e5d6-51e5-4dec-bd6d-cb06334c2842,Avon,Avon,,,,,
00ad7305-9fb3-44e3-b074-39543e1102b7,Michel Publishers,Michel Publishers,,,,,
4af940a7-4a48-465d-9088-043b7e439ae2,Peace Corps,Peace Corps,,,,,
03fde0f4-f596-433f-a6c2-e299ae1af133,Asylum for the Poor and Aged Masons,Asylum for the Poor and Aged Masons,,,,,
8355caa8-a4bf-49c0-af45-e5e16a9b8211,British Women's Institute,British Women's Institute,,,,,
332bce07-be98-43bc-a5aa-ebd1877ddbbe,"Daughters, Inc.","Daughters,, Inc.",,,,,
f73c1eb4-ac45-452a-99b4-e6304f97aad6,Tagore Centre UK Scottish Branch,Tagore Centre UK Scottish Branch,,,,,
5bd48a2c-f550-429c-bfb8-ada47fed7050,Paines Plough,Paines Plough,,,,,
79ad0928-ed6a-4711-bbb5-84820cbd439d,Wigmore Hall,Wigmore Hall,,,,,
d0ed2d38-d372-4c61-9928-da3c9594030d,New Burlington Galleries,New Burlington Galleries,,,,,
cf94cee8-2769-4c84-aacb-04a623a075d9,Birmingham Ladies' Debating Society,Birmingham Ladies' Debating Society,,,,,
a8e30c8e-9dcf-48bd-928f-494cca790677,Lichfield Charitable Female Society,Lichfield Charitable Female Society,,,,,
ccbd9cfd-7198-4844-94a8-d22fc1c42c27,Donohue and Henneberry,Donohue and Henneberry,,,,,
fbcda479-df5c-4f61-ab7e-736635ae66de,Oxford Women's Club Fund,Oxford Women's Club Fund,,,,,
c2061d25-5525-4edb-952d-29d0a5cb1fd1,Nottingham Female Political Union,Nottingham Female Political Union,,,,,
3c7d4ee6-70ad-404f-ac82-1c9f345072ef,Highbury Hill Grammar School,Highbury Hill Grammar School,,,,,
88387a2c-0702-46c9-837e-e2693b66a32e,Dreadnought Film Company,Dreadnought Film Company,,,,,
3c1bb71f-d3ae-4516-bbc0-f57b57e95fde,Church Pastoral Aid Society,Church Pastoral Aid Society,,,,,
79e79b6d-8cf0-4923-ad32-344e21167b3d,Children's Overseas Reception Board,Children's Overseas Reception Board,,,,,
665e2c8f-7f73-4a57-9d68-b0a53a997b02,Charles Knight Publishing,Charles Knight Publishing,,,http://viaf.org/viaf/148353283,http://viaf.org/viaf/148353283,
0301d814-1e79-4d78-9f17-b6d6e5a40e8d,Treasure Press,Treasure Press,,,,,
dbfb3402-0c07-4f20-bf8d-f975a414a304,"King's College, Cambridge University","King's College,, Cambridge University",,http://www.wikidata.org/entity/Q924289,http://viaf.org/viaf/135437628,http://viaf.org/viaf/135437628,http://www.wikidata.org/entity/Q924289
1650c5b8-9491-44f9-bbe0-d1ef620a3005,War Cabinet,War Cabinet,,,,,
f3523750-3b00-4493-8734-a21db7316add,Institut Catholique,Institut Catholique,,,,,
1306c996-fb3e-4abe-a9f1-ef25f8891d61,Spencer Blackett,Spencer Blackett,,,,,
5a8d497c-c807-4fb9-82e9-389a67ae4782,United Artists,United Artists,,,,,
898ede94-82d2-4ad8-8a00-159369ca5e02,Metro Goldwyn Meyer,Metro Goldwyn Meyer,,,,,
9993f97b-aa03-4650-bd49-d7cf0b8d5e49,T. and R. Hughes,T. and R. Hughes,,,,,
236dc45d-6608-4604-a6ea-530a9e51e619,Fulham Borough Council,Fulham Borough Council,,,,,
d75b0d57-ee41-4968-a558-21de36af8c54,Royal Army Medical Corps,Royal Army Medical Corps,,,,,
7d0b236e-d277-4a73-a32b-a3ceb4c44d26,Chelsea Physic Garden,Chelsea Physic Garden,,,,,
f401cc52-2742-43d0-94cd-c0c6824fef02,Liverpool Geographic Society,Liverpool Geographic Society,,,,,
1a5d57ec-30bc-488d-a625-9c208ac4da6f,Independent Methodist Church,Independent Methodist Church,,,,,
221d9ae9-afc9-4f51-8ba5-6f8a3ba34130,Mansfield Traquair Centre,Mansfield Traquair Centre,,,,,
c904ae2e-424e-4b07-acb5-b3464d4a9797,National Anti-Compulsory-Vaccination League,National Anti-Compulsory-Vaccination League,,,,,
65736566-d563-4f87-b77e-2096de9fde86,"National Museum of Dramatic Art, Hungary","National Museum of Dramatic Art,, Hungary",,,,,
052f3c0f-044f-4037-8dbe-a12aa072bdb1,Order of St John of Jerusalem,Order of St John of Jerusalem,,,,,
5877f142-93a6-47e3-9688-869d1928aa6f,"Simpson's Hospital, Dublin","Simpson's Hospital,, Dublin",,,,,
1655f67d-ac88-4a63-a880-cecfeff5e775,Bitcoin,Bitcoin,,,,,
0eb12021-b7e3-4e55-bd03-11450893afb7,Ragged School Union,Ragged School Union,,,,,
fb789fb1-fd8e-4aec-9fdb-06ca9c33bffe,National Association of United Trades for the Protection of Labour,National Association of United Trades for the Protection of Labour,,,,,
3725660d-1c4d-4b8f-a9ab-05bcf4b94587,"Theatre Royal, Stratford","Theatre Royal,, Stratford",,,,,
be1deae1-a18e-4b97-ab06-61533bcc0feb,Women's Company,Women's Company,,,,,
98c14a1c-aea6-49a4-896a-4603a5cbb41a,YWCA Prayer Union,YWCA Prayer Union,,,,,
5ebf2204-5d98-4f04-aa2e-d42661c0d95f,Charles Playhouse,Charles Playhouse,,,,,
21bca757-e8eb-4a6d-bcfd-76a9ad8379e5,National Blind Relief Society,National Blind Relief Society,,,,,
59ae809f-4db7-470b-b28e-64286de71842,Taylor and Hessey,Taylor and Hessey,,,http://viaf.org/viaf/121292520,http://viaf.org/viaf/121292520,
1547a86a-42ed-4cc6-a2be-99197e8b85ad,Max Factor,Max Factor,,,,,
e76ff895-ab78-477e-ae7b-71629ff30cf3,Edith Wharton Restoration,Edith Wharton Restoration,,,,,
78cf77bb-19eb-4245-92b8-8afb0bdeebab,Palestine Exploration Fund,Palestine Exploration Fund,,,,,
20d265a8-a01f-4f9a-95ec-828920feefe6,Beatles,Beatles,,,http://viaf.org/viaf/141205608,http://viaf.org/viaf/141205608,
f2b4441e-fc4d-4b73-b77f-4a3eac0a0987,Caledonian Press,Caledonian Press,,,,,
c094dda9-b35b-40df-90ba-c34d3917594a,Ealing Studios,Ealing Studios,,,,,
42ec804b-4b20-453b-9b4a-63b9f456dc4b,Broadcasting House,Broadcasting House,,,,,
b5ef3df1-a4fe-4c05-8104-e67580b24d8d,Li-Yuan-Chia Gallery,Li-Yuan-Chia Gallery,,,,,
6e3e9db7-0127-4937-997b-0ed303de4381,University of Chicago Press,University of Chicago Press,,,http://viaf.org/viaf/122888939,http://viaf.org/viaf/122888939,
d96a68f9-868b-4986-8650-a8325f5c9811,Billerica Academy,Billerica Academy,,,,,
47dae385-3651-4f41-8fcc-bc4ede343dc3,International Voluntary Service for Peace,International Voluntary Service for Peace,,,,,
e26bf61d-4be7-4021-8f97-200e703e4b15,1916 Veterans' Association,1916 Veterans' Association,,,,,
f7d2ee51-6ff9-411e-96eb-151a3d1fbcd4,New England Religious Tract Society,New England Religious Tract Society,,,,,
8bf83e34-3fd2-4e9d-89ed-1a66ffe1a836,Sobibor,Sobibor,,,,,
1fbb627d-6ed8-47a7-bc8f-dbf4c888c520,Ulster-Scots Academy,Ulster-Scots Academy,,,,,
fbd456b3-aba0-4a93-b756-78b2d05d946c,Dominican Nuns,Dominican Nuns,,,,,
be7f993e-cf7c-4e97-9d50-308f554208bc,Cummington Press,Cummington Press,,,,,
d409a120-ea52-492b-84d5-02bb558d947b,Rathmines Urban District Council,Rathmines Urban District Council,,,,,
02b364d1-66f5-44a8-a88d-25bc8e26d604,G. Howe,G. Howe,,,,,
7c16467b-e3b0-4551-9a21-1713d609847a,Harry Ransom Humanities Research Center,Harry Ransom Humanities Research Center,,,http://viaf.org/viaf/133668294,http://viaf.org/viaf/133668294,
c4a2507d-603a-4ac7-8fd0-efcc762068f3,Press Club,Press Club,,,,,
8ca6cd32-1dc0-418a-805b-cb1793de546f,Wheaton College,Wheaton College,,,,,
14178f0d-ef0c-4ef4-8684-13c63f14c68d,Tron Theatre,Tron Theatre,,,,,
511cb945-15eb-4338-8b58-e2841e7f16b5,Redstockings,Redstockings,,,,,
76be2bcf-be51-4b07-88b7-5bb0c3e40071,Home Secretary's Advisory Council on Race,Home Secretary's Advisory Council on Race,,,,,
f2d2a1ff-d65d-4609-be98-1f9e0698efb9,School Boards,School Boards,,,,,
51c10de5-2f1c-46df-bcd3-c226e1b42644,Lannan Foundation,Lannan Foundation,,,,,
9129a1f6-c9c6-41a3-b95e-edbd0171599d,Catholic Women's Suffrage Society,Catholic Women's Suffrage Society,,,,,
747bbe6d-e08e-4100-b587-74254f6b50c3,International Psychoanalytic Association,International Psychoanalytic Association,,,,,
539266ff-80ae-4d13-a25b-83d0589f6c55,Anti-Slavery Association,Anti-Slavery Association,,,,,
88ab4352-aca5-41f8-af0f-9d553602f584,Irish Women's Reform League,Irish Women's Reform League,,,,,
eec6492c-6740-4640-91ed-2ac22e0ac147,Vacher and Sons,Vacher and Sons,,,,,
77625b9c-6515-4607-95b2-c077a6e74269,Collège de France,Collège de France,,,,,
338c94a4-5f32-42df-a75b-bf432c6dc022,Condé Nast,Condé Nast,,,,,
e77736a5-02c8-4ee7-af8f-e28a248a8a9d,Committee of National Liberation,Committee of National Liberation,,,,,
c48e6f50-d0b8-45d4-a804-a7e96024b6a7,Female Refuge Society of Antigua,Female Refuge Society of Antigua,,,,,
72f0c68f-34e2-432e-9893-958e1acc7d10,Higher Education Funding Council for England,Higher Education Funding Council for England,,,,,
66566d70-5ad9-487b-801d-8ebd2c9c50ac,Armstrong Browning Library at Baylor University,Armstrong Browning Library at Baylor University,,,,,
8d5bba6f-f032-4df9-bf73-66ccb6325022,Woman's Christian Temperance Union,Woman's Christian Temperance Union,,,,,
467dee4f-0adc-48b7-9b09-dfd772aa520d,Edith Craig and Co.,Edith Craig and Co.,,,,,
1f4a89bd-a5a7-4741-97c8-a431b65db64a,Richard and Judy Book Club,Richard and Judy Book Club,,,,,
b5b8c077-f606-47e8-b1aa-85bb6b760254,The Society of Women Musicians,The Society of Women Musicians,,,,,
bbe5e2de-de19-40fc-be45-2d3698a68830,Altrincham Pupil-Teacher Centre,Altrincham Pupil-Teacher Centre,,,,,
a6ea786b-b89a-432a-8632-c50513158e57,Methodist Missionary Society,Methodist Missionary Society,,,,,
a7d9b857-f35b-4d90-9f0f-366feac749ee,University of Botswana,University of Botswana,,,,,
d436cf4f-7124-4a8d-b785-612dfcf16c8e,Green Party,Green Party,,,,,
eb7c1c3b-7663-4caf-bb2e-59ebd65ed763,Chantry School,Chantry School,,,,,
d73631b8-c716-4c89-9a4d-64491e68fa49,Society for Promoting Female Education in the East,Society for Promoting Female Education in the East,,,,,
b3f51b91-8628-47c9-b4ae-4b364ab05e5a,Local Council of Women,Local Council of Women,,,,,
6179efd5-359c-4ce2-80b7-c8d7e5904bde,Peverel Society,Peverel Society,,,,,
eb7dc6d2-4774-4e10-be00-fbbf610d2dfe,Academy of Choreographic Art,Academy of Choreographic Art,,,,,
29aeb622-d75e-4f95-a4fa-b430735f7d0b,Tsukuba University,Tsukuba University,,,,,
0de30225-6f27-474f-a626-8dfa76236b33,United States Marines,United States Marines,,,,,
890ab042-5ce8-48a6-a1af-34101b1a0dca,Werner Laurie Ltd,Werner Laurie Ltd,,,,,
a6575ee5-1095-4bd2-84b0-c27e647700ef,"Academy of Arts, Russia","Academy of Arts,, Russia",,,,,
300a77af-5644-4ca9-9e72-c15bafc3cd48,Attic Theatre,Attic Theatre,,,,,
a9e3e239-3c9d-4c7e-b5d5-c722e108bd4a,Norton,Norton,,,http://viaf.org/viaf/127676589,http://viaf.org/viaf/127676589,
fe736ef7-4ac7-4288-ae93-faf36e5c9cd8,London Women's Parliament,London Women's Parliament,,,,,
19cf7956-2251-4be2-8648-6ad6bfee5207,Maunsel and Roberts,Maunsel and Roberts,,,,,
0364e65e-f8f7-45e3-995f-4f1f2bf3c8ca,Central Relief Society,Central Relief Society,,,,,
f12d4d4e-81cd-48f5-969b-3f2d679edd27,"Rhodes House Library, Oxford University","Rhodes House Library,, Oxford University",,,,,
93a2714f-ebab-4764-9f90-5900a1636b0a,East India Company Training College,East India Company Training College,,,,,
2fb8d24f-3d36-4db6-bcf2-a3e710a07abc,District Court of Massachusetts,District Court of Massachusetts,,,,,
a87ab126-104a-422e-a300-c43d3226ac1a,Association for the Advancement of Psychoanalysis,Association for the Advancement of Psychoanalysis,,,,,
5d2a76c1-db17-4ba3-946c-9592aa37b11f,Asian Educational Services,Asian Educational Services,,,,,
6688d125-ffd7-4dff-8cbd-4a041c735797,Ashendene Press,Ashendene Press,,,,,
430d6ba1-3915-4024-9b12-4622ae25c4a9,Slightly Foxed,Slightly Foxed,,,,,
4ba57f25-914e-4fde-826f-712a398a3e2f,Whipsnade,Whipsnade,,,,,
2bd34bb8-6f12-4352-9fc0-e20cb622df6b,"Theatre Royal, Bridgetown","Theatre Royal,, Bridgetown",,,,,
7625d29a-04af-4920-b51a-21fe91ae13ad,Sister Seven,Sister Seven,,,,,
f9fde302-798f-43ca-b663-09728267298d,Manchester Chamber of Commerce,Manchester Chamber of Commerce,,,,,
a399f34d-b53d-4c02-93f0-3ac3d4349637,Mershon Company,Mershon Company,,,,,
26c8eef2-9dc8-45b2-b55d-397a282fe1d0,London Symphony Orchestra,London Symphony Orchestra,,,,,
3957bb38-74c6-4951-805e-4ba67b6aa000,Waterstone's,Waterstone's,,,,,
1b0b695c-633c-4e95-a9e8-536bfede23d2,London Palladium,London Palladium,,,,,
6f77b8da-786b-40f3-889e-c4d8351b6bac,Bentinck Group,Bentinck Group,,,,,
bcb5dde3-a293-40fb-86a7-2cdec7503a95,Terry's Theatre,Terry's Theatre,,,,,
b75972c4-dc5a-4734-98af-6da077eabef4,F. F. Lovell,F. F. Lovell,,,,,
b1c030d4-ba97-420c-a9cf-4b76c63772a3,Century,Century,,,,,
df274bc8-dc95-4e6e-a538-301bb9f2e511,Great Ormond Street Children's Hospital,Great Ormond Street Children's Hospital,,,,,
b5286caa-47b7-4b20-903b-e8c1bcf0ca1f,Grasmere Temperance Society,Grasmere Temperance Society,,,,,
dc2f072d-781b-4bb4-8a00-04bbee7adbf9,Third Congress of American Writers,Third Congress of American Writers,,,,,
7d41727c-c8c9-4d07-90a3-49c980ffc42c,University Grants Committee,University Grants Committee,,,,,
94410326-821b-4418-b22b-c6531d94cfcc,Scorpion Press,Scorpion Press,,,,,
1ba49dad-ad0d-45dc-b838-f882e7e3967c,Fairleigh Dickinson University,Fairleigh Dickinson University,,,,,
08fa6766-838e-40a7-8131-fb3cc2865792,New Boltons Theatre Club,New Boltons Theatre Club,,,,,
eee29677-f0e2-4ceb-abfe-40f4eb7b229f,CNN,CNN,,,,,
6ad3f7c1-b263-42cd-bfe2-e864ddecf761,Oxford University Press,Oxford University Press,,http://www.wikidata.org/entity/Q217595,http://viaf.org/viaf/140705396,http://viaf.org/viaf/140705396,http://www.wikidata.org/entity/Q217595
d6d91d43-d036-4de6-89b9-efa4071b7071,"Newlands Convent, Cleveland","Newlands Convent,, Cleveland",,,,,
da324460-5f3c-40dc-8256-ba33d0ccbffb,Primera Ambulancia Inglesa en Espana,Primera Ambulancia Inglesa en Espana,,,,,
1c151336-ea8d-45f8-bec5-7802d4abfcb7,Insel-Verlag,Insel-Verlag,,,,,
4c6c96cb-9061-421d-8f63-aad207b26811,Majdanek,Majdanek,,,,,
fb950967-918d-41b3-951c-11650168c385,Anglican Group Education Trust,Anglican Group Education Trust,,,,,
6586b1f6-3f49-4289-85b0-bfff660e8cae,Library of the Royal College of Surgeons,Library of the Royal College of Surgeons,,,,,
853dffb0-2be6-4b43-8ea5-7fa079ed9f11,National Society (Church of England) for Promoting Religious Education,National Society (Church of England) for Promoting Religious Education,,,,,
a0f8819a-0db1-466e-9474-f3ecc17bb29b,Metropolitan-Vickers Electrical Company,Metropolitan-Vickers Electrical Company,,,,,
f3f5c6b8-1c0e-4146-a634-35ff5721c73f,Writers' Club,Writers' Club,,,,,
c08798e1-6831-4302-b8a3-2a79665e5bc7,American Physiological Society,American Physiological Society,,,,,
deac2337-c42b-4a7e-a4e2-e70ccae36af5,Dartford College,Dartford College,,,,,
1351505b-3e0f-488a-908a-75ceeca0e3ad,Hungarian National Museum,Hungarian National Museum,,,,,
fa1d0dd7-394e-451a-bd22-383cdc632ea6,Hearst,Hearst,,,http://viaf.org/viaf/122229578,http://viaf.org/viaf/122229578,
67a8267f-4c80-4794-87fc-061457e59f44,"Hughes Hall, Cambridge University","Hughes Hall,, Cambridge University",,,,,
4be5f9e8-50b5-48c8-965d-5af97606ebeb,Papal Curia,Papal Curia,,,,,
eb67397e-f02e-4ff5-a600-bd4d900e250b,Central Bureau for the Employment of Women,Central Bureau for the Employment of Women,,,,,
e6c7b628-689d-4341-9e87-a245e04bad06,University of Utah,University of Utah,,,,,
77bdf2cb-015e-40c6-b58f-be14f7731976,Enron,Enron,,,,,
d9d00b16-a0f2-4b25-b827-7f5e3353808a,Home for Incurables in Dundee,Home for Incurables in Dundee,,,,,
ef0d8284-35f3-46a0-bafd-9b1a7716de96,Trelawney Saunders,Trelawney Saunders,,,,,
0f3eb99c-f743-4dd3-9a2c-109618131d67,American Ethnological Society,American Ethnological Society,,,,,
2103ab01-d71b-44ec-ac18-e765bfe0cd54,British Fire Insurance Company,British Fire Insurance Company,,,,,
f222ba81-081a-4e67-b565-22db90d9ddeb,Alcoholics Anonymous,Alcoholics Anonymous,,,,,
e90c78c1-9fc7-44b6-b214-0e0bc0aeb824,A. H. Robins Company,A. H. Robins Company,,,,,
9131d78f-a096-4667-8af6-1a2537909fb4,Glasgow Repertory Theatre Company,Glasgow Repertory Theatre Company,,,,,
78bd32d5-212a-451d-af45-570dd28fd3d9,University of Nottingham Library,University of Nottingham Library,,,,,
5eb5eb13-f28c-4b82-a13d-938aad441a3c,Millennial Cohort Study,Millennial Cohort Study,,,,,
cacf7c88-0bc3-4d80-ad99-675cd7001724,Typefounder's Society,Typefounder's Society,,,,,
302f8a97-e39e-47c0-9d48-1200016d693b,Radley College,Radley College,,,,,
d8e75e1b-e219-4fab-950b-aabfdc6c0817,"New Theatre, Cambridge","New Theatre,, Cambridge",,,,,
cb70ba67-c9f5-4b72-b9a0-824e597efb40,C. Hoare and Co.,C. Hoare and Co.,,,,,
cd5c27a2-4ea6-41fc-a4b9-b01614fa1a57,Air Raid Precaution,Air Raid Precaution,,http://www.wikidata.org/entity/Q448717,,http://www.wikidata.org/entity/Q448717,
d5b3ba01-fa26-4fb3-8d1c-bf1175cefcad,St Bartholomew's Hospital,St Bartholomew's Hospital,,,,,
e581df96-73b7-4f93-a866-9c59775d953c,Life and Advent Union,Life and Advent Union,,,,,
049d3297-77b6-422b-b20e-9052769c63e3,Kent Yeomanry,Kent Yeomanry,,,,,
d8cfdf47-7572-4d56-b1fe-1d181f3a2aca,Borstal,Borstal,,,,,
74fbe059-2c1f-43aa-acbe-8ab01c601659,Fitzwilliam Museum,Fitzwilliam Museum,,,http://viaf.org/viaf/159048724,http://viaf.org/viaf/159048724,
68410d8a-a0bf-43ae-a95a-626d3315d504,Emma Tennant,Emma Tennant,,,,,
3c9c5437-6c6c-4ffa-a9f4-1562d8a2ab0e,Donegal Industrial Fund,Donegal Industrial Fund,,,,,
b3d5eab0-c528-4220-a6d1-a42c29079bc3,Rotherham Literary and Scientific Society,Rotherham Literary and Scientific Society,,,,,
1fcf40c6-c878-4961-acf9-8a634c6fb619,American Association for the Advancement of Women,American Association for the Advancement of Women,,,,,
759cafc3-816e-442a-b9a3-b308f9b4e364,Banff International Writing Studio,Banff International Writing Studio,,,,,
944c9b7a-2390-41fa-8a45-4fa35ff119be,Drama Critics Circle,Drama Critics Circle,,,,,
bb847b76-5e38-4399-a906-c6a04fd1f85e,Royal College of Chemistry,Royal College of Chemistry,,,,,
9833c2ed-65bf-44a4-8877-91b3173130a4,Sorosis,Sorosis,,,,,
0d8ae43e-0c4a-40fb-af00-16cebd001f78,Protestant Episcopal Society for the Promotion of Evangelical Knowledge,Protestant Episcopal Society for the Promotion of Evangelical Knowledge,,,,,
d59dccde-2f2d-4a61-be69-af8d46df3506,Thirty Club,Thirty Club,,,,,
e9f95510-beb5-43ab-9b41-37c93c81889c,Blavatsky Lodge,Blavatsky Lodge,,,,,
b4d0a603-4f19-4a6e-a2dd-617c9ef18978,"Hippodrome Theatre, Hyde","Hippodrome Theatre,, Hyde",,,,,
27b0bc93-3d4d-47ea-b4ec-a5f540d8c59e,South African House of Representatives,South African House of Representatives,,,,,
7a9c9ee0-1f22-4eb4-8262-29825acf2431,Magdalen College School,Magdalen College School,,,,,
da87d438-f196-4420-a27e-ef7b120e1e18,British Legation,British Legation,,,,,
e57af6b5-c04f-4e8b-b9f1-a150c7b2aaa7,Vogue,Vogue,,,,,
e85c9ece-7522-4072-a253-c1112f94d7fe,Home and Colonial Infant School Society,Home and Colonial Infant School Society,,,,,
d11e21e1-6fd8-478d-9a05-73e5fa4d2f66,June 20 Group,June 20 Group,,,,,
7d7f4c40-cc85-4771-b317-75c6529ad7ec,Mr Richardson's Stepney Union,Mr Richardson's Stepney Union,,,,,
3ec662c9-ec8d-4bb3-abeb-46864fa1cab6,John Bell,John Bell,,,,,
7e234159-426a-45d3-8281-a7c3ed4dd734,Amate Press,Amate Press,,,,,
98f7cead-7fb5-4c5a-ad3c-7eb0d7b6132a,Special Collections Gateway Program,Special Collections Gateway Program,,,,,
7cf3c447-7e0f-4cde-ba00-15cdea0a44df,Richmond Central Library,Richmond Central Library,,,,,
87fe07b2-f429-45e4-918d-57d7515a197a,Baker Street Originals,Baker Street Originals,,,,,
c3f9e472-c087-462a-ac0e-1041324d851d,Day's Concert Hall,Day's Concert Hall,,,,,
bcc0de35-82e1-4a0c-b4df-196254992d2c,Discussion Society for Ladies,Discussion Society for Ladies,,,,,
20935e8d-e4fb-4ea2-9320-bbe6acb4675f,Felsted School,Felsted School,,,,,
91cc60a1-5fc0-427a-b959-1f4193fc6baa,Granta,Granta,,,http://viaf.org/viaf/173251676,http://viaf.org/viaf/173251676,
ae82fee1-4c96-4903-a518-375ed38f78d7,Raidió Teilifís Éireann,Raidió Teilifís Éireann,,,,,
07c53fbc-04c6-4d33-bfd1-313d98df4d84,Anglican Diocesan Boys' School,Anglican Diocesan Boys' School,,,,,
bfd3975f-72a8-462d-a2fa-2c1db116d54b,Santa Fe Railway Company,Santa Fe Railway Company,,,,,
ff37e4cf-11c4-41fe-a51b-70f9731bc6cc,National Institute for the Blind,National Institute for the Blind,,,,,
9bcf95d1-c828-4a41-b004-19c15090058d,John Lane,John Lane,,,http://viaf.org/viaf/37673712,http://viaf.org/viaf/37673712,
945f85f9-f3e2-44c0-ae59-ac3d763ba630,Forster Collection,Forster Collection,,,,,
7a36adbc-b582-4091-93b7-cfd4220a6826,"Digby, Long and Co.","Digby,, Long and Co.",,,,,
e529bcfa-4bf9-4127-b095-653ceb2bc7d2,Suffrage Atelier,Suffrage Atelier,,,,,
46194ceb-a974-4e0d-82be-edded3093fe2,Stoll and Edwards,Stoll and Edwards,,,,,
f81fbfed-0140-403c-9563-b6867d792c89,Institut Français d'Archéologie Orientale,Institut Français d'Archéologie Orientale,,,,,
93bc6158-1f37-4131-b5bd-233cb1da5f0c,Leonard X. Bosack and Bette M. Kruger Foundation,Leonard X. Bosack and Bette M. Kruger Foundation,,,,,
f9d69a2a-4623-480a-bb6f-c58545063676,Cubiculo,Cubiculo,,,,,
7d30592c-79af-4496-8a7e-1225442d39e9,Lyric Players Theatre,Lyric Players Theatre,,,,,
d464c12c-9fc1-406f-bd1d-1afd1fba0dc7,Indian Legislative Council,Indian Legislative Council,,,,,
b55f80a7-777a-4906-b0f7-d8d09693a48b,British Security Coordination,British Security Coordination,,,,,
084c97ac-e002-4f32-a16c-d70578819dad,Temenos Academy of Integral Studies,Temenos Academy of Integral Studies,,,,,
7420a5f4-a9d1-4dfc-9ffa-b5ddb279dc40,Theatrical Ladies Guild,Theatrical Ladies Guild,,,,,
3bf8664f-a039-407b-877f-a36b543eab5f,Friends of the Poor,Friends of the Poor,,,,,
48284cce-92aa-4ee8-82f0-16a1b5401b7d,University of North Carolina at Greensboro,University of North Carolina at Greensboro,,,,,
c144628f-e030-42d5-bbff-4771c79f0d1b,Thornton Butterworth,Thornton Butterworth,,,,,
05221140-3f08-4b84-919e-a92c3cf0d014,Royal Astronomical Society of Canada,Royal Astronomical Society of Canada,,,,,
f8097d15-2aeb-4588-a875-77b87ba688be,North London Collegiate School,North London Collegiate School,,,http://viaf.org/viaf/148001056,http://viaf.org/viaf/148001056,
e82051d1-a5d5-4f2b-86c4-69fea868985a,Ulster Head Schoolmistresses' Association,Ulster Head Schoolmistresses' Association,,,,,
53751406-5b92-4470-8187-358c5fc5904f,Wychwood School,Wychwood School,,,,,
3d351315-48b5-4684-bf4f-a0a242404d50,Morgan and Chase,Morgan and Chase,,,,,
34247f84-43ef-4ef2-a390-6237bab8bac6,Gay Women's Liberation,Gay Women's Liberation,,,,,
bede82cb-9ed0-4ca3-8d8e-04f887d8f187,Colney Hatch Lunatic Asylum,Colney Hatch Lunatic Asylum,,,,,
1178d0ad-1b1b-4f45-99c6-441f89bf2c58,Domestic Worker's Insurance Society,Domestic Worker's Insurance Society,,,,,
25556097-f950-4789-a5bf-21c7d37d8175,St Ursula's Convent,St Ursula's Convent,,,,,
510f6ea3-7852-4ec7-b481-751bcf5f2ace,Domestic Mission,Domestic Mission,,,,,
0ab90a48-f245-4c7f-8f7a-f8f9650d13c7,Black Classic Press,Black Classic Press,,,,,
78d5c41e-e0af-4993-9071-1066318fc453,Welmont Publishing,Welmont Publishing,,,,,
6a9d995b-4cd6-460f-9c55-7e83669ad6a8,University of Alberta,University of Alberta,,,http://viaf.org/viaf/155492116,http://viaf.org/viaf/155492116,
3de425d6-8c87-48d9-a0a1-ca0dad2c1775,Open College of the Arts,Open College of the Arts,,,,,
d69a3f25-cf90-4494-8f4c-d7ce92d040d3,DePauw University,DePauw University,,,,,
efff72c1-8b54-4c88-9ba4-a244d76cfab6,National Theatre Company,National Theatre Company,,,,,
611a8c49-4262-4977-8657-1ac5a776ea1f,Pacific Oaks College,Pacific Oaks College,,,,,
6f5f4b9a-8298-4f6c-a69a-3f6107c1e95e,London Chest Hospital,London Chest Hospital,,,,,
a71a8d79-9195-43e3-a377-0ebef467fcc0,"Mesdames Lees, Ladies' Boarding School","Mesdames Lees,, Ladies' Boarding School",,,,,
1f0e3c4d-4a62-4b41-bbf1-f75b755b9336,"Bibliothèque Royale, Brussels","Bibliothèque Royale,, Brussels",,,,,
29498d31-aea4-4b23-aaee-5fd55748b715,Universal Suffrage Central Committee for Scotland,Universal Suffrage Central Committee for Scotland,,,,,
c73855b2-d672-498d-8197-60b7641ab62e,Socialist International,Socialist International,,,,,
47ef750b-2c5f-4016-8114-72519ccd1425,Croydon Repertory Company,Croydon Repertory Company,,,,,
da77b2ee-7472-4a04-a847-5460ec1da3d8,Hogarth Club,Hogarth Club,,,,,
ea061a55-369d-4190-b4ee-b38801325b7f,Jay Cooke and Company,Jay Cooke and Company,,,,,
2072cbec-c180-4383-ba87-97475756f5f2,Port Hope High School,Port Hope High School,,,,,
22ac3e4f-fa71-4634-9567-f0ef0653df42,James Marshall's Library,James Marshall's Library,,,,,
bbdc8b19-aebb-4402-9010-8c3dfe29b4b9,Bloomsbury Books,Bloomsbury Books,,,,,
8806cc8f-a2c6-40a3-89bb-6312db131e5a,Kyrle Society,Kyrle Society,,,,,
acfad303-7060-4667-9ef7-ac5ad803732d,Swarthmoor Women's Monthly Meeting,Swarthmoor Women's Monthly Meeting,,,,,
6b2dc9bb-6fd9-4029-bceb-98d3961c2356,Candlestick Press,Candlestick Press,,,,,
83e9e3af-5684-4acb-8e51-b887dde45ae1,Commercial Press,Commercial Press,,,,,
b9a1dccf-ff12-4800-b4f4-0d4c072f970e,Pine Street Congregational Church,Pine Street Congregational Church,,,,,
e5192154-48a7-4b33-b7fb-08e01f87ff1f,Royal Horticultural Society,Royal Horticultural Society,,,,,
cd3d5fc4-1c12-480c-9dc4-25c6beb3cb27,National Institution,National Institution,,,,,
2fbe59b9-fef9-453a-aba7-ee3a860cfc97,Black Sun Press,Black Sun Press,,,,,
d3539cbb-3f60-4806-a925-992fabc78ff2,New England Women's Club,New England Women's Club,,,,,
28f349a5-54c6-49f9-b71e-57bbf9550f56,Edgbaston Ladies' College,Edgbaston Ladies' College,,,,,
7782a57e-0e62-4b31-8b7e-35a8ac3a3d4f,Wesleyan University,Wesleyan University,,,,,
2124d7e2-3d71-4526-bc35-50d26e34a388,Egypt Exploration Society,Egypt Exploration Society,,,,,
6d166a74-c816-46f2-91d6-99b4b7ac3997,T. W. Paterson,T. W. Paterson,,,,,
2c267492-99c0-42be-9595-43392773e44c,Women's Trade Union League,Women's Trade Union League,,,http://viaf.org/viaf/144304744 | http://viaf.org/viaf/266133166,http://viaf.org/viaf/144304744,http://viaf.org/viaf/266133166
c9fececb-ce63-4034-8406-521bf179c10a,Free French,Free French,,,http://viaf.org/viaf/126988738 | http://viaf.org/viaf/157998654,http://viaf.org/viaf/126988738,http://viaf.org/viaf/157998654
bbc0e6aa-5970-45eb-8f17-66dbe245c6f3,Bill of Rights Society,Bill of Rights Society,,,,,
2df44f33-83e5-4f8c-b2cd-25659d0f6175,Thomas Man,Thomas Man,,,,,
3a7bd7f9-0895-411d-9605-793e40cef4a1,National Spinsters' Pension Association,National Spinsters' Pension Association,,,,,
bd40f589-4af4-4055-82c2-5cf4a5fe6d2e,Young PEN Club,Young PEN Club,,,,,
dd695c15-8a8e-4cec-b19c-8547ba16cbd4,EOKA,EOKA,,,,,
19a69b6f-d32a-4abd-bb45-48a4080c404a,Sampson Low,Sampson Low,,,http://viaf.org/viaf/121292786,http://viaf.org/viaf/121292786,
d78b67a0-1f7d-425a-8fcc-73e3c571dd29,Canopy,Canopy,,,,,
a7304922-c735-40ad-b466-b32da9e6498c,St Mark's College,St Mark's College,,,,,
e58991b7-b1bd-4204-8f90-57a44cb5da46,Society for Promoting Industrial Villages,Society for Promoting Industrial Villages,,,,,
2a8a11bf-3b1b-44f4-a267-5d502b252923,Christian Science,Christian Science,,,http://viaf.org/viaf/133620878,http://viaf.org/viaf/133620878,
30057943-b976-4fa6-a810-af5495e65188,Royal Sussex Regiment,Royal Sussex Regiment,,,,,
b3873cec-c024-41c0-9e44-9e4d1a3f3800,International Disarmament Conference,International Disarmament Conference,,,,,
3ae69e98-456d-410d-afbd-3ba35b926231,Farafina Trust,Farafina Trust,,,,,
e840351e-70f2-4a5a-aa90-568d6c800418,Frederick Warne and Company,Frederick Warne and Company,,,http://viaf.org/viaf/278497987,http://viaf.org/viaf/278497987,
afcf89ef-d33b-44e2-9faf-494822ed34d0,United States Department of Defense,United States Department of Defense,,,,,
29d4993d-0097-43af-9191-fadb8debc751,Irish Sisters of Mercy,Irish Sisters of Mercy,,,,,
3c1c0745-d31c-464a-9eb6-935fb960d924,William Bemrose Corporation,William Bemrose Corporation,,,,,
ee3ae064-1dfb-415c-beda-ac405fcf9f0f,Northern Rock,Northern Rock,,,,,
7e0a1aa0-26de-4d32-9fe4-cd51a264ae99,Medium Fair,Medium Fair,,,,,
cf3f55fb-3f6a-4005-9765-d760a688dc65,G. A. Natesan,G. A. Natesan,,,,,
89d670bc-bf25-4b21-a855-4cf76ef43b18,Kingston Dramatic Club (Jamaica),Kingston Dramatic Club (Jamaica),,,,,
d07af61c-afd7-4a37-9b3f-681cfd020993,"Theatre Royal, South Shields","Theatre Royal,, South Shields",,,,,
edcdab08-85d6-4312-b541-784ac63dfc49,Cyclists Touring Club,Cyclists Touring Club,,,,,
cf722e8a-23d8-4648-b1a9-a060618211b5,Lenox Library,Lenox Library,,,,,
7996e95e-f73f-4699-8fe0-c3a43c61081d,Catholic University of America,Catholic University of America,,,,,
9c674c03-71a2-420c-b215-9e9cef7d160c,Anti-Corn Law League,Anti-Corn Law League,,,,,
43fcb77d-a78b-474a-96f6-3b8e0211743c,Brunswick Square Clinic,Brunswick Square Clinic,,,,,
862fed4f-5597-44a0-b3f3-9d76c166a1b5,Evangelicalism,Evangelicalism,,http://www.wikidata.org/entity/Q194253,,http://www.wikidata.org/entity/Q194253,
26326ec1-9459-4721-a77a-e758f966db3a,Shetland Times,Shetland Times,,,,,
90416428-cd4f-4e41-aed0-6917ad30c8f6,Al-Qaeda,Al-Qaeda,,,,,
c8894b1f-54a2-468f-97ac-d6996bed85e1,Anglo-German Club,Anglo-German Club,,,,,
c0f3d723-7b28-4d44-8d7f-dda09d7ae691,Cambridge University,Cambridge University,,http://www.wikidata.org/entity/Q35794,http://viaf.org/viaf/153568718,http://viaf.org/viaf/153568718,http://www.wikidata.org/entity/Q35794
87078776-56d8-4f7a-b468-3478b5012f0d,English General Military Hospitals,English General Military Hospitals,,,,,
7a87d6a2-e8db-4134-b9ef-86d38d412a6a,S. Slow,S. Slow,,,,,
abf02607-6f30-459f-9669-8284d9d4aedd,St Clement Danes,St Clement Danes,,,,,
f86d1be1-675b-484d-a699-49006f6ff6b2,Pneumatic Institute,Pneumatic Institute,,,,,
7709e96f-32b9-4269-811b-56c20144f38f,Utilitarianism,Utilitarianism,,,,,
5535b4dc-5fd6-4080-a1be-e86cc71d9dc8,J. Nourse,J. Nourse,,,,,
e1d543b9-2c9d-4df6-8d0b-fe84ad8220af,Edinburgh Art College,Edinburgh Art College,,,,,
a93d914d-d9b9-4cad-9375-a0c265e090aa,Board of Censors,Board of Censors,,,,,
89098d51-1f8b-4e92-8af5-4b0cc69229be,Bamangwato Development Association,Bamangwato Development Association,,,,,
79aed941-edd1-4ec9-b599-18979921f963,African National Congress,African National Congress,,http://www.wikidata.org/entity/Q83162,http://viaf.org/viaf/136634124,http://viaf.org/viaf/136634124,http://www.wikidata.org/entity/Q83162
6a155a2e-ef43-48ad-8658-1d7a1261f915,Medical Society for Sexuality,Medical Society for Sexuality,,,,,
b56b9413-de1d-4733-9ae8-c9da6c8d6eeb,David McKay,David McKay,,,,,
229ea5ae-b96f-4c43-9cd8-850046221616,Operative Bonnet Makers,Operative Bonnet Makers,,,,,
eadecfec-d1dc-4011-b60b-fb7f8bfc485b,University of Exeter,University of Exeter,,http://www.wikidata.org/entity/Q1414861,http://viaf.org/viaf/130905726,http://viaf.org/viaf/130905726,http://www.wikidata.org/entity/Q1414861
9301e461-d646-429b-b856-d4108a431dcc,Hyperion Theatre,Hyperion Theatre,,,,,
c771ee90-600b-4970-b73c-925842a29a47,Glasshouse Press,Glasshouse Press,,,,,
dcfe5f91-6efa-4a8f-8d10-fb4d4ea90510,Gestapo,Gestapo,,,http://viaf.org/viaf/134799226,http://viaf.org/viaf/134799226,
b80c502f-f3fa-4bb6-b623-1823571be747,University of KwaZulu-Natal,University of KwaZulu-Natal,,,,,
f0669685-c8a0-4c69-8873-9caca86bcc50,Henry Mozley,Henry Mozley,,,http://viaf.org/viaf/129472710,http://viaf.org/viaf/129472710,
f1efdef7-ac6e-4c43-a2bb-5337af2a0f6e,Kibworth School,Kibworth School,,,,,
874e3f36-5840-488f-b401-aa3446624a5e,VAD,VAD,,http://www.wikidata.org/entity/Q7940945,,http://www.wikidata.org/entity/Q7940945,
545006c6-8a20-4deb-ad18-02a08bb186bb,Congregation for the Doctrine of the Faith,Congregation for the Doctrine of the Faith,,,,,
ff1da277-9660-4b60-bf02-7197f6db4d05,Government Press,Government Press,,,,,
cb50ec73-4293-4cf2-8579-c1720efea2f2,West Indian Legislative Council,West Indian Legislative Council,,,,,
77a308fd-5c10-4a24-95ad-d29420f6f810,Chartists,Chartists,,,,,
22bb336e-db75-45d7-b374-ddd0621493f5,Mount Holyoke College,Mount Holyoke College,,,,,
fa47a90e-4db2-4962-8b78-2d904af84053,Sing Sing,Sing Sing,,,,,
67138760-b93a-4946-9f24-c09910a5a698,University of Durham,University of Durham,,,http://viaf.org/viaf/129730783,http://viaf.org/viaf/129730783,
98afa15c-6090-4105-aac1-d41ff163da54,Women's Guild of Arts,Women's Guild of Arts,,,,,
96e6af21-2d8b-499a-b3fc-38d62efdcb6d,Anti-Vivisectionist League,Anti-Vivisectionist League,,,,,
cad3f7d5-4b73-40bb-a1c7-5af968ac5276,Ulster Volunteer Force,Ulster Volunteer Force,,,,,
64406977-7eed-42e9-be9a-456579da7acd,National Victim Fund,National Victim Fund,,,,,
6bc5b04d-a53b-4d38-92c1-9fad9d24fec5,Council of the North,Council of the North,,,,,
6e7d52de-0501-4082-bebc-e58e9f1ca5e5,London Nuclear Information Unit,London Nuclear Information Unit,,,,,
63b5bb33-d41c-4fb1-9548-0bdc2b3e7b18,Girls Aloud,Girls Aloud,,,,,
136b87bb-9fed-447c-98ee-5800db2df874,Community of St Andrew of Scotland,Community of St Andrew of Scotland,,,,,
b4e85bea-ccfb-4eea-bcef-5dbbc7e6fedb,Caldicot Preparatory School,Caldicot Preparatory School,,,,,
81e642a3-7ca3-4aa0-9374-223f5745d665,Judith Sargent Murray Society,Judith Sargent Murray Society,,,http://viaf.org/viaf/142115476,http://viaf.org/viaf/142115476,
1b7a5099-2586-4170-a0d4-6ff105b19d15,Stramullion,Stramullion,,,,,
cb99582d-5886-43ff-b02e-91499b60852e,Cobb and Co.,Cobb and Co.,,,,,
597de89a-394a-4fe0-9b89-8146b420e4ce,John Newbery,John Newbery,,,,,
6605cbc3-a201-478e-9ad9-01c2fc5fdbc3,Natural History Museum,Natural History Museum,,,,,
560847a2-4a31-4996-aeec-e62fec581a78,Molesworth Commission,Molesworth Commission,,,,,
e8b6d734-59ee-41fa-88d9-eab54a155fd0,Aeolian Hall,Aeolian Hall,,http://www.wikidata.org/entity/Q961024,,http://www.wikidata.org/entity/Q961024,
a4fe05bc-3286-4ff2-885d-9b03c2537dcb,Dr Johnson Birthplace Museum,Dr Johnson Birthplace Museum,,,,,
67f8ef15-0ba2-4705-b142-a98ae66e1e76,Central Asian Society,Central Asian Society,,,,,
ea762c5b-f54f-49cb-96fe-ca96dc078d00,Sass's Art School,Sass's Art School,,,,,
f71af5ff-4e75-407c-8d51-4560bc631998,Social Democratic Foundation,Social Democratic Foundation,,,,,
fe807e6a-7144-41ee-a0d5-ea93894afe5b,"Actors' Company, Lincoln's Inn Fields","Actors' Company,, Lincoln's Inn Fields",,,,,
c47ccb8c-4cee-4be3-be1d-6c6541bef0cd,Ministry of Supply,Ministry of Supply,,,,,
8164b0d1-cff1-4fde-add0-b8074e8b962f,Gallery 5,Gallery 5,,,,,
639d83d4-7447-4828-9651-18035e035ed9,National Geographic Society,National Geographic Society,,,,,
7113203d-3081-4ea8-aa30-5217609c4684,National Reform Union,National Reform Union,,,,,
d27c7530-46b1-40a4-9318-bee8b6f420cc,St Lucy's Children's Hospital,St Lucy's Children's Hospital,,,,,
01ca82e6-01ca-4379-a537-524dc42a010a,Harvester Microform,Harvester Microform,,,,,
15aae1cc-228a-4a52-8aae-c5a04a20cbd9,Royal Bounty Fund,Royal Bounty Fund,,http://www.wikidata.org/entity/Q7373839,,http://www.wikidata.org/entity/Q7373839,
69313b51-bb4c-4df8-b574-5c3a39a75f67,Scottish Temperance League,Scottish Temperance League,,,http://viaf.org/viaf/145695164,http://viaf.org/viaf/145695164,
3c2713b0-2cea-46b8-963c-ad6790c25074,Redfern Gallery,Redfern Gallery,,,,,
a330ad6e-8afb-4522-840b-67bcf0f42329,Leeds Infirmary,Leeds Infirmary,,,,,
506825d8-3152-4642-a09a-c20347a80cdf,University of Paris VIII,University of Paris VIII,,,,,
799ed568-1d01-4725-b188-2eedfe207312,Portsea Hospital,Portsea Hospital,,,,,
7db696f7-d84f-4840-a594-2e77cd363df7,Institute of Social and Cultural Anthropology,Institute of Social and Cultural Anthropology,,,,,
9b923f5e-e8cd-4cdd-ae6c-16c44c6df093,Emlyn Williams Theatre,Emlyn Williams Theatre,,,,,
51cc83b9-2679-458e-b097-468b3267b121,London Children's Ballet,London Children's Ballet,,,,,
e82ca682-0de7-4c9e-a3c2-9b941c5c028c,Anti-Sweating League,Anti-Sweating League,,,,,
a30fdd2b-d1fb-434d-b0a0-99ab67d64212,William Turner and John Nutt,William Turner and John Nutt,,,,,
e5d8936a-a328-481b-b71e-c54e498dc555,British Book Awards,British Book Awards,,,,,
15e80cbc-b107-486b-84bc-5330760a7932,Glasgow University Library,Glasgow University Library,,,,,
4d5516ba-1975-4595-a406-8b6ac1e790ae,Jewish Students' Society,Jewish Students' Society,,,,,
347b0ec3-4a28-468f-8e7a-35fc77ef827c,Orange Judd,Orange Judd,,,,,
88080165-ec6d-4c6b-a4f9-e9b8eb123212,Authors' Licensing and Collecting Society,Authors' Licensing and Collecting Society,,,,,
c7449cb1-def0-480c-a903-2e1b6432cea9,Falmouth Poetry Group,Falmouth Poetry Group,,,,,
33f1bbb9-44d7-4db1-9743-ca71946fc201,Government Food Prices Committee,Government Food Prices Committee,,,,,
a18ee78c-9294-4f9f-b7ca-6adfaaaaeb62,House of Representatives,House of Representatives,,,,,
b6c942cc-800b-4d78-80cf-99e1bd6d9dea,UKIP,UKIP,,,,,
520dad8a-fb93-4fbf-87d2-c8ea323d195c,Original Lady's Cricketers' Club,Original Lady's Cricketers' Club,,,,,
db599973-560a-40c7-8c02-0d76eb9f3223,Columbia Broadcasting System,Columbia Broadcasting System,,,,,
6653869f-cb7d-4298-bedd-005201381189,British National Association of Spiritualists,British National Association of Spiritualists,,,,,
50f49c89-1f1f-499b-89de-0cb2aeb70938,Priory of St Mary Overy,Priory of St Mary Overy,,,,,
5c0679c6-fe57-4ef3-8e34-c280a1d54b40,Afghan Relief,Afghan Relief,,,,,
9a050540-8a62-4dbe-8bef-151661b6f232,Langham Place Group,Langham Place Group,,,http://viaf.org/viaf/145504965,http://viaf.org/viaf/145504965,
70b18ab3-98bc-4fef-ac3b-8e6ddb30a36e,International Working Men's Association,International Working Men's Association,,,,,
798ba2f9-f2fb-4a51-ba41-b5076a07e02c,S. Crouch,S. Crouch,,,,,
d7cff414-7675-412b-8689-dd0c3fb48da3,Yale Center for British Art,Yale Center for British Art,,,,,
e37eeb3a-8fe9-4822-b017-82df1cfcbe09,Kent and Sussex Hospital,Kent and Sussex Hospital,,,,,
204a7f8b-4f17-4587-b4dc-795f8311a770,"Little Theatre, Bristol","Little Theatre,, Bristol",,,,,
87c803e7-47c9-4ff8-a6ce-bf9ed7b21ed1,Chinese National Assembly,Chinese National Assembly,,,,,
9b73576e-2548-4bc9-92c5-ee860c8de478,Chartered Society of Physiotherapy,Chartered Society of Physiotherapy,,,,,
521032ef-e889-4878-a903-e36db085ece1,Cowley Fathers,Cowley Fathers,,,,,
d4b390b0-dd65-407f-8168-16f378ed8731,Association of Women Clerks and Secretaries,Association of Women Clerks and Secretaries,,,,,
b026bf4b-09de-462d-8c76-1efc543770ce,Communist Party of the Czech Republic,Communist Party of the Czech Republic,,,,,
fe9bafd3-81ca-4abf-885b-c80d1139a0a7,Wesley Historical Society,Wesley Historical Society,,,,,
cfae9446-c6ea-45dd-bd93-15faafcac804,Bergen-Belsen,Bergen-Belsen,,http://www.wikidata.org/entity/Q7332,http://viaf.org/viaf/157411022,http://viaf.org/viaf/157411022,http://www.wikidata.org/entity/Q7332
6a0056ee-c219-47e6-a290-86bd458d3169,E. Remington and Sons,E. Remington and Sons,,,,,
01992fb0-5608-42c2-8d01-0a79f23aac50,Central Saint Martins School of Art and Design,Central Saint Martins School of Art and Design,,,,,
b8a85ba6-a770-4fcc-85f5-784b6850eea8,Women's Liberation Movement,Women's Liberation Movement,,,,,
5c4043f7-af56-465a-9712-a1296f5fb7ef,Blue Coat School,Blue Coat School,,,,,
e7ba2de9-3025-45c6-bc84-e9a7b2239792,China Inland Mission,China Inland Mission,,,http://viaf.org/viaf/148330877,http://viaf.org/viaf/148330877,
72ba767b-d2a1-454b-9204-fadc6d494d90,Star of the Sea College,Star of the Sea College,,,,,
836e04eb-8fc3-4023-b77e-01c960715b0c,Theatrespace,Theatrespace,,,,,
eb174032-7754-4d4d-a1fc-2658d40bd246,Wellington Girls' College,Wellington Girls' College,,,,,
16ff7993-b8b6-41ad-ad18-ba99449a5c96,Psychological Press,Psychological Press,,,,,
ce1fcbf3-e815-4be3-a3a0-5bc5f03b226f,Alexandra College,Alexandra College,,,,,
89a0cc96-44fd-49fa-b177-3e771a5bf473,National Eye and Ear Infirmary,National Eye and Ear Infirmary,,,,,
ac30721d-aea8-4167-9f56-ce32c7225429,Lincolnshire Law Society,Lincolnshire Law Society,,,,,
424908a7-05bd-41b2-a986-d16b264fa9aa,Bideford Art School,Bideford Art School,,,,,
82544672-bdfb-4a68-a06c-8fc9d1e8ba2c,Hampstead Theatre,Hampstead Theatre,,,,,
a594543b-bc46-4d31-a540-786cbd5b4a88,MIT Press,MIT Press,,,,,
464828d2-822c-45a4-ad75-846c80b58b4b,Thomas Fisher Rare Book Library,Thomas Fisher Rare Book Library,,,,,
c6d18060-557c-4915-960e-2cf18e794204,Streatham College for Girls,Streatham College for Girls,,,,,
16011152-2a4c-4a21-8db6-a5702840b051,Children's Film Foundation,Children's Film Foundation,,,,,
681ae1e7-9323-4fbd-94e5-82fb9f36bf55,Arab Government,Arab Government,,,,,
508b9cf1-371d-41e7-8ad1-2480e60f8703,Carlisle Museum and Art Gallery,Carlisle Museum and Art Gallery,,,,,
4e479853-664b-40b3-894f-a098a2e48206,Tillotsons Newspapers Ltd,Tillotsons Newspapers Ltd,,,,,
40e1c156-336d-4bee-a9b7-3f22db8fd071,Clinic of St Ursula,Clinic of St Ursula,,,,,
3d7571a8-652f-4563-a701-79e88a3f27c4,Birmingham School of Music,Birmingham School of Music,,,,,
d113cecb-4c55-4a97-840a-4dfaf2af88d1,Spokesman Press,Spokesman Press,,,,,
7d8e9bbe-584d-45e3-a412-8fb48f2ea2ee,Cambridge Philosophical Society,Cambridge Philosophical Society,,,,,
3e239226-44a4-4266-827f-4b7dc1064f0b,Birmingham Society of Artists,Birmingham Society of Artists,,,,,
a6095969-ad72-4e08-9707-52bfd88e7766,School of Design,School of Design,,,,,
b98e95c1-e453-443d-9127-1e3edbe018b1,St Columb's College,St Columb's College,,,,,
943f2005-e1e9-49f2-a014-3e603ef78e2c,Iolanthe Trust,Iolanthe Trust,,,,,
7dd3305c-6a4f-487b-bdf5-94c2cdfbedb7,Conservative Party,Conservative Party,,http://www.wikidata.org/entity/Q9626,http://viaf.org/viaf/154203727 | http://viaf.org/viaf/157585611,http://viaf.org/viaf/154203727,http://viaf.org/viaf/157585611 | http://www.wikidata.org/entity/Q9626
b8d6b5fb-a82b-4295-9357-e56d8df35956,Oxford Playhouse,Oxford Playhouse,,,,,
afee3bec-d8b0-4a6a-96d7-02af0cb76781,Rastafari,Rastafari,,,,,
75f8d5c0-7e37-4afd-bd92-6e8750019b65,Montessori,Montessori,,,,,
ab16b986-3d0b-4471-a2ef-03e82b1285f7,Globe Theatre,Globe Theatre,,,,,
e7d094d2-3aa6-4b84-a686-c0e9902aad98,Langley Brothers,Langley Brothers,,,,,
467acbdc-aded-4706-83f4-02e60bdae112,Chadwyck-Healey,Chadwyck-Healey,,,http://viaf.org/viaf/121555578 | http://viaf.org/viaf/142463377 | http://viaf.org/viaf/145897315,http://viaf.org/viaf/121555578,http://viaf.org/viaf/142463377 | http://viaf.org/viaf/145897315
baa4635d-779b-4c38-ba1c-17f7db3b8345,Percy Society,Percy Society,,,,,
6cb48472-39a3-4b61-97bd-984479e39371,Writers Bloc,Writers Bloc,,,,,
872e2327-77d4-4ffb-ab39-d3444b45983a,Théâtre du Soleil,Théâtre du Soleil,,,,,
5bea1afb-5dbe-4f01-b1b5-0db997ad8d23,Advisory Council of the Controller of Paper,Advisory Council of the Controller of Paper,,,,,
5fedc85f-6f03-46a1-97aa-4958369a0762,"Sealy, Bryers and Walker","Sealy,, Bryers and Walker",,,,,
f1756246-4f84-4614-8994-6d873139f7bc,Women's Publicity Planning Association,Women's Publicity Planning Association,,,,,
c05584e2-67a5-4751-830b-2d81f9ce263d,Serpent's Tail,Serpent's Tail,,,http://viaf.org/viaf/157362549,http://viaf.org/viaf/157362549,
18cad66f-c494-48fe-a14e-b26ef2c6cca7,World Committee against War and Fascism,World Committee against War and Fascism,,,,,
4cbd0463-4606-4382-9681-2af2d1b99962,Lady Elizabeth's Servants,Lady Elizabeth's Servants,,,,,
c8b33cb7-8ec5-471d-96d7-86b571f2f5d7,Shakespeare Association,Shakespeare Association,,,,,
a037c78f-b020-41bb-a3b9-cea3c24502e1,Grande Armée,Grande Armée,,,,,
a3d1dc1c-9744-41ec-9fb3-d32955d06b98,Black Apollo Press,Black Apollo Press,,,,,
1ff538ab-2f3f-4c9c-baf7-e4ae8df689c8,Marsden Town School,Marsden Town School,,,,,
cc6c85ff-7db1-4b85-9b2a-b98c13f626c4,Compton Russell,Compton Russell,,,,,
76a942b8-7d82-484f-9417-f3f620c98f46,Shropshire County Library,Shropshire County Library,,,,,
528ff4d2-064c-4c87-8574-d038c6f2e413,British College of Nurses,British College of Nurses,,,,,
a47f9bbe-71fc-4587-9046-2cc9b89bc329,Mercury Theatre,Mercury Theatre,,,,,
ce1a0601-7f4d-42c0-8e74-8d38206f3393,Angela Thirkell Society,Angela Thirkell Society,,,,,
d960193d-48a6-468d-a97c-fcb3e7a7af40,Women's Franchise Deputation,Women's Franchise Deputation,,,,,
5a08338e-b554-42b9-a332-1c5d4f8d80d6,Royal Commission on Police Powers and Procedures,Royal Commission on Police Powers and Procedures,,,,,
6c778475-8fbd-4ab0-a196-e912b8870694,Teatr Polski,Teatr Polski,,,,,
f946036b-78e4-4e26-a453-4c987caf5f5d,City and Suburban Electric Carriage Company,City and Suburban Electric Carriage Company,,,,,
7667f49f-3203-4642-8277-03c68d51f6c6,Rhode Island School of Design,Rhode Island School of Design,,,,,
fe00cbc0-050b-4aa2-b03e-dc0d07fb8b09,Stump Cross Books,Stump Cross Books,,,,,
7ddaf253-daa6-43ef-b680-8d2adf2107be,Heath Cranton,Heath Cranton,,,,,
637839ed-0d3b-42ca-b1d3-a10ae05d7685,Seagull Publishing,Seagull Publishing,,,,,
e2f404ef-3106-46b8-9b19-8dc9d0900890,Wildside Press,Wildside Press,,,,,
25121e52-f3d7-4500-b468-6872b9fc15da,Wuhan University,Wuhan University,,,http://viaf.org/viaf/126605855,http://viaf.org/viaf/126605855,
acc69f4c-1937-4026-879c-a8daab5520be,Hoxton Hall,Hoxton Hall,,,,,
6d422ab9-5e0a-4a85-bd49-6a39508cf584,Institut de France,Institut de France,,,,,
6a22e9e8-9a53-42b7-b0b6-3caa66630943,House of Lords,House of Lords,,http://www.wikidata.org/entity/Q11007,http://viaf.org/viaf/133312927,http://viaf.org/viaf/133312927,http://www.wikidata.org/entity/Q11007
cb4425f0-de00-4e4d-a214-c99d5406663f,Beaford Arts Centre,Beaford Arts Centre,,,,,
290dda65-22a7-431a-8933-641ba9eb5402,"Kerlan College, University of Minnesota","Kerlan College,, University of Minnesota",,,,,
d5f463b4-1d93-47e6-8705-6747c0b2d7cb,Economy Educator Services Ltd,Economy Educator Services Ltd,,,,,
60cf85ab-92a6-4394-b070-6191185cfe80,Women's Progressive Union,Women's Progressive Union,,,,,
b327bcfb-49fb-4c1c-8daa-e6415bc10a0c,University of York,University of York,,,,,
4af1aed7-e3f9-4398-902b-b1b08da1c3ac,University of Arizona,University of Arizona,,,,,
b8888b3c-4208-48eb-aefe-da65f9a25ee5,Mrs Butler's Hospital,Mrs Butler's Hospital,,,,,
8c4521a3-4bee-4ac1-b3b3-6d94e7f24582,Committee on the Employment of Women on Police Duties,Committee on the Employment of Women on Police Duties,,,,,
8386ee69-eec4-41ea-9fce-0d6e61ce3cd5,National Poetry Foundation,National Poetry Foundation,,,,,
0b9cd6a2-2eae-4101-b7e4-d3660d98884e,Victoria College,Victoria College,,,,,
846040d3-1b2b-4f3d-b410-59338435d177,Franciscan Order,Franciscan Order,,,,,
d79832ec-61c8-4f08-9894-08235fb7e480,United States Air Force,United States Air Force,,,,,
68379900-63b8-4ab3-a6ac-1940d98615a6,Social Democratic Federation,Social Democratic Federation,,http://www.wikidata.org/entity/Q1304246,http://viaf.org/viaf/127289775,http://viaf.org/viaf/127289775,http://www.wikidata.org/entity/Q1304246
594f4531-bd27-4069-8ec9-0c0e50e70e1f,Society for Constitutional Information,Society for Constitutional Information,,,,,
8ca117da-dcd2-4265-89db-8d6e5c30200e,Antiquarian Book Fair,Antiquarian Book Fair,,,,,
580d8db2-7a2c-4322-b202-d4288e53f193,International Women's Seminar,International Women's Seminar,,,,,
11d75ba7-8330-4157-8ca3-94b6319f8160,Home for Decayed Gentlewoman,Home for Decayed Gentlewoman,,,,,
8a6fcde7-2a57-4452-a439-aac47d6ee8c8,Rogers Hall,Rogers Hall,,,,,
ab7292ab-1774-49af-82af-2a73b0a3b30e,Spa Hotel,Spa Hotel,,,,,
b0a0ada4-e700-4421-95d7-0331c5a6ae87,Assembly of Notables,Assembly of Notables,,,,,
4bd44c99-0e10-41c3-a09f-7465ff6238e2,Scottish Christian Union,Scottish Christian Union,,,,,
36bd5b51-dede-406e-9617-4713b6a58384,Merrimack Manufacturing Corporation,Merrimack Manufacturing Corporation,,,,,
93b2d7a3-8ad6-40fb-b9ba-b51d05188346,Catholic Crusade,Catholic Crusade,,,,,
fef54348-6d87-488c-bf71-9e71385cb0b6,Young People's Missionary Movement,Young People's Missionary Movement,,,,,
5f79e709-37a9-41ff-9b3b-cd65b064c384,Imperial Theatre,Imperial Theatre,,http://www.wikidata.org/entity/Q7373667,,http://www.wikidata.org/entity/Q7373667,
34930258-6248-40d0-a5fe-35a505078f02,Northern Rock Foundation,Northern Rock Foundation,,,,,
c7723a6b-625c-475a-a43a-7a72c6517be3,Bedlam,Bedlam,,,,,
29682194-e491-45d7-8bc6-9cc4c0725712,British Institute,British Institute,,,,,
70ebb2f0-a06c-4bd6-9bf0-6cdb452997bc,Famous Writers School,Famous Writers School,,,,,
936d56a8-5336-433b-9113-7893f4f26dcf,Royal College of Nurses,Royal College of Nurses,,,,,
1f9b7fce-f9e1-469c-9805-b15facff142a,Women's Social Services,Women's Social Services,,,,,
bf3e8810-ed79-48c0-bb68-c7f807704b5c,His Majesty's 40th Regiment,His Majesty's 40th Regiment,,,,,
562ffd53-53fb-4544-825a-cbe8845093c0,Godmother Productions,Godmother Productions,,,,,
14754a77-a093-4b19-9688-1f9667228f11,Market Street Railway Company,Market Street Railway Company,,,,,
ac6cedf3-9348-48b8-941b-3045caf5296d,George Weidenfeld,George Weidenfeld,,,,,
93cbd6bb-69c0-443a-aa10-03e2288057d4,Bethune-Cookman College,Bethune-Cookman College,,,,,
47356957-a78c-44f2-81df-54b52aa26b53,Institute of Electrical Engineers,Institute of Electrical Engineers,,,,,
cf3e506b-66b6-4195-be9a-f270d40961cf,Walker Gallery,Walker Gallery,,,,,
816cfe5e-c6d0-4eea-a43a-a5008415230a,Joint Information Systems Committee,Joint Information Systems Committee,,,,,
8d821623-efc1-41d6-a0ab-9461f613d543,Tomorrow Club,Tomorrow Club,,,,,
518aeaba-7737-4308-8a1d-34391f377e6c,East Sussex Fire Brigade,East Sussex Fire Brigade,,,,,
54d63d50-7119-4e0b-ab3b-c7c1cb4a615c,Sheffield Central Library,Sheffield Central Library,,,,,
c9e8110f-1a74-4efe-aa0f-8d8a7dcf785c,British Medical Register,British Medical Register,,,,,
e7af87ca-7890-4e5c-b034-8aa36720acdf,Fondation Nationale de la Recherche Scientifique,Fondation Nationale de la Recherche Scientifique,,,,,
78c369af-f825-4d52-9c49-da14d2924b35,British Legion,British Legion,,,,,
b8c2f18d-23c8-47d4-b0dd-22232169d33d,"National Arts Club, New York","National Arts Club,, New York",,,,,
075ec780-cf4f-49ca-936f-0270aed7e3a0,University of Connecticut,University of Connecticut,,,,,
1e9f63a3-3f21-45da-bb33-8c03936155c6,Metropolitan Police,Metropolitan Police,,,,,
5bf93869-5a9e-4c60-a777-87bcb8662cc5,Académie Goncourt,Académie Goncourt,,,,,
311ddfb2-52be-49b5-8a2a-792ffa494b95,Gala,Gala,,,,,
7ff4eaba-ff36-4e46-9e43-0de6091bcfba,Anarchist Legitimation League,Anarchist Legitimation League,,,,,
e1cb675d-69fe-4c38-9939-8a7c422793b9,Camellia Collection,Camellia Collection,,,,,
e2f5dc2e-eb6e-4b22-b0ec-f4b45f11c297,Lakeland Dialect Society,Lakeland Dialect Society,,,,,
48a0dead-8953-462d-842e-508814fda1a3,Wood and Caldwell,Wood and Caldwell,,,,,
bd211ec4-28e0-482a-9521-671c12086785,Wimbledon Literary and Scientific Society,Wimbledon Literary and Scientific Society,,,,,
de4d138d-8ae8-4801-9736-617afb3d68a9,L'Escargot,L'Escargot,,,,,
032fb2af-9c1a-436f-b1bc-2651aac84cb8,Women's Defence of the Constitution League,Women's Defence of the Constitution League,,,,,
142305aa-eef6-4b89-9cf8-171398c1b128,Communist Party,Communist Party,,http://www.wikidata.org/entity/Q592068,http://viaf.org/viaf/6010156012441449791488,http://viaf.org/viaf/6010156012441449791488,http://www.wikidata.org/entity/Q592068
a0e3a0f6-8c2c-4129-afbb-13e1dc9aeea7,Natal University Education Conference,Natal University Education Conference,,,,,
0ddd19fe-2693-4b44-98fa-ff8728f938bc,Shelley Society,Shelley Society,,,,,
880808aa-04bf-496e-b6e0-e9dd5eb9f620,Musica Australiana Press,Musica Australiana Press,,,,,
1923ae5f-88e5-4700-a01e-d26389629fa5,Handmade Films,Handmade Films,,,,,
a5e8aa90-c839-4697-9cc4-82773cc2f250,National Women's Register,National Women's Register,,,,,
b912adc0-98fb-4ca6-87eb-bef98b8dae37,University of San Francisco,University of San Francisco,,,,,
095d4199-aeab-4ede-b167-c010e5a95982,Radical Party,Radical Party,,,,,
3c9d4e95-8f91-4919-b35b-afbb83019b6b,University of Illinois at Urbana-Champaign,University of Illinois at Urbana-Champaign,,,,,
4d41836f-708a-4eab-9b56-e287f7c009e1,British Printing Industries Federation,British Printing Industries Federation,,,,,
2e1746df-fee6-43b9-a9d6-53560bce0f84,"Tavistock Institute, University of East London","Tavistock Institute,, University of East London",,,,,
61d32740-6a34-4d60-bf91-d464e0793548,Unitarian Church,Unitarian Church,,http://www.wikidata.org/entity/Q106687,http://viaf.org/viaf/125633345,http://viaf.org/viaf/125633345,http://www.wikidata.org/entity/Q106687
7ca7600e-d442-48d1-b79f-1a0d8b1b74ec,Olympic Games,Olympic Games,,,,,
01823b38-ebab-4673-a6c8-63dc811fad84,Red Lodge Girls' Reformatory School,Red Lodge Girls' Reformatory School,,,,,
081cb633-7afc-4a7f-90a8-c7ead51d0b5d,Women Guardians Society,Women Guardians Society,,,,,
a090df26-497c-49b2-8618-7c216b87d12e,Jarrold and Sons,Jarrold and Sons,,,http://viaf.org/viaf/134109645,http://viaf.org/viaf/134109645,
fe53e262-846c-4c12-b4f8-cc67729f43c9,Allman,Allman,,,,,
c3afc301-aa55-4a3d-9406-b4aec0de7867,City Temple,City Temple,,,,,
63e84eab-992b-4194-9929-29b99a7d2196,Manchester Female Reform Group,Manchester Female Reform Group,,,,,
1f4dd36a-72e4-47a2-acb8-2ca52c33afed,Soviet Writers' Union,Soviet Writers' Union,,http://www.wikidata.org/entity/Q1425328,http://viaf.org/viaf/153625276,http://viaf.org/viaf/153625276,http://www.wikidata.org/entity/Q1425328
65eb9896-dd20-4273-872e-08c93cf98593,Brotherhood of Adepts,Brotherhood of Adepts,,,,,
6c051abe-6a67-4078-aba6-0835ecf7e600,Lamson Wolffe and Co.,Lamson Wolffe and Co.,,,,,
1455803d-dc03-45a3-b494-a2e31703034d,Council of Bengal,Council of Bengal,,,,,
db46d571-bf8c-4d02-8689-6ba90f0307ef,Tri-Star,Tri-Star,,,,,
a3c54742-b792-43a7-bd73-10b627806ebb,Congregational Union Assembly,Congregational Union Assembly,,,,,
d48eeb0d-4147-4604-9438-8f057bca9967,Zoological Society of London,Zoological Society of London,,,,,
bd88c5be-efa0-4c37-9efe-268760473690,Wordsworth Trust,Wordsworth Trust,,,,,
bf19e5a6-1675-452e-8767-d68ecf3653f9,Working Men's College at Westminster Hall,Working Men's College at Westminster Hall,,,,,
63a36967-32af-4cb2-b5ea-07be0b4901c5,Scriblerus Club,Scriblerus Club,,,,,
b2637693-674e-4500-a340-90b9818bb0f0,Civil Liberties Press Bureau,Civil Liberties Press Bureau,,,,,
563b09fd-a323-4f25-b474-62fce367c735,J. H. Furst,J. H. Furst,,,,,
782d5c4c-4470-4a53-8836-c9d1bce52774,"Ambassador Theatre, New York","Ambassador Theatre,, New York",,,,,
e99e5910-6399-4a79-8a28-8f9e4ff9abe5,Bath and West,Bath and West,,,,,
b26c77fa-7c2f-49fe-9fd0-94b56163699e,Royal Philharmonic Orchestra,Royal Philharmonic Orchestra,,,,,
c5950dbb-4670-42aa-8258-a150b042534c,Royal Medical and Chirurgical Society,Royal Medical and Chirurgical Society,,,,,
c7552b51-0669-4586-b09c-9f912da492de,Tace Sowle,Tace Sowle,,,,,
9bb90a6f-23b2-4d93-a0f8-9edded82f940,La France Libre,La France Libre,,,,,
cc65344a-70f9-4244-9553-c4be232fd4ca,Caribbean Association for Feminist Research and Action,Caribbean Association for Feminist Research and Action,,,,,
aedbe247-c686-4721-9f1b-6c50e6fa905b,W. Briggs,W. Briggs,,,,,
1b94d738-6e62-49c5-a8e0-55a39aaa3d5d,Observer Books,Observer Books,,,,,
1747d88c-27a2-43b6-91ea-74613b3dbb29,Rebel Art Centre,Rebel Art Centre,,,,,
fb97bcf9-10a8-41c0-9890-4c18d4e91ba9,WikiLeaks,WikiLeaks,,,,,
34004103-1a71-4c1b-9ee7-c8f4ab56d366,National Union of Women Teachers,National Union of Women Teachers,,,,,
23197c7e-a654-44e0-a46f-0e24c0cd1897,Banyan Press,Banyan Press,,,,,
ac596bf7-3a36-448d-9c33-f75360d3a96b,Women's Volunteer Reserve,Women's Volunteer Reserve,,,,,
22bbe2eb-a7e4-4cbe-8416-ccfa883e47d9,Speaker's Conference on Electoral Reform,Speaker's Conference on Electoral Reform,,,,,
7b374fd2-b6cb-4fb4-930d-44e266cbe225,Bible Association,Bible Association,,,,,
00577626-434c-4286-8a0d-525c3c3082f1,"Lucy Cavendish College, Cambridge University","Lucy Cavendish College,, Cambridge University",,,,,
4cfea24a-3ee6-4607-b6ee-faa977218a3d,United Kingdom Alliance,United Kingdom Alliance,,,,,
15f7715c-dfc7-478c-b159-3b90c45ded56,First International Working Men's Association,First International Working Men's Association,,,,,
ebcc6528-1ab4-4dc3-972f-adf7e9150af8,American Humane Education Society,American Humane Education Society,,,,,
e9984bc0-92a8-4bcf-96b8-f5030ad2a0dd,Play Actors,Play Actors,,,,,
57df298a-d684-4854-a7e1-dd16ce72cde9,Barbin,Barbin,,,http://viaf.org/viaf/2192145856864222969856,http://viaf.org/viaf/2192145856864222969856,
ac2c28c4-1210-45aa-b562-96793ab592bd,Friends of Gondwana Rainforest,Friends of Gondwana Rainforest,,,,,
8c4d78d9-21fb-45f0-b5eb-f70db4d2edd8,New Cross Empire Theatre,New Cross Empire Theatre,,,,,
8a780c39-1426-44d5-a760-4c684c5f360b,Lena Ashwell Concerts for the Troops,Lena Ashwell Concerts for the Troops,,,,,
94e83d2f-f2f0-4c3a-9c0f-f8858547be6e,Université de Paris X,Université de Paris X,,,,,
f3d05862-b294-4d45-a660-b5f3e0fa16f0,House of Industry,House of Industry,,,,,
b258fbd8-4d96-40e3-bcaa-b296987cc471,Black Dagger,Black Dagger,,,,,
e93fce83-8ca1-439d-bdec-17e0bd8e0b47,Beecham Opera Company,Beecham Opera Company,,,,,
b38681ef-9b49-4083-a2f7-40f921d49805,Gaelic League,Gaelic League,,http://www.wikidata.org/entity/Q875645,http://viaf.org/viaf/126867456,http://viaf.org/viaf/126867456,http://www.wikidata.org/entity/Q875645
71021d35-0e73-4074-ad1e-2ba1090dcce1,University of North Carolina,University of North Carolina,,,http://viaf.org/viaf/127332403 | http://viaf.org/viaf/157864378,http://viaf.org/viaf/127332403,http://viaf.org/viaf/157864378
14f88f66-2690-4c8d-aa42-230bf06e0f4f,Morrow,Morrow,,,http://viaf.org/viaf/313089493,http://viaf.org/viaf/313089493,
caee86c4-4b8f-4538-b7cf-05a9d7f5ed96,Working Women's College,Working Women's College,,,,,
d38b075f-1b0b-48e7-9dd3-75dc6e9e99fa,Royal Commission on Copyright,Royal Commission on Copyright,,,,,
3256b761-5315-4f9e-8e74-01de0f45c9d5,British Workers' Sports Federation,British Workers' Sports Federation,,,,,
820a170f-acf8-4b25-9dfd-939d3c44f99b,Gaiety Theatre,Gaiety Theatre,,,,,
cee1c117-20a6-46e2-9240-f7fef16b26ce,Pearson,Pearson,,,,,
4262a69d-ef21-4780-8be9-b9c72dc0c461,Morris Motors,Morris Motors,,,,,
f468aa24-95ee-4c64-b7b1-33684e3d6166,AMS Press,AMS Press,,,http://viaf.org/viaf/175529333,http://viaf.org/viaf/175529333,
744ec949-34ed-43c6-ab59-fee5b4b2266b,Bowes and Bowes,Bowes and Bowes,,,http://viaf.org/viaf/132991602,http://viaf.org/viaf/132991602,
210c42d3-02a5-4e1b-add2-f44fcbf2036b,Annan Committee,Annan Committee,,,,,
de93ae4f-b4ba-4b85-99f3-b4d2ffc73dc9,Daniel Press,Daniel Press,,,,,
df8c543d-94f9-476f-92e6-ea909cbd5518,Czech Refugee Trust,Czech Refugee Trust,,,,,
d4e14696-1193-4510-bd2c-ed2d7b020dc8,Aguilar Library,Aguilar Library,,,,,
a5a39a77-a517-4be8-93ef-0d8e86141acc,Belgrade Theatre,Belgrade Theatre,,,,,
eb4aa10f-352e-4506-a752-260a04272b8c,Hackney Downs Grammar School,Hackney Downs Grammar School,,,,,
e67d510c-7743-4b7c-ae0c-df5027531803,Stoke Mandeville Hospital,Stoke Mandeville Hospital,,,,,
dce60343-7b4b-42b5-b62c-5ba627083e58,Harrods,Harrods,,,,,
a99cf225-bb00-44b0-9c8e-138fbe809b26,Committee of Safety,Committee of Safety,,,,,
b8f90500-9b76-4dc4-b1d1-caf9fe572f8f,Aberdeen University Press,Aberdeen University Press,,,,,
e1514d19-dfbb-481f-8e69-29fd0a20a010,St Mary's College,St Mary's College,,,,,
924c24db-a5d2-4761-9dc6-8cc24eed41da,Metropolitan Visiting and Relief Association,Metropolitan Visiting and Relief Association,,,,,
003bf333-da1c-4840-a40d-2a80a6cf56aa,J. S. Ogilvie,J. S. Ogilvie,,,,,
e4fa002f-8d95-4687-a6c9-09b7f1079ec5,Temperance Hall,Temperance Hall,,,,,
25ec91e6-c102-443f-b604-fd68903eb748,Boston University Library,Boston University Library,,,,,
e1d924a2-0723-4b6f-a06e-0be0ae1a999b,Christianity,Christianity,,http://www.wikidata.org/entity/Q5043,,http://www.wikidata.org/entity/Q5043,
e4fda683-1dce-4ebc-a16c-9b4155ff7236,Royal University,Royal University,,,,,
8e9fcfdb-a296-4b33-84ae-ee52876bef34,Anglo-Swedish Literary Society,Anglo-Swedish Literary Society,,,,,
868e90e8-3f3d-401c-a0f0-26482383d7a6,Virginia Company,Virginia Company,,,,,
76c332be-b5b6-4c7b-ac29-a3c3381f1ee3,National Council of Public Morals,National Council of Public Morals,,,,,
29906aae-025f-414d-bdb4-f39b8865ef8e,Civil Laws Committee,Civil Laws Committee,,,,,
cee2ef10-0577-4093-9557-2f890ba98780,Westminster Theatre,Westminster Theatre,,,,,
1a9a52f0-6444-4d0f-9b1a-1d398654677e,North Kensington Clinic,North Kensington Clinic,,,,,
958ada8b-c413-4432-867a-c539c4eab646,Semi-Colon Club,Semi-Colon Club,,,,,
6adb53c6-c913-4536-a94b-c6541e8d9f70,Eastern Arts,Eastern Arts,,,,,
83b61ec7-9c7d-4067-8dd6-e73b054fb043,Poor Law Board,Poor Law Board,,,,,
483cd80a-2bd8-44a2-b6ea-01a2bb437bd0,Women's Motor Ambulance Unit,Women's Motor Ambulance Unit,,,,,
5ac2f6a9-922e-4074-bc84-ac090e6b6581,Barnsbury Girls' School,Barnsbury Girls' School,,,,,
759ce965-3706-4ae9-8ceb-2a349893a552,National Library of Wales,National Library of Wales,,http://www.wikidata.org/entity/Q666063,http://viaf.org/viaf/295503970,http://viaf.org/viaf/295503970,http://www.wikidata.org/entity/Q666063
1106315d-bef2-4021-bc28-c60e472b50a6,James Burns,James Burns,,,,,
54ff17c6-dae3-4a98-9368-526c2cce0cc2,Pullman Sleeping Car Company,Pullman Sleeping Car Company,,,,,
92287f4a-83d7-4f5e-80bb-9abd9c53b520,North Ireland Abortion Campaign,North Ireland Abortion Campaign,,,,,
302d6ece-94c4-418a-81e4-8c2e0dcdfe05,Keyworth Junior School,Keyworth Junior School,,,,,
8e9eeaca-4477-4089-af66-d86762ab7aa9,J. Walter Thompson,J. Walter Thompson,,,,,
3c97dc45-dd80-4bab-a9fd-6bab1eeafc63,Crucible Theatre,Crucible Theatre,,,http://viaf.org/viaf/138755758,http://viaf.org/viaf/138755758,
a32e5f09-5770-4108-a385-7a7ee030a5ab,White Star Line,White Star Line,,,,,
a269b17b-d46e-4f34-aec7-121f5e596add,Deva Psychiatric Hospital,Deva Psychiatric Hospital,,,,,
a3d16b34-ec7c-4781-bfc9-7ef8e63c8be1,Footlights Society,Footlights Society,,,,,
e4de752d-4765-40ca-a988-debde5261097,Delmer's Compound,Delmer's Compound,,,,,
a3e485eb-ccaa-45d0-812b-004d25d87bfa,International Congregational Council,International Congregational Council,,,,,
5dba94f9-8c54-4aee-8fc0-ba8e7bbd4f78,Bermondsey Settlement,Bermondsey Settlement,,,,,
313b014e-069a-4654-8a0a-6e70b1415fb3,10th Hussars,10th Hussars,,,,,
a5f988d0-7ca7-4237-b44e-bfc289c2503a,Department of Indian Affairs,Department of Indian Affairs,,,,,
9e127cec-df0a-4855-aed4-289e420eddd9,Women's Rugby Football Union,Women's Rugby Football Union,,,,,
806188e4-97d1-4eec-aae8-18984766403a,National Liberal Club,National Liberal Club,,,,,
2339aefe-48f8-4a35-995d-e0dff0fafb76,Feminist Book Fortnight,Feminist Book Fortnight,,,,,
8810d3ab-1003-4328-a8bc-c31dde6cbfb9,Holden,Holden,,,,,
0fa14fe6-41d0-481e-ac25-b0f3589217d3,Phillips and Sampson,Phillips and Sampson,,,,,
e6ea13cf-a0d2-42fd-a231-cf05a27d3d17,Women's Defence Relief Corps,Women's Defence Relief Corps,,,,,
9561a323-7824-4256-805f-3b77dfe087e1,Cumbria County Archives,Cumbria County Archives,,,,,
c8695ef2-e560-4825-a0bd-0cc8da1454e5,Magdalene Asylums,Magdalene Asylums,,,,,
b450282b-acd2-431c-8d02-d76d22418f70,Additional Curates Society,Additional Curates Society,,,,,
fe3830b3-db94-4f39-bf39-02f9e1431d2c,Famous Five Club,Famous Five Club,,,,,
5fb9379e-9a3e-4399-99bc-d6fdf7ccbf07,American Psychiatric Association,American Psychiatric Association,,,,,
171186e0-3133-4bd1-9015-ed2e8a84a304,Toynbee Hall,Toynbee Hall,,,,,
418614a4-45e4-4b0f-96c3-6919df6d3164,Community of the Sisters of the Church,Community of the Sisters of the Church,,,,,
e27305c0-fa22-4144-99e6-21e982a35449,Rhode Island Historical Society,Rhode Island Historical Society,,,,,
0da72c07-ccb3-4b0b-925d-50c277bf0d39,London Festival Ballet,London Festival Ballet,,,,,
87013e41-fe7c-44ae-99e0-e9f0a1d5a9ed,Teachers Against Racism,Teachers Against Racism,,,,,
ac34a670-d8b4-44fd-a7d5-a4552e7d6639,Aston University,Aston University,,,,,
9f1abfb6-f828-4e14-9cf1-cea954f30e00,Emmanual Proust,Emmanual Proust,,,,,
0ab96b85-3cb2-419d-834b-2b5246a1617a,OCLC,OCLC,,,,,
32e63499-0511-4b59-a51a-691ca3866f33,Schools of Industry,Schools of Industry,,,,,
fb18f8f3-5bf0-4d18-9463-ddc95281560b,Pseudonym Library,Pseudonym Library,,,,,
aacf7712-eaa4-4e9c-b383-8b8220d3928d,Wanstead Lying-in Charity,Wanstead Lying-in Charity,,,,,
070dae38-de92-435b-ae9a-7359700483f6,Royal Albert Hospital,Royal Albert Hospital,,,,,
6d96d0f7-319b-485f-bd8a-d380db4e76c4,Women Make Movies,Women Make Movies,,,,,
806f5f8c-c8d7-4e98-857a-ad00b448a20f,Arcadia Theatre,Arcadia Theatre,,,,,
e5b3ebac-01e1-4713-89d4-73b7b44b4779,Haverford College,Haverford College,,,http://viaf.org/viaf/125160105,http://viaf.org/viaf/125160105,
db8fb739-62e6-41b1-92b5-9add37d1dde6,Toronto Public Library,Toronto Public Library,,,,,
46d75397-3b7a-439a-8ac3-b1e26fd6d342,Hachette,Hachette,,,,,
9e57d73f-67b3-4aa5-b282-7e90b718c4de,St Mary Bourne Parish Council,St Mary Bourne Parish Council,,,,,
7a15bd1e-3302-4a4c-9d25-aaec440964e9,Scribner's,Scribner's,,,http://viaf.org/viaf/121555288,http://viaf.org/viaf/121555288,
43fc6a5f-1aae-46e4-a12e-388bf76e0fd2,General Agreement on Tariffs and Trade,General Agreement on Tariffs and Trade,,,,,
e0019f27-005a-42e1-9fb0-fecac3086a72,Oprah's Book Club,Oprah's Book Club,,,,,
45ec55ed-1627-4596-b5c4-16e82505d0de,Regent Street Polytechnic,Regent Street Polytechnic,,http://www.wikidata.org/entity/Q1247544,http://viaf.org/viaf/153870695,http://viaf.org/viaf/153870695,http://www.wikidata.org/entity/Q1247544
f5a7cff1-529c-42ce-96f6-4bd9ac0c9e7d,Berlin Film Festival,Berlin Film Festival,,,,,
c428cc5b-1c35-45ac-b311-7b0f10e05b62,Bologna Academy of Sciences,Bologna Academy of Sciences,,,,,
ac630616-03a1-4e2e-898a-1ec18d221578,Millbank Prison,Millbank Prison,,,,,
73c736ad-5aa0-4a80-b804-3b9c84260f47,Grant and Griffith,Grant and Griffith,,,http://viaf.org/viaf/136415249,http://viaf.org/viaf/136415249,
fcbe3117-4214-4ca0-96b0-8fdbe5dd56ff,League of the Church Militant,League of the Church Militant,,,http://viaf.org/viaf/138631066,http://viaf.org/viaf/138631066,
f1fbbbd7-3e69-426f-b673-9e9681ce4311,Race Relations Board,Race Relations Board,,,,,
e4b4e500-54e5-4ba0-9a55-04abe65cdd0d,Customs and Excise,Customs and Excise,,,,,
9cdf8057-83af-4bf6-b9e4-e8c029129d29,Doves Press,Doves Press,,,,,
4628b6d5-2ad0-4786-a4d6-b1ddfb078d74,Manchester Geographical Society,Manchester Geographical Society,,,,,
47ddf7a0-3830-4b96-b91e-13fd5c6f00a7,Christian Literature Society for India,Christian Literature Society for India,,,,,
d9bc56b4-24ff-46e1-8a16-6cffc913261b,Atlanta Historical Society,Atlanta Historical Society,,,,,
e999aafc-80fb-44e8-9f15-fdb7e1cc6a1c,Polish Victims Relief Fund,Polish Victims Relief Fund,,,,,
4d7c8100-dde0-424d-97f9-a2e1278fae6b,Rockport Preparatory School,Rockport Preparatory School,,,,,
0f5a2603-e7ff-46bf-af56-8847f6a6789c,United States Navy,United States Navy,,,,,
a7f321eb-3d41-438f-8821-10a9e756c34a,Imperial Industries Club,Imperial Industries Club,,,,,
d4393f45-fc85-4fb3-a7a7-6aa02adbc75e,"Theatre Royal, Manchester","Theatre Royal,, Manchester",,,,,
1d2c8431-2d67-4c4a-b076-d9e6eb40d327,British and Foreign School Society,British and Foreign School Society,,,,,
6c2757d2-c7cd-4952-bbfd-5d19594bad48,Theatre Workshop,Theatre Workshop,,,,,
846b90c0-bb4b-4cfc-b190-32526a76b98d,Pan Macmillan,Pan Macmillan,,,,,
8954a4dd-5936-4d44-8269-34c0194eb435,Carleton University,Carleton University,,,,,
27045b9d-c613-428a-a89a-fb5b9d205d7d,S. O. Beeton,S. O. Beeton,,,,,
b28194a6-5631-4607-99ca-54c0790270ca,National Union of Students,National Union of Students,,,,,
1ab352a8-bf15-43d8-96eb-f8c49eaba05d,Medieval Academy of America,Medieval Academy of America,,,,,
7dfd687e-8f37-4a08-b6de-46e80d2cdfe5,Kemsley Newspapers,Kemsley Newspapers,,,,,
f6a91450-eac4-4753-ba7d-09b84e21058c,Little Sisters of the Poor,Little Sisters of the Poor,,,,,
e4998354-5564-4a21-8dc2-73ec2accf743,24 General Hospital,24 General Hospital,,,,,
74e2193c-f024-46de-92a8-c84b437ba940,"Theatre Royal, Norwich","Theatre Royal,, Norwich",,,,,
0b5b4981-dc78-4bff-8f2b-e677ac4a986a,Blackwomen's Creativity Project,Blackwomen's Creativity Project,,,,,
4287e451-73a1-4372-8b25-bfcd18720f6c,F. V. White and Co.,F. V. White and Co.,,,http://viaf.org/viaf/148137300,http://viaf.org/viaf/148137300,
cb09a792-dfb6-45dd-80e4-e66bb121fa63,Bankruptcy Court,Bankruptcy Court,,,,,
9a282508-7fe5-41d4-a230-292969d10f1e,Solidarity,Solidarity,,,,,
793632fe-3079-4371-bada-a8411b141153,St Elizabeth's Hospital for the Criminally Insane,St Elizabeth's Hospital for the Criminally Insane,,,,,
a661fe44-458a-47e5-8d89-770b983401fe,Church Penitentiary Association,Church Penitentiary Association,,,,,
f2f36311-ea8c-4e6c-ba43-06d02168a69e,Ullans Press,Ullans Press,,,,,
a93decd2-4523-44f0-8be1-50d58711473b,Bristol New Vic,Bristol New Vic,,,,,
710515af-c925-443b-a9b6-6530dda22252,Office of the United Nations High Commissioner for Refugees,Office of the United Nations High Commissioner for Refugees,,,,,
6882df86-3d9a-4ed2-8392-ef7800403a17,Stainforth Library Project,Stainforth Library Project,,,,,
0edd2900-b2cf-4b63-83b7-cf0d7bb2f235,University of Bradford,University of Bradford,,,,,
90af0b20-008e-4833-8460-b5f8aa7ced08,Rampant Lions Press,Rampant Lions Press,,,,,
6eec3867-365a-4b31-85e6-84b242b9706d,London Weekend Television,London Weekend Television,,,,,
f8ef85a1-7f0a-4a68-adaf-7fae93eced69,National Library of Jamaica,National Library of Jamaica,,,,,
3a2624c9-a1db-4e15-918e-d1dc79a14031,Club des Explorateurs,Club des Explorateurs,,,,,
f374b994-5884-4261-997f-1d76d704eee5,Large Door Productions,Large Door Productions,,,,,
ac3ea235-62ec-4f89-81c9-e4f487dcd8cc,Benz,Benz,,,,,
c66ed5ea-af06-4aab-b8ce-8c14a1f6744d,Ruskin Gallery,Ruskin Gallery,,,,,
d1ec6891-f63c-4ea2-a1c5-6a115fdbdb35,Bible Society,Bible Society,,,,,
5be3fabb-e252-4440-bce6-e801fcc0a26d,Deutsches Literaturarchiv,Deutsches Literaturarchiv,,,,,
6943cec9-844a-4c3d-bdef-a5f207812b27,Farm Street Church,Farm Street Church,,,,,
afbdd815-6470-480c-a96e-435c7e201a70,Watergate Theatre,Watergate Theatre,,,,,
60920551-590b-46f0-a37f-369ea2190abf,Dialogue Books,Dialogue Books,,,,,
8b6ec41a-ade3-4797-85e4-f36d590e2710,Pickering and Chatto,Pickering and Chatto,,http://www.wikidata.org/entity/Q17146817,http://viaf.org/viaf/124959469,http://viaf.org/viaf/124959469,http://www.wikidata.org/entity/Q17146817
24ea8037-fed8-4163-8158-d148f3f38a12,Katherine Mansfield Society,Katherine Mansfield Society,,,,,
c57e1f59-b622-4a27-8492-0fb8d27a4a49,National Female Charter Association,National Female Charter Association,,,,,
61e747a7-385d-4feb-b809-091af7f295b6,Lancashire Public School Association,Lancashire Public School Association,,,,,
81781167-7721-420c-aeb8-47ac74adbb90,Radcliffe Hospital,Radcliffe Hospital,,,,,
8b967076-1ad5-4e3c-881c-b1d2cef683f7,Army Nursing Service,Army Nursing Service,,,,,
329de765-c183-4619-afe2-1e6e5d0b2dd9,Princeton University Press,Princeton University Press,,,http://viaf.org/viaf/158317684,http://viaf.org/viaf/158317684,
a88b777b-b468-4a4d-b635-285b5fc691e0,G. Munro,G. Munro,,,,,
01850874-aab9-463d-b7f5-f7df9de51f3a,Women's Football Association,Women's Football Association,,,,,
63080668-1880-4c37-8469-d525a1448bf6,Western Reserve University,Western Reserve University,,,,,
cdcb9f9b-3e03-4f14-b05a-4aacd2c9fefd,Shaw University,Shaw University,,,,,
3e0049f7-2d13-48be-aa61-a7565a55b666,Edinburgh International Book Festival,Edinburgh International Book Festival,,,http://viaf.org/viaf/129476636,http://viaf.org/viaf/129476636,
5a2d22ec-e343-49d8-8a32-063f30ba89d6,Catholic Association,Catholic Association,,,,,
a951187a-97e3-4a39-8b3a-50d759795150,Cafe Society,Cafe Society,,,,,
6d6125d0-a722-4fa3-93ca-1c747e573bc4,Les Oeufs Malades,Les Oeufs Malades,,,,,
d68da0dc-d340-4ada-a36c-ce9ea867fb83,Thomas Knott,Thomas Knott,,,,,
4d9e5f83-3abb-4984-bca5-54827f50dee9,Caribbean Artists Movement,Caribbean Artists Movement,,,,,
167d96a1-a758-418e-8f0d-93f161b93a7d,Metropolitan Railway,Metropolitan Railway,,,,,
6941177f-6d34-49e4-b06d-be92c6cc4848,Sufism,Sufism,,,,,
e5a465e9-b74e-4401-8fab-1ef994a342d6,Anglo-Norman Text Society,Anglo-Norman Text Society,,,,,
05bcf26b-cc12-4b44-96f1-ad0ecd93e2ac,Church League for Women's Suffrage,Church League for Women's Suffrage,,,,,
90e89ad1-d07b-472c-acb8-e40d3bb95f4c,W. Alexander,W. Alexander,,,,,
bf59ad33-83ee-428f-af08-ba65e5a7bcd4,Erasmus,Erasmus,,,,,
434cf305-b412-40e6-ab1f-0336460459eb,Sunday Closing Association,Sunday Closing Association,,,,,
b360fae1-97b6-4d09-8ee3-c06d8cd18806,Sino-British Cultural Association,Sino-British Cultural Association,,,,,
f357fb71-97cf-4761-b088-395a63c5507e,Irish Volunteers,Irish Volunteers,,,http://viaf.org/viaf/124331437,http://viaf.org/viaf/124331437,
d1c5dab8-0757-4ddc-916b-d3c135fef07c,Columbia Pictures,Columbia Pictures,,,,,
180daa20-7944-43ac-be5e-8da07b8a559e,Bristol Central Library,Bristol Central Library,,,,,
8c764469-a8d5-4c8b-8331-5f4ff5045513,Columbia University,Columbia University,,http://www.wikidata.org/entity/Q49088,http://viaf.org/viaf/124804870,http://viaf.org/viaf/124804870,http://www.wikidata.org/entity/Q49088
fac1a141-93a8-4a4b-a068-76b90a0e8dc1,Burns Federation,Burns Federation,,,,,
8e5a0653-c60c-4a7d-8dc7-c4c78b81e933,Radio Eireann,Radio Eireann,,,,,
bab52348-e8d9-41cb-9f52-b35cc4364be3,National Theatre Committee,National Theatre Committee,,,,,
eec2dd16-d5ec-4a6d-821c-d8a019eae5ce,Ladies' Training College at Cambridge,Ladies' Training College at Cambridge,,,,,
9a2a676d-d3b6-4832-8bae-2bb647514211,Air Ministry,Air Ministry,,,,,
46f41bfb-17e9-4c9d-bd6c-b8cd4b0d7ca2,Quorn Hunt,Quorn Hunt,,,,,
57149ed8-5dc7-4f88-92fa-11ef818b425a,"Canonesses Regular of the Lateran at St Monica's, Louvain","Canonesses Regular of the Lateran at St Monica's,, Louvain",,,,,
c40c36ae-f824-4984-85db-efcd3446e62c,Ulster Workers' Council,Ulster Workers' Council,,,,,
fc0cf9b4-2de9-4ac5-a724-64c05ce7324f,"Queen's Institute, Dublin","Queen's Institute,, Dublin",,,,,
da483e88-5221-4fd1-a35a-8974da6b9c82,International Institute for Psychical Research,International Institute for Psychical Research,,,,,
0c461e8e-0570-48c9-9e53-4e176e8e2182,English Speaking Union,English Speaking Union,,,,,
b9f229c9-d8c3-457e-b618-ec3e53fa89bd,Southern Tenant Farmers' Union,Southern Tenant Farmers' Union,,,,,
8a47f510-675f-460b-8686-d77677534217,Allen Lane,Allen Lane,,,http://viaf.org/viaf/156281760,http://viaf.org/viaf/156281760,
6fc65d90-21b3-4795-89f0-a8fe0595900b,University of Teesside,University of Teesside,,,,,
ea0f6039-b696-4517-bc5e-17eacf552bbf,Criminal Investigation Department of Scotland Yard,Criminal Investigation Department of Scotland Yard,,http://www.wikidata.org/entity/Q18197265,,http://www.wikidata.org/entity/Q18197265,
25498010-e7ac-4a72-9c79-83198f7a8c98,Pre-Raphaelite Brotherhood,Pre-Raphaelite Brotherhood,,,http://viaf.org/viaf/148445290,http://viaf.org/viaf/148445290,
dff91a23-18e4-4786-97e0-7058f2bb9215,Claridge's,Claridge's,,,,,
8f3549d4-c9ee-4996-9b83-7b260f9da094,New Zealand Company,New Zealand Company,,,,,
d398de93-3b8e-4d21-bf4f-948a6a227c55,English Heritage,English Heritage,,,http://viaf.org/viaf/145308002 | http://viaf.org/viaf/160843747,http://viaf.org/viaf/145308002,http://viaf.org/viaf/160843747
9259f23c-4324-4eeb-8f9c-d15644c36ca3,Primera Unidad Sanitaria Britanica,Primera Unidad Sanitaria Britanica,,,,,
9b94859d-2176-4f35-850a-51271c88aec8,Apothecaries' Hall,Apothecaries' Hall,,,,,
922a7f01-4842-4a9c-a08a-d9c13d841072,Burdwan University,Burdwan University,,,,,
9cb209a7-ad2d-43aa-89fe-2f6c61c30e85,"202 Squadron, Royal Air Force","202 Squadron,, Royal Air Force",,,,,
ced275a9-d85e-471e-ba07-87ec416c302c,College of Psychic Studies,College of Psychic Studies,,,http://viaf.org/viaf/127894575,http://viaf.org/viaf/127894575,
2a5f8702-514d-42ba-a5ac-bad935dbbee1,Long Barn Books,Long Barn Books,,,,,
e007175e-6c2c-4859-bed8-b58d9b50d161,Office of War Information,Office of War Information,,,,,
580cfe50-3794-4726-aa5a-6930ff2ad5e2,Vigilant Committee,Vigilant Committee,,,,,
f5a94591-b912-4661-9888-ea95e65de62a,300 Group,300 Group,,,,,
705402b8-a827-4ea4-9b3f-78a4282544eb,J. and E. Bumpus,J. and E. Bumpus,,,,,
dc9e07fb-787b-4aba-b65b-bbc02f67fc92,European Laboratory for Particle Physics,European Laboratory for Particle Physics,,,,,
ce190051-41f1-41cf-ab18-b8f9cbe2140e,Cultural Association of Women of African Heritage,Cultural Association of Women of African Heritage,,,,,
6afccb70-96fa-40bb-b898-8fdc60147c7c,Imperial Chinese Maritime Customs Service,Imperial Chinese Maritime Customs Service,,,,,
1c231dee-1116-47ca-8dd0-fb517afdc794,Winifred Holtby Memorial Library,Winifred Holtby Memorial Library,,,,,
62a41206-5e04-4065-8730-8927c063fc40,Women's Land Army,Women's Land Army,,http://www.wikidata.org/entity/Q8030956,http://viaf.org/viaf/179394523,http://viaf.org/viaf/179394523,http://www.wikidata.org/entity/Q8030956
3ca9db05-ab6a-4318-bd2c-f467670619c8,Bell's Telephone Office,Bell's Telephone Office,,,,,
1e7f2afe-fb37-4efd-9dfc-e95cc8d82300,Women Sanitary Inspectors and Health Visitors' Association,Women Sanitary Inspectors and Health Visitors' Association,,,,,
f0abb156-4ecf-4845-a430-ede57940c193,Harrap,Harrap,,,,,
c617f8f9-0be1-48bc-b6ee-79e131967038,Essex House Press,Essex House Press,,,,,
635163c4-0946-4b93-9063-2ce5bc9b5185,Office International d'Hygiène Publique,Office International d'Hygiène Publique,,,,,
09b96122-420e-4830-af63-cefb0c141dce,Grand Theatre,Grand Theatre,,,,,
f79c0bf9-7003-4c09-a730-8b1e9c386296,Duffield and Co.,Duffield and Co.,,,,,
bc142e99-e9dd-4f05-a7fd-53872534ccf0,Jermyn and Forster,Jermyn and Forster,,,,,
e584d4c0-fac6-4ee0-af64-8bd41845ae22,University of Houston,University of Houston,,,,,
76f1bc54-4a20-4fd2-bbcd-59d9aa44a4ea,Feminist Press,Feminist Press,,http://www.wikidata.org/entity/Q7733667,http://viaf.org/viaf/131506803,http://viaf.org/viaf/131506803,http://www.wikidata.org/entity/Q7733667
b92b558a-13a8-44d1-80a7-9435ea250dcb,Chapel Royal,Chapel Royal,,,,,
9b9da269-6790-44c8-810f-81d7ec35badd,Carlisle Peace Commission,Carlisle Peace Commission,,,,,
bab04db3-e3a8-4f35-8a3a-1f5d06e963eb,De Beers Company,De Beers Company,,,,,
f638475e-7b61-4423-b1a1-7ceeea1cd398,Black Ball Line,Black Ball Line,,,,,
997f1379-765b-4abc-826e-0f899486ba55,Ewell Epileptic Colony,Ewell Epileptic Colony,,,,,
5ec5b9d0-9c0d-4dcf-87ad-432a1547b9ba,Royal Dental Hospital,Royal Dental Hospital,,,,,
f090127e-b713-490f-aaad-f67389087fb0,Canadian Authors Association,Canadian Authors Association,,,,,
b6df3b2e-70e8-4b23-954f-ecad15812618,Man Act,Man Act,,,,,
24594545-8e09-4c94-929b-01feed1ed53d,Spanish Inquisition,Spanish Inquisition,,,http://viaf.org/viaf/167776047,http://viaf.org/viaf/167776047,
96d39b4e-09e3-4a32-b834-9b6845920c0b,James Allen's Girls' School,James Allen's Girls' School,,,,,
69558393-4e40-4fc4-859d-b1e2465e067b,Morgan Stanley,Morgan Stanley,,,,,
a707e408-7298-451a-98de-99f2b7893e42,Ben Greet Players,Ben Greet Players,,,,,
48244719-bbdf-4606-85e7-69ce04e2ee33,Manchester Ladies' Literary Society,Manchester Ladies' Literary Society,,,,,
c02c96f5-c3de-442a-91b6-8decc7b06cdb,Gilbertian Order of Sempringham,Gilbertian Order of Sempringham,,,,,
f819cd39-0279-47d6-8bb7-81c5e690c9da,General Committee for Woman Suffrage,General Committee for Woman Suffrage,,,,,
a3e691ad-cb27-4583-8b9a-4b5c59286e92,Art Workers' Guild,Art Workers' Guild,,,,,
f2c1ae60-f84c-43d3-afb9-f98cc8836cec,Indian Council for Cultural Relations,Indian Council for Cultural Relations,,,,,
c81f93d1-fb7e-4ce8-922d-431f777e84e2,New School for Social Research,New School for Social Research,,,,,
3a062274-036e-4bc2-84ef-f34dd4d7ccde,York University,York University,,,,,
f7ad5293-2421-44c2-9e3a-c129336ef144,Piccadilly Theatre,Piccadilly Theatre,,,,,
44cf5fd9-070a-485e-ad8f-64daf35c1aed,Local Electors Association,Local Electors Association,,,,,
0bfdbf60-898f-4a83-8d94-58a9896d7ebf,Parliamentary Committee on Refugees,Parliamentary Committee on Refugees,,,,,
465f207d-c99a-4386-92af-a30447bf5c31,MI6,MI6,,http://www.wikidata.org/entity/Q184560,http://viaf.org/viaf/145348836,http://viaf.org/viaf/145348836,http://www.wikidata.org/entity/Q184560
f19aa84c-78ee-4804-b17e-8f08dce73050,Académie de Medicine,Académie de Medicine,,,,,
da751483-87a3-40d8-a0b2-98c313f49b06,Department of Trade and Industry,Department of Trade and Industry,,,,,
e3e6dbed-c279-43db-bef7-ecf342f57305,National Co-Operative Press,National Co-Operative Press,,,,,
cd0edaf7-f66f-4b5d-92e3-358977986f7b,Queen Alexandra's Imperial Military Nursing Service,Queen Alexandra's Imperial Military Nursing Service,,,,,
31587987-270e-4595-8b91-7aa7ed9f9cb7,17th Lancers,17th Lancers,,,,,
262ebbec-ecc5-4570-8704-5ab664d72771,Poems on the Underground,Poems on the Underground,,,,,
a29ffa55-0f6d-48f0-86cc-c5071fe5d685,Readers and Writers Club,Readers and Writers Club,,,,,
5a271dfc-2438-4daa-a2e4-272ff33ae621,League of the Kingdom of God,League of the Kingdom of God,,,,,
e7c0787b-7407-409e-bf22-b3e9eacc2e7d,Realart Picture Corporation,Realart Picture Corporation,,,,,
c80304cd-fb4f-4fe9-ab31-24f0fa9961a8,ATLA Monograph Preservation Program,ATLA Monograph Preservation Program,,,,,
59e30bbf-05cd-45ef-9a01-dcffc6e3cf56,Scottish Cultural Press,Scottish Cultural Press,,,,,
34c7914b-435e-474f-ba52-d5c277f9976f,Maggie's Cancer Caring Centres,Maggie's Cancer Caring Centres,,,,,
bd17ed90-698c-45d8-9613-8ffecbb727f3,Newcastle and Carlisle Railway,Newcastle and Carlisle Railway,,,,,
f214f706-481b-4bcc-b295-1de18e5f491b,Croydon Repertory Theatre,Croydon Repertory Theatre,,,,,
76f85842-82d2-4b4a-999d-3aa8449d6982,Homes for Blitzed Babies,Homes for Blitzed Babies,,,,,
2605af31-7bee-461c-b64c-8ef4663dc6e4,Lunacy Commission,Lunacy Commission,,,,,
d1ed02a4-2c14-4861-9267-14de6b1a6f83,Canon,Canon,,,,,
842602c3-b697-4bb3-8a0b-661bd885ee01,Hesperus,Hesperus,,,,,
d354732c-0b29-43da-a8c8-954775bcdbf4,National American Woman Suffrage Association,National American Woman Suffrage Association,,,,,
2b021076-5bb7-44be-a7ac-7db71402d355,London Gallery,London Gallery,,,,,
5e533338-7bb5-4fc5-82c2-acf0ab566af4,Alexander Street Press,Alexander Street Press,,,,,
39c770b1-5258-461d-ab55-7751834bdc03,London Diocesan Deaconess Institution,London Diocesan Deaconess Institution,,,,,
7460b330-d4fe-42bd-a45a-bcd1ae60f723,Beckenham Players and Shakespeare Society,Beckenham Players and Shakespeare Society,,,,,
d0b1e1cd-52fa-45ef-b693-e031af26bf32,Mississippi Advertising Commission,Mississippi Advertising Commission,,,,,
b5905053-a305-4567-a6be-dd2fb08e243f,Bodley Head,Bodley Head,,http://www.wikidata.org/entity/Q2908391,http://viaf.org/viaf/145370293,http://viaf.org/viaf/145370293,http://www.wikidata.org/entity/Q2908391
b4aabc1e-2b68-4753-99d3-265fdf530946,Académie Carmen,Académie Carmen,,,,,
81ce32de-6cee-451d-8581-4bdd6ec7a302,George Stewart and Company,George Stewart and Company,,,,,
48dde009-a8cf-4f6b-bdf4-622226900b0a,Flying Ambulance Column,Flying Ambulance Column,,,,,
54586996-9ae2-4f57-abe8-3cc0617d2142,No More War Movement,No More War Movement,,,,,
003c4568-66cb-49fe-a97d-e46f8483fecf,Smith Academy,Smith Academy,,,,,
037ecf7f-e773-49c3-ba92-a6728e055a5e,Treasury Board,Treasury Board,,,,,
39a5bb7d-9850-4a16-a4b2-0862cb69d036,Gotham Book Mart,Gotham Book Mart,,,,,
d01209ed-0b8a-44b3-9509-26a8e912b289,Greenwich Hospital,Greenwich Hospital,,,,,
2c071a54-ccae-41a8-aeb0-679f7982b79c,Culva House,Culva House,,,,,
27928b9b-ce6f-402a-af67-b668fd3cbc7e,South African Student Movement,South African Student Movement,,,,,
05a847c3-1608-4b30-b961-5a5ce0cbde93,Brunswick Theatre,Brunswick Theatre,,,,,
8e70c65e-27c3-48c1-906a-8cf11f756794,Port of London Authority,Port of London Authority,,,,,
4cd51cfd-3baf-4c4b-87d0-f661993ef58d,Edinburgh Festival,Edinburgh Festival,,http://www.wikidata.org/entity/Q829363,,http://www.wikidata.org/entity/Q829363,
673f8917-77f6-40f4-b75c-7ea4726f5273,Vine Press,Vine Press,,,,,
f02e070c-4937-4868-9098-e6d6a3f7ea41,Norwich Training College,Norwich Training College,,,,,
77220fd2-fecc-4440-844d-4294b04e7159,University of Leicester,University of Leicester,,,,,
1f3113f8-49d8-44d5-b262-56c6076d3831,Littell,Littell,,,,,
dfc8fb31-c771-4ad4-8b35-02b6052c0bf9,Favil Press,Favil Press,,,,,
fa832d7d-0fe5-4403-b2bd-50561e28a2d5,Amherst Academy,Amherst Academy,,,,,
9534740d-cf95-4765-8d06-f884d95d37b3,British Movement against War and Fascism,British Movement against War and Fascism,,,,,
18854a67-2f4e-4f31-a735-23687df1c198,Adult Education for the Forces,Adult Education for the Forces,,,,,
bcf4596e-618f-47f1-84a8-45b889f15542,Moonlight Mission to the Fallen,Moonlight Mission to the Fallen,,,,,
d64172f9-6d9a-496a-997c-c8925c306181,Oxford Music Hall,Oxford Music Hall,,,,,
769ae024-8fcf-4fbc-8e10-b94dee4dd096,Festival of Contemporary British Music,Festival of Contemporary British Music,,,,,
1571a102-6db5-4d99-9f73-5ebffeb6bafa,Boer Women and Children Clothing Fund,Boer Women and Children Clothing Fund,,,,,
0d7034eb-f332-4b95-9ff8-b796bb3dab04,Robert Hayes,Robert Hayes,,,,,
72c31db7-2173-4e02-bc0b-ca87e4cb01e3,Female School of Industry for the Daughters of European Soldiers,Female School of Industry for the Daughters of European Soldiers,,,,,
414d8163-e51c-4ddc-b02c-7e4a00b34832,Vertigo Mystery Theatre,Vertigo Mystery Theatre,,,,,
37212837-7ec6-42e8-a4ae-cd002aa9a0ef,New Gallery,New Gallery,,,,,
668a4184-8622-4cdf-94c4-d20e1fcd7a0e,Thoemmes Press,Thoemmes Press,,,,,
5cfec149-dc1b-47d8-bbe6-47c674c42f59,St Paul's School for Girls,St Paul's School for Girls,,http://www.wikidata.org/entity/Q4638918,http://viaf.org/viaf/183257663,http://viaf.org/viaf/183257663,http://www.wikidata.org/entity/Q4638918
bfe5d55d-c201-433e-a07a-1c61e76ad029,Court of Arches,Court of Arches,,,,,
4d647c57-cab2-4d35-89b1-faefd19b5835,European Convention on Human Rights,European Convention on Human Rights,,,,,
4708137c-5c69-417c-824d-027c8db6d574,Juvenile Library,Juvenile Library,,,,,
386ac8f2-6088-48fc-8099-7b31e62635d5,Oxford Bach Choir,Oxford Bach Choir,,,,,
e6607c4e-6d7c-49ce-b0df-ecec026ad91a,Park Village Anglican Sisterhood,Park Village Anglican Sisterhood,,,,,
d0d7e9f5-7012-4a93-a046-c44311569b4c,Big Flame,Big Flame,,,,,
837fc7cd-d059-4468-91f5-596ed4302e6d,Free Church Women's Council,Free Church Women's Council,,,,,
d017091b-1d6c-4fe8-8bed-0a517d2b9f8c,Communist Party of Cuba,Communist Party of Cuba,,,,,
fdac0aa6-e5ed-459d-897e-8cb6e7f29ece,Shoreditch Housing Association,Shoreditch Housing Association,,,,,
347564bb-602c-4d1b-8baf-20b57f15c30a,Bijou Theatre,Bijou Theatre,,,,,
bfc5261d-ce78-4445-a5a6-e224aae277c3,Brantford Ladies College,Brantford Ladies College,,,,,
a995771e-0748-4842-bba2-08c907711f8c,Irish United Women,Irish United Women,,,,,
fdaa986f-70de-4043-9560-c4bbcd800e4b,London School Board,London School Board,,,http://viaf.org/viaf/143243664,http://viaf.org/viaf/143243664,
0eaeb20d-18f4-4283-889b-e7c0c69f4c0e,Bradfield School,Bradfield School,,,,,
aaa11217-378d-4c16-a820-5fd1364855d6,University of Ottawa,University of Ottawa,,,,,
4eeeea8e-162c-4e41-b3c9-c43ecf66b417,International Arbitration League,International Arbitration League,,,,,
bf563915-55a0-48d5-8c14-b299f789c228,Warneford Hospital,Warneford Hospital,,,,,
7fa7b639-79f5-4692-8a38-f02bcbde5724,University of Minnesota Press,University of Minnesota Press,,,,,
9e780e8d-1e39-4b18-bcb3-885beccb4e36,Arts and Humanities Data Service,Arts and Humanities Data Service,,,,,
4d4ddf95-9ac6-4e85-bac8-1ee8eb9f6b8a,Hermetic Society,Hermetic Society,,,,,
73836a43-33c3-49d0-91e4-5576fb17d7ed,Association of Medical Women in India,Association of Medical Women in India,,,,,
ffe5d82d-2ceb-4fe3-ba84-91506cab6f7e,Kingsway Theatre,Kingsway Theatre,,http://www.wikidata.org/entity/Q7064599,http://viaf.org/viaf/135154159,http://viaf.org/viaf/135154159,http://www.wikidata.org/entity/Q7064599
f4b110c4-c439-45f7-a7ec-4958fde8047d,Westminster School,Westminster School,,http://www.wikidata.org/entity/Q1341516,http://viaf.org/viaf/149234723,http://viaf.org/viaf/149234723,http://www.wikidata.org/entity/Q1341516
76b861bd-ee74-4169-a84a-a2b814203635,First Story,First Story,,,,,
bc897a1e-eeb8-4f49-8f5e-c9f8716690f0,Camberwell School of Arts and Crafts,Camberwell School of Arts and Crafts,,,,,
289c1389-d8ed-4e5a-9b7c-f32eb6816476,Bethlehem Royal Hospital,Bethlehem Royal Hospital,,http://www.wikidata.org/entity/Q831377,http://viaf.org/viaf/141933705 | http://viaf.org/viaf/66144647641051342665,http://viaf.org/viaf/141933705,http://viaf.org/viaf/66144647641051342665 | http://www.wikidata.org/entity/Q831377
6549efcb-bd6e-4934-808c-cef8b8ac4ea1,"Town and Country Club, Newport","Town and Country Club,, Newport",,,,,
6347cb0d-90c7-4fd5-8943-590ddd30b21d,General Society for Promoting District Visiting,General Society for Promoting District Visiting,,,,,
32b4918a-2178-4b5d-9c78-020e2800d08a,Androgen Insensitivity Syndrome Support Group,Androgen Insensitivity Syndrome Support Group,,,,,
8ade3172-2ea2-418d-837e-ff41ad01acfd,University of Leiden,University of Leiden,,,,,
bff9b642-b74d-44fd-b009-6bd1b9f23ab9,International Celtic Film Festival,International Celtic Film Festival,,,,,
e49b878d-fe16-496a-97aa-7c07e0671dde,Policy Press,Policy Press,,,,,
4893ecf3-c6d0-416d-9dfa-49ea77e16c37,National Poetry Competition,National Poetry Competition,,,,,
43655290-1bb5-41fb-adc2-b2cd7db37774,Ashmolean Museum,Ashmolean Museum,,,,,
cff6e6fe-ec8b-429b-9d3d-91e2b4902fe5,St Boniface School,St Boniface School,,,,,
08a92d29-708b-463e-90c5-9fff4b234a65,University of Ulster,University of Ulster,,,,,
070af828-73eb-46fe-ba9e-d722b77c698e,UNHABITAT,UNHABITAT,,,,,
8ea13514-ef56-4dbf-adf3-fdc63d146a26,Sowerby Glass,Sowerby Glass,,,,,
69b61d1a-7ca7-4c22-a33b-43feca49f6bb,University of London,University of London,,http://www.wikidata.org/entity/Q170027,http://viaf.org/viaf/132683760,http://viaf.org/viaf/132683760,http://www.wikidata.org/entity/Q170027
01806f9e-675a-4ccd-8456-3d37ce0f4df1,Bath Place Community Arts Press,Bath Place Community Arts Press,,,,,
7c56e93c-2db7-4a3a-8ea5-92adddc9b58f,Christ Church Choir School,Christ Church Choir School,,,,,
4ffcbd86-6db8-4890-8a0e-9597ac16b9a2,Advocates Library,Advocates Library,,,,,
10ed50e6-f3fa-4a42-88e4-92e7d4c6143c,Lady Gregory Autumn Gathering,Lady Gregory Autumn Gathering,,,,,
0814217c-58d1-4e7d-8d89-3e0cb962e5b3,Wells Fargo,Wells Fargo,,,,,
5d1f2b7f-b597-4f9b-9034-6d4ed55a1f96,Dashiki,Dashiki,,,,,
51f59a7b-b597-44fc-b41b-5579fcbeb030,"Sacred Heart Academy, St Louis","Sacred Heart Academy,, St Louis",,,,,
49b50627-69ea-4f92-987e-4a1754d8cf7f,Army and Navy Stores,Army and Navy Stores,,,,,
59323293-7099-43d3-8c0b-71582535fa2a,National Archives,National Archives,,http://www.wikidata.org/entity/Q392703,http://viaf.org/viaf/157574888,http://viaf.org/viaf/157574888,http://www.wikidata.org/entity/Q392703
68d5f8cf-c6df-4e28-9ea7-e1dc31f90308,League of Dramatists,League of Dramatists,,,,,
d8356f21-cd93-4cc3-9597-787b5415a442,South Wales Railway,South Wales Railway,,,,,
05a7a14c-0059-45b7-b13f-829bf7f948a3,Grand General Union of Spinners,Grand General Union of Spinners,,,,,
171b9883-d70b-4f16-af84-93eca72e9443,Pilgrim Books,Pilgrim Books,,,,,
b5a7bdb1-f397-4289-af04-9a392638ba4e,National Woman's Rights Association,National Woman's Rights Association,,,,,
9f7e87b4-2c2c-413e-a649-d6f76dd7975e,Institute for Advanced Study,Institute for Advanced Study,,,,,
ccc96cc9-566b-4db7-b328-6207a26ff5f3,Riverside Studios,Riverside Studios,,,,,
df4778e3-331c-4e18-8d4e-dde208225db6,Diogenes,Diogenes,,,,,
1f4038e5-4127-49cd-a15d-2300b8fde272,Egerton,Egerton,,,http://viaf.org/viaf/121290998,http://viaf.org/viaf/121290998,
30877fd6-1afc-4d44-8505-11538dab8b26,George Nicol,George Nicol,,,,,
6202d8f3-f29d-4ff4-833c-5c6bb9717d7c,Institute of the Blessed Virgin Mary,Institute of the Blessed Virgin Mary,,http://www.wikidata.org/entity/Q17052262,http://viaf.org/viaf/156993647,http://viaf.org/viaf/156993647,http://www.wikidata.org/entity/Q17052262
e1ed0700-55f9-4fd6-839d-f6398d26b686,Jacksonville State University,Jacksonville State University,,,,,
6cf6b5de-3472-4af3-92ba-0215b236cac5,Queen's Hall Orchestra,Queen's Hall Orchestra,,,,,
05cff4c9-2e06-4105-a920-f009b67b99c6,C. H. Heintzemann,C. H. Heintzemann,,,,,
b9fe9db8-ccec-43fe-aa7a-507f227ad424,Friends' War Victims Relief Committee,Friends' War Victims Relief Committee,,,,,
4b0c6e6b-6746-4ff6-959a-deb3e0d54083,Royal Air Force Bomber Command,Royal Air Force Bomber Command,,,,,
bffe0ff2-d18f-469d-844a-989586cdf03f,League of Jamaican Poets,League of Jamaican Poets,,,,,
ab25d281-11b4-4951-b31d-41b965e7808f,Royal Welsh Fusiliers,Royal Welsh Fusiliers,,,,,
742fd686-99f7-413d-b595-71719769ffcc,Mrs Haugh's School,Mrs Haugh's School,,,,,
1412a502-6771-49c7-9815-bc5412dce00a,FREEZE,FREEZE,,,,,
a086e302-433b-4383-80a7-285fd46d2a2a,Dorset Garden Theatre,Dorset Garden Theatre,,,http://viaf.org/viaf/153897070,http://viaf.org/viaf/153897070,
6732e21b-1f80-4a1c-a4e0-fbaca9e126e0,Blackfriars Settlement,Blackfriars Settlement,,,,,
6735a692-6c29-4cbd-a153-944165c639e8,Mellin's Baby Foods,Mellin's Baby Foods,,,,,
c3fa5b1b-7539-49ad-91b9-3f20c28688e8,International Congress of Women,International Congress of Women,,http://www.wikidata.org/entity/Q6049734,http://viaf.org/viaf/32149842016902840320,http://viaf.org/viaf/32149842016902840320,http://www.wikidata.org/entity/Q6049734
d08dd59d-66b3-4522-8d9b-7637d613b48e,"Empire Theatre, New York","Empire Theatre,, New York",,,,,
c1fa5b11-66a9-4db6-a3d1-00e3432c794d,Mowbray House Cycling Association,Mowbray House Cycling Association,,,,,
82c8c23e-4811-400c-8124-ab7e185d70c3,Theosophist,Theosophist,,,,,
cc5a1686-c7fb-4cc4-a39c-72c51ccb1d7b,Berlin Psychoanalytic Institute,Berlin Psychoanalytic Institute,,,,,
7b4e8db0-c625-4eae-bd5f-0c06ade0b091,Eric Partridge Limited,Eric Partridge Limited,,,,,
d013506f-6941-4a3f-8845-791f7d0eb40d,Theatre Rhinoceros,Theatre Rhinoceros,,,,,
144df91e-4024-4ef9-af96-3d29b4d4b002,Cambridge High School for Girls,Cambridge High School for Girls,,,,,
b0580828-9289-42e2-9259-4ec3a2c9c20d,George Philip and Son,George Philip and Son,,,,,
82fd2ce9-942d-469f-b156-2b77e29d4314,International Association of Writers for the Defence of Culture,International Association of Writers for the Defence of Culture,,,,,
6c293a5e-6cee-449f-b8d0-c4853ad40344,"All Souls College, Oxford University","All Souls College,, Oxford University",,http://www.wikidata.org/entity/Q81092,http://viaf.org/viaf/143023731,http://viaf.org/viaf/143023731,http://www.wikidata.org/entity/Q81092
73fd654e-5667-488b-8a01-c0289fa036c5,Argus Press,Argus Press,,,,,
6497add1-0358-48ad-8a5b-c24f16659aae,Glasgow Women's Library,Glasgow Women's Library,,,,,
7f5b96d1-a16f-4969-8d48-ae9ed1d699a8,National Council for the Unmarried Mother and her Child,National Council for the Unmarried Mother and her Child,,,,,
2b6bb124-916b-45e1-a668-0441636a6ffc,Stanford University,Stanford University,,http://www.wikidata.org/entity/Q41506,http://viaf.org/viaf/129582224,http://viaf.org/viaf/129582224,http://www.wikidata.org/entity/Q41506
deaedc79-73ea-4a6d-be6e-972507ec0fca,Durham University Library,Durham University Library,,,,,
7d731621-352c-41a9-8e74-ce563f6fcb61,T. Nelson and Sons,T. Nelson and Sons,,,http://viaf.org/viaf/126093235,http://viaf.org/viaf/126093235,
17bd0353-1620-49d3-8424-d8d602e693f7,Hunt and Clarke,Hunt and Clarke,,,,,
dbab1eb9-2951-4ab1-9bb6-c6afb10fc646,Royal Society of Medicine,Royal Society of Medicine,,,,,
d7a56c29-93de-4934-80cb-3cb5deda0df1,"Institute of Modern History, Taiwan","Institute of Modern History,, Taiwan",,,,,
eaddd87e-d5b6-4614-84fe-046bc2d12ee2,Benn Brothers Limited,Benn Brothers Limited,,,,,
b338233a-0651-40f5-bd5d-7eeef2e12fd3,English Theatre Guild,English Theatre Guild,,,,,
97655d5e-dc39-4170-84a0-f3a065bb1397,Co-operative Movement,Co-operative Movement,,,,,
83b6ded1-1530-4bcc-b7bc-e1b9cb4f75b7,Instagram,Instagram,,,,,
8a4f7f84-8a00-4652-986b-5e960dae28b6,Women's Liberal Association,Women's Liberal Association,,,,,
f871e127-7829-4784-9645-abc560190a34,St Agnes's Convent of Charity,St Agnes's Convent of Charity,,,,,
dd0c15d3-17d7-4792-b871-ed705ba64e24,Westley and Davis,Westley and Davis,,,,,
2597b9f5-5e7f-4463-b156-6f2a3df5616a,CAM Construction,CAM Construction,,,,,
e4183774-0adb-4af2-8af4-b9ecc6480313,Al-Anon,Al-Anon,,,,,
33bf86b7-36c3-4a6f-b38b-02c477397657,trAce Online Writing Centre,trAce Online Writing Centre,,,,,
34359f0a-b776-4c69-abb5-26ccfb5304f9,Chesnut Street Theater,Chesnut Street Theater,,,,,
329ec41e-5429-4fa5-96a4-aaff3db982a7,Emergency Peace Campaign,Emergency Peace Campaign,,,,,
372613a4-6758-4ea3-b7e1-c7b63e2b01c6,House of Stratus,House of Stratus,,,,,
8cac89ee-d9dc-47ac-a06b-0a3b314f8a23,Royal Antwerp Geographical Society,Royal Antwerp Geographical Society,,,,,
bfc81943-46a1-4099-bd5f-ef989b5b30c4,Council of Education,Council of Education,,,,,
c09a2b54-4a4c-440e-9ea6-39e99e013cc9,Maryland Institute for Technology in the Humanities,Maryland Institute for Technology in the Humanities,,,,,
8532bbbf-b724-4c12-84be-51a079d1f1e7,Canterbury Association,Canterbury Association,,,,,
bf9eede1-2ffb-446d-8132-accd2fd71c1f,British Centre for Literary Translation,British Centre for Literary Translation,,,,,
75c6d9f0-4060-42a3-8a3c-8503cb3d809d,Bull and Churton,Bull and Churton,,,,,
75241d75-2d85-4eb3-af6e-834129e249fb,Gypsy Lore Society,Gypsy Lore Society,,,,,
bcb0c213-df7b-4ca8-872c-02d1a5b240b1,Bellevue Sanatorium,Bellevue Sanatorium,,,,,
4b16875f-84c1-41c4-82e3-8f0896521efb,National Alliance of Black Feminists,National Alliance of Black Feminists,,,,,
80224cdd-ee57-4214-8491-fbff8ba93804,American Academy of Dramatic Arts,American Academy of Dramatic Arts,,,,,
910f8016-d193-473e-a665-958375ec8515,Habitat,Habitat,,,,,
0bdce998-ddf8-42a5-9dd7-c30e56bb5a82,St Simeon's College,St Simeon's College,,,,,
f3087a1c-6673-408c-a4ea-852612377824,Manchester and Salford Committee on Education,Manchester and Salford Committee on Education,,,,,
9f05183d-ed06-4101-a013-6bd363243b4b,Provincetown Players,Provincetown Players,,http://www.wikidata.org/entity/Q7252606,http://viaf.org/viaf/140733144,http://viaf.org/viaf/140733144,http://www.wikidata.org/entity/Q7252606
41e1f7a8-25c0-4c65-b88f-792bf06c640d,Ecumenical Movement,Ecumenical Movement,,,,,
4b5823be-08a4-404e-9048-757e384713ab,Auxiliary Air Force,Auxiliary Air Force,,,,,
cf68a0a4-5a7d-459c-9762-25917473616a,Samuel Robinson,Samuel Robinson,,http://www.wikidata.org/entity/Q23301327,http://viaf.org/viaf/121289363,http://viaf.org/viaf/121289363,http://www.wikidata.org/entity/Q23301327
31cefbaa-8d88-40d2-ae25-d5671d2dfe06,University of Kiel,University of Kiel,,,,,
26f6965c-b17a-4401-8e91-ea00f459a977,Primary Source Media,Primary Source Media,,,,,
476094a5-495a-4154-a43a-3bc4e48cddbf,Women's Liberal Unionist Association,Women's Liberal Unionist Association,,,,,
4f23800c-208a-46bf-a855-0bd755bba988,Masterpiece Theater,Masterpiece Theater,,,,,
9b0c181a-6aee-459e-9224-fa821c9d0b6c,Sheffield High School,Sheffield High School,,,,,
95126e93-bf63-4595-b9db-a9c57bd8cda9,Union Square Theatre,Union Square Theatre,,,,,
9bd760ad-c4f6-4590-a7d5-0d52a436d59b,"St Edmund Hall, Oxford University","St Edmund Hall,, Oxford University",,,,,
ff91691f-0e4a-4f79-b366-a17155348fcf,Mansion House,Mansion House,,,,,
fbd7b9a2-1ba8-489a-afde-17c444b6ac93,Presbyterian Committee of Publication,Presbyterian Committee of Publication,,,,,
c7fea8be-bdd9-477e-8471-65caa9ccd7b7,Central Hindu College,Central Hindu College,,,,,
84da3776-ba8a-4b4f-8369-b8093a4a098f,Samaritans,Samaritans,,http://www.wikidata.org/entity/Q7408851,,http://www.wikidata.org/entity/Q7408851,
6073d6a5-7de8-4b1d-b6c6-76faa7aa4939,Society of British Artists,Society of British Artists,,,,,
b86c6213-53f1-4b82-b406-b5055d4537c3,Secker and Warburg,Secker and Warburg,,,http://viaf.org/viaf/127926910,http://viaf.org/viaf/127926910,
e50370e0-978b-441b-95e9-5519f7dafbef,Brown University,Brown University,,,,,
ea70b1d7-1827-42f6-93fb-d15121ea1678,Melanesian Mission to the Pacific,Melanesian Mission to the Pacific,,,,,
e774f5a2-6c94-4a6c-8933-2c145a7a780d,Internet Archive,Internet Archive,,,,,
7c0f2967-6249-46d8-b34d-280595dc875e,Electric Light Company,Electric Light Company,,,,,
9c6b7b33-c2c5-44cb-b3cd-2fc736148add,William Miller,William Miller,,,,,
ca092f94-7fb8-428b-8b9b-2e2906184e72,Yorkshire Bookmen,Yorkshire Bookmen,,,,,
fbd30f98-311d-441c-b85a-869dced5cf94,Independent Church,Independent Church,,http://www.wikidata.org/entity/Q1188651,,http://www.wikidata.org/entity/Q1188651,
625f9929-0d8b-40de-ba62-86bff46748bd,Edinburgh Fringe Festival,Edinburgh Fringe Festival,,http://www.wikidata.org/entity/Q368176,http://viaf.org/viaf/312792918,http://viaf.org/viaf/312792918,http://www.wikidata.org/entity/Q368176
7ef43bee-96e0-4cbe-921d-6a1f0a3a573b,Powick Court School,Powick Court School,,,,,
42337b61-7461-4005-97f5-9bb837ac5b49,Theatre Centre,Theatre Centre,,,,,
e23936fd-ab0c-4306-a03a-919cf97a0e8b,Washington Mutual,Washington Mutual,,,,,
3894be47-c52c-429d-9418-726c0d149a54,Kalayaan,Kalayaan,,,,,
859e1573-8312-44d8-8dd5-6762c84ea70d,Political Intelligence Department,Political Intelligence Department,,,,,
9dfea19c-394b-4221-bdf5-6033ebba2022,Architectural Survey of India,Architectural Survey of India,,,,,
41191dda-96c6-4931-a169-b7480480ac6b,Social Hygiene Council,Social Hygiene Council,,,,,
eff636de-ccb7-4d7d-8688-b8c610e4f25f,Miss Rosina Filippi's Theatre School,Miss Rosina Filippi's Theatre School,,,,,
cb251d3f-fa64-4dec-833d-c7dac68bdddd,A. L. Burt,A. L. Burt,,,http://viaf.org/viaf/136499357,http://viaf.org/viaf/136499357,
4c14b09a-5c76-455c-aac0-9046e83f3c50,Cranach Presse,Cranach Presse,,,,,
fe15fd7f-565b-40b3-a790-daa057014fcb,Frederick Milward,Frederick Milward,,,,,
91419669-fa63-45d2-acfc-ee8b6af1f9d3,Zephyr Press,Zephyr Press,,,,,
bd7952dd-7277-4ed9-a68e-d83c42336e49,"Farrar, Straus and Giroux","Farrar, Straus and Giroux",,,http://viaf.org/viaf/129171041,http://viaf.org/viaf/129171041,
d33b16da-bb02-425f-8a91-624a90509079,Twickenham Film Studios,Twickenham Film Studios,,,,,
32010884-ee35-4e94-a676-e8ea6a1a8260,Third International,Third International,,,,,
af0fe4a8-331f-4d03-bf8b-eb1350815d03,Royal Marines,Royal Marines,,,,,
b31ba9e6-d85e-4650-923e-895bab4a15f3,Cork Opera House,Cork Opera House,,,,,
84331823-dae8-434e-826b-7e4b00917595,Female Benefit Society,Female Benefit Society,,,,,
cf447e86-8529-40f8-a989-740fc4001ae0,Mary Ward Centre,Mary Ward Centre,,,,,
fecf6a68-0c72-4696-b9f7-4d93a7cc49dc,National Public Archives of Canada,National Public Archives of Canada,,,,,
0a75b3de-6d84-4094-802f-8f500e36911b,CBS Broadcasting Inc.,CBS Broadcasting Inc.,,,,,
1d1089c3-c443-497e-933a-66f176f5e0ba,Vicnet,Vicnet,,,,,
042656f6-103c-4709-b32e-13726a765f97,Stein Brothers Clothiers,Stein Brothers Clothiers,,,,,
9efb67f0-cd26-44c2-bade-025cca26cd68,World Peace Parliament,World Peace Parliament,,,,,
74a000a9-76e4-4800-a614-cf657d367dfb,Quinet,Quinet,,,,,
4587eaac-7837-4157-9e37-9884c63b3de0,Ministry of Labour,Ministry of Labour,,,,,
24df993b-2efa-4b33-88d3-938ed5a58784,Pryor Publications,Pryor Publications,,,,,
edd57cc2-4099-4ff7-8351-09a41ff8a4ff,Mansfield House University Settlement,Mansfield House University Settlement,,,,,
09dd7a8a-4573-42d4-9e56-8b996327c09b,Bainbridge,Bainbridge,,,,,
17d8c393-290d-4fad-bc99-6363fe093bb4,York Buildings,York Buildings,,,,,
7fd90c10-7910-4a24-a714-86835b08662a,Washington Literary Society,Washington Literary Society,,,,,
62f85c85-9456-4b7b-873a-63c97e869247,Athenæum Dramatic Society,Athenæum Dramatic Society,,,,,
b7500ec9-ff75-4802-8c36-53e1bee8215b,Linen and Woolen Drapers Cottage Homes,Linen and Woolen Drapers Cottage Homes,,,,,
eeb556d7-6aa4-4c1b-8d81-ffdcb9d08800,St Monica's School,St Monica's School,,,,,
8f4985fe-1d60-4a17-994e-270a96ef8f09,United Democratic Front,United Democratic Front,,,,,
f3b975b7-7cff-4d56-a828-41c38ee7a526,Gilbey,Gilbey,,,,,
f40ff18c-83ba-42d6-88fc-d21f69115587,Hôpital Riviera,Hôpital Riviera,,,,,
d108f261-0c01-428b-b911-62a1249f72e9,University of Sheffield,University of Sheffield,,http://www.wikidata.org/entity/Q823917,http://viaf.org/viaf/141532126,http://viaf.org/viaf/141532126,http://www.wikidata.org/entity/Q823917
f63df04f-f944-4ead-adfa-efe6bb538b53,Manchester Library,Manchester Library,,,,,
8b202731-bc32-4b64-9ca4-f6d4d7fc61f9,University of Roehampton,University of Roehampton,,,,,
30469505-5526-44b0-9b64-758d83b078b4,Nation of Islam,Nation of Islam,,,,,
ccd7b38e-4d48-4cb6-8189-34c3970de8ea,Langham Hotel,Langham Hotel,,,,,
8158e635-873a-4d65-92bb-efd2a1189e45,Louth Museum,Louth Museum,,,,,
09612269-6d37-4c4f-a314-3ede19c7b7b1,"Whittaker, Treacher, and Arnott","Whittaker,, Treacher,, and Arnott",,,,,
7a0a6d5c-76fe-450b-a645-0f55228f2dc6,Bloomsbury Publishing,Bloomsbury Publishing,,http://www.wikidata.org/entity/Q568642,http://viaf.org/viaf/127945522,http://viaf.org/viaf/127945522,http://www.wikidata.org/entity/Q568642
aa2b59e1-679b-4622-8f2f-852406f76d20,Institut de Psychologie de Paris,Institut de Psychologie de Paris,,,,,
38a8f370-72ae-470b-93f4-253ebaa06461,Kodak,Kodak,,,,,
92c215a0-dfe6-45eb-b266-566d97374dd9,Home Rule Association of Great Britain,Home Rule Association of Great Britain,,,,,
4e0ee085-c2d4-4382-9b9a-2228b0381460,Harvill,Harvill,,,,,
3c8719a8-5f2a-4b85-bdbe-4ca2ef832ea8,Umkhonto we Sizwe,Umkhonto we Sizwe,,,,,
b7ff51ea-6b39-45fa-8a99-bcdb1ee29ca2,Belleville Mechanics' Institute,Belleville Mechanics' Institute,,,,,
30cf8e64-e9c0-4862-9210-be9fc52121d7,Tianjin Association of Patriotic Female Comrades,Tianjin Association of Patriotic Female Comrades,,,,,
9937cf3b-8118-44a3-9a0e-7eea3c960635,Association for Computer Machinery,Association for Computer Machinery,,,,,
952405a0-8263-4452-9f80-2942b03aace7,Women's March,Women's March,,,,,
241dd2a7-404e-428d-b5c0-2f9d32bbde3d,Maia Press,Maia Press,,,,,
1ddc4535-9a4d-4176-8199-446fb0a75e3c,Albatross,Albatross,,,,,
17989ddb-a2e8-4e77-b522-017bce0396ee,Women's Debating Society,Women's Debating Society,,,,,
c04f72b7-a409-492f-920f-d834d8edfea9,"Oberlin College, Young Ladies Institution","Oberlin College, Young Ladies Institution",,,,,
462d1638-2c03-4008-a058-f844e6e74be1,Scholartis Press,Scholartis Press,,,,,
0cd3309f-0536-4f9a-90e8-9767480ad476,Northern Ireland Peace Movement,Northern Ireland Peace Movement,,,,,
3856c3ef-fa1e-42e4-9cee-11fab4d82655,Women's Caravan of Peace,Women's Caravan of Peace,,,,,
7a0db4bc-55e1-42d6-8db9-31a64d7bafb0,Whittington,Whittington,,,,,
cfd06826-a5d5-4873-a72e-f9793b5a849d,Quartet Books,Quartet Books,,,,,
67b511af-87df-4c83-8d35-23993d82d43a,Administrative Reform Association,Administrative Reform Association,,,,,
5c001602-f7d7-483a-bb75-440acb2fc448,Queen's Bench Prison,Queen's Bench Prison,,,http://viaf.org/viaf/144534058 | http://viaf.org/viaf/151369512,http://viaf.org/viaf/144534058,http://viaf.org/viaf/151369512
4914aff5-0664-4c9f-a2ad-08950dd6d588,"Lying-in Hospital, London","Lying-in Hospital,, London",,,,,
a2604fe5-db8e-46a7-995e-b632888cffdf,Richards,Richards,,,,,
cf0f7bea-7bed-4763-b233-04e12991cd3c,Pharmacy and Professional Services Laboratory,Pharmacy and Professional Services Laboratory,,,,,
35f746b0-1f7b-4e44-9400-614c3c1e40bd,Femina Books,Femina Books,,,,,
f33415e5-4835-4f57-9e96-daef36b6698e,Normal School of Science,Normal School of Science,,,,,
7b5d9d42-c496-4d03-a162-7da53cce44e2,Coronet Theatre,Coronet Theatre,,,,,
3aff07d3-1415-4fbb-b794-75cc52489150,"Somerville College, Oxford University","Somerville College,, Oxford University",,http://www.wikidata.org/entity/Q774489,http://viaf.org/viaf/157062462,http://viaf.org/viaf/157062462,http://www.wikidata.org/entity/Q774489
9e6fcd2f-21fb-4d2c-8c18-28d2469fea6d,Fabian Society,Fabian Society,,http://www.wikidata.org/entity/Q192186,http://viaf.org/viaf/139553701,http://viaf.org/viaf/139553701,http://www.wikidata.org/entity/Q192186
d9fc845a-334d-4401-9fbc-269051b4a598,Utopia Press,Utopia Press,,,,,
c520a98a-d24a-4512-8898-724978390f5a,Church Fellowship of Psychic Study,Church Fellowship of Psychic Study,,,,,
de9fae39-a3d7-417c-9b8d-69b7ed822a31,Smirnoff,Smirnoff,,,,,
4bc09591-d302-4901-a272-8982f289ae75,Inquisition,Inquisition,,http://www.wikidata.org/entity/Q43173,http://viaf.org/viaf/167776047,http://viaf.org/viaf/167776047,http://www.wikidata.org/entity/Q43173
81dd33b1-4403-4276-b67f-ad9a4c88fab0,London School of Medicine for Women,London School of Medicine for Women,,,http://viaf.org/viaf/142365262 | http://viaf.org/viaf/143542989,http://viaf.org/viaf/142365262,http://viaf.org/viaf/143542989
6669efbc-1adc-4bd6-b7a6-1aad14caf2ef,L'Ecole Polytechnique,L'Ecole Polytechnique,,,,,
f49e9e8e-69d7-4aab-a916-6ec1cb974d49,British Council,British Council,,http://www.wikidata.org/entity/Q45433,http://viaf.org/viaf/147158025,http://viaf.org/viaf/147158025,http://www.wikidata.org/entity/Q45433
9336049e-f193-4160-bb3e-8ad80b7c9bfa,Florida State University,Florida State University,,,,,
11f2f9e3-73b4-4fea-a681-69e749c34170,European Space Agency,European Space Agency,,,,,
e7597d8a-3eca-43ec-b2e1-323cf8d2ef08,Dutch Reformed Church,Dutch Reformed Church,,,,,
e97d7baf-e5fc-4082-b08d-ca353f1046bf,Greyhound,Greyhound,,,,,
c77465cb-123d-4105-b13a-807daf98a82a,University Choral Society,University Choral Society,,,,,
59d2bf75-c227-493c-8838-94c5eba0dc72,Dropmore Press,Dropmore Press,,,,,
38be3773-a68e-4337-8867-302e10301607,Joint Industrial Council of the Printing and Kindred Trades,Joint Industrial Council of the Printing and Kindred Trades,,,,,
6589493b-c5aa-4aa2-9150-b780264fb355,British Agricultural Organization Society,British Agricultural Organization Society,,,,,
0752e0a6-6858-4ab8-a3a8-42ec10d8263c,Jewish Museum,Jewish Museum,,,,,
f1f030cf-79d4-4861-9dbc-9323ca514c56,S. Fisher,S. Fisher,,,,,
a75cfa19-4953-4c60-9bd1-c7f9fa697340,Institute for Theosophical Society,Institute for Theosophical Society,,,,,
0ab1642c-c912-4650-9a3e-0109e13f7475,Washington State University,Washington State University,,,,,
1c09f802-3966-4b77-b86c-3882703227d8,Protestant Church,Protestant Church,,http://www.wikidata.org/entity/Q23540,,http://www.wikidata.org/entity/Q23540,
62d7831a-d955-4876-b035-b4a9fc157966,Boko Haram,Boko Haram,,,,,
f0094bc1-4060-442c-a4c9-c5d2a02bae67,Cape Kennedy,Cape Kennedy,,,,,
0fa4bd19-8944-4fed-bed2-359a33dfa884,Zetetical Society,Zetetical Society,,,,,
fdf64e62-5ae4-4ec0-a1d6-96e03a67f640,Gresham Club,Gresham Club,,,,,
a1511f57-fd7c-4bb9-a28f-8de2429e4918,Studio House,Studio House,,,,,
4cf733bb-0b57-4998-a7cc-9c7e3eb39a87,German 6th Army,German 6th Army,,,,,
e1391908-3fad-478f-a692-a73055ebdcfc,Isis Players,Isis Players,,,,,
da6773c1-863e-4c53-9b93-345fae937335,Reader's Digest Book Club,Reader's Digest Book Club,,,,,
2410c514-94cb-40a0-9970-e796015f51e2,Ballet Rambert,Ballet Rambert,,,,,
78c1156f-d3ed-4257-a6dc-34b37aab2213,"Adelphi Theatre, Sydney","Adelphi Theatre, Sydney",,,,,
60e549ab-dd51-4f77-8bde-ad507399c1a6,Simms and M'Intyre,Simms and M'Intyre,,,,,
e4c24be2-eb08-4274-8baa-ed219396eeab,Supreme Council of India,Supreme Council of India,,,,,
e2acc8a8-cbea-4c05-a5b4-49b33109ada1,Daughters of Wisdom,Daughters of Wisdom,,,,,
30c6baa4-997f-471a-b62c-b54499053b8f,Spanish Republican Army,Spanish Republican Army,,,,,
49fe8a37-8c74-47e4-970b-b6ca33f4959b,British Film Academy,British Film Academy,,,,,
630cee0d-0427-4293-9e3d-a8c62c3ceec2,International Council of Women,International Council of Women,,,http://viaf.org/viaf/157706292,http://viaf.org/viaf/157706292,
cdb3bbfd-b1ab-45b4-aea6-b4df203ac390,Royal Jennerian Society,Royal Jennerian Society,,,,,
94e168ef-3001-46df-9488-3cdc153a9362,Nabu Press,Nabu Press,,,,,
4e17537a-74f7-483f-bd75-3a13df15572d,Astolat Press,Astolat Press,,,,,
4f900a22-fb20-4110-a941-7a15a82d2cfe,Walnut Hill,Walnut Hill,,,,,
11d65a46-9d73-47fe-ac96-287fa0d74997,Territorial Force Association,Territorial Force Association,,,,,
74a08934-d27f-4e02-8b41-f696ec5cbb4f,"Leaside High School, Toronto","Leaside High School,, Toronto",,,,,
04692fb5-5e5c-4e3d-90bb-f0a81f301da8,Gale,Gale,,,http://viaf.org/viaf/150761751,http://viaf.org/viaf/150761751,
4c66ad52-bb65-4e8e-9234-92e605d4844d,St David's Literary and Musical Society,St David's Literary and Musical Society,,,,,
44261730-f644-440b-8036-847c668cca7b,National Assembly of Germany,National Assembly of Germany,,,,,
05366580-ebd9-4865-ac99-037d40ff9cde,Order of the Sacred Heart,Order of the Sacred Heart,,,,,
c73ce1c3-21dc-45bc-b72f-cf9b713b27d4,A. and W. Galignani and Co.,A. and W. Galignani and Co.,,,,,
36690a41-f3d6-4e78-a4e6-6a8c11685e47,Friends at the End,Friends at the End,,,,,
f7333a62-76c5-4b4b-9c37-eb109e940f4e,Vancouver School Board,Vancouver School Board,,,,,
26b6c63f-526e-4f1d-95e9-0b59fdc19fe1,Artists' Benevolent Fund,Artists' Benevolent Fund,,,,,
844523a5-e200-404f-8d6b-40be70b567a5,James Carpenter,James Carpenter,,,,,
fffe3d01-5a74-461f-ba46-34e4e0ebbafe,Whiteley's,Whiteley's,,,,,
fb91c6dc-c3e5-4426-a910-73bd97261c56,War Office,War Office,,http://www.wikidata.org/entity/Q2060703,,http://www.wikidata.org/entity/Q2060703,
697fd215-5069-4e97-933c-3378c71370a5,Krupp Shipbuilding Company,Krupp Shipbuilding Company,,,,,
a9469600-96f9-4f51-8c65-16220866e3ba,Harvard University Press,Harvard University Press,,,http://viaf.org/viaf/139568154,http://viaf.org/viaf/139568154,
f640bd96-c1d1-439d-a7bf-ce0e96cd1fd0,Writers' Action Group,Writers' Action Group,,,,,
df5cbcc5-8596-47e5-9d56-4c51dde49855,7:84,7:84,,,,,
6b7d63a2-870e-4d06-aa01-f8527b58f207,Tilliard,Tilliard,,,,,
4fdfe96d-ce91-42e5-b0fc-e8f6a27115e4,Total Abstinence Charter Association,Total Abstinence Charter Association,,,,,
4d919d43-370d-407c-95c1-f083fc4707e8,Incubation2,Incubation2,,,,,
13771df1-07c1-4136-8db6-7af993f8b3f3,Lady Jockeys' Association of Great Britain,Lady Jockeys' Association of Great Britain,,,,,
113a9e2e-1bd8-410a-837b-a57d234c85b7,Sinn Féin League,Sinn Féin League,,,,,
60a90dfe-eb18-4cc1-ab67-e0e9e9d7299b,Bentley Productions,Bentley Productions,,,,,
92a0e9f7-74eb-4498-8296-96b671bc7729,Twentieth-Century Fox,Twentieth-Century Fox,,http://www.wikidata.org/entity/Q434841,http://viaf.org/viaf/263606276,http://viaf.org/viaf/263606276,http://www.wikidata.org/entity/Q434841
bac7fb8d-81ad-49c4-90ce-858b89ffa164,Precursor Society,Precursor Society,,,,,
81523582-4f4a-4059-8612-bff54713496e,Southern Illinois University Library,Southern Illinois University Library,,,,,
ee989e79-efe6-4b56-b34e-d6ee86b466c7,Royal College of Surgeons,Royal College of Surgeons,,http://www.wikidata.org/entity/Q7373991,,http://www.wikidata.org/entity/Q7373991,
736a05d5-de21-42a7-8d23-349ed0978a1a,American Council on Education,American Council on Education,,,,,
e8fa8b59-8473-4138-a412-d2c6db174dbc,Prithvi Theatre,Prithvi Theatre,,,,,
164e6915-b2fd-4958-90fc-8048ca386ea7,Northcott Theatre,Northcott Theatre,,,,,
20bf4c91-29e5-452d-ac4d-9aa7cac5964e,Liverpool and Manchester Railway,Liverpool and Manchester Railway,,,,,
96892288-3b13-4180-8c67-b91ea5bb68b5,National Abortion Rights Action League,National Abortion Rights Action League,,,,,
78596a8e-1345-4484-ba11-1859af4f0127,London General Mourning Warehouse,London General Mourning Warehouse,,,,,
4bb6f158-9967-4bae-915d-02285785ac28,William Canning,William Canning,,,,,
d4eb560b-4e01-484b-8851-2de099430988,"Theatre Royal, Jersey","Theatre Royal,, Jersey",,,,,
b0a46afc-23be-4058-94f8-452a5f17dcc4,British Ordnance Survey,British Ordnance Survey,,,,,
75e63686-43df-4238-9251-b408480bb50e,Home Arts and Industries Association,Home Arts and Industries Association,,,,,
c90485ff-cc8e-4ee0-883a-df30da46cfeb,Brighton Actors' Workshop,Brighton Actors' Workshop,,,,,
316f30a9-92fc-4501-9922-26b4f6d217d4,Milner and Sowerby,Milner and Sowerby,,,,,
212a7939-db08-439b-b4aa-a40f0dccbac6,Scottish History Society,Scottish History Society,,,,,
c107abe1-64fe-4300-a5ef-065e3e6c2fdf,Ginling Women's College,Ginling Women's College,,,,,
42b92907-d229-4b54-b54d-43da2e740f08,Market Research,Market Research,,,,,
15cef62b-21a3-4dc4-b6c0-7b8712aae99f,Rump Parliament,Rump Parliament,,,,,
b58ba1de-0efb-4e53-b37e-7188bf58c21c,Hyde Park Gallery,Hyde Park Gallery,,,,,
f99a3670-7195-402b-9e06-3591e71f04b5,Mr Boys' Christian Progress Scripture Reading and Prayer Union,Mr Boys' Christian Progress Scripture Reading and Prayer Union,,,,,
37781391-e768-4e64-8ef1-c22d963cfd81,Dungannon Clubs,Dungannon Clubs,,,,,
0cfb53ce-c223-4eba-bc5a-6e8b0baa4686,Football League,Football League,,,,,
1c28986f-7ba5-4f49-a755-ee0a4d0b1ee8,Clement Shorter,Clement Shorter,,,,,
65440e19-b0fb-4b90-bdf9-3c47d371415d,Colway Theatre Trust,Colway Theatre Trust,,,,,
ea436546-29eb-49d9-845f-6f5c2ddd73ec,"Social Effects of Television Advisory Group, BBC","Social Effects of Television Advisory Group,, BBC",,,,,
bf0bb7b1-f2ff-4c81-9a57-25b7fe2b3e27,London Mesmeric Infirmary,London Mesmeric Infirmary,,,,,
319f6e5d-95fa-4968-addb-5cc806840ed6,Street and Smith,Street and Smith,,,http://viaf.org/viaf/129455196 | http://viaf.org/viaf/129477740,http://viaf.org/viaf/129455196,http://viaf.org/viaf/129477740
74c7cb42-bac3-43b7-81dd-0ddd6055aff6,Mid-day Publications,Mid-day Publications,,,,,
4f9c872f-6eb6-4f4b-9d1c-420001949cca,Progressive Party,Progressive Party,,,,,
d25eed67-a201-4aa7-a0cd-6835ed32196f,Hospital for Women,Hospital for Women,,,,,
73501628-2944-4c8b-8770-da3e5bdd4eab,Rupert Hart-Davis Limited,Rupert Hart-Davis Limited,,,,,
325754a6-0356-4044-a32f-206062e567df,Ollier,Ollier,,,,,
fb965463-4835-4809-915e-36d6be33fcad,Gay Liberation Movement,Gay Liberation Movement,,,,,
185c39b9-5ad1-430f-8302-377b36240d95,Pforzheimer Library,Pforzheimer Library,,,,,
32a37ceb-8a3c-49ab-95b5-e30df4a7dc8e,Assembly of Pennsylvania,Assembly of Pennsylvania,,,,,
96eb51e0-ecf5-4c63-b820-693fcf79e8b6,Puffin Club,Puffin Club,,,,,
d67a29d2-57cb-4ccc-a9f2-c64b4c91cf08,Central Electricity Board,Central Electricity Board,,,,,
f9042bd8-5b90-405f-840a-c4fcdb7345d2,Wyeth-Ayerst Laboratories,Wyeth-Ayerst Laboratories,,,,,
6158bcd0-571b-457e-b36c-9e70d4e73cbe,Trevecca College,Trevecca College,,,,,
b23bbd22-0b30-4b2e-a8e9-201f1d298205,Vollard's Gallery,Vollard's Gallery,,,,,
a198f9f6-46ea-4f0f-8481-ecd14d833c15,Food and Drug Administration,Food and Drug Administration,,,,,
d4dd8962-b7cb-45fa-9776-096f268d13ee,Broin Bearg,Broin Bearg,,,,,
05f671f7-cec3-4688-a91a-026b6e3c1dc8,Grolier Club,Grolier Club,,,,,
7c16a0eb-e59c-4a4e-93f7-6243adf2de12,British Women's Liberation Movement,British Women's Liberation Movement,,,,,
75c0b15f-2fcc-4d74-9b8a-23294f9d6df4,Society for the Relief of Indigent Old Age,Society for the Relief of Indigent Old Age,,,,,
447e7c96-dad7-4a4f-a010-1b96df596fde,Fair Employment Commission,Fair Employment Commission,,,,,
5238c09b-8222-4d1b-95ef-dbafd871e60f,National Institute of Medical Herbalists,National Institute of Medical Herbalists,,,,,
ba3cfb51-bfe2-41e9-9227-138d2c63953a,Print Studio Press,Print Studio Press,,,,,
87e1f81b-52b2-4f76-bf79-835b503b59b6,Garden City Association,Garden City Association,,,,,
762fbcee-89b1-489b-8978-6797c04550bd,Manchester United,Manchester United,,,,,
515d54e4-af21-4840-af37-1025a92721ec,American Academy of Arts and Sciences,American Academy of Arts and Sciences,,,,,
f3fe9b2d-7dac-4959-9371-8f680360481e,Authors' Foundation,Authors' Foundation,,,,,
a376dc97-5cbf-465b-a78b-da4a58c32886,British Lion,British Lion,,,,,
f54a9527-2801-4856-b01f-77da07c3482d,Merrion Press,Merrion Press,,,,,
4270fa9e-af91-4d7b-abc7-22b8fca0cc28,Kabuki Za,Kabuki Za,,,,,
158742f5-b77b-4f3f-acae-076a555c997c,Maternity and Infant Welfare Centres,Maternity and Infant Welfare Centres,,,,,
2ee8e53c-ca30-43e4-97ad-6a836d1d9548,University of Sofia,University of Sofia,,,,,
6c639578-5fbf-4202-aa6f-dc79de4061ed,University of Buenos Aires,University of Buenos Aires,,,,,
72913faf-ef13-40a4-b809-cb2229f62492,Lima Geographical Society,Lima Geographical Society,,,,,
7ced66a4-54cd-4fa8-9a58-63485774c583,Rochdale Pioneers,Rochdale Pioneers,,,,,
ce9ceb7d-bbf9-4f08-95dc-a433c53268b1,Grayson and Grayson,Grayson and Grayson,,,,,
a18daaf4-d5d5-4874-8ea3-a101401e7e16,Tecumseh Press,Tecumseh Press,,,,,
4f15a5a3-a2bf-41c0-8e5a-3d81debbec13,"Queen's College, Oxford University","Queen's College,, Oxford University",,,,,
04c82b4d-3d52-419f-a905-aca2b4d7b913,Elizabeth Arden,Elizabeth Arden,,,,,
cd047c15-8106-4048-aa86-65866bb9aff3,Miles Malleson,Miles Malleson,,,,,
81c520e2-6f6a-4e48-b00b-8d5e1464c36e,Dalkey Archive,Dalkey Archive,,,,,
bf2992b2-43ba-4ed8-b059-9f31b7e4ad35,Group of Seven,Group of Seven,,,,,
3de2ca92-84df-4360-acb2-40b977e0dfd6,Friends' Mission,Friends' Mission,,,,,
091c6561-d237-4ff6-b620-8574a39b0680,Literary Guild of America,Literary Guild of America,,,,,
852996a7-b3ca-4553-b122-bdbf8135fb0f,Sharecroppers Union,Sharecroppers Union,,,,,
f2b41101-328e-4b27-957d-38c0f260e245,Brownies,Brownies,,,,,
0fe487a7-67a7-4e1f-b3ef-28a29b166b07,North Sea Aerial Navigation Company,North Sea Aerial Navigation Company,,,,,
a64a919b-e2cc-4884-824c-97011ba72e4c,Portfolio Club,Portfolio Club,,,,,
54dc08c6-d256-45ac-ae23-1ca4a7a3885f,Rough Magic Theatre Company,Rough Magic Theatre Company,,,,,
532f55d9-fede-43d9-a363-ac353a0f77d6,Georgia College and State University,Georgia College and State University,,,,,
6dfd1d07-e33b-49fa-9834-34ffaf23e3b4,Ketridge House,Ketridge House,,,,,
a101b4b0-7b9c-42e4-9229-62d1c4aa2d94,National League for Opposing Women's Suffrage,National League for Opposing Women's Suffrage,,,,,
a808aa5d-6fac-498f-bf65-6f09c478768c,Female Friendly Society,Female Friendly Society,,,,,
4a805f7e-dd95-4e3e-8313-148a703a3745,Ayer Company,Ayer Company,,,,,
f072f44e-7868-4e9b-a756-cefbee858958,Schools of Design,Schools of Design,,,,,
0c228aa7-113d-4121-862e-726cdde97f5b,Society of Friends' Peace Committee,Society of Friends' Peace Committee,,,,,
c5afd3c5-fab4-4ec1-9603-a3edb2cc9aff,Court of Common Pleas,Court of Common Pleas,,,,,
055b712f-fbb0-4997-8434-fc1c04d67953,Police Foundation,Police Foundation,,,,,
e01a6656-c64a-4989-a4aa-3ac95706aa28,University of Wisconsin,University of Wisconsin,,,,,
4dc81e11-a55c-4b03-a9cc-eb8af9be2ee0,Federated Schools for Policewomen and Patrols,Federated Schools for Policewomen and Patrols,,,,,
30dc482a-9c50-4c3a-8e5d-bda49eec577e,Women's Auxiliary Forces,Women's Auxiliary Forces,,,,,
dbf91a69-99e4-4803-b0fc-be4d530ae86a,R. Denham,R. Denham,,,,,
2740ad20-9442-45bd-9fbf-e98e06556ce4,Burns and Oates,Burns and Oates,,,http://viaf.org/viaf/311378618,http://viaf.org/viaf/311378618,
eb1a33ac-421d-49d1-ac31-0b1b576d23dd,Middlesbrough Theatre,Middlesbrough Theatre,,,,,
5c0304b5-ec55-4fd9-b1da-638980bbd724,Bombay Army,Bombay Army,,,,,
74d7068c-11f6-41fd-80be-be2907ea6dab,Russian Social Democratic Party,Russian Social Democratic Party,,,,,
0a71eb24-3491-4eb9-a172-bd5fd4565518,Grand Trunk Railroad,Grand Trunk Railroad,,,,,
abe9c604-f461-402b-9fa7-d5c09eed1010,Irish National Theatre Society,Irish National Theatre Society,,,http://viaf.org/viaf/315626238,http://viaf.org/viaf/315626238,
997ea08e-c6af-42cd-8da2-e6afd31edc36,New York Herald Tribune,New York Herald Tribune,,,,,
4f523203-5359-44cb-8a4b-67467cd77ee5,Loughborough University,Loughborough University,,,,,
4884de0f-c477-411c-b8cd-39c03115006c,"Arts Council England, East Midlands","Arts Council England,, East Midlands",,,,,
9a9d1fca-27ba-4dc4-a7f2-7fda40b18441,Southern Illinois University,Southern Illinois University,,,,,
b263ecdb-2080-421c-9e4a-ba469ba0f0c6,Robert Browning Society,Robert Browning Society,,,,,
fb61b2ac-028a-491c-9978-79affd247c27,Gay and Hancock,Gay and Hancock,,,,,
a9ddf2e9-5725-44ec-ab72-7c7cf4363300,Church of Scotland Mission,Church of Scotland Mission,,,,,
3f9a0981-a99a-4f8f-9188-d1cd1656329f,Liverpool Sunday Society,Liverpool Sunday Society,,,,,
354b81b7-1197-4975-a85b-0a848165d0e8,Black Panthers,Black Panthers,,,,,
41220276-4b3e-4e10-a435-59e2bcf238a8,Kew Gardens,Kew Gardens,,,,,
0c61a729-03c0-4a96-94ad-f02b4f550d42,Thomas Berthelet,Thomas Berthelet,,,,,
9d9e4105-d427-4cb1-a40c-06c87eaba9c5,Society for the Suppression of the Opium Trade,Society for the Suppression of the Opium Trade,,,,,
1ec3c376-618b-40bd-9b92-5b8be51a4982,Highbridge Audio,Highbridge Audio,,,,,
24bb6c8e-d60d-4f54-8bfa-4ed347881ee7,Advisory Conciliation and Arbitration Service,Advisory Conciliation and Arbitration Service,,,,,
e933af24-9140-4262-b90a-2d43c868127e,Progressive League,Progressive League,,,,,
7bae841a-1fbf-424f-9310-658a1192d96f,League of the Three Emperors,League of the Three Emperors,,,,,
3e97d5f6-986b-4dda-87f8-4c3b5c38cf46,Mary Datchelor School,Mary Datchelor School,,,,,
36266a81-194e-463d-b17d-957a6aba814a,Oxford Committee for Famine Relief,Oxford Committee for Famine Relief,,,,,
3d1f8572-a4f2-4b1a-b258-8d5a7caaa94b,Dominican Convent,Dominican Convent,,,,,
f91939aa-e572-4dda-a325-ea613cf1113d,Barrie and Jenkins,Barrie and Jenkins,,,http://viaf.org/viaf/133830549,http://viaf.org/viaf/133830549,
3fca6707-41da-4531-9278-3679ce06f838,Morley College,Morley College,,,http://viaf.org/viaf/131603013,http://viaf.org/viaf/131603013,
96beee8e-10a9-4a03-897c-487f7f821397,Royal School for Daughters of Officers of the Army,Royal School for Daughters of Officers of the Army,,,,,
f177f23c-35e4-440a-8ad2-8df9d110d8b2,Cathay Pacific,Cathay Pacific,,,,,
41509eb0-b175-4a51-b49b-99006ebdd9f7,London Women's Suffrage Society,London Women's Suffrage Society,,,,,
51e62299-c90e-40f0-bc51-fcc77a9ae6d5,Irish Genealogical Research Society,Irish Genealogical Research Society,,,,,
dfe220d4-9b37-4bd8-a0b9-6fa9b2cb4a8d,Hydropathic Hotel,Hydropathic Hotel,,,,,
5c8ecb6b-4184-4d70-8bef-540f42574e10,James W. Bell,James W. Bell,,,,,
fb7fba38-bc13-4d5f-a131-8da44d174a3c,University of Cape Town,University of Cape Town,,,,,
853987c2-14fc-4a44-92d2-8913a5b46e09,Scientists Institute for Public Information,Scientists Institute for Public Information,,,,,
89d95b09-d436-4861-80ce-fd9f1bd6c358,Ada Project,Ada Project,,,,,
70231506-68f7-4e78-9d5d-d49f6417ec10,Amadeus Quartet,Amadeus Quartet,,,,,
5418aa3f-455d-4633-b67e-fff6ba0249c4,Manchester Royal Exchange,Manchester Royal Exchange,,,,,
a8435f2d-5852-4a4e-a7fb-0df0dc6b7447,Sunni,Sunni,,,,,
9e0794b3-a3a7-46b5-b37e-8fa87ddf348b,John Ollivier,John Ollivier,,,,,
618321a5-8335-4190-9729-f14e797517be,University of Warwick,University of Warwick,,,,,
e6a50fc2-5349-438d-8620-e2223a540669,Foundery Society,Foundery Society,,,,,
4e2687ca-1d44-4d47-866d-fa25b5e5e56f,Harley Street Women's Hospital,Harley Street Women's Hospital,,,,,
4c8aef6f-9afe-4e46-a0c4-b74f84478633,Young Italy,Young Italy,,,,,
abf48ca7-de3c-44de-ac83-65f47371bca6,New Yorker,New Yorker,,,,,
6f42c655-1d2c-4481-8206-f088b11dae58,Mansfield Traquair Trust,Mansfield Traquair Trust,,,,,
d35fa11d-2c68-4bda-beb2-48f82dca204d,International Peace Campaign,International Peace Campaign,,,,,
3aeb136a-c6ae-4cd1-8ffb-70d3f713ad2f,Commission of the Peace,Commission of the Peace,,,,,
a90556ff-abf3-482a-b1d7-dabcf0bf4efc,Loyola University New Orleans,Loyola University New Orleans,,,,,
28f8dcf0-705d-408a-bcf0-2cbca10d2cc4,Shurey's,Shurey's,,,,,
f5db6551-0606-4506-8ff0-01d55afd52f1,Working Ladies' Guild,Working Ladies' Guild,,,,,
3181b494-82ba-47d6-89ec-ae8d22ba236a,Worcester Foundation for Experimental Biology,Worcester Foundation for Experimental Biology,,,,,
0a04147a-7c04-4028-8161-6c49abcc7341,Centers for Disease Control,Centers for Disease Control,,,,,
5d71d817-0d19-49e7-a233-ae25cac30092,Legislative Assembly,Legislative Assembly,,,,,
01dba9db-7e61-4f23-9496-319f0ec0adb8,Clean Break,Clean Break,,http://www.wikidata.org/entity/Q19871987,http://viaf.org/viaf/151521363,http://viaf.org/viaf/151521363,http://www.wikidata.org/entity/Q19871987
2bb8e0f7-c189-4ea0-91ce-31004d77ac7b,Feminist Anti-Censorship Task Force,Feminist Anti-Censorship Task Force,,,,,
1a1911d7-1734-4689-939f-b3989f3f8f3d,Western Feature Film,Western Feature Film,,,,,
0cec7063-043c-43dc-80e0-03c9f126de47,Richmond Avenue Housing,Richmond Avenue Housing,,,,,
be23e38a-9a2b-492b-aafe-06935fff1d1e,"Women's Debating Society, University of St Andrews","Women's Debating Society,, University of St Andrews",,,,,
54e05116-a88d-41e4-b970-9cd8fd4a5a86,Dignitas,Dignitas,,,,,
26d5483c-c709-457e-9428-6449329bbb44,Rhodes Company,Rhodes Company,,,,,
bf76637c-6483-4b60-ada1-66018a09cbfe,Australia Council for the Arts,Australia Council for the Arts,,,,,
fecb3b75-32f4-4d61-b94f-1936546e2118,Charles Doran Shakespeare Company,Charles Doran Shakespeare Company,,,,,
c058fe37-222a-4673-b960-58511d63ae09,European League of Economic Co-operation,European League of Economic Co-operation,,,,,
91f3564a-ce97-4bbc-a37e-c177fadfc32c,Threshold Theatre,Threshold Theatre,,,,,
4d5dd772-29ee-49c5-bb4f-76bd88acf799,MIND,MIND,,,,,
e3da6939-94c7-456a-8401-874457e7d19f,Jargon Books,Jargon Books,,,,,
95f6b70c-d78d-477b-9ed8-beeaa7ff993b,Knights Hospitaller,Knights Hospitaller,,,,,
bc18681a-f8bb-4ce9-ae8e-d1b0a02bebdf,National Council Against Conscription,National Council Against Conscription,,,,,
a447c164-6a30-483c-ac2d-8f7f2cc13777,"Southall, Barclay, and Company","Southall,, Barclay,, and Company",,,,,
768ad553-b90d-43fc-a8c4-3201b645b121,General Books,General Books,,,,,
1ad6927b-2138-4b8b-ae4e-6b074d0e0d7d,Social Science Research Council,Social Science Research Council,,,,,
49abbfae-2c7f-4e94-93af-0ce1ef34ae08,Verdant Factory,Verdant Factory,,,,,
abdbc478-106a-429d-bc94-51d850dbfdda,Johns Hopkins University,Johns Hopkins University,,,,,
28fcd50f-1926-4ec3-8ecd-5e944569dece,International Summer Institute for Semiotic and Structural Studies,International Summer Institute for Semiotic and Structural Studies,,,,,
e5111792-f1c4-4295-a148-b33e9a66ff4e,African Theatres Ltd,African Theatres Ltd,,,,,
b742982e-d186-430a-a05a-8ad9969be5fb,Royal Commission on Historical Monuments,Royal Commission on Historical Monuments,,,,,
db18dea5-e149-469b-89d7-f037bbb47902,Resistance,Resistance,,,,,
e8e38e86-5934-4720-a461-e1f42fd56764,Stationers' Register,Stationers' Register,,http://www.wikidata.org/entity/Q2133775,,http://www.wikidata.org/entity/Q2133775,
1cc2cda0-dd08-41fe-8d8c-aceeb5973500,Civil Service Athletic Association,Civil Service Athletic Association,,,,,
53e33c8c-da1c-4cd5-bf97-0af3e4e73b60,Newbury District Hospital,Newbury District Hospital,,,,,
ac4f69af-817c-4836-846f-c985fd51651c,Tramway Workers,Tramway Workers,,,,,
e878e357-95cf-40bb-8f2d-03c471b2583a,Working Tailors' Joint Stock Company,Working Tailors' Joint Stock Company,,,,,
3130213b-f041-4acd-8fd8-002c8ada4374,John Chapman,John Chapman,,,http://viaf.org/viaf/14820783,http://viaf.org/viaf/14820783,
b39d0db2-c42e-4fbe-bf5e-e76372096255,Talon Books,Talon Books,,,,,
a9fc787b-1df7-4ac6-91b5-ba3488199687,Constellation,Constellation,,,,,
88f19f83-a469-4e3c-b749-b9a1cdcfb452,Kings Consort,Kings Consort,,,,,
a66cf3e8-3489-47c0-a60a-efb45a7d8c8d,Benford Ltd,Benford Ltd,,,,,
8abba2f4-5f58-4b9e-af7e-f2bc8302cdea,Chester County (PA) Historical Society,Chester County (PA) Historical Society,,,,,
bb3dd7cb-b128-4e1c-9f6d-afaea96d7d02,Warwick Arts Centre,Warwick Arts Centre,,,,,
6f9903d3-66db-4d81-bb9c-07fe04c6c09e,18th Royal Irish Regiment,18th Royal Irish Regiment,,,,,
79d8d508-2cc0-4390-b9c7-a5842b51f07b,Edwards Library of Egyptology,Edwards Library of Egyptology,,,,,
bd80c469-b1f3-4f17-9963-f3b22cdde866,College of Preceptors,College of Preceptors,,,,,
36c0fbf9-64d0-4316-822a-c05834498434,"Victoria School for Girls, Belfast","Victoria School for Girls,, Belfast",,,,,
735b9dda-b226-4e83-bb07-82cac5aba249,Metropolitan Water Board,Metropolitan Water Board,,,,,
60c583bb-7f22-4802-9d73-dae6debf4f5b,Bryn Mawr College,Bryn Mawr College,,http://www.wikidata.org/entity/Q995265,http://viaf.org/viaf/156742565,http://viaf.org/viaf/156742565,http://www.wikidata.org/entity/Q995265
4044dc7b-2024-4e34-be74-8339fdb981d2,I. G. Farben,I. G. Farben,,,,,
b034ff2b-91b1-4cfd-a82c-1bf1c7c1ab2f,Women's Advisory Committee,Women's Advisory Committee,,,,,
c0f83446-a62b-4b3e-adac-f348488de2c3,Mycroft and Moran,Mycroft and Moran,,,,,
1c7bf624-176d-40d5-87cb-2ead2844429a,Pisces Press,Pisces Press,,,,,
5a78f7e6-49b7-44df-bee7-3d154a663b85,Tartarus Press,Tartarus Press,,,,,
9aa6d04e-6577-4e3c-907e-915bdb734a07,Poetry Archive,Poetry Archive,,,,,
fe5451b2-e31f-47f6-b25e-dba96f0e48b0,W. Justins,W. Justins,,,,,
5f4cb39b-3f8c-4b92-a266-a589a05ec7e3,Institute of Economic Affairs,Institute of Economic Affairs,,,,,
78abff35-160e-4ed6-8f1b-15c4162a243b,Rotunda,Rotunda,,,,,
dc62d4ca-c394-4c1f-972e-4c3dcc87f3f2,Radcliffe Institute for Advanced Study at Harvard,Radcliffe Institute for Advanced Study at Harvard,http://vocab.getty.edu/ulan/500307214,,,http://vocab.getty.edu/ulan/500307214,
8d47cd90-12ad-46b5-a37c-ce1cbb82b0bd,Botswana Book Centre,Botswana Book Centre,,,,,
c862b471-55ad-49bc-8678-9dff2c5fc5ce,Chesterton Hospital,Chesterton Hospital,,,,,
552122f8-aca9-4469-a2a0-b039e82b0135,Marshalsea Prison,Marshalsea Prison,,http://www.wikidata.org/entity/Q2603875,http://viaf.org/viaf/157385149 | http://viaf.org/viaf/9531151595795905470002 | http://viaf.org/viaf/Q17104646,http://viaf.org/viaf/157385149,http://viaf.org/viaf/9531151595795905470002 | http://viaf.org/viaf/Q17104646 | http://www.wikidata.org/entity/Q2603875
54642951-1264-4621-8391-4958e5a4f677,National Consumers League,National Consumers League,,,,,
720dc9bc-7553-4f1c-ae60-8a22f40785ba,Crown Theatre,Crown Theatre,,,,,
dbb9b438-b848-4297-b0e3-862ca5e3cb57,Sotheby,Sotheby,,http://www.wikidata.org/entity/Q654762,http://viaf.org/viaf/797145858160822976512,http://viaf.org/viaf/797145858160822976512,http://www.wikidata.org/entity/Q654762
9f7a94e0-1b97-4c18-8faa-e1d7ee10846d,Dorothy Richardson Editions Project,Dorothy Richardson Editions Project,,,,,
fc692183-b658-451e-983c-1c4cea14a1f7,National Union of Mineworkers,National Union of Mineworkers,,,,,
69dfc4b2-d001-4067-ab27-7f43f3b84b89,Positivist Society,Positivist Society,,,,,
eb659a6d-6c47-4eeb-aac8-8e3609ec4f7f,National Union of Working Women,National Union of Working Women,,,,,
c6fb17a5-195c-4a99-965c-689cdcb8894a,Irish Trades Union Congress,Irish Trades Union Congress,,,,,
ff99e5fb-1e40-4fa5-a7af-6cbf713bd92e,Ellen Terry Memorial Museum,Ellen Terry Memorial Museum,,,,,
ef5b8bb5-86c5-498e-877a-48897198306b,Hope Brothers,Hope Brothers,,,,,
f457f476-44a0-410e-9de9-435916aed627,National Organization for Women,National Organization for Women,,,,,
2ea85b8e-9421-43b8-a758-715c74248271,The Wizarding World of Harry Potter,The Wizarding World of Harry Potter,,,,,
a48fa3b2-5790-4b42-a2ce-70c7443afe71,Association for the Improvement of Workhouse Infirmaries,Association for the Improvement of Workhouse Infirmaries,,,,,
091a7b59-9d35-4f45-b5e9-97ba53c88eb0,Home for Discharged Female Convicts,Home for Discharged Female Convicts,,,,,
1e860319-2a29-4fe3-8e43-b74b752be95e,Conservative and Unionist Women's Franchise Association,Conservative and Unionist Women's Franchise Association,,,,,
7156c7fb-ae56-4903-9f83-2f4c841bafef,Arcola Theatre,Arcola Theatre,,,,,
64eef2b8-2b51-4974-abbd-950900c62c76,W. H. Smith,W. H. Smith,,,http://viaf.org/viaf/134549391 | http://viaf.org/viaf/140622569 | http://viaf.org/viaf/313555659 | http://viaf.org/viaf/4270164661917603390009 | http://viaf.org/viaf/62146574894938150710,http://viaf.org/viaf/134549391,http://viaf.org/viaf/140622569 | http://viaf.org/viaf/313555659 | http://viaf.org/viaf/4270164661917603390009 | http://viaf.org/viaf/62146574894938150710
1513a015-5c2f-409c-a415-b81caf937eac,Community of St Denys,Community of St Denys,,,,,
e21491f7-d780-4a6a-89c4-6c4a6ec3daf6,Canadian Manufacturers' Association,Canadian Manufacturers' Association,,,,,
534bb5fe-7623-4d05-8a35-aee1760e16df,Arlen House,Arlen House,,,http://viaf.org/viaf/142299454,http://viaf.org/viaf/142299454,
0508e429-1da4-446e-a520-ab813a2c5947,Laurie,Laurie,,,,,
5d22a908-2985-4fa5-ad8a-c413e7316d5c,Partridge and Oakey,Partridge and Oakey,,,,,
90eca90b-de34-4b92-8766-fce1e543290d,King's Council,King's Council,,,,,
a22a28eb-67d1-41f1-a2e5-dbd032a2fe5e,Chrysler,Chrysler,,,,,
a8966122-85d9-40ed-96e4-09e9a87af491,Peter Nevill,Peter Nevill,,,,,
173af7ab-d21a-4654-ab75-58b12ba3b617,Women's Loyal National League,Women's Loyal National League,,,,,
ae11794f-8e8a-4278-828f-4673fcbde1b2,Anti-Vivisectionist Society,Anti-Vivisectionist Society,,,,,
d2cca7a6-3b6f-46fe-87f0-043f2efc9d80,Barbados Assembly,Barbados Assembly,,,,,
9efaa0f0-80c2-43a3-82de-132012156835,Hallmark,Hallmark,,,,,
70d39b2c-0d18-4af0-9700-481320e4d07f,Mason Brothers,Mason Brothers,,,,,
311f8ff2-3738-4fae-9a03-f05f2eb58da9,Boston Female Anti-Slavery Society,Boston Female Anti-Slavery Society,,,,,
93cbe6c6-aa90-4bec-98e8-4e1694928280,Princess Elizabeth Orthopaedic Hospital,Princess Elizabeth Orthopaedic Hospital,,,,,
96fdbbb0-801d-4261-bed3-2445b3a45808,De Montfort University,De Montfort University,,,,,
497ac119-d0f9-40db-a898-84306acebe58,Northcliffe Prize,Northcliffe Prize,,,,,
b990f252-e075-4e7d-9a6f-b4a086b7b1b9,Birmingham Public Library,Birmingham Public Library,,,,,
13119906-1091-44ff-9a79-c45e5dc3e0ea,Royal School of Mines,Royal School of Mines,,,,,
dc4213a2-3b03-45b9-824a-14c4313fa141,Women's Auxiliary Services,Women's Auxiliary Services,,,,,
4b21a782-a904-4c5e-892a-ddddd6c975fe,John Lehmann,John Lehmann,,,,,
36f2e76d-350b-4e42-a8b6-e052268f0194,Society of Women Musicians,Society of Women Musicians,,,,,
523c65f3-7468-4a4a-98c4-a331a1d88617,Committee on Food Habits,Committee on Food Habits,,,,,
1ceeab30-9fde-4474-978d-ec241c544f79,Czech House,Czech House,,,,,
f4083707-a7ab-43a3-be87-973d90d625d8,London Corresponding Society,London Corresponding Society,,,,,
ba993d4f-2c85-4a06-a6f0-ae06f4ad9db6,Queen's Nursing Council,Queen's Nursing Council,,,,,
c6741281-9139-49d5-93a9-609ed7a4917b,Obelisk Press,Obelisk Press,,,,,
8a77fb4f-0e5f-4f52-9c85-447a4b6b6b55,Society of Graphical and Allied Trades,Society of Graphical and Allied Trades,,,,,
07f83bbe-7bc3-4176-bbbf-7e2fa2236a67,Combined Sub-Committee,Combined Sub-Committee,,,,,
c9f27ba9-0ef9-43f1-b9f4-e366ec89f921,Sibford School,Sibford School,,,,,
b10b98ba-3de0-499a-a882-ef046650352e,Bryant and May,Bryant and May,,,,,
e58a713c-70ad-4793-a18b-41c8fee172d9,Rauner Special Collections Library,Rauner Special Collections Library,,,,,
bf6d2d5b-b7b8-4c56-9b36-8ff304850804,Coleraine University,Coleraine University,,,,,
cae3aaf1-ac05-44f9-bd0d-f83f52f096cf,World Pacifist Meeting,World Pacifist Meeting,,,,,
4faca028-dd6b-493d-8d09-a7fc1a814c8e,Black Dyke Mills Band,Black Dyke Mills Band,,,,,
7676bb6b-757a-460c-b31d-80ee5e644861,No-Conscription Fellowship,No-Conscription Fellowship,,,http://viaf.org/viaf/148926970 | http://viaf.org/viaf/51145857783923020136,http://viaf.org/viaf/148926970,http://viaf.org/viaf/51145857783923020136
ea3b33d0-8476-4128-aeb9-70165fc5c076,Mississippi Department of Archives and History,Mississippi Department of Archives and History,,,,,
e7a7323f-8a8e-461e-80db-0fbcec25cb8a,Trischler and Co.,Trischler and Co.,,,,,
dfb05030-fc8a-4721-8771-681516930aef,Barney Car Works,Barney Car Works,,,,,
c43458e6-50e0-44a1-a7c6-17c1f8f7f4a1,Consumers' Association,Consumers' Association,,,,,
04a66a16-68f2-4724-8c54-9073abc8a950,Westminster Arts Council,Westminster Arts Council,,,,,
d3c55a81-0847-40a3-99e2-5a66fa2a7362,Phoenix Society,Phoenix Society,,,,,
a1e798e3-922a-4122-b4b1-bed3e89fb014,Certain Members of the Detection Club,Certain Members of the Detection Club,,,,,
e9d82a2a-daaf-46d2-843d-15760c98ec40,Tate and Lyle,Tate and Lyle,,,,,
aaefdc08-b379-4c01-980e-18d2742d6a99,"Worcester College, Oxford University","Worcester College,, Oxford University",,,,,
c2f85e21-3826-4047-a8eb-f8ae35b5a4c3,Shakespeare and Company,Shakespeare and Company,,,http://viaf.org/viaf/131385452,http://viaf.org/viaf/131385452,
0a61e74c-9063-4372-bfe7-b0a742280372,John Maxwell,John Maxwell,,,,,
2dc1c3f6-156f-4225-a66a-b3066d1a2f78,G. Harrap and Company,G. Harrap and Company,,,,,
7cd91994-63af-49c5-bfba-1f4cb9674094,Association for the Repeal of the Taxes on Knowledge,Association for the Repeal of the Taxes on Knowledge,,,,,
6dcffa65-42ef-410d-9887-d128d0a98c17,Groote Schuur,Groote Schuur,,,,,
f1222b6d-39aa-4239-903f-3fa3c06a15d6,Children's Minimum Committee,Children's Minimum Committee,,,,,
0b5ccd48-540a-4e75-afd8-680646d07534,Zimbabwe Book Fair,Zimbabwe Book Fair,,,,,
53630014-6996-4248-9184-0154f612c114,Colonial Civil Service,Colonial Civil Service,,,,,
9cc50614-d5ea-4a2c-a6ab-0859f29c6ba4,Ellis and Scrutton,Ellis and Scrutton,,,,,
dd493149-0342-4d10-bf4d-816176364bd3,Marshall Japp and Company,Marshall Japp and Company,,,,,
a4395ff0-3889-4c2b-ac0a-75871a332bef,Milford Haven Grammar School,Milford Haven Grammar School,,,,,
47710b5b-9627-4981-991f-bb319bd60d9b,United Kingdom Temperance and General Provincial Institute,United Kingdom Temperance and General Provincial Institute,,,,,
ec1e8a16-849f-4a61-ae1e-02494ff92f63,Crown Prosecution Service,Crown Prosecution Service,,,,,
120a9f2e-98a5-4490-8a86-c65ae3e15ea9,Jewish Association for the Protection of Girls and Women,Jewish Association for the Protection of Girls and Women,,,,,
9dc7ea33-ff32-44cd-aafb-f4809e602e65,Women's Suffrage Sociation of America,Women's Suffrage Sociation of America,,,,,
4dad8f4c-7c96-4a13-ac5c-32da1bf402fa,Merchant Adventurers' Company,Merchant Adventurers' Company,,,,,
3ce4164b-885d-47dc-bd9b-59e865acf9f0,"Lady Margaret Hall, Oxford University","Lady Margaret Hall,, Oxford University",,http://www.wikidata.org/entity/Q951946,http://viaf.org/viaf/142359551,http://viaf.org/viaf/142359551,http://www.wikidata.org/entity/Q951946
fecf0f1c-6cbf-4030-9bb2-559b11b7e22a,Communism,Communism,,,,,
29b78f78-bfbf-49e9-9fd4-4706750ab7f4,Webb and Bower,Webb and Bower,,,,,
cb23f82e-018e-4682-9c2b-947f50b7e3c6,Commission for Architecture and the Built Environment,Commission for Architecture and the Built Environment,,,,,
ee243e39-1e04-4581-aa6d-c18f8e2e0433,University of Southampton,University of Southampton,,,,,
4230922c-47d8-4f35-bc96-1fc33f73a13a,Court of Exchequer,Court of Exchequer,,,,,
fc2ce244-af71-49dd-adf1-0f615cb5f615,Université de Paris VIII,Université de Paris VIII,,http://www.wikidata.org/entity/Q1194988,http://viaf.org/viaf/138100231 | http://viaf.org/viaf/139671654,http://viaf.org/viaf/138100231,http://viaf.org/viaf/139671654 | http://www.wikidata.org/entity/Q1194988
e98e3eca-cd03-4183-881d-a3af6a708da3,South Manchester Primrose Habitation,South Manchester Primrose Habitation,,,,,
d1976165-4e9f-4253-a015-fc6dee9dec65,Cramer,Cramer,,,,,
5b105b05-14b7-40c3-9b37-74465d133b23,Brooks Advisory Centre,Brooks Advisory Centre,,,,,
9055e7ae-9d9c-4a33-8644-e4cd7aab0d34,Community of the Holy Rood,Community of the Holy Rood,,,,,
98cfb5b9-c74a-49eb-a991-5498007befc3,Brindishe Primary School,Brindishe Primary School,,,,,
3ee202dc-47c7-4913-9cef-a6bd658b0efa,West Sussex Records Office,West Sussex Records Office,,,,,
152e5dac-a878-411d-a1f8-ea46f7ac73d6,Liver Motor Car Depot and School of Automobilism,Liver Motor Car Depot and School of Automobilism,,,,,
e1e603b8-187f-4a1d-af96-14025ab39750,Wesley College,Wesley College,,,,,
43937101-392c-418c-85a3-da58e49917eb,London Terminal Aerodrome,London Terminal Aerodrome,,,,,
619be9cc-4317-4930-9afb-3a7496dd4d80,C. K. Paul,C. K. Paul,,,,,
3d29d798-d039-4378-bd5b-80844e97aad1,University of Manitoba,University of Manitoba,,,,,
592fb05e-c1b8-4d9b-aa35-cbdf5cb6b860,Women's Library,Women's Library,,http://www.wikidata.org/entity/Q8030967,,http://www.wikidata.org/entity/Q8030967,
1d14c09b-40a8-4887-8e13-c30d031e3c76,W. J. Gage and Company,W. J. Gage and Company,,,,,
244af217-6666-4cea-b3e2-e7edd7a523cc,Imperial Institute,Imperial Institute,,,,,
31bfabc3-e8f5-4c62-9f72-58a153875248,Fanfrolico Press,Fanfrolico Press,,,,,
8fea27a5-63f6-49b1-b259-48da5e8bc4b5,Art Gallery of Ontario,Art Gallery of Ontario,,,,,
88a4bdcd-0365-4489-b44c-887b7be12701,Female Trouble,Female Trouble,,,,,
0989b196-8c8c-492c-b5a9-9b900b7a2f78,Bethnal Green Museum,Bethnal Green Museum,,,,,
d5cf7534-d06d-4955-9046-29083e721170,Mormonism,Mormonism,,,,,
2dee66e0-7889-417b-922a-ac57509db97e,Lincoln's Inn Fields Theatre,Lincoln's Inn Fields Theatre,,http://www.wikidata.org/entity/Q13142759,http://viaf.org/viaf/145708164,http://viaf.org/viaf/145708164,http://www.wikidata.org/entity/Q13142759
2c4979e4-02bf-4192-83f8-f19cc03da900,American Woman Suffrage Association,American Woman Suffrage Association,,,,,
943b6ec0-2bdf-484e-ac0c-96be42f1c7a8,Playhouse Theatre,Playhouse Theatre,,,,,
a1324fc3-dab8-428b-8cf7-d2929042fa2a,"Thomas P. O'Neill Library, Boston College","Thomas P. O'Neill Library,, Boston College",,,,,
d5173519-3f8b-470b-98eb-064350c3b200,Lucy Stone League,Lucy Stone League,,,,,
9a664e81-bcf7-4f69-8ed5-18653a548119,University of Khartoum,University of Khartoum,,,,,
ad709349-a1ca-484e-926f-e9beaf20348d,British Expeditionary Force,British Expeditionary Force,,,,,
fd43caf6-7e0a-4b27-bbf5-cb38f60b1685,"Bevington, Vaizey and Foster","Bevington,, Vaizey and Foster",,,,,
c9fa86fa-e8f4-46ac-986c-8cc74876591b,Women in Science,Women in Science,,,,,
de4589f7-b544-48d4-8c5a-e9fc20b229ab,Medico-Psychological Clinic,Medico-Psychological Clinic,,,,,
a7b6d97f-a0da-4859-a5b6-09f339044548,Whitehall,Whitehall,,,,,
419718d0-5486-4f37-b557-6c020c91b45a,Adam Islip,Adam Islip,,,,,
986177c7-db27-41f1-859b-ce42972c5706,Keele University,Keele University,,,,,
c7a185b6-9abf-4f7d-bf43-6f08c553cd2a,Mrs Edwards' School for Young Ladies,Mrs Edwards' School for Young Ladies,,,,,
d05e5b9a-4e58-4558-b0b3-7ac30d0690d2,Tegen-Beeld,Tegen-Beeld,,,,,
83240874-c8f4-4a72-b231-64ccb842cb0d,English College Press,English College Press,,,,,
3db70748-2f4f-419b-890c-1e7cc90c6227,Vienna Psychoanalytic Society,Vienna Psychoanalytic Society,,,,,
ae825b26-2241-44d9-863b-179a0c5838cd,Manchester University Press,Manchester University Press,,,http://viaf.org/viaf/124280108,http://viaf.org/viaf/124280108,
9a45fcd4-b2d2-4982-952a-86a76ca16d75,Apple Computers,Apple Computers,,,,,
a95b7054-0a22-46e4-a2b0-c7764e716025,"King's School, Canterbury","King's School,, Canterbury",,,,,
9c69381b-8c79-4cb9-914f-ed557ad8bea4,"Diana, Princess of Wales, Memorial Fund","Diana,, Princess of Wales,, Memorial Fund",,,,,
6bed83f6-0ab8-4c49-a0ac-413dd9135199,Paris Press,Paris Press,,,,,
496d3c05-971d-4f12-b03d-95ce627f8830,Charles F. Higham Limited,Charles F. Higham Limited,,,,,
3d83c773-8cf3-4874-b08d-a300c5629f1a,David Zwimmer Books,David Zwimmer Books,,,,,
b30a0139-4869-4860-ba9a-f55f3c2f3531,Boxer Indemnity Fund,Boxer Indemnity Fund,,,,,
86590549-2fe0-4e36-b962-95a906ba2d9d,"Queen's Theatre, Hull","Queen's Theatre,, Hull",,,,,
71544858-a8c5-4250-951c-b396c0241263,Library of Congress,Library of Congress,,,http://viaf.org/viaf/151962300,http://viaf.org/viaf/151962300,
c9e5ec96-bf54-4ca3-afc6-7eb4b548d2ab,Strangers' Friend Society,Strangers' Friend Society,,,,,
773fa2c8-d9cc-4137-b476-cde24a70d62b,Treatment Action Campaign,Treatment Action Campaign,,,,,
cdbd0e1f-f320-45d7-99de-956b98753e1f,Royal College of Nursing,Royal College of Nursing,,,,,
85fb3dea-6536-4d47-83ab-0faf76160b7a,South Sea Company,South Sea Company,,,http://viaf.org/viaf/154426088,http://viaf.org/viaf/154426088,
0d0ee327-8243-4522-a368-674006818b97,Friendly Societies,Friendly Societies,,,,,
b3e3ef14-f415-457a-a182-ee3641019fe9,Tring Chamber Music,Tring Chamber Music,,,,,
a1fead0e-e293-4d62-96ba-99c85f56a0c4,Fortune Theatre,Fortune Theatre,,,,,
42c2c69d-2f51-4b45-9ec9-99edbdf910fd,Penns in the Rocks Press,Penns in the Rocks Press,,,,,
2a374b49-0bb1-4fbf-9166-caa12f4114b7,English Association,English Association,,,http://viaf.org/viaf/150596501,http://viaf.org/viaf/150596501,
7bb3fe14-bebc-49be-95af-d1e77087d9ae,Guinness,Guinness,,,,,
2bd001ab-6aa6-4e4f-a635-728dbc1fd134,Mabinogion Society,Mabinogion Society,,,,,
d75efa7b-0062-4057-95fd-e7517771d6ef,Missionaries of Charity,Missionaries of Charity,,,,,
c1afbc06-717c-4510-94e0-1d6823491e2e,Press of Case Western Reserve University,Press of Case Western Reserve University,,,,,
4ecc7279-4044-4202-8305-e0fe2cc89448,Centre for Literacy in Primary Education,Centre for Literacy in Primary Education,,,,,
e0198d88-d14a-4451-a3a4-5b428cee7bc8,Women's Era Club,Women's Era Club,,,,,
a14664c7-db00-44a1-8a1a-36fc72570868,Princess Grace Irish Library,Princess Grace Irish Library,,,,,
716dcff2-c461-4b79-ad39-29d993b7355c,University of Pisa,University of Pisa,,,,,
d4156f7f-2a3b-49a7-b589-f04cf580163f,"Smith, Taylor and Co.","Smith,, Taylor and Co.",,,,,
5459c22c-f71c-426a-b290-d74c02bc1641,Martin Secker and Warburg Limited,Martin Secker and Warburg Limited,,,http://viaf.org/viaf/127926910,http://viaf.org/viaf/127926910,
052d50b1-433a-473f-a185-60bd6f27bd1d,St Martin-in-the-Fields,St Martin-in-the-Fields,,,,,
3d722e80-f576-4499-9c08-367234112705,Jacobites,Jacobites,,http://www.wikidata.org/entity/Q64852921,,http://www.wikidata.org/entity/Q64852921,
a21d804e-8dda-45b3-b2fc-ec258cf5b904,Edward Truelove,Edward Truelove,,,,,
ab2ac8d8-3ba0-46e0-8320-f8b4ed96f009,L. Hunter,L. Hunter,,,,,
8c3ee182-d819-4947-9de2-1b8e2cc8efb7,Early Canadiana Online,Early Canadiana Online,,,,,
30207e82-6e76-47fe-b3e9-121afef37e4f,British Columbia Medical Association,British Columbia Medical Association,,,,,
cfd3be2b-d4f4-43ee-b29f-d3c9ea4abb2c,"Jesus College, Oxford University","Jesus College,, Oxford University",,,,,
62d60ab5-ccb2-48c4-b780-9ebeed986e36,Central School of Speech and Drama,Central School of Speech and Drama,,,http://viaf.org/viaf/128553839 | http://viaf.org/viaf/140971709 | http://viaf.org/viaf/3296162669567055500003 | http://viaf.org/viaf/81150748987516420008,http://viaf.org/viaf/128553839,http://viaf.org/viaf/140971709 | http://viaf.org/viaf/3296162669567055500003 | http://viaf.org/viaf/81150748987516420008
a0149257-1f87-4336-9a94-34ec7b1aa382,"Barnard College, Columbia University","Barnard College,, Columbia University",,,http://viaf.org/viaf/121653122 | http://viaf.org/viaf/149533759,http://viaf.org/viaf/121653122,http://viaf.org/viaf/149533759
df7b038f-4e1d-4f17-81dd-a56089eacae6,Enitharmon Press,Enitharmon Press,,,http://viaf.org/viaf/130257644,http://viaf.org/viaf/130257644,
12748246-924f-4302-95b5-5fd42217bab9,"University College, Oxford University","University College,, Oxford University",,,,,
e0a699f1-e4a3-4462-8b71-4d3279bfed10,National Amalgamated Union of Shop Assistants,National Amalgamated Union of Shop Assistants,,,,,
a83cd2e3-bac1-420d-97f0-fa25121c1c8a,International Maybrick Society,International Maybrick Society,,,,,
a78e275a-5d5d-4a88-9907-7dda0a1ce77a,International Socialist Workers and Trade Unions Congress,International Socialist Workers and Trade Unions Congress,,,,,
e9f2e64c-9424-449f-83b5-90d78c78f784,Foyles,Foyles,,,,,
07ceade3-c11c-40e8-aa43-72f94b5841a6,Royal Society for Central Asian Studies,Royal Society for Central Asian Studies,,,,,
b594c855-db1a-4482-ab37-6583a8530af1,Overseas Club,Overseas Club,,,,,
2bbe7734-be7c-4342-9b89-703746baf542,"National Theatre, New York","National Theatre,, New York",,,,,
c00220ee-d3db-4d30-84d1-bedd93ed3435,Women's Suffrage National Aid Corps,Women's Suffrage National Aid Corps,,,,,
be7b27db-0429-4656-bc66-ed9670d53d4a,Fjord Press,Fjord Press,,,,,
94a385aa-b36a-4127-b652-29512adf269d,Southcottians,Southcottians,,,,,
389ba18a-a507-4d0f-acdc-3aa1b33b5b2b,Church Anti-Vivisection League,Church Anti-Vivisection League,,,,,
31b459f2-9d93-43b9-9bce-0258990e1679,Planned Parenthood,Planned Parenthood,,,,,
0749a3bd-5248-4240-a37a-3dccad54c8a6,Shilling Theatre,Shilling Theatre,,,,,
0a3086ba-11de-4dc9-8c74-395c10c7adfe,For Intellectual Liberty,For Intellectual Liberty,,,,,
a9dd6c70-1266-4cee-a4cf-280f51ef9a41,M. Angus,M. Angus,,,,,
61aa2565-537e-4484-8b4d-eb9f0e106aac,East Riding County Council,East Riding County Council,,,,,
cbbd5bd0-1075-4b27-b17b-0f7e4b46da57,Edinburgh University Press,Edinburgh University Press,,,http://viaf.org/viaf/130458260,http://viaf.org/viaf/130458260,
aaf95585-9ea0-460b-8b56-844a82b9a2ad,New Generation League,New Generation League,,,,,
676395d3-9956-4515-b67b-2197a9f6f9bd,London Women's Trades Council,London Women's Trades Council,,,,,
4dff9515-b1d9-4efd-b547-808df1282006,Camden Society,Camden Society,,,http://viaf.org/viaf/141688600,http://viaf.org/viaf/141688600,
e4daf8ff-f784-412a-8169-09acad2a8710,Fourierites,Fourierites,,,,,
2b44ec49-99ef-406e-8c4d-4ab03f373b18,Cheltenham Festival,Cheltenham Festival,,,,,
daad9dde-b76b-4f14-9ec2-276878566306,Central Suffrage Committee,Central Suffrage Committee,,,,,
fcd5c4ae-a55b-4daf-a2c4-6ace3bedd457,Eton College Library,Eton College Library,,,,,
0c647d78-ae4d-4f08-8e9e-2c58fe78de11,Sesame Bookshop,Sesame Bookshop,,,,,
42dd0356-19a8-468a-a85b-94765a1863b5,League of the British Covenant,League of the British Covenant,,,,,
4124a3ed-57e6-4bbc-b4ee-01db17cb52a4,Medical Women's Federation,Medical Women's Federation,,,,,
66157455-dc3f-44ca-a222-137712a95f81,G. D. Searle,G. D. Searle,,,,,
127b0760-0635-4096-86b5-05abb33489be,University of Leeds,University of Leeds,,http://www.wikidata.org/entity/Q503424,http://viaf.org/viaf/150040602,http://viaf.org/viaf/150040602,http://www.wikidata.org/entity/Q503424
b780264c-4f8d-49b1-bd00-82940a66694f,John Rylands Library,John Rylands Library,,http://www.wikidata.org/entity/Q1236267,http://viaf.org/viaf/312795145,http://viaf.org/viaf/312795145,http://www.wikidata.org/entity/Q1236267
c4fc0391-c159-42fc-8db7-99611a78ac5c,Royal Alexandra Theatre,Royal Alexandra Theatre,,,,,
a9549246-d68f-4e38-a85e-dfbdae3d0ab2,Crichton Royal Hospital,Crichton Royal Hospital,,,,,
1b2191c2-233e-460d-a35b-10be00df6ec9,"Women's Medical College, Philadelphia","Women's Medical College,, Philadelphia",,,,,
bef63217-99f6-4947-b8e8-037cb78eb8a9,Swansea University,Swansea University,,,,,
ff4a9379-2f6f-470f-9868-3bb8db8446e4,National Women's Liberation Movement,National Women's Liberation Movement,,,,,
277a1fc4-0820-42cc-be02-98dd92b82267,Taunton School,Taunton School,,,,,
4daa0ad8-135e-4fa5-bfb4-3de22f768dbc,Orion,Orion,,,,,
7da4cc6f-27c6-4745-9120-5f617ce2a120,Knight and Lacey,Knight and Lacey,,,,,
3ec9e6f9-a0b7-4baf-8c2b-27fe06006ea2,Association of Scottish Climbing Clubs,Association of Scottish Climbing Clubs,,,,,
394cdc0e-75bf-4269-8887-1e698227d5a3,The Neighbours,The Neighbours,,,,,
531e6cdb-5021-422f-99b6-2d06df363bc2,Eveleigh Nash,Eveleigh Nash,,,http://viaf.org/viaf/138847498,http://viaf.org/viaf/138847498,
da385282-658e-4f4a-80c0-a1471ec82b5c,Aphra Behn Society,Aphra Behn Society,,,,,
e4841f17-465c-4c80-890e-df016fe7f173,Female Aid Society,Female Aid Society,,,,,
381191d2-b0c9-4de4-bb17-3457e7b84eaf,Three Choirs Festival,Three Choirs Festival,,,,,
e8e8ddd2-5be3-4e96-ad5a-2f7567870078,"All Saints Church, Hobart","All Saints Church,, Hobart",,,,,
f0c3674c-474a-4a73-b910-89a2519ec93e,Writers in Prison Committee,Writers in Prison Committee,,,,,
aebb0c62-1def-4141-a1eb-acb9ff1f4c4d,Day-School for Girls,Day-School for Girls,,,,,
533cc0b7-dcd8-4c14-a7fe-f92b45903574,Welsh Guards,Welsh Guards,,,,,
25cca0ab-3327-4d02-9a9b-57f63610d9a8,Working Class Movement Library,Working Class Movement Library,,,,,
0b4b4c38-b593-4823-86ec-bfd247701b7e,Irish Legion,Irish Legion,,,,,
c9234574-492e-4c67-9e43-59fc46ef7faf,Women's Halfpenny Bank,Women's Halfpenny Bank,,,,,
0b9084bf-4938-4455-b8b0-ffbfeb564791,Mondlane University,Mondlane University,,,,,
76caaf51-3724-4057-b019-9738d0c70399,Thomas Tegg,Thomas Tegg,,,,,
c1ae9748-6ab3-4640-99e0-218ceb18ccf9,Waldo Lanchester Marionette Theatre,Waldo Lanchester Marionette Theatre,,,,,
d123d899-cbfc-4d82-9f49-9c6b548db6a5,Performance Workshop Theatre,Performance Workshop Theatre,,,,,
b253b776-bbbb-4fb2-acf0-8ef1b3405551,Kaiser Wilhelm University,Kaiser Wilhelm University,,,,,
aa131b1f-d059-4be8-98f2-74ffd56e60cd,United Nations Association of Great Britain and Northern Ireland,United Nations Association of Great Britain and Northern Ireland,,,http://viaf.org/viaf/140535105,http://viaf.org/viaf/140535105,
57d99e70-7428-4076-aeb5-1aeffb693bb0,British Universities League of Nations Society,British Universities League of Nations Society,,,,,
0b788eb0-2d91-4111-ada9-d39225339968,Women's Transport Service,Women's Transport Service,,,,,
2944db3f-096b-4f5f-a7fa-811a2addb278,Queen Charlotte's Hospital,Queen Charlotte's Hospital,,,,,
cad4ecb7-8490-4297-ba05-4a43230e29bc,Swaneng School,Swaneng School,,,,,
2bb09737-ba0c-4960-b734-6540696a5400,British School at Athens,British School at Athens,,,,,
74f2f704-bc5d-4030-b406-b807a45505eb,Womanpower Committee,Womanpower Committee,,,,,
016d4721-ee2f-4e4b-b851-b037c3ef800d,Fawcett Debating Society,Fawcett Debating Society,,,,,
4da1a99c-5e37-4c4a-906b-d193a6674017,Manchester Central Library,Manchester Central Library,,,,,
3bec7998-18e9-4bf4-aece-0719839f30a3,Sowle Press,Sowle Press,,,,,
ca2e3662-ba71-4a00-b64b-ae5502b6d482,Liverpool School of Art,Liverpool School of Art,,,,,
6962b918-c5a6-4578-be17-a0578bf2638c,British Federation of University Women,British Federation of University Women,,,,,
392ee737-4397-42e4-8e74-d0d22013a440,Bible and Domestic Female Mission,Bible and Domestic Female Mission,,,,,
8223fdea-7cee-4188-bdee-87b45da7fda8,Sir Patrick Dun's Hospital,Sir Patrick Dun's Hospital,,,,,
596ac93c-7b5e-4fb7-b100-c5d0c3d624cf,National Federation of Women Workers,National Federation of Women Workers,,,,,
590a8c9a-5b52-4f06-afdb-a0adcbfaf366,Friends' Council for International Service,Friends' Council for International Service,,,,,
ee91a1b7-adc5-4705-8f94-3a71fec57f50,Currys,Currys,,,,,
7473c43b-f6a5-4da1-a35e-b4b11996e047,Married Women's Property Committee,Married Women's Property Committee,,,http://viaf.org/viaf/137463545,http://viaf.org/viaf/137463545,
5460dd04-1324-40e2-977b-fb0a533d2345,Reading Gaol,Reading Gaol,,,,,
ea3780d5-c25d-4281-ac05-d3b8c4fa8964,Connolly Association,Connolly Association,,,,,
650274b9-4950-48ec-bdcf-deca8b3b09ed,Unemployed Workers' Organisation,Unemployed Workers' Organisation,,,,,
ca9f9490-f2ba-4122-89de-90ab3579d7c0,Glasgow Trades Union Council,Glasgow Trades Union Council,,,,,
1d30ae8e-e61f-423d-a0cb-d05f426fe465,St Elphin's,St Elphin's,,,,,
a891b175-1750-4bcd-a4f6-c9a76823f0df,London School of Journalism,London School of Journalism,,,,,
fb8b45b0-3e40-4f5b-bf2c-a7b82cc093e4,Prince's Theatre,Prince's Theatre,,,,,
bb52a5cc-3b21-4a9e-b141-832fa53be96b,Grace Darling National Memorial Museum,Grace Darling National Memorial Museum,,,,,
25c43cb6-2322-4f33-83bf-93937328a2cf,Sapolio Soap,Sapolio Soap,,,,,
d9b85395-5d37-47cd-82c9-1dc3ab7f7bd5,B'nai B'rith,B'nai B'rith,,,,,
79a0d480-59eb-4a93-b99b-be1fb3beb9d0,Little Brown,Little Brown,,,http://viaf.org/viaf/144240696,http://viaf.org/viaf/144240696,
6ae1f3b2-2a6b-4fb5-b720-f1a909b5425b,Birmingham Royal Ballet,Birmingham Royal Ballet,,,,,
1a8404ad-f9a0-407f-be27-686658fee66a,Danish Library Association,Danish Library Association,,,,,
af112b9d-fe2d-4988-a450-395282b09cbf,"Queen's College, London","Queen's College,, London",,,http://viaf.org/viaf/167648450,http://viaf.org/viaf/167648450,
dc1f0cc8-1498-47e0-970b-49bd0e373705,University of Birmingham Press,University of Birmingham Press,,,,,
411586c3-39b0-4148-b66b-b104bb237359,Grant Richards,Grant Richards,,,http://viaf.org/viaf/158745426,http://viaf.org/viaf/158745426,
db77cdd3-d4d4-4a75-9ef2-e3382da79afc,Organisation of Women of African and Asian Descent,Organisation of Women of African and Asian Descent,,,,,
76321cae-a26b-4e48-b574-e5488bc21120,Hell Fire Club,Hell Fire Club,,,,,
0da62b16-898b-45fa-9ac1-d8b1eacc6a4c,Kitabistan Press,Kitabistan Press,,,,,
044ea592-683e-4dda-9d78-e13c42728d9c,St Katherine's Hospital,St Katherine's Hospital,,,,,
a5079d54-4792-4aa6-871b-19d6904b4976,Edinburgh University Library,Edinburgh University Library,,,,,
c9790876-b21a-44b5-a575-683960c289b7,Coventry City Guild,Coventry City Guild,,,,,
1585ebe1-6d58-4ef0-8e91-43c86c4c9011,Women's Canadian Club,Women's Canadian Club,,,,,
8e9e4948-58a8-4832-b18e-4216c804d8b0,"PEN International, Canada","PEN International,, Canada",,,,,
f846e780-7379-4bc6-b71f-14c34854535c,Congress of Racial Equality,Congress of Racial Equality,,,,,
1511e804-a9a3-44bd-b831-157d0a54fc97,London Revolution Society,London Revolution Society,,,,,
c6bce2fa-a8f0-4fe0-b3a8-ac070700f8c0,Marsh and Miller,Marsh and Miller,,,,,
798cfd0c-0c61-4c86-91f2-d9c1c66e5a19,University of Virginia Press,University of Virginia Press,,,,,
13fe8545-6908-4c04-aacf-174b346b752c,Fitzpark Museum,Fitzpark Museum,,,,,
0002e97c-f9f6-41ac-bbf4-af2ab1e1f51c,Fortune Press,Fortune Press,,,http://viaf.org/viaf/123241335,http://viaf.org/viaf/123241335,
8cd63ebd-4e3a-446b-859a-742d483b2092,Hospital for Heart Diseases,Hospital for Heart Diseases,,,,,
1d6fdff3-4277-42d5-8381-2948434231be,Mermaid Theatre,Mermaid Theatre,,,,,
738731ee-916e-4c53-8309-f1c46d9b2790,Grafton Press,Grafton Press,,,,,
076068ec-5426-4efd-965e-7226156fe485,Lancashire and Cheshire Union of Women's Liberal Associations,Lancashire and Cheshire Union of Women's Liberal Associations,,,,,
25a18119-ebe6-44b4-89ba-2fe1f8575cb3,Miss Porter's School,Miss Porter's School,,,,,
56d78187-5575-42de-869e-623230f45401,"Lower Orphanage, India","Lower Orphanage,, India",,,,,
8cef204a-83e1-4143-bddc-08aabca7d34d,James R. Osgood,James R. Osgood,,,,,
1c562ecb-2108-47b1-b62e-6698c5e40d67,Williams and Norgate,Williams and Norgate,,,http://viaf.org/viaf/157505963,http://viaf.org/viaf/157505963,
866fb656-d1d4-4842-b50b-5dff13a00b27,Institute of Journalists,Institute of Journalists,,,,,
14733d5a-f3bf-4a93-8bcc-1053a0793e17,California College of Art and Crafts,California College of Art and Crafts,,,,,
2c253f2d-27b3-4ffb-9aad-ae88ecd5351d,Makuyu Hunt,Makuyu Hunt,,,,,
039a4c29-9b64-4883-ba49-9ae4d41b1335,Mozley,Mozley,,,,,
c87791f8-cd6d-4248-8bd9-efa77ed30711,Banga Mahila Bidyalaya,Banga Mahila Bidyalaya,,,,,
3566ec89-d1b5-4891-b50b-9b3a545e837b,Farrow's Bank for Women,Farrow's Bank for Women,,,,,
219429cc-2cb4-4835-8977-567e85af0894,Ford Madox Ford Society,Ford Madox Ford Society,,,,,
d8b30153-2f19-4c84-83bf-c08a642d0609,National Endowment for the Humanities,National Endowment for the Humanities,,,,,
a26031af-a0e2-44ba-8511-fd5d42ff4c57,National Service Department,National Service Department,,,,,
211e6515-32fe-4d78-9a09-8fd6a67e54eb,Leeds Vigilance Society,Leeds Vigilance Society,,,,,
f2ef8502-3190-407f-98f4-8ffa68783590,Royal African Society,Royal African Society,,,,,
646bac35-7ef6-4c0b-9814-e30f271b4fc5,Jane Nissen Books,Jane Nissen Books,,,,,
8bd4f2b7-9f69-4b55-855d-bc391cecf709,Partido Obrerode Unificacion Marxista,Partido Obrerode Unificacion Marxista,,,,,
8090f199-17cc-4eaa-8124-9004e84177da,Éditions Argo,Éditions Argo,,,,,
0008243a-9a92-4643-9ed0-d7f2ba38b6e7,Socialist Party,Socialist Party,,,,,
e122ea4a-c34c-4c2a-bf7c-d8df48e9d61b,"Infants' Wesleyan School, Burslem","Infants' Wesleyan School,, Burslem",,,,,
420904bc-d22b-46d7-b91f-5e2b513c2ef0,Cambridge Reading Scheme,Cambridge Reading Scheme,,,,,
48b79087-c077-4f28-989b-cd6533642def,Peabody Trust,Peabody Trust,,,,,
83a6d3ee-b95d-4323-986a-e0ced55c02b1,Polish Red Cross,Polish Red Cross,,,,,
442faf29-13cd-4335-933e-cc9622227e98,Gwyneddigion,Gwyneddigion,,,,,
d0fb2e6d-ccd9-464c-a246-16941ed3e684,Society of Wood Engravers,Society of Wood Engravers,,,,,
3ef500b7-3d62-4151-b334-a964f6488fb3,Dial,Dial,,,,,
996d2e8f-7490-47ed-a2ee-28d7ca059333,Society of St Margaret,Society of St Margaret,,,,,
02e195e5-8410-485e-bbb7-119ed5337427,Women's Employment Federation,Women's Employment Federation,,,,,
41262a58-cd8c-477d-b619-95a87798fa3f,Post-office Savings Bank,Post-office Savings Bank,,,,,
b5442fb9-09be-4b6c-8d48-cb0d2ecc0479,Community of Nursing Sisters of St John the Divine,Community of Nursing Sisters of St John the Divine,,,,,
f509d5de-6452-450e-a60a-efd25d420e79,Women's National Service,Women's National Service,,,,,
bb39bd33-a77f-4da1-8c97-31f72466e672,London Guildhall University,London Guildhall University,,,,,
cf8985ac-58ca-4351-9b6d-80e611209458,Red Ladder Theatre,Red Ladder Theatre,,,,,
2aa664ee-9d9a-408e-806e-fe070580bb52,Tavistock Clinic,Tavistock Clinic,,,,,
18029075-65c5-465a-b6a8-304eca8482c8,George Kearsley,George Kearsley,,,,,
ca6cc142-4cb4-4a2d-9d0c-8f40472f0333,Northern Ireland Women's Rights Movement,Northern Ireland Women's Rights Movement,,,,,
0d9f1304-b1e7-4a76-9726-7a4ec65f9c1c,Firelizard Press,Firelizard Press,,,,,
0709a79c-4ec4-45a1-992f-b5717d789b50,Pickering and Inglis,Pickering and Inglis,,,,,
bbf495b8-39b4-4ab7-869f-542febda9df0,Newnes,Newnes,,http://www.wikidata.org/entity/Q84709400,,http://www.wikidata.org/entity/Q84709400,
4f4130d0-a219-4940-a78d-a60372cf29f0,Berlin Physiological Society,Berlin Physiological Society,,,,,
41927962-55e9-4aca-830f-44b846a33339,Henry Holt,Henry Holt,,,http://viaf.org/viaf/125902455,http://viaf.org/viaf/125902455,
c4d48db0-e06d-475f-84df-0d82bbce1bcb,Oxford High School for Girls,Oxford High School for Girls,,http://www.wikidata.org/entity/Q7115353,http://viaf.org/viaf/147998908,http://viaf.org/viaf/147998908,http://www.wikidata.org/entity/Q7115353
c85c4b1e-d7be-4b47-a973-dfdc1b1e75c9,Beaumont Trust,Beaumont Trust,,,,,
42b0fcee-bdce-4dc4-920e-e249fae85fbc,Newbattle Abbey College,Newbattle Abbey College,,,,,
3f515794-42f3-4286-91fa-bdc6fe802cfd,Five Nations,Five Nations,,,,,
ded07d61-89d9-458e-bcc4-6c34a2d4d6d5,Ladies' Committee of the Anti-Corn Law League,Ladies' Committee of the Anti-Corn Law League,,,,,
06cbce48-2c79-456d-9fe2-5c76da43e724,Paris Odéon,Paris Odéon,,,,,
ad1819b2-a9aa-4518-a5e9-3137e0891797,Portman Hall School,Portman Hall School,,,,,
adbfff51-189b-432c-a017-81a42b1bbb9a,American Indian Movement,American Indian Movement,,,,,
928b42e1-3cbb-4226-8d50-f0c315fe9b10,Torch Theatre,Torch Theatre,,,,,
37bfdd52-e355-4dfa-aa91-bf3d6ff74dc3,No-Crinoline League,No-Crinoline League,,,,,
a972c7f1-33d6-4358-b44f-6b43c5febc87,Industrial and Education Bureau for Women,Industrial and Education Bureau for Women,,,,,
39be6419-64b9-4dac-8ca8-ecf7edfe320a,Boots Booklovers Library,Boots Booklovers Library,,,,,
6d6451ad-19f6-4981-80a3-3504f1b5585b,University of Texas at Austin,University of Texas at Austin,,,http://viaf.org/viaf/141925602,http://viaf.org/viaf/141925602,
952be1df-6a8b-40ad-81b1-5e199a23f364,East London Federation of Suffragettes,East London Federation of Suffragettes,,,,,
d4b99165-8c13-40c9-9c82-d2b1b831ca59,Belfast Theatre,Belfast Theatre,,,,,
eac30104-597f-4efb-944a-630880fb4514,Christopher Little Literary Agency,Christopher Little Literary Agency,,,,,
75fc9121-26fa-431c-9794-ef5a747fd95a,Camden Council for Community Relations,Camden Council for Community Relations,,,,,
4595bd24-a490-4f4b-aa0b-15a132f43344,International Planned Parenthood Foundation,International Planned Parenthood Foundation,,,,,
ed5275ea-c6dd-4585-bdec-6469e0a45df0,Addenbrookes Hospital,Addenbrookes Hospital,,,,,
cd18a5f1-400d-427f-abb3-0b8dd3848492,Newcastle Theatre,Newcastle Theatre,,,,,
60740272-2043-4912-89fd-a576c2cf3ddd,Institution of Civil Engineers,Institution of Civil Engineers,,,,,
89637b28-95b7-4e31-bee4-a518e3decabf,United States Congress,United States Congress,,,,,
99f2f12e-10e4-48e9-8aa3-e15bd3b6c30c,Ministry of Housing and Local Government,Ministry of Housing and Local Government,,,,,
17ee5ad2-4003-46d8-a74e-6adf829c906d,J. F. Hughes,J. F. Hughes,,,http://viaf.org/viaf/1152561518215441920,http://viaf.org/viaf/1152561518215441920,
94e64dbd-a2c7-45fe-86f3-e8eb26c8cfd0,St Mary's University College,St Mary's University College,,,,,
2a1cbe75-36c5-4c37-9d8a-a98c78e79d9a,Ash-Tree Press,Ash-Tree Press,,,,,
7775acd6-5e0d-48e4-8687-761e8bab19fe,Friends of Canterbury Cathedral,Friends of Canterbury Cathedral,,,,,
e53945d6-6b96-4d00-8341-ec96521192b2,War Savings Association,War Savings Association,,,,,
441d3833-5c2d-4708-96d0-a27d8ad283c7,King's Arms,King's Arms,,,,,
a7eaad31-9d07-4ef5-a298-89c32f22cdbc,"Pembroke College, Oxford University","Pembroke College,, Oxford University",,,,,
3d40c10d-bf72-4971-93e8-7b06dd1245b5,R. Juigné,R. Juigné,,,,,
59215b94-c3e8-4502-867f-b783f5a5fd9d,Trafalgar Studios,Trafalgar Studios,,,,,
5fa6d286-76fd-4851-9ef0-70e2f4be76fc,National Charter Association,National Charter Association,,,,,
ee51887e-636e-4ee0-9602-b918daf94806,Brant Historical Society,Brant Historical Society,,,,,
812aaf94-7cc1-4e05-b56e-a3271bb59ba1,McGill University,McGill University,,http://www.wikidata.org/entity/Q201492,http://viaf.org/viaf/134855926,http://viaf.org/viaf/134855926,http://www.wikidata.org/entity/Q201492
518489f4-1045-40a9-9710-2f7abfeaa394,Arents Collection,Arents Collection,,,,,
41b7d0c1-f929-46b7-911b-73fbc5125b6a,Cymreigyddion Society,Cymreigyddion Society,,,,,
1186604f-9527-456e-8e2f-773888db114f,Bank of England,Bank of England,,,http://viaf.org/viaf/127518706,http://viaf.org/viaf/127518706,
83b8afa9-11bc-41ce-8601-1d9b2dcf70f9,Finetake Productions,Finetake Productions,,,,,
f28a4924-2659-4a74-8800-ea3caa7b4387,Women Against Violence Against Women,Women Against Violence Against Women,,,,,
039b470c-17bf-4a13-a5ab-ea544b960a93,Northern Ireland Public Record Office,Northern Ireland Public Record Office,,,,,
faf5a1a5-aa18-40d0-8897-1b47ef06a3dd,Maunsel,Maunsel,,,http://viaf.org/viaf/136434951,http://viaf.org/viaf/136434951,
16bf2418-c063-4aa4-9f10-bd5ac5936690,Hermetic Order of the Golden Dawn,Hermetic Order of the Golden Dawn,,http://www.wikidata.org/entity/Q368173,http://viaf.org/viaf/141032362,http://viaf.org/viaf/141032362,http://www.wikidata.org/entity/Q368173
2cc46f5f-475f-4150-9faf-db24660170f2,Rhodesian Selection Trust,Rhodesian Selection Trust,,,,,
eb9c8325-23be-4448-ae8e-d8be2ec79ad1,R. Carter and Brothers,R. Carter and Brothers,,,,,
1b50e3a9-5034-4d93-bdb1-02b39e6839bc,George G. Harrap and Company,George G. Harrap and Company,,,http://viaf.org/viaf/126965936,http://viaf.org/viaf/126965936,
6a31fb75-83f5-46c5-af4e-461191ae088b,Deerfield Press,Deerfield Press,,,,,
65b46af8-6ffe-49ac-adb4-fd3015126540,Menninger Clinic,Menninger Clinic,,,,,
faa2b4ba-be68-4b46-b8bd-7250c779bdd6,Taxus,Taxus,,,,,
85a509b5-5e5d-4616-95ca-8b87b0346a83,Problem,Problem,,,,,
210d0bfd-75ef-4c85-982b-23a18c3273e3,"Women's Press, 1907 - 1914","Women's Press,, 1907 - 1914",,,,,
249df26f-3c90-45d3-aef9-d90e7f1a1f4a,Shakespeare Memorial Theatre,Shakespeare Memorial Theatre,,,,,
9fa5e2f1-32f9-49d8-ba2c-c7e9d6a9a826,White Rabbit Press,White Rabbit Press,,,,,
89d036df-d468-41c2-9f9f-db2b6103b529,"C. E. Hammett, Jr","C. E. Hammett,, Jr",,,,,
cae79f09-aef9-4b61-9a03-06797d61e5f5,Dissenting Churches,Dissenting Churches,,http://www.wikidata.org/entity/Q1195178,,http://www.wikidata.org/entity/Q1195178,
8b4ad99c-6aa9-4da6-9bc0-18a4556fbc7c,British Heritage Lottery Fund,British Heritage Lottery Fund,,,,,
d778d29e-657c-48b7-baab-7cb6867d9d1b,Memoir Club,Memoir Club,,,,,
208240fd-dd11-4001-b8e8-5111d3f3b889,World Bank,World Bank,,,,,
f90074b4-f7b6-464d-b97e-9a67fb8533b9,Lock Hospital,Lock Hospital,,,,,
d2ba9e48-a499-4dcd-acec-0165a808268f,National Research Council,National Research Council,,,,,
eff42f80-b9e4-4106-a6d1-36a2b5abf491,Adelphi Hotel,Adelphi Hotel,,,,,
433aca4f-72a5-41cf-a35a-30462c9d63ae,Radical Club,Radical Club,,,,,
f63739bc-8f84-4fc7-ba0d-918fc4246fa6,St Matthew's Church,St Matthew's Church,,,,,
6c3a9b20-d11e-4d08-856a-601d14fba120,"Christ Church Cathedral, Oxford","Christ Church Cathedral,, Oxford",,,,,
ac20160a-29e4-4a17-ab5d-60159ed57972,J. H. Parker,J. H. Parker,,,,,
8e0944d3-a063-4eb3-b73f-02ab02d4ac61,Eyre and Spottiswoode,Eyre and Spottiswoode,,,http://viaf.org/viaf/127130809,http://viaf.org/viaf/127130809,
f2ee9372-5402-4956-9bac-0a39b9790711,Freedom of Labour Defence Association,Freedom of Labour Defence Association,,,,,
a44398ef-3e99-471a-8720-2549fb1d83ec,Aldeburgh Festival,Aldeburgh Festival,,,,,
c5bf88ef-b116-426e-a832-6df760e259dc,Constitutional Society,Constitutional Society,,,,,
31782041-e056-40cd-943e-eb0dfcb13863,Hand and Flower Press,Hand and Flower Press,,,,,
7d74f9f4-f968-4a71-94e5-84a930a54f05,A. K. Newman,A. K. Newman,,,http://viaf.org/viaf/125936755,http://viaf.org/viaf/125936755,
10a4d7c1-4a65-4803-b116-ae5b92b80226,Provincial Cinematograph Theatres Company Limited,Provincial Cinematograph Theatres Company Limited,,,,,
192a2d0d-dbcd-451e-9c12-d09d8254ca0a,Edward Moxon,Edward Moxon,,,http://viaf.org/viaf/37803933,http://viaf.org/viaf/37803933,
8baa2eda-210d-45e3-914f-486c24492603,Leadership Conference of Women Religious,Leadership Conference of Women Religious,,,,,
82f34907-77f1-418c-9e36-d4324ae52d87,Frank Longford Charitable Trust,Frank Longford Charitable Trust,,,,,
6f8d2b3d-cfd0-4221-af39-c0a0c78256d6,"Blackwood, Pillams and Wilson","Blackwood,, Pillams and Wilson",,,http://viaf.org/viaf/148038877,http://viaf.org/viaf/148038877,
34a67337-482c-46bc-88e4-4beb4a1bdc4f,London Management,London Management,,,,,
cff84d4e-2d19-4751-badc-68b0cacd51a6,Newberry Library,Newberry Library,,,,,
6ea5812a-d809-4447-8f65-436aeb516228,Marcus Ward and Co.,Marcus Ward and Co.,,,http://viaf.org/viaf/124853407,http://viaf.org/viaf/124853407,
9106d0e9-d3bc-43e3-9cfc-d596c72eb4fa,Mind Candy,Mind Candy,,,,,
59f01c25-9207-4e62-91b2-3bd1a287537a,Bodleian Library,Bodleian Library,,http://www.wikidata.org/entity/Q82133,http://viaf.org/viaf/129788129,http://viaf.org/viaf/129788129,http://www.wikidata.org/entity/Q82133
4c509e57-eec1-4b0d-9285-e58a7756d858,Pearl S. Buck Foundation,Pearl S. Buck Foundation,,,,,
9248d471-9dcc-495d-b783-02d7e83f8fce,Lewisham Grammar School,Lewisham Grammar School,,,,,
63d73b32-7646-4d7f-907e-40f0aa7d4969,Theatre of Being,Theatre of Being,,,,,
a5f7a729-c367-4fed-a3ec-940c1ddc0f47,Anglican Pacifist Fellowship,Anglican Pacifist Fellowship,,,,,
da2e21bc-db06-43fc-baf8-9fe234db647d,Nominated Parliament,Nominated Parliament,,,,,
d827ac4e-049b-4d51-8c5f-ba1f647cfad9,United States Office of War Information,United States Office of War Information,,,,,
2b4de95f-f4e1-4af5-9462-2549c4d26d93,London Transport,London Transport,,,,,
fa46557b-97f5-4728-965e-e1d1c69f8f47,Jewish Board of Guardians,Jewish Board of Guardians,,,,,
715f8e7d-d121-4559-9dec-78c89497f5b1,London Music Hall Owners Protection Society,London Music Hall Owners Protection Society,,,,,
5e3be2b7-34d3-4ab9-90de-8089375878f9,Sinn Féin,Sinn Féin,,,http://viaf.org/viaf/134714867,http://viaf.org/viaf/134714867,
a59dda7c-88ac-4b1a-8075-c7cf5cd58f99,Village Homes,Village Homes,,,,,
3b6b4f56-5d93-43ff-8fae-5ffe74d85382,Borough Council,Borough Council,,,,,
3a91b797-66b6-40e0-8dff-39b5e5dbc011,Bridewell Royal Hospital,Bridewell Royal Hospital,,,,,
dcd7ad5a-59ed-44be-9364-5488e28c4974,Manchester New College,Manchester New College,,,,,
e10a36ec-2203-4a4b-ac04-8e2aeeecc076,Birmingham Repertory Theatre,Birmingham Repertory Theatre,,http://www.wikidata.org/entity/Q4916786,http://viaf.org/viaf/128129580,http://viaf.org/viaf/128129580,http://www.wikidata.org/entity/Q4916786
4afe7e78-d0cb-458f-88c5-8a148be45b36,Central Committee for State Registration of Trained Nurses,Central Committee for State Registration of Trained Nurses,,,,,
ec10e5bc-e155-4155-bbfc-19db8afdb5cd,London Bach Choir,London Bach Choir,,,,,
cfbfe337-3d81-40b5-a559-fd833af2367b,Oxford Brookes University,Oxford Brookes University,,,,,
8ca0d23f-9ad6-40c1-a9ec-d993a9f607cf,Morang,Morang,,,,,
1962c428-14c8-419a-b22b-f623ab7895c6,National Museum Wales,National Museum Wales,,,,,
397f3d47-74e1-4fb9-9164-aa05f8aff1b2,National Sound Archive,National Sound Archive,,,,,
eac4bb6e-1542-4aa3-95d4-e723aa8268b0,Tennyson Society,Tennyson Society,,,,,
467f1fce-c32a-4350-ad54-72f12446f0bc,Bell Laboratories,Bell Laboratories,,,,,
19ba2ca4-8d91-4baa-8fa3-d55b8d86fcc1,Volontaires Agricoles,Volontaires Agricoles,,,,,
39257780-b49f-4a07-9552-cdf1752f4fc9,Fulham Prison,Fulham Prison,,,,,
1445e1fe-473b-45fc-990e-d48b7dd59d36,Lyceum Studio,Lyceum Studio,,,,,
f16737cf-188a-4f14-b852-6acb91f6ddde,National Secular Society,National Secular Society,,,http://viaf.org/viaf/265804850,http://viaf.org/viaf/265804850,
9d452720-4455-49ba-9fae-31acaf594e39,Hertfordshire County Record Office,Hertfordshire County Record Office,,,http://viaf.org/viaf/150131846,http://viaf.org/viaf/150131846,
80213fb8-6dfb-4994-bc98-ba9a0ed12321,Women's League of Health and Beauty,Women's League of Health and Beauty,,,,,
d44a8bcd-7b94-45a5-903d-dd618a66cb1e,Forty-Second Highland Regiment,Forty-Second Highland Regiment,,,,,
9a847893-412b-430f-8f7c-ef59bf2e66bf,Arvon Foundation,Arvon Foundation,,http://www.wikidata.org/entity/Q4802531,http://viaf.org/viaf/157641558,http://viaf.org/viaf/157641558,http://www.wikidata.org/entity/Q4802531
adc0ef35-31db-4439-a6c6-49309698ab1b,Scholars' Facsimiles and Reprints,Scholars' Facsimiles and Reprints,,,http://viaf.org/viaf/315242234,http://viaf.org/viaf/315242234,
00263a96-318e-48b5-971b-eb142e9be5af,Goethe and Schiller Archives,Goethe and Schiller Archives,,,,,
ef2a6448-321d-4e0b-a33a-ca5b7ea9627c,Apollo Theatre,Apollo Theatre,,,,,
02c26830-e2db-46ec-ad31-dd21147d6dc6,United Synagogue,United Synagogue,,,,,
26984491-0e70-429c-be4c-8ca3b3b48e51,League for Mutual Aid,League for Mutual Aid,,,,,
eb25ff84-9367-49d3-a479-c1ae559c32bc,United Nations Women,United Nations Women,,,,,
7ea07aaf-4383-4ca9-94a6-67611af7c4d7,Chapelbrook Foundation,Chapelbrook Foundation,,,,,
b8dd2011-1aa0-4206-99f7-b006373a0a59,Canadian National Opera,Canadian National Opera,,,,,
2f05676d-54bd-4780-b01c-f08b2d9ff4b8,Factory and Workshops Acts Consolidation Commission,Factory and Workshops Acts Consolidation Commission,,,,,
25e942f2-aa0e-4dae-b36a-c78cb3cde3da,Scholastic Press,Scholastic Press,,,,,
c4308b1a-8d00-42ab-ad53-eead4a12f0fb,Whittington Club,Whittington Club,,,,,
1d64929f-0679-4436-b058-81bcdf1785f4,Babies Club,Babies Club,,,,,
a4176de0-f627-40ab-849a-963738fad761,National Unemployed Workers' Movement,National Unemployed Workers' Movement,,,,,
052dbedc-40e1-45ac-9f51-b83f60f9b2aa,International Film Bureau,International Film Bureau,,,,,
522df6e9-c8a7-40ba-b2c5-da3f128c4393,Port-Royal des Champs,Port-Royal des Champs,,,http://viaf.org/viaf/1149154380899730290048 | http://viaf.org/viaf/151746684,http://viaf.org/viaf/1149154380899730290048,http://viaf.org/viaf/151746684
3ce4ffa6-468c-4097-b705-859dc4fab6b6,Polity Press,Polity Press,,,,,
2b73475d-6124-4f86-a3bd-f0c27bebe0b3,Charta Theatre,Charta Theatre,,,,,
346e4f3c-107d-4924-9d0a-4d25085c15b0,Canterbury Cathedral,Canterbury Cathedral,,,,,
8956b52f-5fa2-46c8-82af-87213fac0d2d,Laboratoire d'anthropologie sociale,Laboratoire d'anthropologie sociale,,,,,
985af1a9-0bc5-44b5-b3e7-00ec141b55cb,King's College School,King's College School,,,,,
567267d7-6947-41a9-8295-ab8826cb3be6,Avery Hill College,Avery Hill College,,,,,
765e929c-b321-4dc1-bb32-847a6d9847bb,Seren Books,Seren Books,,,,,
3b610738-f0dd-4a7d-a665-3e90664930ce,Stage Publishing Bureau,Stage Publishing Bureau,,,,,
183eb3ed-dbed-493f-8e1c-2a6909920a9c,"Humanities Research Centre, University of Warwick","Humanities Research Centre,, University of Warwick",,,,,
76a28cd6-f171-4fa0-85b4-52cc5fa01d93,Africa Centre,Africa Centre,,,,,
b2c992b2-8ae6-49f8-b042-852d1f93bfa7,Royal Herbert Hospital,Royal Herbert Hospital,,,,,
b1c6aebf-6ca2-42a8-ab4c-47eb2ed1e656,Arab Bureau,Arab Bureau,,,,,
dfcb0d1c-afae-41be-af6f-913990a4b9bd,Zed Press,Zed Press,,,http://viaf.org/viaf/123762430 | http://viaf.org/viaf/132504929 | http://viaf.org/viaf/153934263,http://viaf.org/viaf/123762430,http://viaf.org/viaf/132504929 | http://viaf.org/viaf/153934263
00c70444-b31e-4eb2-8569-5a58ddb5bc18,Hammersmith Socialist Society,Hammersmith Socialist Society,,,,,
c7ac3490-4582-47a3-8997-de95d9342e95,University of Wisconsin—Madison,University of Wisconsin—Madison,,,,,
05a455b4-0eb5-4d7c-a9b4-2451f904b5ec,Allenswood,Allenswood,,,,,
34c13dc9-9b77-4970-8f3c-0b163a381edd,Physicians for Global Survival (Canada),Physicians for Global Survival (Canada),,,,,
c3a2a7b4-095e-44b6-ae66-17cbba9ada68,Legitimation League,Legitimation League,,,,,
145117d6-1983-46dd-84bf-f33dfbb3d83a,"Theatre Royal, Covent Garden","Theatre Royal,, Covent Garden",,http://www.wikidata.org/entity/Q67928095,http://viaf.org/viaf/285650052 | http://viaf.org/viaf/294501043 | http://viaf.org/viaf/Q67928449,http://viaf.org/viaf/285650052,http://viaf.org/viaf/294501043 | http://viaf.org/viaf/Q67928449 | http://www.wikidata.org/entity/Q67928095
babfbef1-a69f-46db-acb1-cd721c0035e3,College of William and Mary,College of William and Mary,,,,,
67d2d32d-45eb-4e24-a22c-0eb614c6d94d,King Edward's Hospital Fund for London,King Edward's Hospital Fund for London,,,,,
5d2f5167-ce05-48f6-b276-cb490f156b9e,Company of Barber-Surgeons,Company of Barber-Surgeons,,,,,
896cae6d-49a7-49d2-93f6-bab53ec5a8d5,Friends of Russian Freedom,Friends of Russian Freedom,,,,,
7e863687-1061-44e4-a007-f2e39f423078,Colonial Office,Colonial Office,,,http://viaf.org/viaf/147349231 | http://viaf.org/viaf/312551086,http://viaf.org/viaf/147349231,http://viaf.org/viaf/312551086
2aaac1a0-3d62-4362-b1d4-1905c15882d6,National English Literary Museum,National English Literary Museum,,,,,
8316bb99-bbdf-4b4e-9ca2-632e554fa1c1,Blundell's School,Blundell's School,,,,,
339c91d4-f4c4-42cd-b6f6-a5db4f4b8d69,Lavender Nation,Lavender Nation,,,,,
afef22fb-ebea-4e6d-9aa8-e0ae66882b46,Royal Institute of International Affairs,Royal Institute of International Affairs,,,,,
4bd536c6-ff63-4e85-b655-6246e561ffd8,Cranleigh Village Hospital,Cranleigh Village Hospital,,,,,
831896d0-172c-4278-a91f-acf41556a0b5,American Institute for Psychoanalysis,American Institute for Psychoanalysis,,,,,
834759c7-9964-4896-a70f-669d149d7990,New South Wales Alliance for the Suppression of Intemperance,New South Wales Alliance for the Suppression of Intemperance,,,,,
f5a98d96-117c-46bf-8a8a-ee2ed41b6a7f,Peterloo Poets,Peterloo Poets,,,http://viaf.org/viaf/134097999,http://viaf.org/viaf/134097999,
48ae7e3e-6c71-4974-a9f3-5b12ed69db72,Liverpool Mechanics' Institute,Liverpool Mechanics' Institute,,,,,
09f58325-48fc-44e2-8bdd-6f69b974962d,Oxford Camera Club,Oxford Camera Club,,,,,
2e5498fd-3e67-4fa2-b44b-332031aae96e,Literary Guild,Literary Guild,,,,,
957248c5-4fd3-441b-87df-da606c6c66ac,Chelsea School of Art,Chelsea School of Art,,,,,
7423a5ce-c70a-4608-aa0b-a28372c0253c,"Churchill College, Cambridge University","Churchill College,, Cambridge University",,,,,
060fd5a2-f1b4-43ad-a937-2b7e8c92eefa,Empire Theatre,Empire Theatre,,http://www.wikidata.org/entity/Q3724821,http://viaf.org/viaf/132976488,http://viaf.org/viaf/132976488,http://www.wikidata.org/entity/Q3724821
24f16bbf-7728-4ff9-8b71-ad82968f7137,King Edward VI School,King Edward VI School,,,,,
c5739d8f-1282-43f2-b933-e974008e0e16,United Society of Christian Endeavor,United Society of Christian Endeavor,,,,,
f7d82d5f-5b60-4dec-8d9b-c6b6dc987700,British Library Centre of the Book,British Library Centre of the Book,,,,,
8ceedba9-3ecc-4966-b71e-e3533a754a7f,Goss Company,Goss Company,,,,,
83ac98f5-e5cd-47d7-9d94-3fc633fd5628,St Pancras Church,St Pancras Church,,,,,
bdf06604-e638-459f-b454-f4f1e7e64aea,Australian Literary Society,Australian Literary Society,,,,,
cd752965-f918-4de8-931e-af1cbf6d4b52,Women's Freedom League,Women's Freedom League,,,http://viaf.org/viaf/142281074,http://viaf.org/viaf/142281074,
d0928c60-41be-4659-af35-75692560183f,Westminster Abbey,Westminster Abbey,,,,,
55752aa7-a329-4b48-a49b-652c856412c0,Swiss Women's Ski Club,Swiss Women's Ski Club,,,,,
3e324de9-0ea0-4cdf-9d63-dbc5dc0fdbc8,National Film Theatre,National Film Theatre,,,,,
1e5a5e59-2dc3-4673-bc4c-dc6faad9aac3,League of Pity,League of Pity,,,,,
4aa7a99b-0694-4e73-8609-cb169567b398,Royal Dragoons,Royal Dragoons,,,,,
f9fdf077-b7fb-412a-8761-381a69b33986,Edinburgh Society of Borough Reform,Edinburgh Society of Borough Reform,,,,,
f4719bbd-6493-4610-a57d-e633cada6a77,FFF Publishers,FFF Publishers,,,,,
23b51578-2b44-4d90-8c58-361240a24544,American Civil Liberties Union,American Civil Liberties Union,,,,,
7053282b-c4e5-4f95-8ae5-1ef3682b8b46,London Female Mission,London Female Mission,,,,,
8ea87883-09c5-4ef2-91e6-382aec68eba6,New Jewish Agenda,New Jewish Agenda,,,,,
92b31c84-3d77-46a1-8eb7-5ea8d93ac877,Irish Parliament,Irish Parliament,,,,,
8ee06b0f-0fdb-4c27-b180-9f096de1398e,Clairwood Coloured School,Clairwood Coloured School,,,,,
d3c5b019-cfe7-44bd-a8ef-5e625d4f1d14,Calthorpe Nursing Home,Calthorpe Nursing Home,,,,,
1b8bc7fd-0d0c-415b-a831-dfc04294a099,Camden Town Group,Camden Town Group,,,,,
3a9ba35a-7270-4d11-bee4-17947652354f,"Musée de l'Elysée, Lausanne","Musée de l'Elysée,, Lausanne",,,,,
47f8cad0-651a-41ea-95de-495d209c2378,Authors League of America,Authors League of America,,,,,
fe041980-7101-4c3e-beb9-2024f2ca3118,Health of Munitions Workers Committee,Health of Munitions Workers Committee,,,,,
8671aa68-035f-48aa-95db-38e06593fb15,Bengal Medical Establishment,Bengal Medical Establishment,,,,,
2dac6623-3f23-4913-af99-84600a098be5,Holiday Fund,Holiday Fund,,,,,
5cc3d20a-73e3-4757-97f6-bd8de40eaa78,Metropolitan Police Women,Metropolitan Police Women,,,,,
d4b5e15f-ff48-452c-85ae-64f323ab9458,Indian Civil Service,Indian Civil Service,,,http://viaf.org/viaf/133914104,http://viaf.org/viaf/133914104,
e7823f36-f264-492c-87db-ecb7bf375c27,National Book Council,National Book Council,,,,,
25717b51-ecb7-4931-8b7d-27bf42231ff1,Church Farm,Church Farm,,,,,
488abd22-8f48-46ca-83e0-af827b9be2d2,White's,White's,,,,,
095513fc-d2d0-4ce9-b0cd-508558fd5411,Steidl,Steidl,,,,,
108b97c2-ec93-47d8-8b94-3fae54c39c69,Mawson and Swann,Mawson and Swann,,,,,
d571dc8c-78f0-4d31-9285-4516687c89d6,St Deiniol's Library,St Deiniol's Library,,,,,
312ccaa3-f1f6-4790-a8e4-634db489e855,Botanical Society of London,Botanical Society of London,,,,,
f55cf679-5d61-483a-8f87-0f12b29fb021,Northern Ireland Civil Rights Association,Northern Ireland Civil Rights Association,,,,,
f380e235-734c-4cca-885f-3264afdad9c6,Royal Irish Constabulary,Royal Irish Constabulary,,,,,
5c63410a-dd63-4562-93a4-964ac321c3c7,8th Royal Irish Hussars,8th Royal Irish Hussars,,,http://viaf.org/viaf/151521681 | http://viaf.org/viaf/638169757864408010007,http://viaf.org/viaf/151521681,http://viaf.org/viaf/638169757864408010007
c1830724-ac26-4439-83c0-6ac33e3ff665,BMW,BMW,,,,,
dfebd137-53e7-42c9-8e45-18203c365cbd,Kidbrooke Comprehensive School,Kidbrooke Comprehensive School,,,,,
d2a2492c-954b-46b2-8697-9f71d8649fe9,HM Prison Maze,HM Prison Maze,,,,,
11b09974-afcf-40f8-b585-1c97435ad752,Rehearsal Theatre,Rehearsal Theatre,,,,,
133234be-71c4-4d68-bb3d-dc4bdfa89fd3,Leicester Reference and Information Library,Leicester Reference and Information Library,,,,,
34db23c4-8fc9-4fd3-b40a-6ec3650a8e2e,Green Sheaf,Green Sheaf,,,,,
72a99d42-f556-4490-ac69-ab70a9ddff6a,Scottish Writers' Centre,Scottish Writers' Centre,,,,,
0a3957a8-0f93-4973-918f-24fe87504de3,Actors' Association,Actors' Association,,,,,
08b70be6-9cda-47fa-8a50-46864c612239,Irish Citizen Army,Irish Citizen Army,,,http://viaf.org/viaf/152981657,http://viaf.org/viaf/152981657,
abcf3574-d389-40ec-a283-b292150d8982,Middlesex University,Middlesex University,,,,,
88942bd7-f556-4c4a-b8ee-535465926dd5,Lawrence and Bullen,Lawrence and Bullen,,,,,
85d646ba-cb21-4bc0-90e3-8a3cff36d4c7,Women's Literature Collective,Women's Literature Collective,,,,,
c9dae5b4-624a-47fb-b438-69d4ac842e3d,Guardian Society,Guardian Society,,,,,
305d3d2f-cbcf-4f6a-b493-392818247c6f,St Dunstan's,St Dunstan's,,,,,
0b57c5f0-73f9-44ee-b32e-2c4eb48b5949,The City Art Centre,The City Art Centre,,,,,
867a9337-6233-4370-93bb-2545f92e5c9d,British and Irish Ladies' Society,British and Irish Ladies' Society,,,,,
1255bdfe-90a3-4f9f-be7a-09662faf1c5b,Royal Albert Asylum,Royal Albert Asylum,,,,,
6fbe3905-049b-4b53-9e5a-d5397a6e5b4d,National Film Archive,National Film Archive,,,,,
28074ac8-ddfd-4f0d-b515-299809d004a2,Huntington Library,Huntington Library,,,http://viaf.org/viaf/147236009,http://viaf.org/viaf/147236009,
3ce447e3-78b8-4003-b82a-7a7dfa4e03ba,London Film Productions,London Film Productions,,,,,
45b31efb-e8b3-4dcd-80ed-6480f0ebbace,Ontario Review Press,Ontario Review Press,,,,,
cf8ba932-3e03-43e7-82a1-4d84b1094826,Kingston University London,Kingston University London,,,http://viaf.org/viaf/261438763,http://viaf.org/viaf/261438763,
08595f43-8ff0-4d5b-8b8b-5303e78fb501,Holy Child Convent,Holy Child Convent,,,,,
d37b0c2e-889d-4a92-b0d2-a495ed95b2fd,Peoples' Mandate to Governments,Peoples' Mandate to Governments,,,,,
b82a2c13-f91b-4510-8242-e4dcd1bf25b6,Camden Theatre,Camden Theatre,,,,,
37acf0bf-110b-44ab-b87a-f24ad05d2e97,European Parliament,European Parliament,,,,,
2fda45f3-abdb-41d7-8de6-c8cdd52abd85,"Philosophical Institution, Bristol","Philosophical Institution,, Bristol",,,,,
fc526878-ea0c-4a4d-a899-f8f5f3f5e4a0,Sunbeam Talbot,Sunbeam Talbot,,,,,
d518feee-2b10-4a23-b2ed-c103d3bf754e,American Philosophical Society,American Philosophical Society,,,,,
c987d43d-8f15-4ca9-ace0-16146c7fad21,Anti-Suffrage League,Anti-Suffrage League,,,http://viaf.org/viaf/305201564,http://viaf.org/viaf/305201564,
a0ca1782-dbd0-4ac4-baa4-d9a71d35da09,J. W. Lovell,J. W. Lovell,,,,,
5e01e6ba-1070-45a1-bcfb-df72b059ca04,Radcliffe Infirmary,Radcliffe Infirmary,,,http://viaf.org/viaf/1022159234260903371012 | http://viaf.org/viaf/261070564 | http://viaf.org/viaf/6169374480224280492,http://viaf.org/viaf/1022159234260903371012,http://viaf.org/viaf/261070564 | http://viaf.org/viaf/6169374480224280492
97df1bb1-fd17-4df3-8a85-eee2522de944,Royal Shakespeare Company,Royal Shakespeare Company,,,http://viaf.org/viaf/159099121,http://viaf.org/viaf/159099121,
de284359-cdab-4b4f-950f-dda4f3dcf6e0,National Association for the Repeal of the Contagious Diseases Acts,National Association for the Repeal of the Contagious Diseases Acts,,,,,
43a9bccd-ef58-4840-8fc5-a393d94db6c7,St James's Theatre,St James's Theatre,,http://www.wikidata.org/entity/Q7593475,http://viaf.org/viaf/2174149198325074886656,http://viaf.org/viaf/2174149198325074886656,http://www.wikidata.org/entity/Q7593475
99b86cd5-580e-4073-ac0d-57ee0b5dd4e0,War Refugee Board,War Refugee Board,,,,,
1b06e14c-703d-461a-9c22-697a1085c4d9,Congregation of Propaganda,Congregation of Propaganda,,,,,
7f284817-26ef-4f4c-b047-443dc50aab65,Edinburgh Typographical Society,Edinburgh Typographical Society,,,,,
55bef9d1-ca96-49f6-ad1c-ca8b55863c0d,Lalibela House,Lalibela House,,,,,
63a96aaf-9217-402f-8841-cffd4fd2cc49,Reeves,Reeves,,,,,
5fcb9df4-8028-4a59-a7c9-5cc821b3bf5d,"Studio Theatre Club, Dublin","Studio Theatre Club,, Dublin",,,,,
5fb19b85-085b-4c25-86a7-9090b266d4cb,"Oxford, Worcester and Wolverhampton Railway","Oxford,, Worcester and Wolverhampton Railway",,,,,
15db65a5-f4b4-4a0c-8f3a-6c86ec740ac0,Will of the People,Will of the People,,,,,
609de961-ef84-4ea0-b3d1-fb113ed1742a,Geneological Society of Utah,Geneological Society of Utah,,,,,
7b9d0415-2726-42e8-b46e-54dcaaeae28b,"Edinburgh Medical School, University of Edinburgh","Edinburgh Medical School,, University of Edinburgh",,,,,
7c8d1f9d-5048-4cca-9e1f-6f8471c87b74,"Pembroke College, Cambridge University","Pembroke College,, Cambridge University",,,,,
614ef68d-71b3-4782-bd06-f4e73d67a0b0,William Andrews Clark Memorial Library,William Andrews Clark Memorial Library,,,http://viaf.org/viaf/158783898 | http://viaf.org/viaf/313144994 | http://viaf.org/viaf/315615611,http://viaf.org/viaf/158783898,http://viaf.org/viaf/313144994 | http://viaf.org/viaf/315615611
1ce85604-72e5-43ac-a832-e6f3daf57636,Chawton House Library,Chawton House Library,,http://www.wikidata.org/entity/Q5088581,http://viaf.org/viaf/125795705,http://viaf.org/viaf/125795705,http://www.wikidata.org/entity/Q5088581
95a68252-7af6-4b88-a417-c924526fff33,Tŷ Newydd Writers' Centre,Tŷ Newydd Writers' Centre,,,,,
43861d8f-5566-4f95-958e-93fed31c5fb3,Leeds School Board,Leeds School Board,,,,,
968cf5e2-6700-4051-a9dc-9a1774be5c22,Theosophy,Theosophy,,,,,
d945819a-48e3-4701-9c8c-77846588dcbe,Halifax Central Library,Halifax Central Library,,,,,
330d1c09-623b-4f85-b0ee-17b3d1e091db,British Brothers' League,British Brothers' League,,,,,
5e865ad0-10f4-43bf-96ec-b5540912e913,W. B. Yeats International Summer School,W. B. Yeats International Summer School,,,,,
94743cd0-bc57-42bb-824d-fee430e58895,English Farmers' Association,English Farmers' Association,,,,,
50e8ad8a-d216-4668-bcd2-bf66b81d79eb,Victoria Station,Victoria Station,,,,,
d438276a-3c3a-4d9c-871d-8b23312e9ed2,Robbins Committee on Higher Education,Robbins Committee on Higher Education,,,,,
3ec2524e-dbcc-40e1-bd86-4ffa070fb510,London International Futures Exchange,London International Futures Exchange,,,,,
ef180c57-3353-4288-8b35-ea407caadbba,Oxford and Cambridge Club,Oxford and Cambridge Club,,,,,
1805a148-a60d-4919-bcdb-f3ce4d71d6b5,Mugar Memorial Library,Mugar Memorial Library,,,,,
df5c62a4-bd66-469e-8ad9-03c59f74e4ff,Highlands and Islands Development Council,Highlands and Islands Development Council,,,,,
0ad6dd8e-d4f5-482d-994f-8b4ace22d069,Royal Court Theatre,Royal Court Theatre,,http://www.wikidata.org/entity/Q1169370,http://viaf.org/viaf/149883392,http://viaf.org/viaf/149883392,http://www.wikidata.org/entity/Q1169370
ef64415f-b253-4bc8-92d4-60a0b6af0747,Edinburgh Normal School,Edinburgh Normal School,,,,,
01ee566e-e71c-4285-b8a0-2b668086e11c,University of Bath,University of Bath,,,,,
cd7c9927-a1ee-41ac-8dd1-94461dd03ff4,North London Hospital for Consumption,North London Hospital for Consumption,,,,,
0b1c4124-6800-4b7a-aa7b-51974d3d9226,Efficiency Club,Efficiency Club,,,,,
ee751e4d-f8f9-45c0-8a82-4565d88f809d,Ellis and White,Ellis and White,,,http://viaf.org/viaf/1247154137631715491840,http://viaf.org/viaf/1247154137631715491840,
d7316d22-3b39-4e18-8afb-ed79a53b49ce,"City College, New York","City College,, New York",,,,,
3f5b9ab4-d966-4362-8048-05199d37f48c,"Working Men's College, Manchester","Working Men's College,, Manchester",,,,,
8e5c47b2-b04d-492a-a452-e9f14872f401,Angus Library,Angus Library,,,,,
d7a9d2aa-26b3-4ed9-9897-f119fb8d1fb2,Samuel Dancer,Samuel Dancer,,,,,
30c2cb5f-aa1e-4efa-84ea-60b223742740,Spinsters Ink,Spinsters Ink,,,,,
9ca8495c-3d39-4819-8316-892ab449c91d,Anglo-German Fellowship,Anglo-German Fellowship,,,,,
1e5d993e-501e-4ee1-a2e6-e8eceefbe52c,Nicolson's Cafe,Nicolson's Cafe,,,,,
aede940b-0763-4d89-97a7-00ba18acd016,Anglo-French Poetry Society,Anglo-French Poetry Society,,,,,
c4a69f1f-3bb2-4c7c-b5e0-e4e50ce2eefd,Young France,Young France,,,,,
adf9603d-e6b5-41de-9656-fcc876fb000d,Talk Tapes,Talk Tapes,,,,,
a558e5a8-b8a5-4808-957f-7c38d2d7c930,Pankrác Prison,Pankrác Prison,,,,,
03f848c0-9951-40b2-82d9-b14d1f0589b1,Yanjing University,Yanjing University,,,,,
6e6cc393-fe82-4fdd-8947-7370fe909169,Society for Psychical Research,Society for Psychical Research,,,http://viaf.org/viaf/153213838,http://viaf.org/viaf/153213838,
174169a2-c720-49f8-a7f1-c29f9f3e8b5e,University Press of Liverpool,University Press of Liverpool,,,,,
77603f76-d424-427d-ab35-32ab97aa3047,Flannel Petticoat Society,Flannel Petticoat Society,,,,,
50c12862-99a2-4c5a-82ad-f31044134566,Cumbria Record Office,Cumbria Record Office,,,,,
69db781d-64a5-4579-9aaf-d3d2d1fb6ba1,Casa da Moeda,Casa da Moeda,,,,,
d4b9a7ac-3fc5-442a-933f-b87d6ee6eb45,J. and J. Cash,J. and J. Cash,,,,,
30e804d7-6bb6-4eff-b985-35a8c4511c72,Adams Galleries,Adams Galleries,,,,,
dfe2c94f-68ae-4c07-ba66-1ba1b4e768e6,Plunket Society,Plunket Society,,,,,
4b6ac3cd-917b-4d91-9f6b-bfc299b5f70a,Crystal Palace,Crystal Palace,,,,,
37689470-7d3a-4555-ac5c-d262638c096b,Rosa Bassett Grammar School,Rosa Bassett Grammar School,,,,,
4e18e4e7-eeb3-46a4-a9cb-64f4399563a8,West of England Insurance Company,West of England Insurance Company,,,,,
a4ab647b-fb15-4a90-88dd-cf60a38ac152,Religious Tract Society,Religious Tract Society,,http://www.wikidata.org/entity/Q3522472,http://viaf.org/viaf/125832076,http://viaf.org/viaf/125832076,http://www.wikidata.org/entity/Q3522472
cbcaa96a-2f05-4859-b7ac-c1aae580d4a6,Westminster College,Westminster College,,,,,
da750517-27e8-4d08-9308-6e19ce2a2d06,Group Theatre,Group Theatre,,,,,
30989351-5d99-4dc9-9f4d-088ea59297db,Cotton Famine Relief Fund,Cotton Famine Relief Fund,,,,,
ac6753d4-5ce9-4a9f-83c3-4d5a9e04aad3,Royal Asiatic Society of Great Britain and Ireland,Royal Asiatic Society of Great Britain and Ireland,,,http://viaf.org/viaf/167789059,http://viaf.org/viaf/167789059,
a244ef34-ea2f-466f-a0b7-55c8df6b86d8,"Soldiers', Sailors' and Airmen's Families Association","Soldiers',, Sailors' and Airmen's Families Association",,,,,
52f54efc-2556-4e42-83c8-3165c15d6784,Canterbury and Whitstable Railway,Canterbury and Whitstable Railway,,,,,
893b054a-be05-43b8-8464-64b453e102df,Provisional Club,Provisional Club,,,,,
132dce2b-9075-430d-9bd5-8255ec8fe7cc,Irish Universal Suffrage Association,Irish Universal Suffrage Association,,,,,
ea296c73-251f-4f0b-964e-9c521591ef01,Hurst and Blackett,Hurst and Blackett,,http://www.wikidata.org/entity/Q16994498,http://viaf.org/viaf/151635949,http://viaf.org/viaf/151635949,http://www.wikidata.org/entity/Q16994498
f518ec6f-b43b-4c5a-b6b5-c86f195c5882,Wandsworth Warmers,Wandsworth Warmers,,,,,
57aab43b-a16d-4a9b-90fd-80cc491081ba,Messrs Henderson,Messrs Henderson,,,,,
79893718-8d54-4ba3-b5b9-5f6597453be1,Dublin Writers' Museum,Dublin Writers' Museum,,,,,
08ef3739-e20f-4746-b81a-17ff1aec2461,History Press,History Press,,,,,
9a994e08-057b-443e-8571-fea34ed60726,Peregrina Press,Peregrina Press,,,,,
6c03f177-6676-4cd3-9a95-7360b06d081b,Cottle,Cottle,,,,,
4ffc6b77-60de-48ea-a84b-7019396641d6,Home and Van Thal,Home and Van Thal,,,,,
29379379-0d75-4377-9cca-d08f9738b192,Shakespeare Gallery,Shakespeare Gallery,,,,,
8421ed92-9731-4128-b6f7-fa42970d911f,Zimbabwe Publishing House,Zimbabwe Publishing House,,,,,
1094de68-a774-42b0-8d8e-46252688ee59,Coats and Clark,Coats and Clark,,,,,
48c2862f-6ea8-49c2-888f-70048ee71327,Society for Psychiatry and Neurology,Society for Psychiatry and Neurology,,,,,
08a185fd-a82f-45d7-9239-53277f4051a8,Palmer's shipyard,Palmer's shipyard,,,,,
418361a0-5aa1-4cfc-b754-1f236c05a243,Lane and Scott,Lane and Scott,,,,,
18a8cd1c-c3c0-4ea7-8ca4-10b508d6bee1,Amalgamated Press,Amalgamated Press,,,,,
2fadf004-cb05-4267-a331-3c2d9c50cd39,Edward W. Titus,Edward W. Titus,,,,,
acd2e393-6017-4028-ab89-69b0cfb853d9,Daimler Company,Daimler Company,,,,,
d026c83f-de49-4d3c-a746-9cdd907edd33,National Association for Providing Trained Nurses for the Sick Poor,National Association for Providing Trained Nurses for the Sick Poor,,,,,
70e45800-7239-416f-bf43-f742672f5522,Llandaff Cathedral,Llandaff Cathedral,,,,,
f10958d5-a661-416b-b3cc-45c0423d43b8,Marine Biological Association,Marine Biological Association,,,,,
0d1c4988-81d3-46f7-844e-c8b164f5cb68,Women's Emergency Corps Committee,Women's Emergency Corps Committee,,,,,
a318d154-9d81-4076-9483-c71e492120e2,Women's Franchise Declaration Committee,Women's Franchise Declaration Committee,,,,,
195563c9-ae42-4269-8a76-33b734ff9220,Anti-Suffrage Parliamentary Party,Anti-Suffrage Parliamentary Party,,,,,
aac3f010-a8df-4a9d-9a24-e60d17a3a61f,Goodenough Committee,Goodenough Committee,,,,,
9e4df6db-777a-46b1-9180-b1c99ce35e75,"Newnham College, Cambridge University","Newnham College,, Cambridge University",,http://www.wikidata.org/entity/Q1247589,http://viaf.org/viaf/158973176,http://viaf.org/viaf/158973176,http://www.wikidata.org/entity/Q1247589
901f5d7b-2e09-478f-b306-1f9d761ca9c9,University of Sunderland,University of Sunderland,,,,,
ab765d17-d52a-4926-adcf-1cd2c2d5573d,Manchester Regiment,Manchester Regiment,,,,,
ec800f28-b716-4f35-a3e2-508236932eeb,British Israelitism,British Israelitism,,,,,
20d7d564-7ce8-4562-af18-7dfc0796a1b7,Welsh Arts Council,Welsh Arts Council,,,http://viaf.org/viaf/130804596,http://viaf.org/viaf/130804596,
5dc9cbcb-8eae-4e04-8eb1-a4ae2160b57e,Winchester Art School,Winchester Art School,,,,,
a024b45c-2ec4-4f00-9fc9-6f7b36dd82ed,Carnegie United Kingdom Trust,Carnegie United Kingdom Trust,,,,,
aecb539d-547d-4626-b6ed-252a8e2d759d,Many Press,Many Press,,,,,
a71089d1-daab-4794-a929-2ee55407f105,Women's Equality Party,Women's Equality Party,,,,,
d446fa71-76c0-4142-bdb4-1c4a37c8d7e3,Liverpool Playhouse,Liverpool Playhouse,,http://www.wikidata.org/entity/Q15242536,http://viaf.org/viaf/315666257,http://viaf.org/viaf/315666257,http://www.wikidata.org/entity/Q15242536
aaf23ac5-fcc6-47ba-9930-6ebec57f8d0f,Society of Apothecaries,Society of Apothecaries,,,,,
7fb7c266-1d0e-47a3-ae5c-7f06c6ab7406,American Safety Razor Company,American Safety Razor Company,,,,,
cf3d968c-39c6-4d0d-baab-cb05b966874e,Wake Forest University,Wake Forest University,,,,,
bb1ef825-c380-4fdd-9abc-39108b88df75,National Book League,National Book League,,,http://viaf.org/viaf/129950816 | http://viaf.org/viaf/316402804,http://viaf.org/viaf/129950816,http://viaf.org/viaf/316402804
d1982908-4f1f-4168-baa3-6754974e58c9,National Association for the Advancement of Colored People,National Association for the Advancement of Colored People,,,,,
74830b5a-2089-4c69-873a-c02c7fe2f866,South Place Institute,South Place Institute,,,,,
d38fb5c9-2900-4181-ba92-03fe644d9e33,Halifax Thespians,Halifax Thespians,,,,,
0c972240-c841-4253-b7dc-55a327261bef,Royal Television Society,Royal Television Society,,,,,
1f719401-513d-4998-9b6c-7ff6a5805912,Sunlight League,Sunlight League,,,,,
3b11bed9-c665-4e2d-9a50-858618fcc079,Conservative Party of Canada,Conservative Party of Canada,,,,,
8b90bec8-2fbb-4e4f-a48e-3b1f98e47b80,ManACT Theatre Company,ManACT Theatre Company,,,,,
112ccba1-bb2c-4826-bac2-e355ddb04634,Civil Service Commission,Civil Service Commission,,,,,
78a6621b-4377-4049-a46c-ba55472e685e,Braziller,Braziller,,,http://viaf.org/viaf/159803619 | http://viaf.org/viaf/42169497048297590905,http://viaf.org/viaf/159803619,http://viaf.org/viaf/42169497048297590905
8d361dec-86dc-446d-bf83-44f530144530,English Archaeological Society,English Archaeological Society,,,,,
f1944f00-9114-4994-a4bd-f217127d2f0c,British Institute in Prague,British Institute in Prague,,,,,
5b80f237-5b3f-4925-8008-c70d8f8bc43d,Encounter English Schools,Encounter English Schools,,,,,
9870028d-da91-43eb-99ba-c118e7b3bec9,Textlab 2003/2004,Textlab 2003/2004,,,,,
d2813c44-6659-4cab-9219-0a861708a1f5,Women's Suffrage Society,Women's Suffrage Society,,,,,
7f7f33a5-6127-4001-80c4-6eca4e1195ac,Republic of Pemberley,Republic of Pemberley,,,,,
78d3ca7f-a187-4129-8bf2-4a0df291a396,Family Endowment Society,Family Endowment Society,,,,,
cecb8669-a43c-4aa8-a847-7ccc0dce9a2c,Sheffield Juvenile Bible Society,Sheffield Juvenile Bible Society,,,,,
bd275ce7-3403-40c4-9f6b-4cd4773b6b29,Dublin Tract Society,Dublin Tract Society,,,,,
4f538621-0fc3-4f89-86ce-9be0efb49359,Medico-Chirurgical Society of London,Medico-Chirurgical Society of London,,,,,
c5694be1-9050-4ff9-9a89-eb667b9ebc84,San Carlo opera,San Carlo opera,,,,,
608b7a17-bd0b-4fb7-9c79-b366cc93aa68,John Marshall,John Marshall,,http://www.wikidata.org/entity/Q6246865,http://viaf.org/viaf/7442947,http://viaf.org/viaf/7442947,http://www.wikidata.org/entity/Q6246865
56c4b48b-fe15-43cd-904e-74076f0cde33,Royal Academy of Dancing,Royal Academy of Dancing,,,,,
794f6a2c-c57f-4608-abc0-b6dab7dfe250,Peace-with-Ireland Council,Peace-with-Ireland Council,,,,,
c51df848-7c46-45b2-9488-108cd929648d,Hurst,Hurst,,,,,
b0225d80-3865-400e-8b38-99392546f5d4,Yellow Fox Press,Yellow Fox Press,,,,,
8de285dd-947a-4f67-8abf-c3a25334c5ef,Women's Theatre Company,Women's Theatre Company,,,,,
1847b01d-ee9d-407c-af7d-a06c300b5cbc,Miami University,Miami University,,,,,
218ecc41-3241-4a80-bf22-78e0ce42c2c3,Thames Polytechnic,Thames Polytechnic,,,,,
fc967c5c-1e6a-4f2d-87c5-c99a9578e4f0,East London Chartist Temperance Association,East London Chartist Temperance Association,,,,,
281a588c-4afa-4b0b-bc69-162305c2a9b6,Association Irlandaise,Association Irlandaise,,,,,
02ffd7f1-f4b7-4430-8fe8-0a5e21413a02,Nixon-Jones Printing,Nixon-Jones Printing,,,,,
80310ec4-2884-4ebe-a213-fb6b60db28de,Mary Ward House,Mary Ward House,,,,,
e43d5931-1a9c-46ed-bcda-7e8917447f13,"Imperial College of Science, Technology and Medicine","Imperial College of Science,, Technology and Medicine",,,,,
08ae1125-2163-47de-9bd1-a05b10073275,Bulgari,Bulgari,,,,,
5f092ba5-2577-4be1-9071-059798330216,Blackwell's Rare Bookshop,Blackwell's Rare Bookshop,,,,,
3956e65a-d528-4fda-812a-afbbc51399ed,Order of Saint-James,Order of Saint-James,,,,,
2e573a6c-041f-413d-88be-0343d95add21,British Institution,British Institution,,,,,
24d59616-2bd3-40f8-a9fe-d08af7cfade0,Star and Garter Hotel,Star and Garter Hotel,,,,,
7f0161bb-5968-4a10-ae34-181b7a1c9376,National Medical Association,National Medical Association,,,,,
f644322f-2dc4-46f5-8e03-24f670a58339,Oxford Students Debating Society,Oxford Students Debating Society,,,,,
82178ec7-ad9a-4561-a5db-36cb2bff3a56,Society of Incorporated Accountants and Auditors,Society of Incorporated Accountants and Auditors,,,,,
79ca7ebf-1420-4ea0-bbc9-4bb939986310,St Bee's Theological College,St Bee's Theological College,,,,,
8b1b6972-1b41-488d-8326-1efeb9341d1a,Dublin School of Art,Dublin School of Art,,,,,
6a509b9d-5909-4ad7-b3af-b007ee8c9094,Royal Field Artillery,Royal Field Artillery,,,,,
f4585c52-29f6-4db9-bd1b-e5e9c624f8da,Literary Society,Literary Society,,,,,
c89a8ed1-24c6-456f-ad6b-1f7b6c52dbeb,Warrington Academy,Warrington Academy,,http://www.wikidata.org/entity/Q3025751,http://viaf.org/viaf/135306442 | http://viaf.org/viaf/551155284798387060232,http://viaf.org/viaf/135306442,http://viaf.org/viaf/551155284798387060232 | http://www.wikidata.org/entity/Q3025751
97a2b93a-fff3-46a0-ad1c-219238cc0c5d,Bridewell Theatre,Bridewell Theatre,,,,,
6d2da556-e12c-4385-915c-23bc575c1f74,"Hammond, Hammond","Hammond,, Hammond",,,,,
ee13526c-545c-41a7-9343-be2a7cfee941,Voltaire Foundation,Voltaire Foundation,,,,,
86d8a242-2caf-4aae-a7b0-2b976f64b36d,Jean Ribou,Jean Ribou,,,,,
b6d4e679-db26-403a-8f2c-e6bf242aa62c,Summerhill School,Summerhill School,,,,,
76108abf-bafd-4a2f-970d-b0aa49728051,Burney Society,Burney Society,,,,,
dcceb26b-d83b-4da6-8b80-e12d29f4be87,Bishop Museum,Bishop Museum,,,,,
5dc71d2a-7566-4299-a51b-96f5a6bb4885,John and Peter Wilson,John and Peter Wilson,,,,,
850eb610-1a73-454c-8ade-fa5d050ec157,Southwark Radical Association,Southwark Radical Association,,,,,
62addea8-f142-4d9c-91a3-ea78e9e06da9,Sweet Honey on the Rock,Sweet Honey on the Rock,,,,,
d843cf8e-57ac-4e76-9819-c4750249f56c,"St Mary's Convent, Ascot","St Mary's Convent,, Ascot",,,,,
d914eb4d-5dc5-442b-bfcc-fd77fcd97dea,Women's Advertising Club of London,Women's Advertising Club of London,,,,,
cb337fad-dfca-4c07-8f0f-623d0c9088bd,Finstock Local History Society,Finstock Local History Society,,,,,
affd6184-f17d-400c-bd07-34a5e992604f,Bethesda Foundation,Bethesda Foundation,,,,,
b383123c-4c7b-43fb-a7c2-140e245ffc3c,Catherine Cookson Foundation,Catherine Cookson Foundation,,,,,
39d3218d-2407-4b7e-8b56-78710d446bfb,All Saints Sisterhood,All Saints Sisterhood,,,,,
dcee428f-4c0c-451c-a11f-82b00892f0d3,Heywood and Son,Heywood and Son,,,http://viaf.org/viaf/123598224,http://viaf.org/viaf/123598224,
039cc580-b987-4eda-94ee-efc21504e25f,Women's Health Initiative,Women's Health Initiative,,,,,
caad572b-86b2-422b-bb96-d9f05d9ca912,English Augustinian Canonesses,English Augustinian Canonesses,,,,,
1fba131c-d09a-4d50-9156-c1d12709df20,Metropole Theatre,Metropole Theatre,,,,,
f1914315-cc56-4c25-831a-f6cc1ed2320b,Inter-Departmental Committee on Abortion,Inter-Departmental Committee on Abortion,,,,,
fa92d960-2cba-4b4d-a3ef-2fe833dbcf87,Yervada Prison,Yervada Prison,,,,,
48bf8f7d-95ba-4890-9372-6794fcfb7471,Aberdeen College of Education,Aberdeen College of Education,,,,,
e6217ae1-852e-47e0-810b-66deef353b21,Royal Engineers,Royal Engineers,,http://www.wikidata.org/entity/Q3098650,,http://www.wikidata.org/entity/Q3098650,
f3e6a21e-97a7-46c8-a927-06ab27c1144f,"Royal College, Mauritius","Royal College,, Mauritius",,,,,
c6eda584-cbf6-492b-b5eb-aecbc4ebc0b0,Estes and Lauriat,Estes and Lauriat,,,,,
b36071f5-1b07-4841-8bcb-2555573c976b,BBC Symphony Orchestra,BBC Symphony Orchestra,,,,,
f5d15382-d82a-49e9-aa98-6c7ff1d5e058,Daily Express,Daily Express,,,,,
7e973d39-f580-4390-8df0-9da45a30354b,Saqi Books,Saqi Books,,,http://viaf.org/viaf/317192073,http://viaf.org/viaf/317192073,
9422031e-0e5a-45e2-9705-00cf15a020ed,British Temperance Association,British Temperance Association,,,,,
28d75b51-6163-4591-b7f3-79fcd01e4184,University of Virginia,University of Virginia,,http://www.wikidata.org/entity/Q213439,http://viaf.org/viaf/126085929,http://viaf.org/viaf/126085929,http://www.wikidata.org/entity/Q213439
55b15737-9963-457b-a0c4-efd90e31239d,Plymouth Brethren,Plymouth Brethren,,http://www.wikidata.org/entity/Q685812,http://viaf.org/viaf/153542924,http://viaf.org/viaf/153542924,http://www.wikidata.org/entity/Q685812
93b937b7-1c84-4c44-9648-c35ed8a9d6b5,Dandelion Books,Dandelion Books,,,,,
8d4c8769-39a5-4adf-b195-d2b82b1796f7,"Theatre Royal, Dublin","Theatre Royal,, Dublin",,http://www.wikidata.org/entity/Q7777424,http://viaf.org/viaf/142045465,http://viaf.org/viaf/142045465,http://www.wikidata.org/entity/Q7777424
2e591f4b-689c-46f9-a2f8-c328aeb21eb2,Oxford University,Oxford University,,http://www.wikidata.org/entity/Q34433,http://viaf.org/viaf/142129514,http://viaf.org/viaf/142129514,http://www.wikidata.org/entity/Q34433
954392d7-32fa-4e2d-adb1-e6992272e1d5,University of Michigan,University of Michigan,,http://www.wikidata.org/entity/Q230492,http://viaf.org/viaf/150312895,http://viaf.org/viaf/150312895,http://www.wikidata.org/entity/Q230492
6709ace9-18f2-4f98-b99c-28a8f9422c05,Organization of American States,Organization of American States,,,,,
c498dbd8-294f-41db-a0aa-3ae7d3747331,Persil,Persil,,,,,
1fed5cf4-ac11-437d-b45c-5d5d47c997f2,Excelsior Printing and Supply Company,Excelsior Printing and Supply Company,,,,,
2184d3d2-90e4-4228-96f1-2ea2b73be79e,"Courtauld Institute of Art, University of London","Courtauld Institute of Art,, University of London",,,http://viaf.org/viaf/129882217 | http://viaf.org/viaf/667160546911310240000,http://viaf.org/viaf/129882217,http://viaf.org/viaf/667160546911310240000
1b9294ef-805d-4105-8b72-a856ef237f2a,Land Reform Union,Land Reform Union,,,,,
9d8501f8-d71b-405a-ae7c-35684264db48,Literary Association of the Friends of Poland,Literary Association of the Friends of Poland,,,,,
ee82e266-3d62-4ca3-ba58-707962cd6205,Open University,Open University,,http://www.wikidata.org/entity/Q2413375,http://viaf.org/viaf/152430895,http://viaf.org/viaf/152430895,http://www.wikidata.org/entity/Q2413375
6afbbc57-4a06-442e-9dd9-f0831d7df243,Antwerp Geographical Society,Antwerp Geographical Society,,,,,
c615f1ed-6c76-48de-8bd5-65e7c0512604,University of Rome,University of Rome,,,,,
d9f6a045-1ab3-4c80-a2a5-e8850edbaa2e,Italia Conti stage school,Italia Conti stage school,,,,,
d76fe19a-5b55-4e7c-b55b-8fd72ee8f6b8,Life Guards,Life Guards,,,,,
a5dba4f4-7890-4369-ae47-cf4840562914,International Committee of the Red Cross,International Committee of the Red Cross,,,http://viaf.org/viaf/5857163211513207455744,http://viaf.org/viaf/5857163211513207455744,
9bc2b0f3-7176-4620-97b7-13a4d27b391e,London Vegetarian Society,London Vegetarian Society,,,,,
2114ac89-0c5a-4cc3-865d-d45b563bfc93,Notting Hill High School,Notting Hill High School,,http://www.wikidata.org/entity/Q7063568,,http://www.wikidata.org/entity/Q7063568,
2193e6ce-0d27-422e-ae77-201447d7fd5a,Devonshire Hospital,Devonshire Hospital,,,,,
60757086-e149-4937-a414-8eba473ae8dc,Arrow Books,Arrow Books,,,http://viaf.org/viaf/311350485,http://viaf.org/viaf/311350485,
95839826-7a5a-4cc4-9073-94776674a20b,American Humane Society,American Humane Society,,,,,
978a2f5d-e260-46bf-82c5-4216a9fc445b,Art Meets Matter,Art Meets Matter,,,,,
d575bffb-40d1-4b05-b9cf-b1f38dd518fa,Garrick Club,Garrick Club,,,,,
0f837029-3dc1-47cf-87ba-cc9ec292c245,Rowman and Littlefield,Rowman and Littlefield,,,,,
aced6074-cfcb-4a6b-a43e-436f0d3b2a24,Irish Senate,Irish Senate,,,,,
ebf32342-c3f4-4d78-9e5d-7794c0662026,British Board of Film Censors,British Board of Film Censors,,,,,
ee8914ce-1d79-449d-b5fe-f0387eb3f585,Cosmopolis,Cosmopolis,,,,,
d618720e-f624-46eb-bf8d-23bedd1e8783,Walthoe,Walthoe,,,,,
c5d39549-dc28-43fa-a2fe-dedcab61cd5d,Royal Ballet School,Royal Ballet School,,,,,
6250e564-a30a-4b25-8ada-0c17a9df4dff,Lilly Library,Lilly Library,,http://www.wikidata.org/entity/Q6548368,http://viaf.org/viaf/150990018,http://viaf.org/viaf/150990018,http://www.wikidata.org/entity/Q6548368
bdf62ea3-a81f-4185-9b4c-b52318d8d812,Hindu University,Hindu University,,,,,
d2b2cb7f-412e-42c7-8553-65853c40dc25,Operation Rescue,Operation Rescue,,,,,
be30dd8b-3d33-4d74-9b27-339428724163,Vikas,Vikas,,,,,
d71d07ec-d8b2-4ceb-97a1-c3089e9433eb,"Theatre Royal, Little Lincoln's Inn Fields","Theatre Royal,, Little Lincoln's Inn Fields",,,,,
7e7aa169-f0a1-42cf-93df-94cd3f75854a,Dublin Parliament,Dublin Parliament,,,,,
49f40fdd-c9b8-42d5-8bf0-6bd4a1aeba3a,St George Girls High School,St George Girls High School,,,,,
535fa6f1-0767-424f-8b98-d4b1556cf791,University of Colorado,University of Colorado,,,,,
d1f0e583-728a-4942-b23b-419f4ed0e5b4,Labour Women's Conference,Labour Women's Conference,,,,,
fe6abd50-5d32-41f8-9ad6-c4d454d2b10b,Brackenhurst,Brackenhurst,,,,,
49716109-19ce-4ee0-9cd2-e052a178bb1f,Glasgow Royal Infirmary,Glasgow Royal Infirmary,,,,,
89689b91-a010-4e75-bcad-772eca6902ec,East London Nursing Society,East London Nursing Society,,,,,
69075845-bb75-4de2-9c53-e8558caeee47,"PEN International, New York","PEN International,, New York",,,,,
a9cd3bd5-46c4-411e-8043-900d5e7a071e,Irish Public Record Office,Irish Public Record Office,,,,,
99587608-e2ce-4d4b-9dee-f58ea3b1985f,Northumberland Record Office,Northumberland Record Office,,,,,
ed85e738-a6ff-4713-a30c-d44d277603c7,Osborne Collection of Children's Books,Osborne Collection of Children's Books,,,http://viaf.org/viaf/159160713,http://viaf.org/viaf/159160713,
81270378-49ff-402d-a146-7e7c7dc1e738,Millay Society,Millay Society,,,,,
10089fc0-31b4-4b10-b399-4552c6603c89,Raritan Bay Union,Raritan Bay Union,,,,,
fcae1c6c-2b42-4283-9967-f15ddc322ed9,Alice Munro Bookstore,Alice Munro Bookstore,,,,,
cde72dda-f2ca-4a7b-87be-72d4e3031c3a,Royal Commission on Medical Education,Royal Commission on Medical Education,,,,,
aa30f777-fb29-43f7-a3f8-8f897002e15b,Cymrodorion Society,Cymrodorion Society,,,,,
34830c49-6025-437e-8199-d024f4233fc7,Parlement,Parlement,,,,,
d534d1f8-5ed2-46f5-bdf8-fe11f82f18cf,MySpace,MySpace,,,,,
01883b52-bfa5-4182-aadb-3ec767fbbcb1,British Association for the Advancement of Science,British Association for the Advancement of Science,,http://www.wikidata.org/entity/Q918782,http://viaf.org/viaf/104454592,http://viaf.org/viaf/104454592,http://www.wikidata.org/entity/Q918782
b5a90518-77a7-4ba0-b2de-aadc36f13bda,National Joint Action Committee on Women's Equal Rights,National Joint Action Committee on Women's Equal Rights,,,,,
aa4018a1-7022-4276-8824-ceaacde0595c,"Crescent Moon, Maidstone","Crescent Moon,, Maidstone",,,,,
603c96bd-731b-4e63-8b1f-5978bcfdf6d9,African Music and Drama Association,African Music and Drama Association,,,,,
10df95c2-66da-4412-a8b3-f8274cbf94da,Margaret Barnes School of Dancing,Margaret Barnes School of Dancing,,,,,
895a7c0b-a0c7-4609-a648-72f0637449e1,D. D. Merrill Company,D. D. Merrill Company,,,,,
701beb70-b93b-4935-9955-5120f5f3ec09,National Trust,National Trust,,,,,
ac43cab0-c587-48ae-9879-e884f7990353,National Viewers' and Listeners' Association,National Viewers' and Listeners' Association,,,,,
5802cb7d-c0ea-4b17-b5a8-ff4c5b22aeb1,"Mounted Police, South Africa","Mounted Police,, South Africa",,,,,
939a3ae2-dab6-4b9c-b35a-396d886315d4,Woman Suffrage Party,Woman Suffrage Party,,,,,
465074f3-468e-4613-a629-b840c0f8f300,Playbox Theatre,Playbox Theatre,,,,,
e435f424-71db-46fb-83e8-668cf879d1af,Friday Club,Friday Club,,http://www.wikidata.org/entity/Q98561177,,http://www.wikidata.org/entity/Q98561177,
1af5d367-592e-475b-9224-3d63dd4a5c47,Jewish Literary Society,Jewish Literary Society,,,,,
eefe94db-336c-43d4-9f8c-7384ce7318a8,Union Workhouse,Union Workhouse,,,,,
b463a681-1497-450d-8b1e-c300a5d581ca,Amateur Athletic Association,Amateur Athletic Association,,,,,
e749ea3c-8758-40b9-95fe-ac4b3d03d08f,Serif,Serif,,,,,
3bee9a44-2d56-4c40-8867-28b986f1a993,Society of Women Journalists,Society of Women Journalists,,http://www.wikidata.org/entity/Q17046116,http://viaf.org/viaf/265838816,http://viaf.org/viaf/265838816,http://www.wikidata.org/entity/Q17046116
3714cabb-6068-41ec-a4a7-bd05c8db4585,Psychological Society of Great Britain,Psychological Society of Great Britain,,,,,
aef6fbf2-d798-40d3-bc9d-ac43d05e9455,Phillips Exeter Academy,Phillips Exeter Academy,,,,,
9ea55f0d-8693-43ee-98aa-d9708c727c25,Women's International League for Peace and Freedom,Women's International League for Peace and Freedom,,http://www.wikidata.org/entity/Q689768,http://viaf.org/viaf/126114525 | http://viaf.org/viaf/141597508,http://viaf.org/viaf/126114525,http://viaf.org/viaf/141597508 | http://www.wikidata.org/entity/Q689768
f1b0a27d-b539-4657-ad9b-d9f5686a45b6,Young Ireland,Young Ireland,,http://www.wikidata.org/entity/Q1450559,http://viaf.org/viaf/189407252,http://viaf.org/viaf/189407252,http://www.wikidata.org/entity/Q1450559
ce5028b7-74bd-49a2-aa10-6f034c22f10d,Women's Peace Party,Women's Peace Party,,,,,
5b0194f5-95cd-4a11-b566-8cf9d2983266,Irish Red Cross,Irish Red Cross,,,,,
bd479960-ea06-4a2f-9494-e34c56ea5979,Evening Institute for Working Men,Evening Institute for Working Men,,,,,
02d87963-bffc-4f53-aac0-fc2afe90d79e,Irish Transport Company,Irish Transport Company,,,,,
e2199fef-179d-4a4e-a7e1-2a8689054b2c,Maggs Bros Rare Books,Maggs Bros Rare Books,,,,,
ca99e4a0-d27f-43e9-8559-f977899b4c10,Royal Infirmary,Royal Infirmary,,,,,
8246119b-104f-4596-9e10-8bd38246740e,"Centre for Computing in the Humanities, King's College","Centre for Computing in the Humanities,, King's College",,,,,
3688bafe-7a66-47c0-b77c-ccb1219e557a,Facebook,Facebook,,,,,
75138338-43df-4679-a64f-0ccd4a173857,Black Women Organized for Action,Black Women Organized for Action,,,,,
3ae05a83-a4cb-4e02-9c53-7bed56fed4ff,Burgess Hill School for Girls,Burgess Hill School for Girls,,,,,
92a28b08-dac2-43c0-a1f6-ee3cef1dd1e7,American Automobile Association of California,American Automobile Association of California,,,,,
9d4a7ea3-b2ba-47fd-a808-188497848532,Equal Rights International,Equal Rights International,,,,,
e1e2ed94-790a-4d43-80e4-9ebc4f16dc86,British Typographers' Guild,British Typographers' Guild,,,,,
329e339c-4234-49fb-8f40-13de0bc7ef87,Sisters of St John's House,Sisters of St John's House,,,,,
43ddf599-c1af-426f-bff2-0bfdfe95608f,"S. Low, Son, and Marston","S. Low,, Son,, and Marston",,,,,
e0a74938-bc57-4681-b682-3bf82b5d9b91,Danish Association for the Individual and Society,Danish Association for the Individual and Society,,,,,
77dedc65-0004-4cda-9ed2-e3fc392ceb90,Dey's,Dey's,,,,,
f37f6539-4009-4c46-9e71-e93187b31b8b,Queen Street Ladies' College,Queen Street Ladies' College,,,,,
8caaaf68-f9b2-41a3-afc1-ef58b130d82b,"Royalty Theatre, London","Royalty Theatre,, London",,,http://viaf.org/viaf/149659138 | http://viaf.org/viaf/329147905012879090264,http://viaf.org/viaf/149659138,http://viaf.org/viaf/329147905012879090264
ab7bc7a6-cde3-4d45-bdb9-cdef878b5ef7,"Dock, Wharf, Riverside and General Labourers Union","Dock,, Wharf,, Riverside and General Labourers Union",,,,,
906e428b-c617-4668-a452-50b5924d0393,Tothill Fields Prison,Tothill Fields Prison,,,,,
7cbd1697-723d-4eea-a496-7bb1f34d7c12,University of Lucknow,University of Lucknow,,,,,
76d89731-84a0-4d60-9cf9-2c20d9cf1022,Kilmainham Jail,Kilmainham Jail,,,,,
7f2722ff-28bb-4410-ae0a-53fc0dd6b6f8,Local Education Authorities,Local Education Authorities,,,,,
6947cc77-e036-495c-9cea-f7dac23938b8,California Labor School,California Labor School,,,,,
5e87cf51-c1e0-4ee7-868a-612c00e52563,Staffordshire County Asylum,Staffordshire County Asylum,,,,,
171865b2-c5e2-4cdd-b4cc-d62c908d9760,North London Deaconesses' Institution,North London Deaconesses' Institution,,,,,
1634e83b-ba12-43c8-9929-037f18868310,London Hospital,London Hospital,,,http://viaf.org/viaf/124065771,http://viaf.org/viaf/124065771,
867bfb57-8bdc-4d8c-9901-fd0c7943acd9,"Institute of Education, University of London","Institute of Education,, University of London",,,,,
910b6467-485f-44e2-acc9-a3697f5dce43,Amnesty International,Amnesty International,,http://www.wikidata.org/entity/Q42970,http://viaf.org/viaf/141290649,http://viaf.org/viaf/141290649,http://www.wikidata.org/entity/Q42970
7cdce2cf-24ee-48a9-a2ca-598c9a04371a,Royal Astronomical Society,Royal Astronomical Society,,,http://viaf.org/viaf/141313121 | http://viaf.org/viaf/9595165573973037800005,http://viaf.org/viaf/141313121,http://viaf.org/viaf/9595165573973037800005
c489f0c7-3f62-4f62-9620-76f3db5706dc,W. Grove and Sons,W. Grove and Sons,,,,,
6881c434-ff9c-4e93-9e54-c9b76ef85884,British Museum,British Museum,,http://www.wikidata.org/entity/Q6373,http://viaf.org/viaf/134857252,http://viaf.org/viaf/134857252,http://www.wikidata.org/entity/Q6373
d9cf5bfd-d34a-4852-90ec-d6540ade52aa,Kibbo Kift,Kibbo Kift,,,,,
eed08d65-321d-478f-b1b6-be8cbe5cbd28,Dönmeh,Dönmeh,,,,,
cfe17c9e-d96f-4be3-8125-4687a4b1e488,Berlin Radio,Berlin Radio,,,,,
2294033a-aa95-49d1-820a-e03d243dc652,Moira House School,Moira House School,,,,,
886ca8a3-7912-4640-9b6f-2fa5adaf2bd9,Slade School of Art,Slade School of Art,,,http://viaf.org/viaf/157073792,http://viaf.org/viaf/157073792,
643481a0-777d-49d1-b807-e3e3f2efb0a6,World Council of Churches,World Council of Churches,,,,,
1ec2b867-e134-4bed-b77b-4925858fd5f6,Subud,Subud,,,,,
b6f77f4d-668d-4349-816c-8909ceb0d786,Société Fraternelle des Deux Sexes,Société Fraternelle des Deux Sexes,,,,,
595b5c56-fccd-4139-a8f0-898b25dba3f7,Marie Curie Hospice,Marie Curie Hospice,,,,,
ecd5636e-b992-42a4-b858-778d00a508a1,National Film Award,National Film Award,,,,,
24a5fe6b-49e7-4e60-a85a-5cd5386969bf,Ella Wheeler Wilcox Society,Ella Wheeler Wilcox Society,,,,,
1bcde80c-eddb-4445-a6ce-44a8b56cb463,Millfield College,Millfield College,,,,,
a0b02fd7-27c5-4753-9aa8-c61e697c81d0,Lister Institute,Lister Institute,,,,,
d6e19034-f3b0-4265-b765-27f8db655d6e,Frederick Stokes,Frederick Stokes,,,,,
a01498c5-55e8-478d-bfc4-50e795ee94a6,Whitechapel Asylum,Whitechapel Asylum,,,,,
4fc2f170-aa1a-478c-b8a9-6f3373230924,Female Mission to the Fallen,Female Mission to the Fallen,,,,,
87d8393a-bf84-47ee-9f2e-139ae1fac8ab,Newcastle Central Library,Newcastle Central Library,,,,,
50ecfdb0-1af0-4270-bd2d-dc4293dddf77,New Arts Theatre Club,New Arts Theatre Club,,,,,
424061b3-aa8e-4363-b12f-2c2f189b0316,Clarion Publishing,Clarion Publishing,,,,,
f154bf1c-82fa-497c-9ddd-613f7df5b8fd,MI5,MI5,,,http://viaf.org/viaf/138394150,http://viaf.org/viaf/138394150,
c7b940a5-8657-4b75-83a1-d93a0df3c5a2,Whittingham,Whittingham,,,,,
0b2425c2-54af-42bd-b1dd-0a185c5635aa,Marshall and Russell,Marshall and Russell,,,,,
165da8f3-a471-4961-90d5-820dfb277a24,Ray Society,Ray Society,,,,,
410314ea-1bf7-4773-be7b-0f248e9b23c3,Women's Peace Army,Women's Peace Army,,,,,
2a57349a-ac1b-4d38-a3c7-eca13f2ad3cd,National Indian Association,National Indian Association,,,,,
03e225e2-1b35-4af3-89cb-666b4f66319e,First Edition Society,First Edition Society,,,,,
45c6b703-57f4-4098-9c26-587c142ed0ae,European Court of Human Rights,European Court of Human Rights,,,,,
9cfc5c5c-2691-4946-babd-6780da137b38,Calvinistic Methodist Church,Calvinistic Methodist Church,,,,,
402223f4-e728-400e-ac11-a673e73875c1,Moravian Seminary,Moravian Seminary,,,,,
2de6077e-f597-4dc9-bb9a-69b6706fb448,Women's Press Club,Women's Press Club,,,,,
56bf1cff-792d-4f10-a7d5-d773f9c4371a,Magner's Chemist Shop,Magner's Chemist Shop,,,,,
e0b69484-da70-452b-8138-be9407bcf188,C. Chapple,C. Chapple,,,,,
ad129ff5-71cd-451e-a8bc-0fea6ef2c03b,Lady Manners School,Lady Manners School,,,,,
6ca43736-42f4-4f88-bb54-2e345e920608,Dalhousie University,Dalhousie University,,,http://viaf.org/viaf/127757839,http://viaf.org/viaf/127757839,
70a9b1cd-956b-45b4-950a-baa6dcdaef56,Herean Games,Herean Games,,,,,
b591d117-79d6-443d-8c5b-683624150dbf,Bibliographical Society,Bibliographical Society,,,http://viaf.org/viaf/158047212,http://viaf.org/viaf/158047212,
a2b60f4e-1701-4732-905c-b04930ff77e0,Colonial Service,Colonial Service,,,,,
bae6784e-bb00-416d-aa0a-c1ff04b56253,Underwood and Black,Underwood and Black,,,,,
b4620e46-a8bb-42f3-8ef4-1f99c775aac0,Gielgud Theatre,Gielgud Theatre,,http://www.wikidata.org/entity/Q5559772,,http://www.wikidata.org/entity/Q5559772,
5cecc1e1-4f4b-4aac-a944-0bc831edb681,Northern Broadsides,Northern Broadsides,,,,,
de833654-30ed-419e-98dc-36d3ebe130e5,Leicester University Press,Leicester University Press,,,http://viaf.org/viaf/137251158,http://viaf.org/viaf/137251158,
5544a44d-2aad-430d-9514-dbd97986c4f6,Hertfordshire County Council,Hertfordshire County Council,,,,,
84b6e40f-e37d-4bf6-9540-6e506cde834d,Christ and Peace Campaign,Christ and Peace Campaign,,,,,
235f6e3f-b4f7-4bcb-aea8-3708757ddd99,Southcottian Friends,Southcottian Friends,,,,,
a8ce8591-23d9-459b-bbf0-01cff52fdcae,Imperial Service Club,Imperial Service Club,,,,,
4bbd18ff-0370-449f-85a4-03c61650633d,Pioneer Press,Pioneer Press,,,,,
09013e3b-8e0c-40d9-8572-92251418a31a,American Reprint Company,American Reprint Company,,,,,
0198518b-221e-4335-971a-1374c8774bf8,Anvil Press Poetry,Anvil Press Poetry,,,http://viaf.org/viaf/157193471,http://viaf.org/viaf/157193471,
154c7081-6ed4-449e-8bc4-5026ec2a5293,Swansea Grammar School,Swansea Grammar School,,,,,
9350dbdb-6890-4d41-b403-2e989d791528,Catholic Truth Society of Ireland,Catholic Truth Society of Ireland,,,,,
9ae8f96e-82fa-4b43-9028-357573105729,Society of Authors,Society of Authors,,http://www.wikidata.org/entity/Q1576413,,http://www.wikidata.org/entity/Q1576413,
cf6126ad-019d-4f28-afba-0d86ca538c1b,Visual Arts Data Service,Visual Arts Data Service,,,,,
1d5ccf8e-bce0-4a32-ad9e-6ab646e4d85c,Manchester and Salford Women's Trade Union Council,Manchester and Salford Women's Trade Union Council,,,,,
c33e88ab-cc43-4a6c-9958-d1d432545049,London Society of Compositors,London Society of Compositors,,,,,
71c1e733-46de-424f-8720-808f5e2894a3,Norfolk Women's Tithepayers' Association,Norfolk Women's Tithepayers' Association,,,,,
2f8c4f97-3c35-4977-9419-05795b272913,Wood Street Compter,Wood Street Compter,,,,,
10690342-c73d-4f75-af22-4f26c553a96a,Dowlais Iron Company,Dowlais Iron Company,,,,,
b5903e13-4ac8-4704-8fe1-1ef83fbb8349,Clark's Varieties,Clark's Varieties,,,,,
62618c00-9569-453a-8750-637767bdf689,"Festival Theatre, Malvern","Festival Theatre,, Malvern",,,,,
b4d4b148-faea-460f-88f8-de2a8d75244a,University of Avignon,University of Avignon,,,,,
b8ac2ad8-b938-4e1d-8e71-582f5a67513e,BBC,BBC,,,,,
7d8a528a-caf4-4345-a8ff-5af73b76a379,York County Hospital,York County Hospital,,,,,
33f39e08-9db0-430d-b846-a70cbc3b3536,British Women Writers Association,British Women Writers Association,,,,,
6b7d9f10-2dfd-4606-bfac-e2629e38eaa3,"Sunday School, Cheddar","Sunday School,, Cheddar",,,,,
5d81d5a5-653d-422a-b4d9-5b199d02425e,Church Missionary Association,Church Missionary Association,,,,,
da824750-2c18-4920-a96f-8974a2b6c509,Faber and Faber,Faber and Faber,,http://www.wikidata.org/entity/Q898097,http://viaf.org/viaf/156083766,http://viaf.org/viaf/156083766,http://www.wikidata.org/entity/Q898097
67712a37-564f-4abc-81ee-3f66eb0ff8f6,British Children's Book Circle,British Children's Book Circle,,,,,
48c918e9-e06c-4cbb-a529-23bfee6f20e9,National Writers Union,National Writers Union,,,,,
c1bcbad8-57cf-4c19-971a-c534ff4018b3,Knights of Labour,Knights of Labour,,,,,
07b2d4fe-b6f2-4ba9-889a-64d814c92bd1,Irish Sisters of Charity,Irish Sisters of Charity,,,,,
b28b6680-aeab-416a-8167-6d8a2c56d316,Atlantic Telegraph Company,Atlantic Telegraph Company,,,,,
cf97cb73-31a4-425b-a871-cf6858c449dd,Oxford Movement,Oxford Movement,,,,,
096aad11-daaa-4a53-9eaf-219c5a53b97b,Incorporated Stage Society,Incorporated Stage Society,,,,,
cbcfc65b-94a9-4b9c-86eb-cc5025e6d9f2,Connecticut State Library,Connecticut State Library,,,,,
e76cf24a-2cbf-4a5e-a8e0-e7d0dc8e7411,Archibald Bell,Archibald Bell,,,,,
d14a56e7-fa4c-4822-90de-7554a41cc6e1,Press Council,Press Council,,,,,
33cee86e-0edf-400e-bfd5-3486e1a138e3,Directoire,Directoire,,,,,
5e6e7b9d-6ebf-4fb1-921f-2f5617a700ba,J. Arthur Rank,J. Arthur Rank,,,,,
ab1680c2-eba6-4122-a2fe-7b7d2d6b0690,Children's Employment Commission,Children's Employment Commission,,,,,
65f6d819-bbde-4330-96bd-942979dd4722,National Library of Canada,National Library of Canada,,,,,
b7261f43-f147-4af9-8dba-9383099b9cbe,English Seminary,English Seminary,,,,,
fe25795d-bb68-4950-a7e8-cf2318f899cd,University of Nebraska Press,University of Nebraska Press,,,,,
b23b629c-4a18-4756-8e9d-59f2a4960be4,Seventh Dragoon Guards,Seventh Dragoon Guards,,,,,
2e4ccb1b-71f7-4c36-9eb5-037c16c963ea,St Catherine's,St Catherine's,,,,,
361e1603-632b-4fc6-b1f6-14469a543dc0,St Mary's Hospital Medical School,St Mary's Hospital Medical School,,,,,
a962df88-e21e-4379-8e02-3634709a7043,John Murray,John Murray,,http://www.wikidata.org/entity/Q1232629,http://viaf.org/viaf/121005241,http://viaf.org/viaf/121005241,http://www.wikidata.org/entity/Q1232629
68a4b410-e1b2-4801-bc87-43918ee58e5c,Basque Children's Committee,Basque Children's Committee,,,,,
e12214fb-e722-47b6-ab9e-669690b56261,Embassy School of Acting,Embassy School of Acting,,,,,
5c5c6d4b-1393-4dd6-ae8d-1bd4bd3196ac,Almeida Theatre,Almeida Theatre,,,http://viaf.org/viaf/172579925 | http://viaf.org/viaf/232501778 | http://viaf.org/viaf/238148752007041200267 | http://viaf.org/viaf/3387149068531665730008,http://viaf.org/viaf/172579925,http://viaf.org/viaf/232501778 | http://viaf.org/viaf/238148752007041200267 | http://viaf.org/viaf/3387149068531665730008
a814a780-dbf6-4466-b83a-aee867c4a602,Julian Messner,Julian Messner,,,,,
04bebdc1-08ce-42e8-a3e8-9d075db521d4,Party of Individual Liberty,Party of Individual Liberty,,,,,
27502f97-5b42-43f8-a6c8-38a85f256e0d,Mill Hill Fathers,Mill Hill Fathers,,,,,
0f0cb4f0-c721-40b5-9837-690787d7f1e1,Royal Observer Corps,Royal Observer Corps,,,,,
e92e9744-7512-4b65-b14a-af4fc02a4f3a,Sisters of Our Lady of Charity of Refuge,Sisters of Our Lady of Charity of Refuge,,,,,
47518aee-5aef-46d7-9b5a-54c5dda89f06,Alipore Jail Press,Alipore Jail Press,,,,,
c020fc1c-323a-48d3-bdc8-dd55689b20b0,Mrs Worthington's Daughters,Mrs Worthington's Daughters,,,,,
50dda9fa-a91f-4752-b9cd-115b0448f22b,City of London Building Society,City of London Building Society,,,,,
6f07b6bb-35e3-4706-95a2-92fabe58d5a8,Middlesbrough High School,Middlesbrough High School,,,,,
f22b1655-4191-4b77-9f2f-86d2b2c706c5,Royal College of Science,Royal College of Science,,,,,
a6a767a7-4a21-4c80-9916-840f4052babf,C. W. Coates,C. W. Coates,,,,,
f4cc1fa1-abbd-43ee-b890-6b0f815965b7,Massachusetts Historical Society,Massachusetts Historical Society,,,,,
f2cc127a-9ae7-42f9-8e5f-ee8fca7fa664,Lane Seminary,Lane Seminary,,,,,
e581ab25-e8fe-4692-9aff-db534ce99b0c,All-India Women's Conference,All-India Women's Conference,,,,,
13e1172e-fa8f-4dc7-ac57-2509547a9e28,Aberystwyth University,Aberystwyth University,,,,,
28d653b8-7383-4806-b015-c11d1cb338d9,Police Federation,Police Federation,,,,,
2a5b193d-b38c-4608-9c9d-f055cd7ed428,Lackington,Lackington,,,,,
0b4f2334-947a-4716-9f3d-3a98dc5ea67d,"Women's Meeting, London","Women's Meeting,, London",,,,,
71d0f025-c890-494d-b215-9302df07b868,Leeds Temperance Society,Leeds Temperance Society,,,,,
46a4aa1c-d8d4-4ba3-9a1e-2cacb4f3da2e,Robert Baldwin,Robert Baldwin,,,http://viaf.org/viaf/128221777 | http://viaf.org/viaf/155859348 | http://viaf.org/viaf/158197537,http://viaf.org/viaf/128221777,http://viaf.org/viaf/155859348 | http://viaf.org/viaf/158197537
b52a23d8-fc2d-4ea9-94b0-57168562ed62,Fellowship of the New Life,Fellowship of the New Life,,http://www.wikidata.org/entity/Q3068191,,http://www.wikidata.org/entity/Q3068191,
01197819-0681-4876-b405-cf05463f6903,Google,Google,,http://www.wikidata.org/entity/Q95,http://viaf.org/viaf/124291214,http://viaf.org/viaf/124291214,http://www.wikidata.org/entity/Q95
0f805f63-b000-47b9-b593-62f6001cd52e,Whitman,Whitman,,,,,
20e41006-d863-4372-b296-ac23e9c8ec15,Vienna Psychoanalytic Training Institute,Vienna Psychoanalytic Training Institute,,,,,
b628e460-3e9b-4e59-9edc-198c87af564a,Council of State,Council of State,,,,,
2bac6ce3-224a-477b-bbad-ab1edf68f852,"Academy of Music, Philadelphia","Academy of Music,, Philadelphia",,,,,
4000fdae-d7a1-4ea5-9d4b-eccb40a5dca2,Youth Aliyah,Youth Aliyah,,,,,
8d52b562-938a-4141-815a-2b1fee5bddc0,Oval House,Oval House,,,,,
479ac6ce-a31e-47ac-b06b-a602f1e63f1e,Inghinidhe na hÉireann,Inghinidhe na hÉireann,,,,,
789c956a-f841-4935-a909-88333c6c5bb1,Crosby Gaige,Crosby Gaige,,,,,
80348dbc-d289-468b-8e14-c9d85985f30c,Connoisseurs,Connoisseurs,,,,,
09a48877-4421-43fe-98d3-e048dc104281,School for Mothers,School for Mothers,,,,,
e932e8ee-ebfc-474a-95d9-374b2ec0bd26,Women Booksellers Collective,Women Booksellers Collective,,,,,
bc870192-88fb-4cdd-85b5-71c040a6aa0b,Rogues and Vagabonds Repertory Players,Rogues and Vagabonds Repertory Players,,,,,
86a257c9-fb2a-47a5-830b-5722e5e6334a,Caroline Herschel Association,Caroline Herschel Association,,,,,
b1ee2706-c8f4-4353-a669-6b9ea8a5f320,St Giles's Church,St Giles's Church,,,,,
602062c2-621b-4aa2-9007-17d74dc95089,"Theatre Royal, Dumfries","Theatre Royal,, Dumfries",,,,,
398f081f-83fa-4821-acd2-fc17ba4dd169,Radio Rome,Radio Rome,,,,,
bf80ab05-cefa-4d89-adba-9ea9b57ca721,Federal Street Theatre,Federal Street Theatre,,,,,
1f85c6c0-5336-495a-bd63-b6d14ee781a7,Dick Kerr Ladies,Dick Kerr Ladies,,,,,
d6e36312-9abb-4564-bc01-db20cc60014d,Society for Lectures on the New Learning,Society for Lectures on the New Learning,,,,,
da6876df-ecc5-488f-bfc8-259dcb44623e,NKVD,NKVD,,,,,
a97ae523-3b40-4546-9654-a128f13b185d,National Library of Ireland,National Library of Ireland,,,http://viaf.org/viaf/127467345,http://viaf.org/viaf/127467345,
21782cd2-b142-4e58-a972-d9b2519ee680,Cinema Visitors,Cinema Visitors,,,,,
9db288c0-baf3-45d3-8348-028f75b0a34e,Bel Esprit,Bel Esprit,,,,,
a6f7daa0-1b95-41b3-abd7-e35362ed0198,"Hippodrome Theatre, Manchester","Hippodrome Theatre,, Manchester",,,,,
90a14dd4-a29a-4059-821d-00ddf3ecac16,Royal City of London Theatre,Royal City of London Theatre,,,,,
6ef0e86f-c878-4d01-b6f6-27911fdde5db,Harlequin Books,Harlequin Books,,,,,
4d66b2b6-3f95-46ee-8282-4c16751a007c,Hockliffe Project,Hockliffe Project,,,,,
2049028e-1894-41ac-8e4f-ef7334924d8c,Signal Corps,Signal Corps,,,,,
969a6049-5cf8-4cf7-802a-c7e60d4943e0,Georg Olms,Georg Olms,,,,,
9d3f6c07-636e-48b4-a400-549b98209207,Committee of Privileges,Committee of Privileges,,,,,
f9b12121-cb1d-465c-81f6-ff088c2c7a59,Heron Enterprises,Heron Enterprises,,,,,
a82281cc-19c7-4a5a-b857-6ffa742046d3,Institute of Dermatology,Institute of Dermatology,,,,,
8ac3c759-4bb2-4934-b2e3-72d181b7c67d,Solihull Metropolitan Borough Council,Solihull Metropolitan Borough Council,,,,,
b98c80d5-5975-4f5c-b701-31a554d9b434,Christianity and Literature Study Group Program,Christianity and Literature Study Group Program,,,,,
a451e26f-82b5-4c08-b856-d1be6d2494f9,"Christ Church, Albany Street","Christ Church,, Albany Street",,,,,
15633578-c7d5-49a9-ab34-4fb5435a6b60,Sheffield Public Library,Sheffield Public Library,,,,,
f35cef1a-4a68-4197-900e-90e2e58b2024,Bloomsbury Methuen Drama,Bloomsbury Methuen Drama,,,http://viaf.org/viaf/236613093,http://viaf.org/viaf/236613093,
1f0c12b9-731c-454d-9e88-caff3eb04446,"Marsh, Stacey, and Graham","Marsh,, Stacey,, and Graham",,,,,
e9f6e7c5-11d7-4434-b69a-e8771bb31e7d,J. E. Titnor,J. E. Titnor,,,,,
68cce59c-34b5-4ab8-a760-27b0c94d591c,Sons of Africa,Sons of Africa,,,,,
71550213-90d1-4ad3-9822-36cc4061fd18,Joint Council of Midwifery,Joint Council of Midwifery,,,,,
00faa5a2-6834-4dd3-b920-3d3ed1f9c4b3,Women's National Anti-Suffrage League,Women's National Anti-Suffrage League,,,,,
bcd0d505-cca8-483b-84db-81c9d1fad1c6,Royal Pavilion,Royal Pavilion,,,,,
ad4015b4-5697-404a-89e4-2cde3b04cc1b,School of Pharmacy,School of Pharmacy,,,,,
175fe7d1-4bb5-4590-af46-ed9a00fa2a7d,Clark University,Clark University,,,,,
74e50576-2e8b-4943-8a68-f860768a2063,Butterick Company,Butterick Company,,,,,
a7f4dcc4-2fb7-4cb3-902e-573937c72246,Thomas Coram Research Unit,Thomas Coram Research Unit,,,,,
f2a7d185-4881-4588-8ed0-445001df69ff,Sherborne School for Girls,Sherborne School for Girls,,,,,
d7346e83-87d2-4872-9c6e-fe5009c4843b,Moore School of Engineering,Moore School of Engineering,,,,,
dc1933e3-ee10-4071-840e-bc964318d234,Cecil Houses Trust,Cecil Houses Trust,,,,,
24474ba7-3557-4104-9620-e31ee18621b4,Room to Read,Room to Read,,,,,
ebf72c8b-acdf-48b8-a56b-814cd0de83da,Charity Organization Society,Charity Organization Society,,http://www.wikidata.org/entity/Q2957848,http://viaf.org/viaf/129870117,http://viaf.org/viaf/129870117,http://www.wikidata.org/entity/Q2957848
471f27e1-6af1-4ed5-b156-22030b9696ee,"Little Theatre, Adelphi","Little Theatre,, Adelphi",,,,,
a9796f14-3867-4211-8a73-ab63c7f9e09a,Society of the Sisters of St Margaret,Society of the Sisters of St Margaret,,,,,
b54d9171-3dcd-41d0-af31-ce991aa1a89e,Hookham,Hookham,,,http://viaf.org/viaf/149369138,http://viaf.org/viaf/149369138,
7f90e087-6c50-4957-8293-490087317659,Oblates,Oblates,,,,,
0bcc1e89-5ac7-465e-91a8-9de2afb144ad,"Owens College, University of Manchester","Owens College,, University of Manchester",,,,,
782a0993-fed7-49c1-8b60-38f6e53c98e7,Church Schools Company,Church Schools Company,,,,,
5127534d-f64f-4e44-9daf-9d40e60c60fa,Anti-Slavery Society,Anti-Slavery Society,,http://www.wikidata.org/entity/Q1407842,http://viaf.org/viaf/157141516,http://viaf.org/viaf/157141516,http://www.wikidata.org/entity/Q1407842
5f639022-6ec8-4ea2-9d1b-93d7e8936079,Royal Philharmonic Society,Royal Philharmonic Society,,,,,
9572c7f2-e5c7-4972-93e8-606db60e8cfd,Victory Kiffer Printing Machine Company,Victory Kiffer Printing Machine Company,,,,,
9fdb2b82-964a-4ed6-9c97-40ae2b8ee27c,Patrick and Anthony D'Arcy,Patrick and Anthony D'Arcy,,,,,
451f8f08-05de-4912-ac75-655b2faf7c4e,Anthony Benezet's School,Anthony Benezet's School,,,,,
960a09a1-2435-445f-802c-a8a5e73dbbf2,Council of India,Council of India,,,,,
788e91de-4abe-46c5-8e6f-a8a729e1a5fc,Joseph Rowntree Reform Trust,Joseph Rowntree Reform Trust,,,,,
19a08997-f052-4241-9a15-7d70f93ba31c,Harris and Son,Harris and Son,,,,,
04776cf2-26fc-4e9f-bbec-f6d81cd2298f,Trollope Society,Trollope Society,,,,,
824969eb-2da5-4417-a4b5-60699d2d0128,Springer Verlag,Springer Verlag,,,,,
d036f0ba-1c31-4671-aa5b-e8ca4ce0a3f3,Sons of Queensbury,Sons of Queensbury,,,,,
d08b6555-ef90-4343-aa43-9365f27bea6c,Devonshire Park Theatre,Devonshire Park Theatre,,,,,
b5efe03a-68d2-4935-a216-48896dbdf615,Labourer's Friend Society,Labourer's Friend Society,,,,,
b1b8d2b0-7d97-43bb-9ba0-f6cdd17f2993,R. Hoe and Company,R. Hoe and Company,,,,,
e2ea5a2b-313a-4e9b-9041-3eefa393d779,Political Staff of the India Expeditionary Force D,Political Staff of the India Expeditionary Force D,,,,,
41f6334f-b99e-42b8-89c7-07065965b4a8,Sadler's Wells Theatre,Sadler's Wells Theatre,,,http://viaf.org/viaf/167808437 | http://viaf.org/viaf/2996169032368087720000,http://viaf.org/viaf/167808437,http://viaf.org/viaf/2996169032368087720000
0a4a305b-6236-481d-8f07-7afa41fbee3a,First International Chemical Congress,First International Chemical Congress,,,,,
09a6e6a7-67d0-4140-925c-0500c96f1334,Federation of South African Women,Federation of South African Women,,,,,
e0c89d1f-815e-457f-8197-8403b1dd7e1f,Common Council,Common Council,,,,,
53e15253-ed5e-48a1-95c2-2d21d08aa1cc,C. Watts,C. Watts,,,,,
b21b08d4-8af4-45c5-9992-cb563a1b33b1,"National Record Office, Scotland","National Record Office,, Scotland",,,,,
54a2ebc3-f254-41c8-bcfb-c24b682d7995,University of Plymouth,University of Plymouth,,,,,
4033b9e5-66fe-4972-bf48-57e6af08fa80,British Catholic Association,British Catholic Association,,,,,
d42ee6a8-38b0-4a86-8c32-97108142a790,Teatrul National,Teatrul National,,,,,
944f8cf8-e7b7-4ecc-b7c5-af32a4eb60ae,White Lion,White Lion,,,,,
a2cd0ddd-4f29-4a05-af72-f06ed2c876a4,R. Drew,R. Drew,,,,,
65bfa325-d630-4be7-9071-bd2b5ec186a2,London School of Weaving,London School of Weaving,,,,,
873dcf21-ebd7-4742-87bc-c8322dee9536,Contact Publishing Company,Contact Publishing Company,,,http://viaf.org/viaf/128279754,http://viaf.org/viaf/128279754,
358fb23e-c8da-4318-a2e2-c7e0b0bd0ae3,Caradogion Society,Caradogion Society,,,,,
46dd187d-6a8a-4203-be17-895c0bcc6959,Royal Commission on the Mentally Defective,Royal Commission on the Mentally Defective,,,,,
dfcb0c9a-dac6-4cf1-940b-b6b864a4d3ee,Sheldon Press,Sheldon Press,,,,,
cffc4acd-55c6-4d6e-8315-4b0f9cc822dc,Irish Georgian Society,Irish Georgian Society,,,,,
140a2d6c-bd41-4246-a2a6-341518c93eb4,British Female Emigrant Society,British Female Emigrant Society,,,,,
774701b6-bc10-4965-93df-3c910f88cd77,Hampstead Historic Club,Hampstead Historic Club,,,,,
cb766dde-9a33-4cf2-9b88-52bb72010a98,University of Michigan Press,University of Michigan Press,,,http://viaf.org/viaf/131373685,http://viaf.org/viaf/131373685,
3cd0d601-4047-4cc1-b2e8-cbbcbb4a09a7,A. C. Armstrong,A. C. Armstrong,,,,,
b868b887-82ba-4322-bd99-0857f0b524e2,"Simpkin, Marshall","Simpkin,, Marshall",,http://www.wikidata.org/entity/Q109567531,http://viaf.org/viaf/132806297 | http://viaf.org/viaf/138713438 | http://viaf.org/viaf/145758546 | http://viaf.org/viaf/302153409724541581549 | http://viaf.org/viaf/7511159478243427990009,http://viaf.org/viaf/132806297,http://viaf.org/viaf/138713438 | http://viaf.org/viaf/145758546 | http://viaf.org/viaf/302153409724541581549 | http://viaf.org/viaf/7511159478243427990009 | http://www.wikidata.org/entity/Q109567531
daa5f219-e08e-41ce-8821-4920ff993fa1,"Playhouse, Broadstairs","Playhouse,, Broadstairs",,,,,
a0a15328-e880-4faa-8652-72edf9e93e41,Cockpit Theatre Club,Cockpit Theatre Club,,,,,
ea53b5a8-0c0e-481b-995d-56f175a861f7,Arts Theatre Club,Arts Theatre Club,,,,,
ae55b209-0b7a-444b-8329-733bcc8040a3,Society of Dilettanti,Society of Dilettanti,,,,,
ad51ea72-374d-4b31-8d15-1b15b3841d2d,Royal Commission on the Civil Service,Royal Commission on the Civil Service,,,,,
4ed8ba56-40cd-452b-a1d1-3e4a1bf71bda,Academy of Arcadia,Academy of Arcadia,,,,,
06bc8c9d-d806-4a5a-9617-4f7ff77461c9,Irish Church Mission for Converting the Catholics,Irish Church Mission for Converting the Catholics,,,,,
68d571e7-fcfa-4197-b2ee-57eb7f9048f3,École Freudienne,École Freudienne,,,,,
c3f1b41e-0be8-477c-a3ac-2a8f137e2c11,Liberal Party,Liberal Party,,http://www.wikidata.org/entity/Q622441,http://viaf.org/viaf/141198065,http://viaf.org/viaf/141198065,http://www.wikidata.org/entity/Q622441
93ee3bb2-4587-4280-b35f-d92e5da7dff6,Dublin Tramways Company,Dublin Tramways Company,,,,,
2ffd7157-0962-46d1-94d5-74a889f2d9ed,Archives Nationales,Archives Nationales,,,,,
fc43de8b-f3f4-4a97-aa16-50d371c38b58,Metropolitan Association for Befriending Young Servants,Metropolitan Association for Befriending Young Servants,,,,,
658d3cdb-0be3-4cec-a464-94c680eeb7b5,British Interplanetary Society,British Interplanetary Society,,,,,
47043f6e-dc02-4fab-897a-216f6350c237,Northern Stage,Northern Stage,,,,,
5e865dd5-cdc6-401c-af8b-a4f2c4b084c0,American Legion,American Legion,,,,,
ac116e52-d3ab-4aed-baf2-fbab16b9d8cf,Cannes Film Festival,Cannes Film Festival,,,http://viaf.org/viaf/149760515,http://viaf.org/viaf/149760515,
1e5da017-f93d-44a5-bf2c-5406a4da7e40,Baptist World Alliance,Baptist World Alliance,,,,,
363273e8-2870-49b0-a8ad-6954cb879b0c,Wesleyan Mission,Wesleyan Mission,,,,,
ec95eac8-76ce-4809-adc7-069f2bb60c94,Labour Exchange,Labour Exchange,,,,,
0eef5181-b6d0-443c-afae-ff20fa226500,The Other Place,The Other Place,,http://www.wikidata.org/entity/Q7755513,,http://www.wikidata.org/entity/Q7755513,
738ebabf-7437-4b40-929d-aa09d1b21c5f,Archive Editions,Archive Editions,,,,,
427088a8-b623-414f-bbd1-99e20493a798,Admiralty,Admiralty,,,http://viaf.org/viaf/150149196261774786560,http://viaf.org/viaf/150149196261774786560,
a95be11b-f843-47f0-ac05-8f856511bf49,Middlesbrough Free Library,Middlesbrough Free Library,,,,,
2ca239d3-16c5-4800-85a4-bcd9d77b8023,Cavendish Laboratory,Cavendish Laboratory,,,,,
1c73e759-cf48-41a0-ba90-407c5f53feb8,Newnham Hall Company,Newnham Hall Company,,,,,
d721872d-6673-4405-af2f-358cb92144a9,Band of Hope,Band of Hope,,,,,
8ab0833d-0d44-419b-af03-5dbd5bf3977c,National Literary Society,National Literary Society,,,http://viaf.org/viaf/315666255,http://viaf.org/viaf/315666255,
25c5cba7-e0bd-4eb6-bf6e-5cfe9edf1db1,National Coalition of Black Gays and Lesbians,National Coalition of Black Gays and Lesbians,,,,,
4d5c2f8d-b7e8-49d5-a794-8710b7cf81ba,Alston Rivers,Alston Rivers,,,http://viaf.org/viaf/9157222727884971008,http://viaf.org/viaf/9157222727884971008,
04dc8bd0-758e-4a19-8feb-6a21dbf53b2b,Clifton High School for Girls,Clifton High School for Girls,,,,,
a9c93114-5a32-4509-88db-db07604933a4,Indian Government,Indian Government,,,,,
6e3bed58-f03c-4e25-9def-d92181fefacd,Dublin College of Music,Dublin College of Music,,,,,
7cd62968-da37-4c57-bf15-f270f95533f4,Theatr Clwyd,Theatr Clwyd,,,,,
92aeaa33-5f9b-4293-906d-45a8629f40b0,Methodist Girls' Secondary School,Methodist Girls' Secondary School,,,,,
f1f7c912-31cf-417d-8c45-71307b7cb61b,United Company,United Company,,,,,
c88c2651-9a88-4cd4-88df-2046b83c4595,"St Hilda's College, Oxford University","St Hilda's College,, Oxford University",,http://www.wikidata.org/entity/Q1465651,http://viaf.org/viaf/127497704,http://viaf.org/viaf/127497704,http://www.wikidata.org/entity/Q1465651
c9987531-7479-48dc-9454-a65f8d55b93a,American Academy and Institute of Arts and Letters,American Academy and Institute of Arts and Letters,,http://www.wikidata.org/entity/Q463281,http://viaf.org/viaf/149583527 | http://viaf.org/viaf/158560852 | http://viaf.org/viaf/266328038,http://viaf.org/viaf/149583527,http://viaf.org/viaf/158560852 | http://viaf.org/viaf/266328038 | http://www.wikidata.org/entity/Q463281
220bc9e7-7686-4008-81d7-e5f96c94e946,National Institute for Biological Standards and Control,National Institute for Biological Standards and Control,,,,,
8a6b9f04-ff54-44f1-b5fc-cddfcc2aace1,Law Amendment Society,Law Amendment Society,,,,,
ebcf3447-5d2a-4f14-9ec7-6b64387745c4,Censorship of Publications Board,Censorship of Publications Board,,,,,
948de158-7690-433d-bd0e-6fbd17b94e87,Improved Industrial Dwellings Society,Improved Industrial Dwellings Society,,,,,
0bd712b0-66e6-431f-bdd5-f68ede600766,The Guardian,The Guardian,,,,,
2dcfb1ae-5712-4ba2-a377-f72515ec1d48,Courts of Chancery,Courts of Chancery,,,,,
b6090149-cd48-4534-8c4a-8ec2e5616f45,National Society for Obtaining Political Rights for Women,National Society for Obtaining Political Rights for Women,,,,,
15a95a0c-7236-40b9-b776-8d6f530822dc,Workers' Dreadnought Publishers,Workers' Dreadnought Publishers,,,,,
ea591727-f0f4-4846-aba5-3b6a54092cce,British Empire Shakespeare Society,British Empire Shakespeare Society,,,,,
e9e78afb-158a-4a25-972f-3fd0b37f2168,Irish Folktale Commission,Irish Folktale Commission,,,,,
ec45547b-d2f1-4caa-b971-d2e9b47eb59a,Postmaster General,Postmaster General,,,,,
f005ce3f-ff16-428b-aa93-fd16e80c95c6,Marlborough College,Marlborough College,,,,,
4008a1a9-6efb-413f-b843-18e2c3b5d368,Modern Library,Modern Library,,,,,
b1f24c86-a4cf-49ff-b6f1-643b5050886a,Penitentiary Committee,Penitentiary Committee,,,,,
e9d6ee52-0fdb-4ed4-bec2-6bc47d1d6d37,Ambulance Brigade,Ambulance Brigade,,,,,
614ee331-5928-4a15-bb36-c681cc9055e8,Strand Theatre,Strand Theatre,,,,,
47d91ddf-0972-4acd-84d1-2d162d8f156e,Lett's,Lett's,,,,,
8977ef59-6f80-4a8d-818c-8a75ce3b8d0c,London Society for the Extension of University Teaching,London Society for the Extension of University Teaching,,,,,
6912e3d5-f959-4a36-bac3-d1b035586b73,Edgar Allan Poe Society of Baltimore,Edgar Allan Poe Society of Baltimore,,,,,
cc401a42-70e9-4397-82cd-7935b95a115a,University of British Columbia,University of British Columbia,,http://www.wikidata.org/entity/Q391028,http://viaf.org/viaf/134507210,http://viaf.org/viaf/134507210,http://www.wikidata.org/entity/Q391028
beb324bc-e8f2-4541-9e4e-9ad4b41a3a4f,Newcastle Museum,Newcastle Museum,,,,,
af0b96f0-d004-425d-82f0-2b204e0dc884,Young Communist League,Young Communist League,,,http://viaf.org/viaf/137813096,http://viaf.org/viaf/137813096,
adfb9c84-f72a-4403-a3d7-dcad57fa59c6,"Theatre Royal, Liverpool","Theatre Royal,, Liverpool",,,,,
4aabd80d-b7ea-4fe4-a764-7dbbd3ad0969,St John's House,St John's House,,,,,
f2f753c0-53a6-4b5c-a20c-c84e0f16d873,Marine Society,Marine Society,,,,,
6b3f2fc8-a191-48e7-8b74-a2e251c5898a,Norwich Cathedral,Norwich Cathedral,,,,,
f5c947f2-c60c-4d31-a73f-9f0bd1b92b24,Union Carbide,Union Carbide,,,,,
04dafe3b-a109-4578-923f-92512b512924,Phrenological Society of London,Phrenological Society of London,,,,,
14755101-a6f1-4458-a10c-e3915f7736e7,South-East Asia Treaty Organization,South-East Asia Treaty Organization,,,,,
d12c8d08-7050-4576-9bc0-1fde91c96129,Mitchells,Mitchells,,,,,
4fd533ca-0972-4610-89c7-7b2f7e5bc72e,Bolshoi Ballet and Opera Company,Bolshoi Ballet and Opera Company,,,,,
95bc20ee-7c12-4811-a0fd-04e804f4262b,"University of Ulster, Coleraine","University of Ulster,, Coleraine",,,,,
662c31f9-0321-407b-b5f7-75ed2194adad,Reform League,Reform League,,,,,
741b049b-265b-43fb-b5c7-b05fcdb87a9b,Porpoise Press,Porpoise Press,,,,,
3b702349-9634-4d78-a731-c24895d8a274,Ada Initiative,Ada Initiative,,,,,
2357e5b9-d1df-4842-a45b-37e800e81bc2,Ladies' Ecclesiastical Embroidery Society,Ladies' Ecclesiastical Embroidery Society,,,,,
2bd1c51b-6b15-4cbb-b537-9c529cf57600,Kent Education Committee,Kent Education Committee,,,,,
4aff23a3-2d9a-425a-b282-9884f03e5334,Canadian Society of Authors,Canadian Society of Authors,,,,,
dd3070a0-9692-4d59-8265-d347f6259835,"New Hebrew College, Jerusalem","New Hebrew College,, Jerusalem",,,,,
ddc3b7e5-5e31-4ffe-ab15-4cc4e0051a32,Children's Book Circle,Children's Book Circle,,,,,
55005d1b-7a92-4cbc-890b-4b221422025d,X-Club,X-Club,,,,,
ad10cdc8-8c72-433f-9474-ba889ef291e3,General Theatrical Operatives' Sick and Benevolent Society,General Theatrical Operatives' Sick and Benevolent Society,,,,,
6218e54b-6980-4861-a992-a3570b0ea3b6,"Middle East Centre, Oxford University","Middle East Centre,, Oxford University",,,,,
87e015bc-c109-4b80-8d93-22ef7f55bd21,Paget Agency,Paget Agency,,,,,
73aeae3e-e0d5-45f7-9ae7-694c2739b9f7,"Abbey School, Reading","Abbey School,, Reading",,,,,
1870c7c6-d92e-4731-860b-c5808be98b40,Women's Legion,Women's Legion,,,,,
c2a8e0c9-8093-4f81-af06-5c2d94d7aa07,Natural History and Scientific Society,Natural History and Scientific Society,,,,,
4e582beb-3191-485f-bba5-34c12cfc9d54,University of Western Australia,University of Western Australia,,,,,
cb01fdfd-66e2-44f6-b77b-b5188b7632a3,Dublin Philosophical Society,Dublin Philosophical Society,,,,,
ce71ce6a-1add-4058-be8f-d50a85bbdd21,Society of Friends of Foreigners in Distress,Society of Friends of Foreigners in Distress,,,,,
0ad04add-4a6d-429c-986e-185bfdaa8295,Taliesin Trust,Taliesin Trust,,,,,
58d3d517-bf6e-41ce-a1f7-0f065666bbfe,College of Heralds,College of Heralds,,,,,
aa2667bc-cc51-4f9b-9cc7-8b6c4befc18a,Lincoln's Inn,Lincoln's Inn,,,,,
2f5af5e6-13c3-4eb6-8bc4-6e30e62a061f,University of Calcutta,University of Calcutta,,,,,
bd895745-94f3-4d8c-b253-124122f50532,Ben Greet Academy,Ben Greet Academy,,,,,
d90f9554-da42-43c8-896c-a31250887532,Moyne Commission,Moyne Commission,,,,,
117e30a5-8127-4ac7-83bc-685d5a3ef426,Smythsons,Smythsons,,,,,
1ebb1290-127b-46ce-b25c-a560a78e5799,Sampson and Co.,Sampson and Co.,,,,,
e106d457-aa79-4b04-ad34-bc9b519905dc,La Maison des Amis des Livres,La Maison des Amis des Livres,,,,,
3131e38d-bba6-4b5b-a290-0db9bc83d7c1,Sunday Lecture Society,Sunday Lecture Society,,,,,
4e7c73d9-55f3-4e36-9463-fb1ad75d5eca,Whitby Literary and Philosophical Society,Whitby Literary and Philosophical Society,,,,,
697992db-63cb-4a60-93fb-90867c809238,Hell's Angel,Hell's Angel,,,,,
d6a18a6f-5ae7-453e-a1d2-a22ce16e8915,Theatre Museum,Theatre Museum,,,,,
e5e6acaa-c892-4566-bacd-cb7c5e9edd6e,Leeds Revolutionary Feminist Group,Leeds Revolutionary Feminist Group,,,,,
ec0d2d0f-958a-4ff4-86d8-ecad7ed21e30,Lutterworth Press,Lutterworth Press,,,,,
1301f931-d028-4b4b-bdaa-fce5cf5ac406,National Abortion Campaign,National Abortion Campaign,,,,,
d8269e29-d122-4b3f-bf7a-ea262a15b43d,Jackson,Jackson,,,,,
49c08056-8864-4831-9e6c-ee54f3917c4f,University of Pennsylvania School of Engineering,University of Pennsylvania School of Engineering,,,,,
e8f5c9cc-01f6-4aa2-9fbb-4d9ea9107c19,University of Winnipeg,University of Winnipeg,,,,,
7a52c17b-93e3-4b39-aeef-b0c5d58ce557,A. Monnier,A. Monnier,,,,,
f1f5e5f3-be9a-408e-9412-35e958bd16ad,Fisk University,Fisk University,,,,,
d8cc6d7b-7aa2-4458-ba7e-3f0b1163ee50,"Electoral College, USA","Electoral College,, USA",,,,,
d5508a06-ab43-4638-998c-57cf51e1d21a,American Inquiry Commission,American Inquiry Commission,,,,,
ad12c271-6488-4f7b-80be-75884dc1b992,Liverpool Library,Liverpool Library,,,,,
faa37eee-2a96-4272-b321-e78f67f8bb18,Sheffield Female Radical Association,Sheffield Female Radical Association,,,,,
171ea043-041b-400b-b51a-30617ad574a3,Meisenbach Company,Meisenbach Company,,,,,
1dedde87-3ee8-4951-9500-41b24e76614f,Travellers' Club,Travellers' Club,,,,,
74174e73-5e56-43e3-999f-10f17992544c,Royal Corps of Engineers,Royal Corps of Engineers,,,,,
5c59a397-ba29-4b9e-ac06-08fdc3c9fd46,Joint Advisory Committee,Joint Advisory Committee,,,,,
9766f98f-3e8f-4018-8e34-378bab59a4c0,Communist Party of France,Communist Party of France,,,,,
b7bf1332-776d-42cb-bbbb-42350112a839,Everyman,Everyman,,,,,
75ee6387-9458-4ec8-8280-8dbaf441e5d2,University of California Press,University of California Press,,,http://viaf.org/viaf/148948307,http://viaf.org/viaf/148948307,
9ffafa98-716f-41a2-8c17-5744ab88d288,Iowa State College,Iowa State College,,,,,
32c90040-e7a7-4f96-bbde-4cc5e2cf96de,Bear Stearns,Bear Stearns,,,,,
b98f1d5f-a4d1-47cc-8d23-503e2b228eb0,Karen Coffee Company,Karen Coffee Company,,,,,
f6542e91-fda9-41ec-a287-5ee455a5a416,John Stockdale,John Stockdale,,,,,
6bfb3971-4287-42de-9403-4e1ba36135f0,Salon d'Automne,Salon d'Automne,,,,,
97a97275-0d28-4f0a-ac93-0ccaaa8390d7,King George's Hospital Patients League,King George's Hospital Patients League,,,,,
1942ac77-35a3-4296-80cf-eef1eb8fb73c,Rupa and Co.,Rupa and Co.,,,,,
41afb2af-3b56-4f2f-9b76-768945b22cb1,Summerland Development Company,Summerland Development Company,,,,,
d6abe7d5-c114-45a2-97d7-51b3a6920515,Intel,Intel,,,,,
e3125932-fca2-4be8-ab46-24f2e2baa1dd,University of KwaZulu-Natal Press,University of KwaZulu-Natal Press,,,,,
3555a263-7694-4621-99cf-29e54af831cb,Society of American Friends of Russian Freedom,Society of American Friends of Russian Freedom,,,,,
01fa20fb-9f35-4c11-919b-295d1e0d971c,Menhir Press,Menhir Press,,,,,
fbee61b4-91fd-4817-a70b-5f30e6b461d9,Harvard University,Harvard University,,http://www.wikidata.org/entity/Q13371,http://viaf.org/viaf/128987800,http://viaf.org/viaf/128987800,http://www.wikidata.org/entity/Q13371
c4d70163-4a59-4a7b-9df0-82dd14e72a57,Manchester School Board,Manchester School Board,,,,,
4e1c75a4-f18f-4d6e-9c0d-346fc9be31a2,Stundists,Stundists,,,,,
b9bf0f92-2019-40e5-b825-252d055b25c0,Congregation of the Poor Servants of the Mother of God,Congregation of the Poor Servants of the Mother of God,,,,,
446455be-9181-4bff-9a34-9fa6c2e2a071,Ecole des Beaux-Arts,Ecole des Beaux-Arts,,,,,
4758656e-8783-4c67-85ce-67e26b1e0a92,Victoria League,Victoria League,,,,,
eddfc6f9-a991-4043-901e-87486441eeaa,"Phoenix Theatre, New York","Phoenix Theatre,, New York",,,,,
caf67e6c-82a2-4e96-a0dc-ca2c50edd7b1,Ulster Pregnancy Advisory Association,Ulster Pregnancy Advisory Association,,,,,
f4043c82-0769-41f1-a0fc-5bebd7196f10,Union of Women Upholsteresses,Union of Women Upholsteresses,,,,,
5da2469d-cef9-482c-aa1b-e094fc5a9606,"Oliphant, Anderson and Ferrier","Oliphant,, Anderson and Ferrier",,,,,
82bc3e55-c00e-402e-98aa-e5f81a994fa5,Bombay High Court,Bombay High Court,,,,,
6e2a2e96-d251-4e51-8a9e-bb111b2f4033,White Cross Army,White Cross Army,,,,,
83e8faaa-3d5c-4e4e-8e73-c156e8de32b9,Committee for the Relief of the Black Poor,Committee for the Relief of the Black Poor,,,,,
de0c1f75-5e08-4810-b5e6-e7e7a6c91776,King's Stone Press,King's Stone Press,,,,,
3bfddfe9-cc19-4a81-9181-7ffc22895f2c,Nehru Memorial Library,Nehru Memorial Library,,,,,
5bc2778c-d961-41ff-ada0-c85119a7dde6,Dorset County Museum,Dorset County Museum,,,,,
6d529eb9-9adc-41ed-b881-629c75a844c7,Hyperion Press,Hyperion Press,,,http://viaf.org/viaf/143615064,http://viaf.org/viaf/143615064,
4bcf45e1-f5cd-4432-bdaa-31fa4eea2e67,Royal College of Science for Ireland,Royal College of Science for Ireland,,,,,
523e2502-aa35-4c4d-80c7-246d5e707204,School of Social Studies and Training for Social Work,School of Social Studies and Training for Social Work,,,,,
4e2201a7-72b4-42a6-a2fb-f5d1c945a33c,Campbell and Son,Campbell and Son,,,,,
da21decf-5773-42b3-91fa-46078dbc7cc1,Irish Women's Franchise League,Irish Women's Franchise League,,,http://viaf.org/viaf/315616615,http://viaf.org/viaf/315616615,
447f72d9-f191-4b33-b93f-e9e9ee6a5d84,George Newnes,George Newnes,,,http://viaf.org/viaf/168471063,http://viaf.org/viaf/168471063,
13c07425-8ff2-4c97-b203-2b0daf7e24b6,Canadian Senate,Canadian Senate,,,,,
e41bc26b-1f92-4260-8f09-74713779a40f,British Photo-Litho Reproducers' Association,British Photo-Litho Reproducers' Association,,,,,
0a6f447d-a7c2-41b9-b208-4f9de22d372c,"Grand Opera House, Belfast","Grand Opera House,, Belfast",,,,,
b8f9bf8a-016e-482b-ab39-81fdc333d302,Henry and Co.,Henry and Co.,,,,,
acbbf6b7-bead-4c3d-b05d-caafcc382679,Hotel Meurice,Hotel Meurice,,,,,
f1c9c551-93e2-4710-96d8-5d531d32ccf6,Raincoast Books,Raincoast Books,,,,,
4f63491d-c5f3-47de-88a6-7c4022de3e54,Holiday Library,Holiday Library,,,,,
00115dd8-1044-4512-b840-08fd58b3dca9,Wisbech Canners,Wisbech Canners,,,,,
6e8ed44e-8133-41e3-99bd-1c26ce1e0b8d,Guild of Literature and Art,Guild of Literature and Art,,,,,
e917055d-1d09-4c3e-9fb4-f299bc2bfac7,Reformed Presbyterian Church,Reformed Presbyterian Church,,,,,
380f002b-85ae-4b62-af0b-497d3ac80718,Dorothy L. Sayers Society,Dorothy L. Sayers Society,,,,,
6b6272d7-67df-4223-883d-a440ce67f5a4,Broadcasting Support Services,Broadcasting Support Services,,,,,
059819e7-4a42-494d-80fe-bc81a5f3c949,New Press,New Press,,,,,
7337c225-1fa1-4196-bb48-25a475306852,Grand National Consolidated Trades Union,Grand National Consolidated Trades Union,,,,,
d83bcb56-f072-473e-8aa4-6281b0c24c2e,London and South Western Railway,London and South Western Railway,,,,,
52ade4c4-523a-45b9-8f73-d8451e172ffd,Beautiful Joe Heritage Society,Beautiful Joe Heritage Society,,,,,
536537af-c40e-4eca-b592-fcfe40dc545c,Bristol Oldbb Vic,Bristol Oldbb Vic,,,,,
0dd4936f-47d0-461e-a062-e90335538d5b,St Vincent's Home for Boys,St Vincent's Home for Boys,,,,,
4877cb14-6261-4f2e-b078-97516a36df6c,Platinotype Company,Platinotype Company,,,,,
3b739f41-c83c-47fc-89e4-f7aa963d6c33,Rockefeller Foundation,Rockefeller Foundation,,,,,
bba6d93a-2689-447c-a8c9-24d8576d4706,Heretics Society,Heretics Society,,,http://viaf.org/viaf/241908805 | http://viaf.org/viaf/315631872,http://viaf.org/viaf/241908805,http://viaf.org/viaf/315631872
f2357ce1-6676-4ffc-a7e5-98d9bbe73a04,Women's Suffrage Demonstration Committee,Women's Suffrage Demonstration Committee,,,,,
72091481-fddf-49b1-8542-c2bc668693f3,Malone Society,Malone Society,,,,,
aeab00a3-05fb-4875-9393-487d5a18ebb5,College of Arms,College of Arms,,,,,
3c239c78-1e76-4d4f-bd87-f9118f188fd3,State Library of Victoria,State Library of Victoria,,,,,
756a1d2d-ed57-4253-b375-e25a084e3df8,Sydney University Press,Sydney University Press,,,,,
dca493a7-277d-4ff5-910f-730ce0440eb2,Home Guard,Home Guard,,,http://viaf.org/viaf/136125875,http://viaf.org/viaf/136125875,
66679a20-dbb1-4a43-8d80-929e0124d61c,Debenham and Freebody,Debenham and Freebody,,,,,
1ef15ed3-5787-4bec-9a7b-7cd4fdc06f82,Dundee Repertory Company,Dundee Repertory Company,,,,,
2aaa74fb-cd34-41d1-ae9b-70a45071e688,Liberal Jewish Synagogue,Liberal Jewish Synagogue,,,,,
da30b400-b0fe-489a-aa54-5657612a408e,Charter School,Charter School,,,,,
f1c743ea-e135-40cc-b5dd-a73581958fcf,Charter 88,Charter 88,,,,,
63b7b70b-cad1-483b-8bdb-32b97c363852,Stockton and Darlington Railway,Stockton and Darlington Railway,,,,,
b39e0288-8b6a-40cd-8e2b-db2cae773428,Inky Parrot Press,Inky Parrot Press,,,,,
49dd1f4c-056f-4609-9e3d-478a8e5c09a7,Tethered Camel Publishing,Tethered Camel Publishing,,,,,
3e4b9aac-ba56-41a2-8eb4-bd051319a005,Andrew Melrose,Andrew Melrose,,,http://viaf.org/viaf/47157340569609920512,http://viaf.org/viaf/47157340569609920512,
7b8c8386-168d-41ee-b4fd-ee6ae53e56e6,World Intellectual Property Organization,World Intellectual Property Organization,,,,,
290d81be-db61-493c-a492-e9abbefc8f0d,Duke University,Duke University,,,http://viaf.org/viaf/133145911113227059200,http://viaf.org/viaf/133145911113227059200,
3cc18351-49a5-41d4-8b2e-3e222aa84a7b,Official IRA,Official IRA,,,,,
5d895894-eb36-4fac-9fc4-f07b7e72a6b2,"Centre for Lifelong Learning, Newcastle upon Tyne","Centre for Lifelong Learning,, Newcastle upon Tyne",,,,,
e763c53c-e1a9-46b4-9c56-9bb9c30b93d6,Clark H. Getts,Clark H. Getts,,,,,
2a42f0ab-834d-432f-a9a9-177eb0a54d65,Indian National Association,Indian National Association,,,,,
0f18353b-d211-4c5c-aeee-22f211e71c12,Wykeham Press,Wykeham Press,,,,,
cf7a45bf-ead7-4bcd-86fa-9ec7649ac9a9,Friends of Soviet Russia,Friends of Soviet Russia,,,,,
db13c71a-fc81-4162-b1ab-6ae5f69dd93f,Jewish Agency Executive Committee,Jewish Agency Executive Committee,,,,,
1b9ca22d-6c29-4990-9507-2eaed0d0eb1a,Southern Arts Association,Southern Arts Association,,,,,
cf06b141-85c7-41bc-a87d-b6908d43b891,De Witt and Davenport,De Witt and Davenport,,,,,
edc458a8-65ab-46d8-9e7f-1e49a37c8ea7,Central Line,Central Line,,,,,
f0462eb0-80b5-421e-9e0f-2470d4ceca49,Public Theatre,Public Theatre,,,,,
b096225f-6ad3-4cfb-bcab-80c8ffeddea4,Economic and Social Research Council,Economic and Social Research Council,,,,,
e7b3758f-9376-4c88-8578-7e30a8ee6307,National Women's Trade Union League,National Women's Trade Union League,,,,,
39d30a7c-42b2-411a-8e38-fa952ba5d44f,Jane Austen Society,Jane Austen Society,,,http://viaf.org/viaf/134205335 | http://viaf.org/viaf/149296775,http://viaf.org/viaf/134205335,http://viaf.org/viaf/149296775
8c323d0a-7602-4abb-92c2-42ec8da721d9,"Gaiety Theatre, Manchester","Gaiety Theatre,, Manchester",,,,,
962bc35c-0652-4cf1-8dc0-86f977dcbf1e,Wyndham's Theatre,Wyndham's Theatre,,http://www.wikidata.org/entity/Q931899,http://viaf.org/viaf/2043154075983311860001 | http://viaf.org/viaf/316597580,http://viaf.org/viaf/2043154075983311860001,http://viaf.org/viaf/316597580 | http://www.wikidata.org/entity/Q931899
8e7b3c97-a527-445b-bd43-f9ea7aeca506,Northern Electric Arts,Northern Electric Arts,,,,,
3bfea9ba-94bd-42ce-983a-2c96bd506397,St Patrick's Cathedral,St Patrick's Cathedral,,,,,
b660ea8c-98e1-4d6f-b86c-bcc712006788,Crime Writers' Association,Crime Writers' Association,,http://www.wikidata.org/entity/Q2185131,http://viaf.org/viaf/148868095,http://viaf.org/viaf/148868095,http://www.wikidata.org/entity/Q2185131
0b05a1c5-7a8d-4a52-b090-f7c79047d9ae,Antient Concert Rooms,Antient Concert Rooms,,,,,
f72e8ab8-282d-44cd-9b1c-d5c4bd7a6a82,Delacorte Press,Delacorte Press,,,,,
453eadae-357e-4733-9f32-44be345afbb6,Crescent Moon Society,Crescent Moon Society,,http://www.wikidata.org/entity/Q3431626,,http://www.wikidata.org/entity/Q3431626,
fbbd629c-2805-4b00-8d6f-5a9d28479708,Boreas Books,Boreas Books,,,,,
293524ad-edee-445b-86c7-e0c7a54cafbc,Millerites,Millerites,,,,,
e561af49-e7f0-4737-97e3-981b912b05fb,Hamish Hamilton,Hamish Hamilton,,,http://viaf.org/viaf/134664707,http://viaf.org/viaf/134664707,
b1cc3125-4090-44f5-b693-e81be371cf8d,"Warehouse Theatre, Croydon","Warehouse Theatre,, Croydon",,,,,
0deb5760-fcd3-4163-b7e6-bc75628db227,Scottish Record Office,Scottish Record Office,,,http://viaf.org/viaf/136594457 | http://viaf.org/viaf/136831776,http://viaf.org/viaf/136594457,http://viaf.org/viaf/136831776
3b49bf04-08dd-408d-a356-3ee540818d2f,Howard University,Howard University,,http://www.wikidata.org/entity/Q1068752,http://viaf.org/viaf/157834484,http://viaf.org/viaf/157834484,http://www.wikidata.org/entity/Q1068752
9102a329-3069-4427-8522-752f17996c81,Comic Relief,Comic Relief,,,,,
fd23dec0-e327-4f6e-bd2e-2fa55961eeaf,Glasgow Bibliographical Society,Glasgow Bibliographical Society,,,,,
02e10b11-2f38-40af-be57-6d48d212457f,Progressive Women's Club,Progressive Women's Club,,,,,
5676527d-bc4b-4ced-82fe-5afac8b3f957,Walmart,Walmart,,,,,
8d472a66-5923-4bd9-b1bb-6434dd65a2f1,Set Books Direct,Set Books Direct,,,,,
d424d6b1-44e5-4e1b-9e61-e18b207f3714,Teachers' Registration Society,Teachers' Registration Society,,,,,
ab7a2f25-52dd-41f9-b3c5-4b70e66aa5c6,British Vigilance Association,British Vigilance Association,,,http://viaf.org/viaf/139707378 | http://viaf.org/viaf/167478374,http://viaf.org/viaf/139707378,http://viaf.org/viaf/167478374
095d3b4b-89ae-4bd9-9faf-6dd8b9a929e4,Early English Text Society,Early English Text Society,,,,,
ba9061bf-8093-42f3-b4bf-f852f8d679f5,Spandau Military Prison,Spandau Military Prison,,,,,
430ab351-48f5-4165-b132-e72d4963c29f,Hammersmith Hospital,Hammersmith Hospital,,,,,
7b8069dd-f613-49ee-98c3-f7af5e94e320,Working Men's Association for the Suppression of Vivisection,Working Men's Association for the Suppression of Vivisection,,,,,
c1161044-3da0-42c7-a98e-ba4060475770,Mundell,Mundell,,,,,
a7c1ed9b-c587-49ba-98f7-1a005765c54a,Adelphi Theatre,Adelphi Theatre,,,http://viaf.org/viaf/129706395 | http://viaf.org/viaf/131519943 | http://viaf.org/viaf/151671602,http://viaf.org/viaf/129706395,http://viaf.org/viaf/131519943 | http://viaf.org/viaf/151671602
97ccc640-1ad6-4fb4-812b-8098ad1aba4b,St Joseph's Missionary College,St Joseph's Missionary College,,,,,
4dceb31d-d4f4-4e99-b3d0-c8118469def6,Board School,Board School,,,,,
a0d469fe-9cf9-47bd-b5af-8140ed258963,Merriam,Merriam,,,,,
57530ca4-4905-4a6d-b26c-8b8260832cd5,Presbyterian Mission Board,Presbyterian Mission Board,,,,,
0d877e08-00c5-4cea-abe7-81db7bbc711d,Children's Hospital,Children's Hospital,,,,,
9290b986-ae0c-45e2-85c7-ba3919d561aa,Laurels,Laurels,,,,,
4439f2f0-ced9-4b36-87c0-c28da7e461c7,Society for Promoting Arts,Society for Promoting Arts,,,,,
cd3ccf1f-d9ce-4968-9731-900695d7b026,Midland Hotel Theatre,Midland Hotel Theatre,,,,,
6ffbbd32-cfff-4b55-9aa2-2a275ac0ddde,Orlando Hodgson,Orlando Hodgson,,,,,
7507b1b4-94a0-483a-89de-0e09049bc68e,State Library of New South Wales,State Library of New South Wales,,,,,
7c83c81e-069d-473f-aef2-9b6535280e3d,Curious Traveller Press,Curious Traveller Press,,,,,
a5c0c2cd-ee8c-42eb-ab20-a07b30935f70,Theatre in Education,Theatre in Education,,,,,
4ccda2f4-5632-4ddb-a39c-14194ba51a76,Magis Theater Company,Magis Theater Company,,,,,
d08e889a-5186-45b6-9e5a-81501f9f7411,Men's Committee for Opposing Female Suffrage,Men's Committee for Opposing Female Suffrage,,,,,
43a692c0-78e2-4322-a0c3-d3c09c94e3ad,Theatre Babel,Theatre Babel,,,,,
9683fb4e-bb44-4925-bd0b-ac1176b8026f,Community of St Mary the Virgin,Community of St Mary the Virgin,,http://www.wikidata.org/entity/Q5155016,http://viaf.org/viaf/144522838,http://viaf.org/viaf/144522838,http://www.wikidata.org/entity/Q5155016
50c78e90-bca1-458a-a3dd-e354832240ea,Victoria and Albert Museum,Victoria and Albert Museum,,http://www.wikidata.org/entity/Q213322,http://viaf.org/viaf/128776887,http://viaf.org/viaf/128776887,http://www.wikidata.org/entity/Q213322
9e807a5d-3ee7-4844-be88-0fce19f021a1,"Coliseum Theatre, Oldham","Coliseum Theatre,, Oldham",,,,,
dd4a6793-bb60-4348-8630-698ff085ccc3,Holloway Prison,Holloway Prison,,http://www.wikidata.org/entity/Q381356,http://viaf.org/viaf/128405506 | http://viaf.org/viaf/20165570210937431893 | http://viaf.org/viaf/268130055,http://viaf.org/viaf/128405506,http://viaf.org/viaf/20165570210937431893 | http://viaf.org/viaf/268130055 | http://www.wikidata.org/entity/Q381356
d3960ad7-63da-4c84-a256-192138631738,Women Writers' Suffrage League,Women Writers' Suffrage League,,,http://viaf.org/viaf/127043188,http://viaf.org/viaf/127043188,
699ca3b9-e4f3-43db-9fd5-bbaf7c949ff7,Typographical Association of England,Typographical Association of England,,,,,
0a373edf-7780-42ed-be2b-3e20cb2bc53d,Glasgow Citizens Theatre,Glasgow Citizens Theatre,,,,,
4dcbcde7-d2ae-4d40-a36c-392bafbb4d60,Hanover College,Hanover College,,,,,
11419dde-e6fc-4a34-8909-7fe1f829a0d5,Civil Service Supply Association,Civil Service Supply Association,,,,,
fee660e5-6aaf-44d3-b179-f959152cd783,Society for the Protection of Young Girls,Society for the Protection of Young Girls,,,,,
a565299c-0abe-42ed-be68-ee7eaf3b0919,Bell and Daldy,Bell and Daldy,,,http://viaf.org/viaf/156269465,http://viaf.org/viaf/156269465,
0082692e-4252-4a4a-b241-602e414f5cee,Women's Battalion,Women's Battalion,,,,,
f83b442d-5d17-413b-a7d4-87760c744bda,University of Miami Press,University of Miami Press,,,,,
29dc923a-29bf-49dc-b6ab-f88f198f305d,Allan Wingate,Allan Wingate,,,,,
02caf403-a71f-4f00-ad75-2b01e352f583,Paddington Press,Paddington Press,,,,,
24997ec3-276c-4ffb-9c2d-ee3e968003e3,British Petroleum Company,British Petroleum Company,,,,,
32a987a0-bf39-46b3-bd94-0702b4e3b39c,J. F. Hope,J. F. Hope,,,,,
10027c77-f630-46e3-a5a1-bd9f7765c4bd,Evans Brothers,Evans Brothers,,,http://viaf.org/viaf/311118748,http://viaf.org/viaf/311118748,
e60e768e-d708-4dc0-bb8b-01518afc72d0,Westminster Tutors,Westminster Tutors,,,,,
10c4fdbb-94ac-4245-8560-3fba372f0999,Arachne Club,Arachne Club,,,,,
d2ffdc8c-7c73-4784-b0f1-b8f036a63076,Chicago Little Theatre,Chicago Little Theatre,,,,,
d1fe42fb-6107-4cb1-b5cf-4bba655a4687,Shakespeare's Globe,Shakespeare's Globe,,,,,
863fb179-05de-46d0-9a87-88c23180ecc0,University of Portsmouth,University of Portsmouth,,,,,
6192e058-4454-4176-8298-ceb8f0e1ea43,Imperial Institute of the Colonies and India,Imperial Institute of the Colonies and India,,,,,
f4651551-c7b7-4ac7-b4f3-e8ee63ba5411,Westminster Infant School,Westminster Infant School,,,,,
39ec0efc-3022-41a6-9133-bcd8d75e3294,National Library of Australia,National Library of Australia,,,,,
0b5bfe67-dd9e-4c48-8765-20c5b082d4a5,Standing Joint Committee of Working Women's Organisations,Standing Joint Committee of Working Women's Organisations,,,,,
bf7f399c-8aa6-42ae-85ee-ca7ad8eea0cf,St Monica's Diocesan Home for Coloured Girls,St Monica's Diocesan Home for Coloured Girls,,,,,
7037b275-7858-4bd6-ad9e-edde40cd7afa,Ministry of Food Control,Ministry of Food Control,,,,,
5dbc9dc6-c74e-4b92-b27e-0e6a211440cf,Thomas Davies,Thomas Davies,,,,,
685d2e7a-6558-4b9d-93c9-12847cb5370a,Blackmore,Blackmore,,,,,
13dd88ee-cb52-4435-882a-119beda782ea,St George's Hospital,St George's Hospital,,,,,
1b44b70a-eecd-42db-92e5-12bc7bf5fb06,Lehrenstalt and Erziehungsanft,Lehrenstalt and Erziehungsanft,,,,,
6fc72194-10ec-4317-877c-f9982933354c,Parents Educational National Union,Parents Educational National Union,,,,,
ca3638d6-315b-4559-93de-a396376b6483,Advisory Committee on Juvenile Employment,Advisory Committee on Juvenile Employment,,,,,
7f776c87-50ad-4dc5-9348-758ade3f23b1,St Christopher's Theatre,St Christopher's Theatre,,,,,
1d783f87-a1bc-489c-97ed-135a7ea4e1b6,IAWDC,IAWDC,,,,,
2f671ba9-6fe7-4503-b4fc-a16985a0597a,Barn Theatre,Barn Theatre,,,,,
3c1547c0-73a9-4001-bbca-f85e94ebd1fb,Manchester City Council,Manchester City Council,,,,,
3ac1ac69-e3f6-4e3f-af94-ef0684073779,Jacobins,Jacobins,,,,,
9e29f1cd-d80c-4e65-97f5-c80f6af9936c,ABC,ABC,,,,,
5594a138-c448-424c-9451-ebf3ed2e03e2,Library Company of Philadelphia,Library Company of Philadelphia,,,,,
d6ddcc16-6de1-4293-93da-bee09b779ade,Brontë Society,Brontë Society,,,,,
50ed4307-e6f8-4f48-b2d3-3c3983978a42,Women's Timber Corps,Women's Timber Corps,,,,,
76ae1fed-f56e-4b3f-bad7-85a1e0da6745,Peter Jones,Peter Jones,,,,,
39061b6d-b81e-4047-b892-a845df80dfeb,National Lesbian Conference,National Lesbian Conference,,,,,
b8616bc5-e94e-4357-aeff-fccb04b796ab,University of Wales Centre for Advanced Welsh and Celtic Studies,University of Wales Centre for Advanced Welsh and Celtic Studies,,,,,
1e084dc6-31c9-433f-9a30-213c161316c7,Countess of Huntingdon's Connection,Countess of Huntingdon's Connection,,,,,
f1a49ccc-efe0-47c7-bd64-9ccb6d14abb0,Arizona State University,Arizona State University,,,,,
a72a96ce-0436-4cd6-86c6-1a54f0e92a55,"Otis, Broaders and Co.","Otis,, Broaders and Co.",,,,,
b2d8e8d6-c66d-41a3-ab6d-e5c627e35eda,Society for the Propagation of Christian Knowledge,Society for the Propagation of Christian Knowledge,,,,,
f620a2b9-fc41-4e45-81c7-9b64e00c8a6b,New East London Theatre,New East London Theatre,,,,,
7b19b01c-8192-4749-9c72-c45bdcb281fa,Front National,Front National,,,,,
2df7095e-04e3-46ea-b934-bcba7bba2d8a,Nationalist Clubs,Nationalist Clubs,,,,,
23d49f8d-7d6e-482a-b500-54a67467e259,Dean and Munday,Dean and Munday,,,,,
eb709010-a218-4200-a223-98583467ba25,ABC Bread Factory,ABC Bread Factory,,,,,
3a282901-2ef0-41b4-b709-628427a97d4b,Friends of Mrs Yelverton,Friends of Mrs Yelverton,,,,,
acb347b5-b6da-42ac-ab83-10bfb05846ce,Scottish Women's Hospitals for Foreign Service,Scottish Women's Hospitals for Foreign Service,,http://www.wikidata.org/entity/Q18127603,,http://www.wikidata.org/entity/Q18127603,
806213f3-447c-4370-afa0-fafa61ac6139,Out of Joint,Out of Joint,,,,,
a9f972f8-8eb9-4ea4-9a50-dac6143cea79,Liberation Society,Liberation Society,,,,,
cd448414-3f6d-464b-bef0-89ad15b3c17d,Boston Radical Club,Boston Radical Club,,,,,
6740fd47-b143-424d-9038-4576ded0555a,Hulton Press,Hulton Press,,,,,
6b9db7ea-2833-405f-b603-59d3fb5d3ef5,Maria Grey Training College,Maria Grey Training College,,,,,
d93af7d2-66cd-4a05-aecc-12a4171e9ede,Johnson Society of London,Johnson Society of London,,,,,
5ce93c06-f193-4463-aebe-2663bfa5c112,Women's Research and Resource Centre,Women's Research and Resource Centre,,,,,
561f3e20-c7de-4d3f-9f5f-3da3ce72295f,"Brynmor Jones Library, University of Hull","Brynmor Jones Library,, University of Hull",,,,,
f1d08cd5-ccf0-444b-8f80-4c210b3fc6a0,"Belgian Red Cross, Motor Field Ambulance Corps","Belgian Red Cross,, Motor Field Ambulance Corps",,,,,
c10dcf16-60fe-434b-a3ad-bca0540304a0,University of Pittsburgh,University of Pittsburgh,,,,,
b9e6a2f7-40ed-4002-830f-b63277a9376f,A. P. Marsden,A. P. Marsden,,,,,
282c9886-b7a0-49cd-968b-f6b4495258d8,Legislature,Legislature,,,,,
f2e6910b-9c93-4486-9eeb-a09f94d8bbb9,19th Light Dragoons,19th Light Dragoons,,,,,
c3adbc65-4ea9-43d7-99b6-e0323c5e18a6,Kaiserswerth,Kaiserswerth,,,,,
e7c39951-c274-4aad-a36d-4ec25697388b,Horn Book,Horn Book,,,,,
7dc3a4d5-cd3d-4df4-b1a2-bf85a4d19211,Women's Social and Political Union,Women's Social and Political Union,,http://www.wikidata.org/entity/Q1967499,http://viaf.org/viaf/159504281,http://viaf.org/viaf/159504281,http://www.wikidata.org/entity/Q1967499
4ce1d3eb-fcc2-4dcb-8bba-6aaf216e5ebf,Maiden Form Brassiere Company,Maiden Form Brassiere Company,,,,,
277cb4fd-f64d-4596-99d6-4edbfb0b878e,Freethought Publishing Company,Freethought Publishing Company,,,http://viaf.org/viaf/144765371,http://viaf.org/viaf/144765371,
110b15f4-62b0-464a-8ba5-ec97879f3dcd,Gay Sweatshop,Gay Sweatshop,,,http://viaf.org/viaf/135302396,http://viaf.org/viaf/135302396,
d2a226ff-285e-400b-a3fb-800a405648cf,National Church Sunday School,National Church Sunday School,,,,,
b85cbe8f-077a-4486-8191-5a15f27f4f4c,Guggenheim Jeune,Guggenheim Jeune,,,,,
e919c77c-b950-42b1-8bdb-706d7cd13e88,Physiological Society,Physiological Society,,,,,
eb4db220-dfe0-4aca-b6c3-3c66fa6333d0,"Royal Theatre, Copenhagen","Royal Theatre,, Copenhagen",,,,,
50f3ebbb-a463-44fb-be9d-587f99183dfe,Morris Garages,Morris Garages,,,,,
33fcf267-8dcb-43bb-89c6-217d158f2515,National Endowment for the Arts,National Endowment for the Arts,,,,,
48bc03df-7627-45b0-8905-23882acfe3d9,Scottish National Theatre,Scottish National Theatre,,,,,
b573e60b-77d1-4de5-b71f-e76b4c909042,North-Eastern Society for Eighteenth-Century Studies,North-Eastern Society for Eighteenth-Century Studies,,,,,
775c33f3-9968-41bb-8511-a5565c836ac9,Elizabeth Garrett Anderson Hospital,Elizabeth Garrett Anderson Hospital,,,,,
df55a042-6533-4294-a11d-8fb40d63ee0b,Ferenczi,Ferenczi,,,,,
e8a28420-e3bf-4c7f-9907-1cef5c616f55,Auxiliary Units,Auxiliary Units,,,,,
e39aba2c-d485-4b83-85a9-b82b9e7f105a,Sylvia Pankhurst Memorial Committee,Sylvia Pankhurst Memorial Committee,,,,,
eff79dfd-a6c4-4234-a279-9e4253303df4,Grenville Party,Grenville Party,,,,,
4efca27a-83f9-4f49-bb14-770ecda1e233,Christiania Theatre,Christiania Theatre,,,,,
37d9569f-cc79-48e0-ad4b-a6d1c67e7200,T. Dick,T. Dick,,,,,
223b44b4-7e00-482c-ab53-28c5a690c162,Maison de la Providence,Maison de la Providence,,,,,
2b02a9af-0057-4a94-8506-23719fb59168,Marie Stopes Health Clinic,Marie Stopes Health Clinic,,,,,
acc9a52f-f08c-423b-8e69-d08115bfb77b,American Biograph Company,American Biograph Company,,,,,
92e20eb0-70e0-4670-84f4-2cddb2979440,Irish National Club,Irish National Club,,,,,
d806c40c-8583-4b81-84bc-6e1284d1b332,Danilo,Danilo,,,,,
5914fced-74d2-45f0-a083-f96ce014acad,Race Today Publications,Race Today Publications,,,,,
93da469f-118e-4039-8927-fd991ffeb0c3,American Association for the Advancement of Science,American Association for the Advancement of Science,,,,,
8cedbeb9-fb60-489f-9bd0-56a365ff5e2d,London Medieval Society,London Medieval Society,,,,,
3bf0e82c-6cef-479a-8120-ba804a09e159,Harlem Renaissance,Harlem Renaissance,,http://www.wikidata.org/entity/Q829895,,http://www.wikidata.org/entity/Q829895,
aec556bd-21a5-494b-89d5-d1dc8a38d679,Macfarlane and Fergusson,Macfarlane and Fergusson,,,,,
7602d289-cff5-4070-8130-fc7ed21428d9,Albemarle Library,Albemarle Library,,,,,
41687ca3-9717-46e5-82e6-f64ac1e96e5e,Haddon Press,Haddon Press,,,,,
a1e63513-8a94-4d15-8141-a028faf5b133,Philadelphian Society,Philadelphian Society,,http://www.wikidata.org/entity/Q7182885,http://viaf.org/viaf/121997565,http://viaf.org/viaf/121997565,http://www.wikidata.org/entity/Q7182885
665a8866-12e6-444c-a290-9c07377dac99,Q Theatre,Q Theatre,,,,,
04f9bf38-86c8-4779-8d4f-f7486458d4d1,Islam,Islam,,,,,
6a412ee1-7ea8-46c2-a821-2f9b266cb4e1,Ovid Press,Ovid Press,,,,,
0565b2aa-f865-46a7-8070-9fc3d04210bf,Pitt Rivers Museum,Pitt Rivers Museum,,,,,
a2e1ab52-12a7-4d63-bbf4-f960dfbed9f9,Composer's Guild of Great Britain,Composer's Guild of Great Britain,,,,,
31435e2d-baa3-4e0e-9bf2-54527d50e13d,National Women's Hall of Fame,National Women's Hall of Fame,,,,,
1e802891-3cb0-430f-a2ad-875398a37f5d,Morality Play Society,Morality Play Society,,,,,
c73c3939-e2bb-455f-8c46-bd85de8ffbfd,Headline Review,Headline Review,,,,,
de2be88f-9a9f-402d-a39a-064ce58207e9,RCA,RCA,,,,,
e1604b99-3511-425b-ad2e-db0810e87061,Ulster Unionist Council,Ulster Unionist Council,,,,,
c732b7f2-a356-4007-9365-8c069f91ec2c,"Trinity Hall, University of Dublin","Trinity Hall,, University of Dublin",,,,,
0b3817ff-ef09-4ee2-aabb-ece72b033dbe,Herdwick Association,Herdwick Association,,,,,
d9eb1922-227a-4613-ba40-2e63dac4bf2a,Weymouth College,Weymouth College,,,,,
60289063-457b-449d-9474-2ef40614b568,University of Oslo,University of Oslo,,,,,
ce1f7e08-2150-4d65-a515-48f0551e638a,Lindsay Drummond,Lindsay Drummond,,,,,
2e11f8df-f677-4169-8bf2-c535baa1836d,New Poets Series,New Poets Series,,,,,
5cab5b24-ae06-409a-82df-63636089e531,Dulwich College,Dulwich College,,,,,
77b31d10-fe8e-4cc6-a04f-1ca8004939f7,Heathrow Airport,Heathrow Airport,,,,,
f4a71038-206e-4505-be4a-c671f0843710,University of Western Ontario,University of Western Ontario,,,,,
76bfd4eb-1aba-4445-afbe-76423bbce408,Society for Cutting Up Men,Society for Cutting Up Men,,,,,
5cde21e0-d587-4dc3-9792-a3f4b90d9005,Augustan Reprint Society,Augustan Reprint Society,,,,,
8785aeb5-c55d-4d60-bf9e-43b8402a6544,Art Gallery of Victoria,Art Gallery of Victoria,,,,,
c5d21f8b-edab-4b61-8308-4ae54fba395b,Jüdisches Frauenbund,Jüdisches Frauenbund,,,,,
060c3e0b-51be-401b-9adb-d006acc00701,Georgian Poetry Society,Georgian Poetry Society,,,,,
fabedae8-32f8-4045-a582-b8b9d8164453,British Red Cross,British Red Cross,,http://www.wikidata.org/entity/Q4970966,http://viaf.org/viaf/148420048,http://viaf.org/viaf/148420048,http://www.wikidata.org/entity/Q4970966
10cc7e1a-b855-4600-8859-cedc1db2a67f,Jessie Boucherett,Jessie Boucherett,,,,,
52d6ac4e-1bce-4fc1-9e42-c66425992290,Grey Falcon Press,Grey Falcon Press,,,,,
02ce5fb0-079f-4739-8b1b-dc9f7e16b4c5,F. Shay,F. Shay,,,,,
4f72f4c9-553c-4ea6-8e10-c33a1239321e,Spiritualist Association of Great Britain,Spiritualist Association of Great Britain,,,,,
c8c9a06e-9fbb-4482-af46-1ae0a9a4d45a,Austin Riggs Center,Austin Riggs Center,,,,,
66f8f8bc-af2d-4272-9c7a-a06aea7f7277,St John's Wood School,St John's Wood School,,,,,
eed6eb21-82aa-4493-ba29-fc180e881b42,Bremer Shakespeare Company,Bremer Shakespeare Company,,,,,
e07a61a2-ebfc-4574-a337-3dd063ab7a8e,Institute of Marine Engineers,Institute of Marine Engineers,,,,,
51abd1ea-5aca-47af-804a-9f447232195f,Canadian National Exhibition,Canadian National Exhibition,,,,,
ed3f6dc8-2e0d-4331-8f5b-3807abb09092,Thomson Foundation,Thomson Foundation,,,,,
41a3c4fb-9992-40df-b175-1b622a8da8cf,Channing Press,Channing Press,,,,,
d0581704-ae6f-406d-8019-cbed434f9a30,Workers' Northern Publishing Company,Workers' Northern Publishing Company,,,,,
0369c277-da18-44b0-b727-6e2f37e49188,Shropshire Records and Research Centre,Shropshire Records and Research Centre,,,,,
9aae69ec-3a72-4e1c-8ecd-c6c4b90c78a5,Vanguard Press,Vanguard Press,,,,,
9b97e0fc-26c6-48f5-9fe3-cadd458e6112,Arts Council of Northern Ireland,Arts Council of Northern Ireland,,,,,
8b35965c-0433-4967-9b64-4219b17ffdb9,The People's Gallery,The People's Gallery,,,,,
039d44c8-ee53-4130-8c44-60d9f146eb1e,Arthur Conan Doyle Society,Arthur Conan Doyle Society,,,,,
6970a8f1-1017-4956-bd4c-5ef6b1e0aebe,Jagiellonian University Library,Jagiellonian University Library,,,,,
373c53f1-c2c2-4492-9e94-1d5ab53b1b45,Société des Etudes Staëliennes,Société des Etudes Staëliennes,,,,,
59e57424-457e-4ee7-9e10-fb86b2fa5df2,Thomas Cook,Thomas Cook,,,,,
f325c39f-a860-4e5f-aade-d0c66d1526bd,United Front,United Front,,,,,
68c01065-0a24-4afe-97ef-a9fac92bb915,Clongowes,Clongowes,,,,,
ff819d65-ea02-4f2a-94a3-902e6b8897a4,Association of County Tithe-Payers for Suffolk,Association of County Tithe-Payers for Suffolk,,,,,
cd48686f-c6bb-45f2-bd65-d3665e750d7e,Graywolf Press,Graywolf Press,,,,,
ceee5c42-db61-457c-b290-6c23801dddce,National Parliamentary and Financial Reform Association,National Parliamentary and Financial Reform Association,,,,,
69ae140e-0687-40fe-b853-67d472d76775,Misses Darby's Boarding School,Misses Darby's Boarding School,,,,,
6d8c723e-54db-4a29-abc9-ab8489233a68,League for Taxing Land Values,League for Taxing Land Values,,,,,
c1e00a3b-7d73-457b-bcac-599d7d2c011f,Women's Indian Association,Women's Indian Association,,,,,
8d213b8e-ab45-461a-ba0d-34c4b7c2af14,Things that Matter,Things that Matter,,,,,
57beba43-b7ef-4b93-abe2-9a38ee24f34f,Chorlton Board of Guardians,Chorlton Board of Guardians,,,,,
3102b59b-64d3-4282-9591-583bda314ee9,Womankind,Womankind,,,,,
a5c5dce0-f6a7-4882-8b6d-97ae9dce3e27,Woman's Theatre Camp Entertainments,Woman's Theatre Camp Entertainments,,,,,
6222928d-0883-4172-b494-beec52f64249,Spanish Medical Aid,Spanish Medical Aid,,,,,
d010ebc3-20ab-45ef-bdd4-dc6ea4f2f8cf,Dublin Youth Theatre,Dublin Youth Theatre,,,,,
4525c9c6-70d8-4068-876e-b287665bc269,Secondary School Examinations Council,Secondary School Examinations Council,,,,,
19192cbe-42cf-4d98-a9cd-c218ec259eef,Dames du Sacre Coeur,Dames du Sacre Coeur,,,,,
8f70d649-1fcc-4980-9cd4-a9506b54a959,National Writers' Voice Project,National Writers' Voice Project,,,,,
1539cd4d-bc3f-4439-8020-e592de288bfd,Other Branch Readings,Other Branch Readings,,,,,
e4c76dba-a21b-4ce1-9e20-9427d9100a0b,People's National Party,People's National Party,,,,,
10bde3ee-a543-4a81-994f-07307a2b9868,Clapham Sect,Clapham Sect,,http://www.wikidata.org/entity/Q848811,,http://www.wikidata.org/entity/Q848811,
262cd913-a414-430f-a479-b1488d49b243,Twayne,Twayne,,,http://viaf.org/viaf/146726169,http://viaf.org/viaf/146726169,
a3f3f695-7096-4338-8169-2bf755770455,Ladies' Golf Union,Ladies' Golf Union,,,,,
a3dec285-059c-4073-8d0e-a74bc674ad0d,St-Mary-in-the-Marsh Church,St-Mary-in-the-Marsh Church,,,,,
8eaa3874-92ae-4526-9de4-981c58f31809,Society for Promoting the Return of Women as Poor Law Guardians,Society for Promoting the Return of Women as Poor Law Guardians,,,,,
1e1bde12-af28-4f64-91d1-1ca88eec3b00,Rodmell Labour Party,Rodmell Labour Party,,,,,
e582fdda-3feb-4865-88a7-c632a24457c5,Women's Meetings,Women's Meetings,,,,,
08fcadc3-01f4-4ddd-9bc7-eff75b93b0c8,Alsaqi Bookshop,Alsaqi Bookshop,,,,,
56f3d02f-24ee-48cc-88c7-a76f448e286a,Wild Trees Press,Wild Trees Press,,,,,
3e2fbb2f-2ad1-48f8-877d-6ca3aef23bd9,Lisle Bamford McEachern Collection,Lisle Bamford McEachern Collection,,,,,
f5aaa947-4e7b-42ec-a59c-700af2e57a23,Sears Roebuck,Sears Roebuck,,,,,
fb798071-5d11-4c0a-9e18-bf54e5a400dc,Theatre Mobile,Theatre Mobile,,,,,
60e3833a-a94a-4f08-9ec8-543a0cfcb8c6,Royal British Nurses' Association,Royal British Nurses' Association,,,,,
2989fb15-b31c-4337-b6f2-c94fb0dae19c,Lorn and Islands District General Hospital,Lorn and Islands District General Hospital,,,,,
dc398965-39bd-41ab-9376-d9bda4ce379a,"Galton Laboratory, Department of Human Genetics and Biometry","Galton Laboratory,, Department of Human Genetics and Biometry",,,,,
a4d21d20-b807-4d85-9a7c-8b7553bc8844,Dolmen Press,Dolmen Press,,,http://viaf.org/viaf/295173224,http://viaf.org/viaf/295173224,
58a7b7db-e62f-420d-9ed1-14d4272d2008,Société des Conférences,Société des Conférences,,,,,
917742cf-de6a-41e3-804f-061f26c85d7f,International Court of Justice,International Court of Justice,,,,,
f47e426e-e638-47fb-9889-56d995fc00da,Barrett and Booth,Barrett and Booth,,,,,
1095a99e-d820-4a4b-93b0-6a9e4eda711f,Gaieties Cricket Club,Gaieties Cricket Club,,,,,
3ded2fd3-b980-4bfb-9d09-60c4cb578038,Henry Million,Henry Million,,,,,
5b0f9823-c060-4a0a-919a-fd538cae9bee,Royal Colonial Institute,Royal Colonial Institute,,,,,
d0c797cb-9bd7-4165-afb5-19f5919ca9f9,Hyde-Stile,Hyde-Stile,,,,,
2ab3d846-a59e-4ff4-86e3-4f9c48aad11b,United Airlines,United Airlines,,,,,
feae0a39-9835-40b7-9a43-eb19d722dbe5,Women's League of Service for Motherhood,Women's League of Service for Motherhood,,,,,
ff58e2bd-9d1c-450f-8a92-d726ef188a03,Syntex,Syntex,,,,,
1edd4f5c-cca9-419e-a959-6d6d6e801dfe,Society for the Protection of Ancient Buildings,Society for the Protection of Ancient Buildings,,,,,
a1cf2b47-4e79-45f7-945c-eed694bfecf7,Bunhill Press,Bunhill Press,,,,,
7c8848ca-25ad-49a2-bd7b-0ddfdb806b56,Ligue du Droit des Femmes,Ligue du Droit des Femmes,,,,,
5fb4c40b-57a3-4ff8-b021-7485b379ddb1,TED,TED,,,,,
4f99ae18-58b7-4b36-b060-eb697c261f6f,Chicago Psychoanalytic Institute,Chicago Psychoanalytic Institute,,,,,
0673b4fa-7354-4dcf-9c08-67ebed963030,Grand Moral Union of the Productive Classes,Grand Moral Union of the Productive Classes,,,,,
76b165b6-3dac-4730-9a6b-3789739d8dde,Trades Union Congress,Trades Union Congress,,http://www.wikidata.org/entity/Q521207,http://viaf.org/viaf/129007138,http://viaf.org/viaf/129007138,http://www.wikidata.org/entity/Q521207
7687b3e1-2981-498b-8202-9c5e69ff0207,Feminist Newspaper Group,Feminist Newspaper Group,,,,,
de44e2ac-71e9-49c1-a1b3-9c87923cfd50,"Theatre Royal, Exeter","Theatre Royal,, Exeter",,,,,
6eef3df9-0e60-4016-bd70-28af9a483e63,Friends' House,Friends' House,,,,,
6c44f3d7-f4fa-4b69-b5de-8e7150261dc0,Royal North British Fusiliers,Royal North British Fusiliers,,,,,
05df37c3-9cc8-4a0d-b794-cec9782b8f94,Army Prayer Union and Scripture Readers Society,Army Prayer Union and Scripture Readers Society,,,,,
76d45797-717a-4098-81ad-ab14b16ae8bd,National Gay Task Force,National Gay Task Force,,,,,
044969c1-7a2a-4cea-bd71-07d6dc9d33a2,Curry,Curry,,,,,
2327d69d-0beb-4007-ab3a-efa8510cfa2a,"Lyceum Theatre, New York","Lyceum Theatre,, New York",,,,,
c80f748f-5af8-4e68-8e3a-5888fc435e4e,Wycombe Abbey School,Wycombe Abbey School,,,,,
d86451aa-7222-4b8e-aebf-4e07741b794a,George Vickers,George Vickers,,,,,
26232899-2160-49f2-8b5c-3938644efc0e,"Royal National Hospital for Rheumatic Diseases, Bath","Royal National Hospital for Rheumatic Diseases,, Bath",,,,,
587b2b71-0aab-4fa6-885d-99256bbd7c98,Churches Conservation Trust,Churches Conservation Trust,,,,,
86a2d447-ba31-47c5-807a-73851b21fc62,Royal Scots Fusiliers,Royal Scots Fusiliers,,,,,
a7ec78ac-84ba-4055-9c20-48a47e0cb288,Karachi Grammar School,Karachi Grammar School,,,,,
f55c27fa-73e7-47ea-ab83-9f3913ad805d,"St David's College, University of Wales","St David's College,, University of Wales",,,,,
0fa4f9d9-9a1c-4154-b8af-3a5d1ecadc4d,"Novello, Ewer","Novello,, Ewer",,,,,
75b41f44-5f67-4762-9520-d1d07fac0b5c,Darlington Sunday Society,Darlington Sunday Society,,,,,
06ce0316-c787-44d7-9be9-66f65f8fa607,New Statesman,New Statesman,,,,,
afd9606c-556a-4723-a950-dbddbd4e7eaa,Roe Head School,Roe Head School,,,,,
1d29b012-fff6-48aa-ba73-c3ef70ff78d3,Massachusetts Audobon Society,Massachusetts Audobon Society,,,,,
dfa08793-06bd-4f79-983a-031d03ed8f6b,Archives for Action,Archives for Action,,,,,
ed0edd35-f24a-4e17-8c36-37829ca08b5b,Mississippi State College for Women,Mississippi State College for Women,,,,,
8c6a8172-1c30-4324-8a58-9af5a5b44b52,British Army Commandos,British Army Commandos,,,,,
399063c6-47d7-4555-91ed-fad668f004a9,Douglas,Douglas,,,,,
2c28550e-fb6c-4c21-8f9d-d7f5a09e4b2d,Advanced Research Projects Agency,Advanced Research Projects Agency,,,,,
29eeaf94-84fa-4282-af6a-bb53abbcc00d,Cresset Press,Cresset Press,,,http://viaf.org/viaf/130207793,http://viaf.org/viaf/130207793,
5a7a5530-a0f2-4061-8782-a864c0746a3f,Crown Albion,Crown Albion,,,,,
93282941-07df-40fb-9974-b233d1e77be3,Birkbeck Schools,Birkbeck Schools,,,,,
2602c222-1759-496b-b535-60fbb2742ab5,W. H. Smith Society,W. H. Smith Society,,,,,
a8abc0bf-a0b4-4c94-a05b-41ce2a73c100,Women's Branch of the Board of Agriculture and Fisheries,Women's Branch of the Board of Agriculture and Fisheries,,,,,
9ccf35dd-ebbf-43be-a86d-7969a183d85c,International Olympic Committee,International Olympic Committee,,,,,
558dda6f-d57b-4bf9-971e-ee7bd970449e,William Love,William Love,,,,,
f233531d-8cf3-4af3-ac03-f03c2bf7e738,Commedia dell'Arte,Commedia dell'Arte,,,,,
f98b1cd6-a160-4ce8-8b0b-937cdd7ba57b,Union of Ethical Societies,Union of Ethical Societies,,,,,
75972a65-f2a7-4e65-8bfe-853bdc8fc6a2,Cheka,Cheka,,,,,
eba1be0c-3860-4e9d-af3b-0bb4f96d6c5d,Xerox,Xerox,,,,,
3c560f04-484d-4e71-ae0b-2fdf8ab593d5,Ladies' Carlton Club,Ladies' Carlton Club,,,,,
271520bc-c35f-403a-8e24-b68093d3903e,British Embassy Church in Paris,British Embassy Church in Paris,,,,,
95bf6837-b5bb-43ee-9d6b-0370b7b8c8ef,Fairbairn,Fairbairn,,,,,
c0d2d239-2b3e-4f35-baab-4863ca2f7b6e,Noel Coward Theatre,Noel Coward Theatre,,,,,
64016000-9e98-4505-a900-0674754ab0a3,Monotype,Monotype,,,,,
742d1c5c-d2df-4f1f-9624-1a03d794d15a,University of Detroit,University of Detroit,,,,,
51427836-dd84-489a-9d5e-fec4a87c9715,American Psychoanalytical Society,American Psychoanalytical Society,,,,,
675c35ae-50d0-43de-b514-c457da71d66e,Nixon Theatre,Nixon Theatre,,,,,
34e44266-df8f-462a-a8c0-900f61fac054,Verso,Verso,,,,,
f99d975f-762d-40d3-9b29-b038e74397ca,Florence Nightingale Museum,Florence Nightingale Museum,,,,,
3c21b7a2-cab2-45a1-8058-f8d1d2848812,George Cowie,George Cowie,,,,,
66be5920-9923-4b72-8221-a0088cc09053,Canongate Classics,Canongate Classics,,,http://viaf.org/viaf/185935443,http://viaf.org/viaf/185935443,
04f9a8ba-8f6c-4431-bf0b-7b13f5f79d27,"Wedgwood Institute, Burslem","Wedgwood Institute,, Burslem",,,,,
a3006544-9fef-4e9c-b8ed-95919a217cae,Wilson and Spence,Wilson and Spence,,,,,
30e243cd-b097-4eda-afba-d1e83e9cf392,Lectures for Women Committee,Lectures for Women Committee,,,,,
4c478f6e-1128-47da-8141-aee01d1a8c51,Time's Up,Time's Up,,,,,
06b16734-7b38-4edc-9281-d1c7e2a396e3,William Kimber,William Kimber,,,,,
458ebc73-8664-4fbb-ac21-a14e4e917b58,Fourth Annual Poetry Chapbook Competition,Fourth Annual Poetry Chapbook Competition,,,,,
586638b5-7fc7-4508-a752-1393962bcd31,Kensington High School for Girls,Kensington High School for Girls,,,,,
1f6c0327-9279-4ea8-bf35-a564e68269c2,National Education League,National Education League,,,,,
154fe0e2-1bbe-47ae-9890-cf12062af5e5,Presidential Commission on the Status of Women,Presidential Commission on the Status of Women,,,,,
fb260c41-be64-45f2-9188-665eaf7f6ba1,Sono Nis Press,Sono Nis Press,,,,,
9250938f-910b-4cf8-bae3-fe34ff1092f0,London and Paddington Steam Carriage Company,London and Paddington Steam Carriage Company,,,,,
115d991c-5bb7-46dc-b136-276048f7bc67,Women's Studies Group 1558-1837,Women's Studies Group 1558-1837,,,,,
4acdb37a-679a-4b1a-ba72-f3b0706e2524,Marks and Spencer,Marks and Spencer,,,http://viaf.org/viaf/155245945 | http://viaf.org/viaf/158248557 | http://viaf.org/viaf/785169639262696580003,http://viaf.org/viaf/155245945,http://viaf.org/viaf/158248557 | http://viaf.org/viaf/785169639262696580003
10b02bc2-1b90-48a8-ab5a-da41d8a92242,"Downing College, Cambridge University","Downing College,, Cambridge University",,,,,
63a042fe-a9d5-4d47-91d5-0d84852eabd4,Aldine Publishing Co.,Aldine Publishing Co.,,,,,
181f591a-a3e2-4605-9422-97de7f4dcfb3,Maccabi Sports Club,Maccabi Sports Club,,,,,
cb595d02-853d-4d23-b621-0ca931ce30b1,Spread the Word,Spread the Word,,,,,
4ed7c198-b633-498d-b328-230466d5cc06,Community of St Laurence,Community of St Laurence,,,,,
7687e021-dc1f-4f07-9882-991d71bcb866,London Book Fair,London Book Fair,,,,,
004e2c83-5695-425b-8d0e-c0d9f9175fa5,National Publishing Company,National Publishing Company,,,,,
2f214cdd-61d4-4f89-870f-cf3b083a3f59,Siena Ensemble,Siena Ensemble,,,,,
38bef7a2-74fd-4a29-ae44-d7b7c9b7888c,Francis Noble,Francis Noble,,,http://viaf.org/viaf/130626792,http://viaf.org/viaf/130626792,
7cc1ab03-e8d7-45d3-a3d2-e6ca08b2653b,International Women's Council,International Women's Council,,,,,
bf043cd4-87a5-40d6-8513-7027da8d832d,Universidad de Las Palmas de Gran Canaria,Universidad de Las Palmas de Gran Canaria,,,,,
5879506d-fda5-4526-96b8-160dab3970a7,University of Bordeaux,University of Bordeaux,,,,,
cffeb588-cfdf-4d82-833a-c399d65283d8,Royal Exchange Assurance,Royal Exchange Assurance,,,,,
75dd25aa-1fbd-4c48-b0ff-9c69dde5a928,Surrey Institution,Surrey Institution,,,,,
dca81bb7-55fe-4c1e-9eda-764eeff57b8b,Hatchard,Hatchard,,,http://viaf.org/viaf/127403266 | http://viaf.org/viaf/150558064 | http://viaf.org/viaf/3581145856975122920610,http://viaf.org/viaf/127403266,http://viaf.org/viaf/150558064 | http://viaf.org/viaf/3581145856975122920610
7fb9d4bd-be22-47a4-9d9b-441d44f4e60d,Black Swan Books,Black Swan Books,,,,,
72a06b20-d78c-44ec-8ea7-173b9a580f90,Pharmaceutical Society of Great Britain,Pharmaceutical Society of Great Britain,,,,,
962e817d-f973-4458-9f80-2826b7f98c49,PEN International,PEN International,,http://www.wikidata.org/entity/Q206811,http://viaf.org/viaf/167140998,http://viaf.org/viaf/167140998,http://www.wikidata.org/entity/Q206811
9c5d4a19-8021-420d-9a2a-e235039a5898,Vic-Wells Opera,Vic-Wells Opera,,,,,
5bd9114a-3cda-413a-8825-bb730fc0469b,Hotel de Russie,Hotel de Russie,,,,,
31bb6e65-052c-4bb6-84cb-c2f408dddf62,Cynthia Asquith Limited,Cynthia Asquith Limited,,,,,
070d8546-86b5-4d70-bf26-7f30bda51a99,Pinkerton Detective Agency,Pinkerton Detective Agency,,,,,
90363d49-050d-4d3f-9e3e-18ab1754372d,Shiv Sena,Shiv Sena,,,,,
5a8a4628-82ec-465c-a1c4-51d2616cf6ca,Order of St Joseph of Cluny,Order of St Joseph of Cluny,,,,,
6e48abe3-30cf-40e0-9a23-efb0dbdc4469,Luftwaffe,Luftwaffe,,,,,
4aef0189-37bc-4546-92e4-4c18c129d431,International Longshore and Warehouse Union,International Longshore and Warehouse Union,,,,,
5f4962ed-79c7-486a-b966-25381f6f3bbe,Tate Britain,Tate Britain,,http://www.wikidata.org/entity/Q195436,http://viaf.org/viaf/235803538,http://viaf.org/viaf/235803538,http://www.wikidata.org/entity/Q195436
4309f292-cf5a-4711-8199-c00cb2d5db89,Liberal Social Union,Liberal Social Union,,,,,
b5a5341d-8eb1-428a-b92e-173e59b69bf0,Register Office,Register Office,,,,,
c10fba88-9601-4100-9363-399086b8982a,"Adam, Stevenson","Adam,, Stevenson",,,,,
fd4fa679-b96d-45c7-a649-2169c05ce2a2,Aravon School,Aravon School,,,,,
921219ce-a512-43d9-aac0-d8c51f298605,Herbert Jenkins Limited,Herbert Jenkins Limited,,,,,
070a4fd7-ab1e-4ed0-8d8d-c212fb98e49b,Alien Office,Alien Office,,,,,
1802282a-ef44-4184-93e4-d6a3c7605311,Moscow Art Theatre,Moscow Art Theatre,,,,,
734b5e4f-c2dd-45e4-b22a-8569a3d52bde,Record Office,Record Office,,,,,
7c816c62-12c8-4ab2-8c84-05f86cf836e4,Independent Labour Party Arts Guild,Independent Labour Party Arts Guild,,,,,
87d4148c-0bb0-4adf-bfa5-a6cd3ffedd9c,Outback Press,Outback Press,,,,,
999b0853-76bf-40f6-8bc4-aa6b277b6d22,Royal School of Needlework,Royal School of Needlework,,,,,
d6e105cf-221e-40cc-84bc-337db84df9df,Business Girls' League,Business Girls' League,,,,,
2ff70742-261c-4e56-b203-e10329016ff2,Reprint Society,Reprint Society,,,http://viaf.org/viaf/251020868,http://viaf.org/viaf/251020868,
32a2c1cb-d388-47e2-b42a-3ca51825917e,Radical Alliance,Radical Alliance,,,,,
0e8c81ba-f94e-4bc9-8c68-15f735056a30,Green Room Rags,Green Room Rags,,,,,
fa2b7ef3-f556-42f8-87cb-9590ac53bd7c,Forlaget Boedal,Forlaget Boedal,,,,,
57800069-fd7c-49ae-90a0-dcb7ae318acb,Editions Poetry London,Editions Poetry London,,,,,
ab1b87c1-10a5-404f-bb05-01e3d5af9ee9,University of Toronto,University of Toronto,,http://www.wikidata.org/entity/Q180865,http://viaf.org/viaf/130333233,http://viaf.org/viaf/130333233,http://www.wikidata.org/entity/Q180865
f8f264d7-af7b-46bf-a242-c69728795541,Charles Pearson and Co.,Charles Pearson and Co.,,,,,
321a4e97-ce81-46eb-a372-308d24136d74,Costume Society,Costume Society,,,,,
0d315eb2-b10e-4b85-aacb-95021ac905b6,Heatherwood Hospital,Heatherwood Hospital,,,,,
81fccfb5-20ea-4758-b3c2-9d39be3b256e,Chicago Federation of Labor,Chicago Federation of Labor,,,,,
d71cfd84-cf84-4749-bbde-57efa4c336cd,B'nai B'rith,B'nai B'rith,,,,,
57450fe3-77b0-4aee-b017-fa88fa886904,T. Davies,T. Davies,,,,,
33fa02e2-21f2-4468-a180-ab16432284a7,Institute of Directors,Institute of Directors,,,,,
85565047-ef07-44b3-961e-d60ce0a94b73,Della Cruscans,Della Cruscans,,http://www.wikidata.org/entity/Q88208056,,http://www.wikidata.org/entity/Q88208056,
3339963a-a10b-4f9d-8493-8f32a80dc652,Royal Scottish Academy of Music and Drama,Royal Scottish Academy of Music and Drama,,,,,
d991f0b4-15fd-4c28-b367-1f8c61c433ab,United States Senate Judiciary Committee,United States Senate Judiciary Committee,,,,,
e1086d3d-5e3e-4093-a47d-04b464c14940,Ladies' Alpine Club,Ladies' Alpine Club,,,,,
de5154e5-7e27-47b5-85fb-59f3ac65ad74,Express Newspapers,Express Newspapers,,,,,
f2a01363-5c4e-475c-bc37-19479a6d6cae,J. Brettell,J. Brettell,,,,,
5edc8b00-f25e-43b7-8fa6-fa174f40f8ae,Ulster Museum,Ulster Museum,,,,,
eea47605-872a-4adc-badf-72de3bd65527,Pre-School Playgroup Association,Pre-School Playgroup Association,,,,,
76c69a36-90c8-41dd-811a-eacc2e55ec42,Morgan State University,Morgan State University,,,,,
f718b681-4e08-4bb1-b382-cf7eb2077023,"Dodd, Mead, and Co.","Dodd,, Mead,, and Co.",,,http://viaf.org/viaf/266483422,http://viaf.org/viaf/266483422,
c92eebb3-b2d7-4698-88fd-6f801768e227,Minerva Publishing Company Ltd,Minerva Publishing Company Ltd,,,,,
8381d151-4399-4ca8-8630-c136b6031bfb,National Church Assembly,National Church Assembly,,,,,
4a38695e-9cdd-428f-8248-2caa6033fb7b,Oxford Women Students' Suffrage Society,Oxford Women Students' Suffrage Society,,,,,
0f356f2a-e498-4b2e-ab50-1a540a6fcf4f,National Poetry Society,National Poetry Society,,,,,
c2d38310-aef8-4e7e-b169-5b0745abd411,Nazis,Nazis,,http://www.wikidata.org/entity/Q7320,http://viaf.org/viaf/146810847,http://viaf.org/viaf/146810847,http://www.wikidata.org/entity/Q7320
603540e1-bf51-4580-83fd-70ddb4943fe7,Woodstock Books,Woodstock Books,,,,,
774ab75c-8faa-46ec-a6db-ccf9fd696553,Foreign Service,Foreign Service,,,,,
a5e6d5ea-2e90-42bc-8970-7f3e9827c64f,Scottish Society of Literature and Art,Scottish Society of Literature and Art,,,,,
124f8dff-35f6-4465-a6dd-284602d02680,Chelsea College,Chelsea College,,,,,
d172523d-2f2a-49b1-a140-155031ec0b75,Writers' Franchise League,Writers' Franchise League,,,,,
ce62718a-1863-45b1-a22e-a76593f1122f,Berwick Street Collective,Berwick Street Collective,,,,,
2604f6b5-3200-4a3c-bdff-aed239e02fc4,University of Southern Mississippi,University of Southern Mississippi,,,,,
cc9d47bf-4d95-4522-83d5-d21fe47a1ce3,Scatcherd and Whitaker,Scatcherd and Whitaker,,,,,
d2f20bc9-66e8-44cd-bf97-dcc657892af2,Tonbridge Girls' Grammar School,Tonbridge Girls' Grammar School,,,,,
6dd01777-133c-46b7-a200-b485d3bc636d,Direct Action Committee Against Nuclear War,Direct Action Committee Against Nuclear War,,,,,
357965aa-5081-496c-a332-ee91d515c12f,Academic Assistance Council,Academic Assistance Council,,,,,
18ea103f-4b9e-460f-b419-b351e883812a,Tiller Girls,Tiller Girls,,,,,
e4eadb67-4511-487a-9fcb-d5e5aceb1d4f,YouTube,YouTube,,,,,
2ef020e5-5d81-4c21-8d72-5600f6241f52,Lunar Society,Lunar Society,,,,,
32d5fa46-ff9a-42b5-94d8-ddbf5a8a0b3d,International and Electric Telegraph Company,International and Electric Telegraph Company,,,,,
431f9887-8e16-4d95-a31b-b7a4b362ac62,Charles Fox,Charles Fox,,,http://viaf.org/viaf/97149294297980518400,http://viaf.org/viaf/97149294297980518400,
626a4465-c0c2-43f4-b1ab-d125d7228a1f,Words4work,Words4work,,,,,
2e2f1a75-035d-44fd-8158-9f298f7064a4,Hatton and Cookson,Hatton and Cookson,,,,,
34ab137c-e89d-4694-93dc-fdd5868b2997,Austin,Austin,,,,,
0191fc2e-6fac-477a-8e74-b1a761510981,South Wales Printing and Publishing Company,South Wales Printing and Publishing Company,,,,,
a7484e91-9651-4b18-8fe5-885f4d255ef9,Metropolitan Juvenile Courts,Metropolitan Juvenile Courts,,,,,
6d80c2b9-4010-4125-a8c5-47b4b41fd11a,Jewsbury and Cracks,Jewsbury and Cracks,,,,,
77443b4b-cb69-477d-b2e1-5522cc7d1804,Dunbartonshire County Council,Dunbartonshire County Council,,,,,
f35e568c-4284-4fec-b097-1348e98503d1,University of Havana,University of Havana,,,,,
92962f81-60c5-417a-97ae-a0bc1d7add6f,South Hampstead School for Girls,South Hampstead School for Girls,,,,,
bd0c3da6-e5ce-408e-9124-dd57243572f2,London Clinic,London Clinic,,,,,
d9852a50-8cc8-40a4-9d2f-f3bef9aab05c,New Edinburgh Tract Society,New Edinburgh Tract Society,,,,,
af4a7715-599d-4206-988c-9c3982f1d233,Canadian War Museum,Canadian War Museum,,,,,
44d8e89f-86f4-45da-b78c-ef2f3706e4d4,Printing Industries Research Association,Printing Industries Research Association,,,,,
23c1a433-e022-4be6-9982-12e8c4a62890,Family Service Units,Family Service Units,,,,,
c928cbf5-9118-4416-9711-c5f2c979710f,Maidanek,Maidanek,,,,,
d83d9077-9415-4fd8-a998-c322c81dc9e6,Hull History Centre,Hull History Centre,,,,,
844e938d-d085-4108-9a06-6e0b85119088,Omnibook,Omnibook,,,,,
aeb2e0ba-7a42-4666-9fed-0c0efa25c4eb,Grenfell Press,Grenfell Press,,,,,
e6850424-38c1-4d40-8d9c-da0f8e818760,Lewis Walpole Library,Lewis Walpole Library,,http://www.wikidata.org/entity/Q6537148,http://viaf.org/viaf/125823668 | http://viaf.org/viaf/26159032655901181587,http://viaf.org/viaf/125823668,http://viaf.org/viaf/26159032655901181587 | http://www.wikidata.org/entity/Q6537148
b6c1ea75-3c1f-4a47-8105-cf9ba2e00c08,Transcendental Club,Transcendental Club,,,,,
58c37033-06c0-4480-8990-357b164705f8,Halifax Literary and Philosophical Society,Halifax Literary and Philosophical Society,,,,,
09bf305b-36bd-4bfe-b095-e42a2c2f517a,"Museums, Libraries and Archives Council","Museums,, Libraries and Archives Council",,,,,
d9bc3175-6d96-488f-90d5-bb237ff83fb9,Imperial Privy Council,Imperial Privy Council,,,,,
4d43154b-d090-4d13-9636-13d51cea58e0,Kickstarter,Kickstarter,,,,,
9038c218-c008-4b4d-96aa-4119a0f3a404,Stationers' Hall,Stationers' Hall,,,,,
a0cbb620-ba79-4c90-bb46-5b99c3db7ccc,Apollo Group,Apollo Group,,,,,
8a784155-9cba-47b6-a06e-44380a0f1c8c,Church Commissioners,Church Commissioners,,,,,
624dd466-d551-426e-b5d9-1efe1fd4d7e4,Sisterhood in Support of Sisters in South Africa,Sisterhood in Support of Sisters in South Africa,,,,,
b50c4ef7-ccf7-4255-bf1e-372cecbabc0e,Howard Gotlieb Archival Research Center,Howard Gotlieb Archival Research Center,,,,,
ba4db88d-e96c-47d6-afff-a20c2895af62,Universal Copyright Convention,Universal Copyright Convention,,,,,
44c1ab0b-9bb3-4d33-8952-3d95b1ee0640,Monash University,Monash University,,,,,
90154456-1a63-493c-8307-ce8cb08c3741,Metropolitan Radical Federation,Metropolitan Radical Federation,,,,,
dca55e78-f193-4e9d-b037-40ed80444593,Imperial Chemical Industries,Imperial Chemical Industries,,,,,
f9ad43b2-3176-44ad-bb6a-aaf1eac37244,Communist Party of China,Communist Party of China,,,,,
2b43585d-7468-4de2-8e22-0eec8642216a,Greenwich Public Library,Greenwich Public Library,,,,,
c49a754b-bea4-4d60-8ef6-bf30a1a4092a,Commonwealth Literary Fund,Commonwealth Literary Fund,,,,,
78bde760-7e1f-486a-9150-31d8bbf72f41,Women's International Peace Association,Women's International Peace Association,,,,,
9f677a9a-a544-4578-9ddf-ef0442725143,National Anti-Corn Law League,National Anti-Corn Law League,,,,,
859043fa-21c4-4b27-a6ec-155a9ede1e11,Queen Victoria's Jubilee Institute for Nurses,Queen Victoria's Jubilee Institute for Nurses,,,,,
e1f57696-9fef-4b86-88c1-a228e172d15d,P. Allan,P. Allan,,,,,
1eb02cd6-f0c8-48c0-a2d2-fb93d015dd39,Cambridge Poets Live Festival,Cambridge Poets Live Festival,,,,,
f84fb6cf-9c0e-42dd-b850-ad7e2c1498cc,William Ponsonby,William Ponsonby,,,,,
cf22cdbb-2b21-48d2-92e5-c59d38473308,Irish Tenant League,Irish Tenant League,,,,,
ca09253a-3d51-46ff-9ec1-798271144b10,Indian Museum,Indian Museum,,,,,
971c26ad-6566-458b-be4b-51ed8cd8590b,Society of Women Writers and Journalists,Society of Women Writers and Journalists,,http://www.wikidata.org/entity/Q17046116,http://viaf.org/viaf/265838816,http://viaf.org/viaf/265838816,http://www.wikidata.org/entity/Q17046116
4bea16a2-9823-426a-9262-b588e2731387,"Trinity College, Cambridge University","Trinity College,, Cambridge University",,http://www.wikidata.org/entity/Q332342,http://viaf.org/viaf/137201631,http://viaf.org/viaf/137201631,http://www.wikidata.org/entity/Q332342
9d36bd89-92e9-4b40-b878-04464c722467,Marists,Marists,,,,,
fa1c5c31-f746-45b0-a848-319616ac455a,School of Advanced Study,School of Advanced Study,,,,,
2b5dac71-90b4-4ff3-af15-afa61c31e47e,Jewish Ladies' Benevolent Loan and Visiting Society,Jewish Ladies' Benevolent Loan and Visiting Society,,,,,
e7c8bdfb-4f28-42f1-a637-856e896ba126,Liberal Unionist Party,Liberal Unionist Party,,,,,
5eb8fc5f-e3b2-4c55-8bce-b00f1e66f526,Organization of African-American Unity,Organization of African-American Unity,,,,,
099a3a70-5ad2-456e-8789-edfd70371874,International Association for the Total Suppression of Vivisection,International Association for the Total Suppression of Vivisection,,,,,
b3f4b269-05f7-4070-9763-00f9ba46d8e0,Angry Brigade,Angry Brigade,,,,,
9005340d-3789-4ba6-b33d-04779cb2bb7c,Women's Street Theatre Company,Women's Street Theatre Company,,,,,
de8e02e2-7177-4fae-9820-086c64a9bdcf,"Combes, Lacy and Clark","Combes,, Lacy and Clark",,,,,
2e0c2331-a942-42bc-9339-f08fd93bcc0b,Archaeological Institute of Great Britain and Ireland,Archaeological Institute of Great Britain and Ireland,,,,,
ebe17454-6d4d-402f-95b2-712baa0e0cbf,Female School of Art,Female School of Art,,,,,
57e1df97-8eee-4119-a8ab-77abd1ea5751,Victoria Street Society,Victoria Street Society,,,http://viaf.org/viaf/143540593,http://viaf.org/viaf/143540593,
5b520445-d2dc-47d2-ba57-4d2567c3494a,Cosmopolitan Book Corporation,Cosmopolitan Book Corporation,,,,,
a64df42a-8c16-466a-92af-4afdcffbf27b,British South Africa Company,British South Africa Company,,,,,
f45911a8-4e71-4a0e-a9b1-479f96e6ea9b,Saint Albert's Press,Saint Albert's Press,,,,,
cdd0654f-65c3-445b-b13a-d484e3418d8f,New Victoria Cinema,New Victoria Cinema,,,,,
0b8a2b80-1632-484a-901a-0368934610e9,Underground,Underground,,http://www.wikidata.org/entity/Q20075,http://viaf.org/viaf/138011682,http://viaf.org/viaf/138011682,http://www.wikidata.org/entity/Q20075
5c289f78-5490-4598-9e25-98d85347df36,deGrummond Collection,deGrummond Collection,,,,,
189c1491-d843-45c0-b64f-0feb20b23be1,University of Stellenbosch,University of Stellenbosch,,,,,
063a735b-dbbe-4c9d-b863-c6e3e480a236,Glasgow Cotton Spinners Union,Glasgow Cotton Spinners Union,,,,,
88de6636-a3c1-4161-91ec-6901b6f919c1,Little Theatre,Little Theatre,,,,,
826d8496-32d8-4f60-9805-e45374e64ee7,All-America Comics,All-America Comics,,,,,
d404b0dd-9869-4527-9b4a-d3cd6e02595d,Treasury,Treasury,,,,,
505fa56b-f892-4048-8343-73452ace8969,West Riding Federation of Women's Suffrage Societies,West Riding Federation of Women's Suffrage Societies,,,,,
79e036ae-7105-4d7c-8aaa-d718dcc644dd,Royal Commission on the Health of the Army,Royal Commission on the Health of the Army,,,,,
d8b0734f-c830-4341-8dc1-fbb758dd9893,Irish House of Commons,Irish House of Commons,,,,,
1f29f66a-b21e-4751-b8e1-6e014f2a223e,New Fiction Society,New Fiction Society,,,,,
cff9ba8d-a7d7-4cad-aeeb-c5bda2184b60,Lobero Theatre,Lobero Theatre,,,,,
388c74f0-a84f-4571-a8b0-3c8ac36a59e2,Railway Book Stalls,Railway Book Stalls,,,,,
a55610eb-63d5-4171-90b8-95c4c88f52c5,Ladies' Bible Association,Ladies' Bible Association,,,,,
c07e50cf-bf8f-4244-95a3-6f7bb3030c8a,Royal Scottish Geographical Society,Royal Scottish Geographical Society,,,http://viaf.org/viaf/124948946 | http://viaf.org/viaf/159889143,http://viaf.org/viaf/124948946,http://viaf.org/viaf/159889143
d9ba70a0-8c56-449b-8d85-88b9e4912d57,Library of America,Library of America,,,,,
a55bd39a-9155-4e95-a795-5ae2f168a076,Welfare State International,Welfare State International,,,,,
807ca2cb-7767-48a4-a155-581abd397d73,Lantern Theatre,Lantern Theatre,,,,,
259f26aa-6150-4351-a96a-0a02685aa758,United Suffragists,United Suffragists,,http://www.wikidata.org/entity/Q23013380,,http://www.wikidata.org/entity/Q23013380,
311f83a9-25f1-42cc-92da-d3a6b52c3dcd,National Maternity Hospital,National Maternity Hospital,,,,,
32f0d638-0657-444e-ae8a-89f160f247fa,Keepsake Press,Keepsake Press,,,,,
62c92a1a-b7d0-46f5-be77-42f4b5381eea,Guildhall Feoffment Girls' School,Guildhall Feoffment Girls' School,,,,,
e44fa0af-0aae-4dc3-a18d-4f874d12b56f,National Social Purity Crusade,National Social Purity Crusade,,,,,
b7e28847-7670-4eb1-9a9b-e1a077b9dfe6,Ballitore School,Ballitore School,,,,,
e1db397e-a0d9-4460-840a-3a6d162ae59b,University of Aberdeen,University of Aberdeen,,,http://viaf.org/viaf/132450109,http://viaf.org/viaf/132450109,
d6d72222-6f5e-47de-aa92-7d6d172048df,Association for Scottish Literary Studies,Association for Scottish Literary Studies,,,,,
b04d9903-41ae-465b-af17-554b471790df,Children's Jewel Fund,Children's Jewel Fund,,,,,
02e87d52-218d-4325-9ebe-3602ebcf0388,Association for Promoting the Higher Education of Women in Oxford,Association for Promoting the Higher Education of Women in Oxford,,,,,
ac66cf58-cd6b-4dc6-9c12-83994f743337,Colgate University,Colgate University,,,,,
d7923652-f74e-4c5d-b3e8-001cf3f71234,Royal Naval College,Royal Naval College,,,,,
e39babd8-3b13-44ed-b38a-7719fc1c8de4,Rolle College,Rolle College,,,,,
fdfe5dad-0643-438e-9f11-d892c8bedc7b,C. W. Daniel,C. W. Daniel,,,,,
b5243527-4468-4773-b75b-8ffcfdb0083f,Holy Catholic Church of Japan,Holy Catholic Church of Japan,,,,,
d98593b8-ce67-471d-bd8d-0860c744d024,Delloye,Delloye,,,,,
e3492968-3bce-4c85-ac09-72f1d1ea31cc,Mayo Clinic,Mayo Clinic,,,,,
b1177950-5456-4bdf-afc5-e468f0c85aee,"Theatre Royal, Newcastle upon Tyne","Theatre Royal,, Newcastle upon Tyne",,,,,
919236c4-841b-4a1f-a6f6-f8c44c3c7eb8,A. V. Roe and Company,A. V. Roe and Company,,,,,
fa3de06f-4687-495b-a554-b2d22b675b9b,Théatre Français,Théatre Français,,,,,
5606401a-a52f-4b29-8470-114194b2c6a1,Masani Publications,Masani Publications,,,,,
b7e110b7-6379-46a1-98df-3c08ce8a8379,Ordre des Arts et des Lettres,Ordre des Arts et des Lettres,,,,,
69225012-1705-44ae-9d4b-4cfeebb72df9,Birmingham Central Reference Library,Birmingham Central Reference Library,,,,,
4768066c-ba47-4eb4-a542-f1cd0c281620,The Smiths,The Smiths,,,,,
768b0407-1ef4-45fe-b2fa-9054b042a61a,London Arts Board,London Arts Board,,,,,
e8c5eeb0-44cd-4566-9a70-6f524ed4aaaf,Christ's Hospital,Christ's Hospital,,,,,
8dbae40f-9aef-49b1-a11e-6d7b38d57456,Arts Council and South Bank Centre,Arts Council and South Bank Centre,,,,,
ab4195aa-0744-466b-b520-81f8d6a456d4,"Pearn, Pollinger and Higham","Pearn,, Pollinger and Higham",,,,,
5b053fc9-a38a-42a8-b68b-2d65aecba33b,Canadian Parliament,Canadian Parliament,,,,,
ea50b11e-8295-4c13-b215-432a3e3fd3bb,Stockholm University,Stockholm University,,,,,
f1d554cd-900e-4e51-9c1b-04ec8a46ea4b,Adam Matthew Publications,Adam Matthew Publications,,,http://viaf.org/viaf/143444973 | http://viaf.org/viaf/156381325,http://viaf.org/viaf/143444973,http://viaf.org/viaf/156381325
bc95dd7b-f97b-4a3e-aac0-6e0e38f27d79,General Electric,General Electric,,,,,
f95fc7d1-1fa7-4be3-9c10-f210f93fdc96,Progressive Association,Progressive Association,,,,,
474d2e7b-024c-437c-be0a-33caa2d31e5f,Jansenism,Jansenism,,,,,
716236fb-d07e-41c9-832d-8dde291cf5b8,Onwhyn,Onwhyn,,,,,
b8e21a15-bf6a-47c2-9632-325fc613a90e,Lord Chamberlain's Office,Lord Chamberlain's Office,,,,,
e421c664-85c1-4c03-b9b3-d85f9d4c9efe,Sundial House,Sundial House,,,,,
eccc0f61-e8a6-4776-9c2e-31b259d04e15,R. and T. Washbourne,R. and T. Washbourne,,,,,
54d8a867-70fc-4462-974c-b9a62801678f,Beinecke Library,Beinecke Library,,,http://viaf.org/viaf/146865135,http://viaf.org/viaf/146865135,
f24b3372-618d-4eeb-a335-f663d5b22c1e,Wishart and Co.,Wishart and Co.,,,,,
86eb833d-9961-4c63-acc0-3401c30ae3ed,Red Lion,Red Lion,,,,,
072dfccc-6d0f-4895-a6a5-a0695375c7a9,UKTV,UKTV,,,,,
a6589b2a-d189-4b51-b69b-b246cf15199f,Vatican,Vatican,,,,,
139254dc-856e-4385-a21f-13314ba017e8,Mensheviks,Mensheviks,,,,,
95e6761f-f28c-462b-8b93-ca06a2da9be6,Sir Saunders Duncombe,Sir Saunders Duncombe,,,,,
1d18b837-240b-4a2a-9465-4daf37be3325,"Harris Manchester College, Oxford University","Harris Manchester College,, Oxford University",,http://www.wikidata.org/entity/Q2706726,http://viaf.org/viaf/129912379 | http://viaf.org/viaf/131787070,http://viaf.org/viaf/129912379,http://viaf.org/viaf/131787070 | http://www.wikidata.org/entity/Q2706726
2e01f3a2-91b4-448f-8310-d8fd21641e0e,Corgi,Corgi,,,,,
280bf957-14dc-45b5-99e3-c0c5c6273f84,Refugee Home Society,Refugee Home Society,,,,,
fa8352ea-6677-4118-83d7-910ba820d694,Bavarian War Ministry,Bavarian War Ministry,,,,,
030feeab-594b-4e34-bc58-1aa102567c63,Victoria Theatre,Victoria Theatre,,,,,
9cd96e91-10c4-4946-bb2f-707ef30910e5,Hurst and Company,Hurst and Company,,,,,
ed8ee8dc-432f-4da2-8643-26ddd3cb0321,Kreditanstalt,Kreditanstalt,,,,,
35c52ffa-011c-4fbd-95b8-26fe2539c5a0,Army Sanitary Commission,Army Sanitary Commission,,,,,
f41fd7c1-d906-48a3-b093-f701b42adbc7,Theatre Rusticle,Theatre Rusticle,,,,,
e563ba74-b746-497e-a952-b50c3e9bfee4,Food Administration,Food Administration,,,,,
ab7abb10-9b72-48a2-b090-f0b8492ee305,University of Paris,University of Paris,,,,,
443941fe-4a25-4189-8d10-f3a34632da2d,D. C. Thomson,D. C. Thomson,,,,,
dd1d4b83-d1ac-4de4-8f85-74aa2edd5ef9,Science Museum,Science Museum,,,,,
ced6d6a0-3801-492b-8aac-2b84ee11af52,London Spiritualist Alliance,London Spiritualist Alliance,,,,,
264ecbb5-8bde-4b8c-895b-96f7dfa1498e,Mountaineering Association,Mountaineering Association,,,,,
7fbc7b54-5ff2-4dbe-9fe8-212d5dea705d,Liverpool Philharmonic Orchestra,Liverpool Philharmonic Orchestra,,,,,
222b5bd9-278e-44fb-ae32-e16df6a63a97,World Congress of Women Against Fascism,World Congress of Women Against Fascism,,,,,
d55129d4-b3b3-49c4-a852-737bce39ff84,Academy of Moral and Political Sciences,Academy of Moral and Political Sciences,,,,,
dfcedc43-055b-4f44-a3ea-c2cedcd86618,Women in Industry Committee,Women in Industry Committee,,,,,
060ca42b-c249-469a-8fd7-294af29b8fda,Pharos Press,Pharos Press,,,,,
73fb5225-c773-4db6-a992-79783cdfa722,Green and Black's,Green and Black's,,,,,
ad205b8d-acea-4b24-bbe6-d71fcfc80084,Wives Fellowship,Wives Fellowship,,,,,
6aa0cdd6-a685-45e4-b8ea-7f0d56bcbcd4,Wiltshire Police Force,Wiltshire Police Force,,,,,
72fa6e2a-3579-4557-8938-ef985d568455,Body Shop,Body Shop,,,,,
71542465-ad49-4385-907d-f0c2e8499cf9,Italian Liberal Party,Italian Liberal Party,,,,,
37dc3f8b-b072-476c-b12a-b9c11989d09d,Midnight Meeting Movement,Midnight Meeting Movement,,,,,
8c348e34-f602-4c45-81b2-8e2b0c715f74,Beamsley Press,Beamsley Press,,,,,
a7b0955f-6765-4709-ba97-59504e6149d6,Newman,Newman,,,,,
f828b581-47c6-4648-b9ff-1e2e3f96fa1e,Richard E. King Ltd,Richard E. King Ltd,,,,,
2eb3dd51-daab-47c0-bfe8-b2eb4cc3a588,Marylebone Theatre,Marylebone Theatre,,,,,
c2237134-f9d0-4619-a88f-c653f0f26000,Silver Moon Bookshop,Silver Moon Bookshop,,,,,
d0a9e021-d507-40a0-9d16-aae2166a27f2,Central Conference of Women Workers,Central Conference of Women Workers,,,,,
c77085b3-8b20-450b-bbb5-18a67261feb4,Lamport Hall Preservation Trust,Lamport Hall Preservation Trust,,,,,
17daffd9-a95a-4dfc-a781-c4edcfdd2e8d,Scottish International Festival of Photography,Scottish International Festival of Photography,,,,,
28613254-80da-4048-be4a-ba60f53ea73d,Framingham Hospital,Framingham Hospital,,,,,
2d5e2d23-7c7d-42b9-b1d8-4601c51c6134,Nature Conservancy,Nature Conservancy,,,,,
bf470760-cb1b-4caa-89c7-b6dc67abca0d,Commune des Arts,Commune des Arts,,,,,
e7e372c1-6433-4487-9635-53f50a39ce10,Jadavpur University,Jadavpur University,,,,,
406a84a9-24c1-4b59-9782-38962a4e9888,Tom Stacey Ltd,Tom Stacey Ltd,,,,,
0849ec16-8249-4082-a988-01e0fbebfb94,Woman's Press,Woman's Press,,,http://viaf.org/viaf/4311152502725810847744,http://viaf.org/viaf/4311152502725810847744,
01f2e881-1bfd-4667-81d1-b09ddc5fba65,Avon Touring Company,Avon Touring Company,,,,,
e0498421-6144-4e58-b443-5857282ed6b0,"Theatre Royal, Haymarket","Theatre Royal,, Haymarket",,,http://viaf.org/viaf/315667434,http://viaf.org/viaf/315667434,
15cedc20-b5a5-4797-a3bf-64dac1fcb83e,Irish Brigade,Irish Brigade,,,,,
f45510ed-dda6-4986-9b59-f6a9b30bf3a2,Sargent House Museum,Sargent House Museum,,,,,
85c0ef69-c20f-4dbd-a121-e7830d7e8901,Communist Party of the Russian Federation,Communist Party of the Russian Federation,,,http://viaf.org/viaf/125435541 | http://viaf.org/viaf/136966784 | http://viaf.org/viaf/146251554,http://viaf.org/viaf/125435541,http://viaf.org/viaf/136966784 | http://viaf.org/viaf/146251554
2354429f-8db0-4ee4-9b19-582d323e99f3,Kildare Place Society,Kildare Place Society,,,,,
31f0fbe1-fc32-4608-87af-e2b58548115d,Poor Clares,Poor Clares,,,http://viaf.org/viaf/142686435,http://viaf.org/viaf/142686435,
b91a7166-3375-4278-a593-df2c0bb2aac9,"Society for the Encouragement of the Arts and Sciences, Ansbach","Society for the Encouragement of the Arts and Sciences,, Ansbach",,,,,
71e3c560-9d3d-4a1e-b34a-b98e0a39b220,Literary Consultancy,Literary Consultancy,,,,,
78c3c9cb-842a-4fa6-b208-b5070feb1059,Ayn Rand Institute,Ayn Rand Institute,,,,,
047e4878-bc12-4946-92ec-bd514f205c9b,Argyll General Mourning and Mantle House,Argyll General Mourning and Mantle House,,,,,
a628d898-5b23-4992-aa22-3f7eb51ea506,Writers' Group,Writers' Group,,,,,
a12ba9f7-a331-405d-85bb-066ef6abf6a5,Volant Charitable Trust,Volant Charitable Trust,,,,,
9dc2f900-4ffa-471b-a813-89147db708cd,Learning and Teaching Scotland,Learning and Teaching Scotland,,,,,
2074d0ed-751a-4b6c-b6f1-7eea7750b11d,Montenegrin Parliament,Montenegrin Parliament,,,,,
ae45552c-d015-48f7-819b-f9617c993c32,Junior Army and Navy Stores,Junior Army and Navy Stores,,,,,
a5be9844-917d-48af-841d-7c57f561a3ab,R. B. Seeley and W. Burnside,R. B. Seeley and W. Burnside,,,,,
5ff3bdac-7dae-4236-b579-8bc31394cb07,Mount Wilson Laboratory,Mount Wilson Laboratory,,,,,
371f0a72-8312-47ee-8fb7-779e4efcbfeb,Princeton University Library,Princeton University Library,,,,,
b604f121-f56a-4aa4-84b6-5db3d05d9807,H. H. Brown,H. H. Brown,,,,,
e8aaa5f1-e7f3-4dd3-9705-c83d9133ba61,Spence and Co.,Spence and Co.,,,,,
9ecd8087-0627-4910-a4f5-1f122b4cb616,Royal Society of Musicians of Great Britain,Royal Society of Musicians of Great Britain,,,,,
65e4ed0c-efc4-4ae7-9afb-aeca2e7fc8d6,Stockwell Fever Hospital,Stockwell Fever Hospital,,,,,
0285d8b2-e828-462a-a805-d8b28d774c19,Lea School of Motoring,Lea School of Motoring,,,,,
9a449c02-4459-4858-bcad-5376641af924,Spencer's,Spencer's,,,,,
b86ee302-1821-45f0-8111-f5cd1d39a368,Associated Prigs,Associated Prigs,,,,,
eb3bc128-ba81-4b33-9fe5-94c14d5d2cea,Turnham Green Polytechnic,Turnham Green Polytechnic,,,,,
1ed608e4-93ca-4c21-b530-9374b61f8860,Buddhism,Buddhism,,,,,
e685c676-c601-4e3b-9ff2-d656a353c047,Shaftesbury Society Babies' Home,Shaftesbury Society Babies' Home,,,,,
9cbc0f51-4f93-44b4-9d3e-b3a20046b0fe,Baedeker,Baedeker,,,,,
e44ed6e9-bbeb-4f57-9bbc-6a56ad824428,Davis-Poynter,Davis-Poynter,,,,,
a00d5914-45f4-4930-b946-8b3e26f30e82,Women's Representative Council,Women's Representative Council,,,,,
a08770bf-e50d-46b9-95b4-373f526e1e17,Camargo Society,Camargo Society,,,,,
bb324d38-7a9f-4f1b-8328-1fd181a7741b,Cathari,Cathari,,,,,
abb3b9a4-ee38-462a-bc58-27bf8111edf3,Girl Guides,Girl Guides,,,http://viaf.org/viaf/138342738 | http://viaf.org/viaf/154072409,http://viaf.org/viaf/138342738,http://viaf.org/viaf/154072409
02f9b8a8-4419-4a71-bef4-2e691ffe9f17,Soldiers of Destiny,Soldiers of Destiny,,,,,
8fe671b5-3a12-4420-b923-9880be590571,"Princess Theatre, Edinburgh","Princess Theatre,, Edinburgh",,,,,
ed626812-5011-49e7-8b2e-61718090a5c9,"St Vincent's Hospital, New York","St Vincent's Hospital,, New York",,,,,
c9917acc-e9dd-4ccd-af56-1c7947c061e9,Forty-eight Theatre,Forty-eight Theatre,,,,,
40d9fc62-0d95-4089-96a1-046a13819ac0,Guildhall School of Music and Drama,Guildhall School of Music and Drama,,,,,
52c51a20-b3bf-4c13-a98c-467c9d839556,Blackstaff Press,Blackstaff Press,,,http://viaf.org/viaf/130247428,http://viaf.org/viaf/130247428,
3a155be9-819f-4a0c-a6de-308e3c314536,Jewish Refugee Committee,Jewish Refugee Committee,,,,,
5dd2e747-5ca5-46df-9d65-3a9550a259d5,Brancepeth Rectory Home School,Brancepeth Rectory Home School,,,,,
6481bc85-0419-4296-8674-3f73bab04ca9,Church of the Sacré-Coeur,Church of the Sacré-Coeur,,,,,
0b02ebe6-d54d-4a0a-ad7f-2587f38245ee,United Hospitals of the Borough,United Hospitals of the Borough,,,,,
b19523b9-2d5d-414b-83dd-3828589ef01d,Thames Water,Thames Water,,,,,
a7ebe695-a5a6-491e-9852-58e9012e0d54,Theosophical Press,Theosophical Press,,,,,
e93e519f-b544-4224-8068-d4b93eed068a,"National League for Health, Maternity and Child Welfare","National League for Health,, Maternity and Child Welfare",,,,,
2d930cee-979f-4b8c-bfc5-3dc0fcd497fc,Scientology,Scientology,,,,,
8d63ec9f-fe1a-4dcc-90ad-85e048f98a39,"SUNY, Buffalo","SUNY,, Buffalo",,http://www.wikidata.org/entity/Q681025,http://viaf.org/viaf/264538167,http://viaf.org/viaf/264538167,http://www.wikidata.org/entity/Q681025
b2dc8be1-4606-4bef-8caf-1729447b259e,"Oriel College, Oxford University","Oriel College,, Oxford University",,,http://viaf.org/viaf/139250894 | http://viaf.org/viaf/1641160848415708210001,http://viaf.org/viaf/139250894,http://viaf.org/viaf/1641160848415708210001
84691fbb-d8c2-4489-a9e1-430e6ac05ee7,Pioneer Players,Pioneer Players,,,http://viaf.org/viaf/157069051 | http://viaf.org/viaf/225296908,http://viaf.org/viaf/157069051,http://viaf.org/viaf/225296908
eb5a6c45-5163-457b-b787-d0a86e832896,Matthew Iley,Matthew Iley,,,,,
b8e7be4d-23cf-4d19-b8c0-0bb3c922b3ad,Reading School,Reading School,,,,,
67056e29-2217-4700-8d6a-01a77034ed32,Corresponding Society,Corresponding Society,,,,,
09ab7443-63aa-4334-8b6f-b9b38909f3a7,Monckton Advisory Commission,Monckton Advisory Commission,,,,,
7e531de1-3832-4be3-a769-89b690dd021a,Canadian Government,Canadian Government,,,,,
429d28e4-ec8e-4483-b2bc-60041704be1a,Manchester School of Art,Manchester School of Art,,,,,
4feb50f2-0825-46c6-8e6f-11b627be1899,Royal Society of Canada,Royal Society of Canada,,,,,
57ade953-4a59-47de-99e5-c7e098740ded,Commission for the International Women' Year,Commission for the International Women' Year,,,,,
630b1dac-68fe-4025-83c1-5d881f0a1fee,Mae West Memorial Library,Mae West Memorial Library,,,,,
2d396b71-7f65-4f82-b19a-3fa1441cf37a,Society for Promoting the Conversion of the Jews,Society for Promoting the Conversion of the Jews,,,,,
90cc257f-05f9-4500-8228-94be51666143,Center for Research on Women,Center for Research on Women,,,,,
41453df5-1041-4bfd-bc95-07af666eea40,Edinburgh Social Union,Edinburgh Social Union,,,,,
5af0fa1a-c589-4ca4-9b6f-cbc3628be547,Russell and Russell,Russell and Russell,,,,,
431a73cd-535f-475b-b163-92aef042d110,"Ramsbottom, Newman, and Ramsbottom","Ramsbottom,, Newman,, and Ramsbottom",,,,,
f3044280-0c71-414d-a9e1-00474bbc0459,Underground Railroad,Underground Railroad,,,,,
d154da3b-6e89-41d7-b1aa-49883af7951e,Jacobin Society,Jacobin Society,,,,,
c1a948c1-b032-44aa-b617-cc18c9ecee94,Browning Society,Browning Society,,,,,
04078517-6214-4fcc-8e2c-2994429cc301,North of England Council for Promoting the Higher Education of Women,North of England Council for Promoting the Higher Education of Women,,,,,
2a3b9c51-d1e5-4697-917b-b7812b39aa28,EyeSpy Theatre Company,EyeSpy Theatre Company,,,,,
11642620-7938-460f-833b-72f91c635c6f,Ladvocat,Ladvocat,,,,,
1eda1c69-af58-46ed-b1ee-d54f12db0714,"Alhambra Theatre, London","Alhambra Theatre,, London",,,,,
5b15d5e5-3b33-45cd-b18d-67581413bd0d,Claridge Gallery,Claridge Gallery,,,,,
e7d19e56-f09a-41b4-b166-d9c3436e9c7f,Worcestershire Record Office,Worcestershire Record Office,,,,,
9edad6ae-67ba-4412-a0be-75a577889386,Palestine Commission,Palestine Commission,,,,,
ab200d60-5f86-43ca-8c52-bb22971a49d1,Zittaw Press,Zittaw Press,,,,,
1db6a997-8ee8-49e8-b124-3c990ccac740,Putnam and Company Limited,Putnam and Company Limited,,,http://viaf.org/viaf/148998778,http://viaf.org/viaf/148998778,
9240a8bf-a2ca-4a5a-b599-9ab198f95602,Christian Social Union,Christian Social Union,,,,,
c7ba2b50-6304-417b-b47c-d2baf865ff13,Ruskin School of Art,Ruskin School of Art,,,,,
8ab14981-77d1-4cc3-828a-1a2b8a0e6150,Royal Scots Greys,Royal Scots Greys,,,,,
54f7ac5d-fb10-4be2-8ea9-f97d6195427a,Fifteenth Light Dragoons,Fifteenth Light Dragoons,,,,,
1aa791e2-ca8a-4e6a-8ad7-7099a373d885,Byam Shaw and Vicat Cole School of Art,Byam Shaw and Vicat Cole School of Art,,,,,
3e732e1f-4f0a-41ce-addd-6cf3c7a228a6,Norbury,Norbury,,,,,
c30baf89-cdca-488e-8c2f-d962d8a69a4c,University Press of Kentucky,University Press of Kentucky,,,http://viaf.org/viaf/127846763,http://viaf.org/viaf/127846763,
0c846b46-c8fa-4733-b38b-2237a7d23ad0,Royal Scottish Academy,Royal Scottish Academy,,,,,
c40bcf9d-5577-435a-89a0-ad3beded055d,Bath City Infirmary and Dispensary,Bath City Infirmary and Dispensary,,,,,
ac8fb34a-4850-4eeb-a297-e52c3f4fe79a,Boston Women's Health Book Collective,Boston Women's Health Book Collective,,,,,
cd467915-ce49-46d4-9cad-29982539255d,Delaney Theatre Group,Delaney Theatre Group,,,,,
435dc6ba-37b9-472a-b84f-2d3f12385b8a,"Royal Hospital, Chelsea","Royal Hospital,, Chelsea",,,http://viaf.org/viaf/147644555 | http://viaf.org/viaf/71144647635626243228 | http://viaf.org/viaf/816145856876122920230,http://viaf.org/viaf/147644555,http://viaf.org/viaf/71144647635626243228 | http://viaf.org/viaf/816145856876122920230
6ec531ec-4d50-4eda-a3fc-516554830bdc,Halifax Shakespeare Society,Halifax Shakespeare Society,,,,,
c6996166-5dfb-4839-b5cb-b75ee8511007,All-India Home Rule League,All-India Home Rule League,,,,,
32fd6117-afd4-4df3-8d1b-04393f408232,Young Switzerland,Young Switzerland,,,,,
ee8481d5-de29-495b-b490-e220cfbf0c40,Egyptian Commercial and Trading Company,Egyptian Commercial and Trading Company,,,,,
60e54a03-3e8a-44d4-a88f-19afd56cb8b7,Rhodesian government,Rhodesian government,,,,,
989595d5-072e-4559-827f-7e2f49a4e603,Claire Marie,Claire Marie,,,,,
5d13646a-103a-4f60-ba32-535c29df996f,Hurstwood Park Hospital,Hurstwood Park Hospital,,,,,
6979bef6-f02f-42b2-8e38-388fc4615202,Mothers' Clinic for Constructive Birth Control,Mothers' Clinic for Constructive Birth Control,,,,,
d80b69d8-fee7-43ac-b6be-5e6daeed36cc,Flare Productions,Flare Productions,,,,,
2720afec-097a-4c68-9eb6-ab50597973e4,Glasgow Hebrew Philanthropic Relief Society,Glasgow Hebrew Philanthropic Relief Society,,,,,
08879ea6-4c18-4ed1-8e77-0797ba6fc6cf,West Indies Federation,West Indies Federation,,,,,
1145d26a-5ed4-4f40-a862-812bcc90d58f,Random House,Random House,,http://www.wikidata.org/entity/Q744182,http://viaf.org/viaf/123566121 | http://viaf.org/viaf/153153594,http://viaf.org/viaf/123566121,http://viaf.org/viaf/153153594 | http://www.wikidata.org/entity/Q744182
ef8a4379-6c44-43fe-882c-ce001dbebbb1,Cunard Company,Cunard Company,,,,,
9785c640-6cb3-4b9d-8cf6-ddf0ee2796bd,Bengal Civil Service,Bengal Civil Service,,,,,
5ca2350e-4897-497d-b734-d934e2709525,Parliamentary Alien Immigration Committee,Parliamentary Alien Immigration Committee,,,,,
3c14496c-8683-4989-9989-1597a0d64d0f,Gray's Inn,Gray's Inn,,,,,
65c139b9-d35b-4059-956b-e969b234f682,Bais Yaakov Movement,Bais Yaakov Movement,,,,,
5c2d14cf-3dd3-4f0a-bfe9-21ad31922292,Woodruffe School,Woodruffe School,,,,,
88f0fc02-083e-48a3-91e6-423292328da5,"Centre for Community Engagement, University of Sussex","Centre for Community Engagement,, University of Sussex",,,,,
f8a8c9a1-8d57-4ff1-beaf-0f4b15d272e7,Desmond Harmsworth,Desmond Harmsworth,,,,,
218bdf3d-24a9-4de1-a9ea-aaf3bb504da9,Courtaulds,Courtaulds,,,,,
cf27c79d-5494-48d2-9e14-85607ef7dfbd,Research Councils UK,Research Councils UK,,,,,
2767bf53-7edd-41d7-9eab-529ec8a8a740,Denman College,Denman College,,,,,
db2d6690-ae77-4516-8378-3b5ed7c8ae2c,Medical College for Women,Medical College for Women,,,,,
92bb13e4-4bcf-4280-8d77-7d8d779d51c6,Rotherham Theological College,Rotherham Theological College,,,,,
05b1e8ee-76b6-4b91-b8d4-b2a6075004ca,Alliance Française,Alliance Française,,,,,
ec4b1e4b-36b1-4a87-9fc3-ed128364480a,Heritage Craft Schools and Hospitals for Cripples,Heritage Craft Schools and Hospitals for Cripples,,,,,
727ccfa9-1f92-41ef-97ec-0658eab15ef0,Ladilak School,Ladilak School,,,,,
a56ab623-6514-4e63-97cd-8e7eb56e765f,Bath Theatre,Bath Theatre,,,,,
0ab08998-a8bd-4094-9366-8e5b7aaec66b,Corporation of London,Corporation of London,,,,,
37d69d15-9bd4-489f-8c7d-20b9d0ff09ca,Shakespeare Press,Shakespeare Press,,,,,
e6190424-7cd1-4e1b-87c8-d19553cbc699,Independent Labour Party,Independent Labour Party,,http://www.wikidata.org/entity/Q1507913,http://viaf.org/viaf/155961891,http://viaf.org/viaf/155961891,http://www.wikidata.org/entity/Q1507913
27a4db5b-b2b8-41df-ac47-4e0e2a1dbcfe,Electricity Supply Board,Electricity Supply Board,,,,,
babef7d2-13eb-4a59-8b6f-28a73ec706a5,Public Works Administration,Public Works Administration,,,,,
e9489862-3e5a-447f-974d-78f53b2cf57c,Dr Bray's Associates,Dr Bray's Associates,,,,,
29494847-0357-47c3-aae4-52103cb45efb,Women's Election Committee,Women's Election Committee,,,,,
f82cd000-5489-4cad-85ee-ea042c13eca1,Ramakrishna Mission,Ramakrishna Mission,,,,,
aa75a85c-567e-422c-be3d-9402d540f480,Metropolitan Toronto Reference Library,Metropolitan Toronto Reference Library,,,,,
7ce90d25-0003-4113-b8d5-85773c3f4ddd,University of Melbourne,University of Melbourne,,,,,
0c78767b-f504-47b8-a012-121bb89f0ca1,Wellcome Trust,Wellcome Trust,,,,,
a20f69c2-f8f9-4f76-9339-2fccc7ba8103,Chicago Corset Company,Chicago Corset Company,,,,,
e503e4ef-1bd1-4645-9eb5-2bdb17bd9127,Tippet,Tippet,,,,,
d47e8fd4-7639-4937-a333-ac1b62d29c48,Zen Buddhism,Zen Buddhism,,,,,
1fd230ab-5451-425e-87fc-322bd73de52b,Motorola,Motorola,,,,,
018d0b9f-36ee-41fc-b482-c97d72bce9dd,Jamaican School of Drama,Jamaican School of Drama,,,,,
d15a7bc0-84da-4c09-be3b-23e098a5c369,Nursery School Association of Great Britain,Nursery School Association of Great Britain,,,,,
2d371cfd-3930-4eda-b6c7-e5c07583d77e,"New Theatre, Lincoln's Inn Fields","New Theatre,, Lincoln's Inn Fields",,,,,
77f94bea-1aac-4bf9-b02e-bc28745209fc,St Paul's Cathedral,St Paul's Cathedral,,,,,
87f1ac8d-81cd-4b0f-851e-060a4822649b,Villanova University,Villanova University,,,,,
b8890b08-5395-4fd1-b370-1e5e5f638fe9,Gresham College,Gresham College,,,,,
4135e5c0-cc0f-4030-91c8-03a9b99f15f2,Council of Churches,Council of Churches,,,,,
d173d0e3-c196-4134-9f18-4003c5890fb7,Fabian Women's Group,Fabian Women's Group,,,http://viaf.org/viaf/134217080,http://viaf.org/viaf/134217080,
cb7bfd94-8eab-4a4b-8d56-96fb456419d5,Watts Gallery,Watts Gallery,,,,,
edec2706-1000-4b23-8596-a5d16f9e994e,Centre for Medical Humanities,Centre for Medical Humanities,,,,,
6f98f019-e8ac-4994-bee1-d6b451766005,New English Art Club,New English Art Club,,,http://viaf.org/viaf/157011674 | http://viaf.org/viaf/295741027,http://viaf.org/viaf/157011674,http://viaf.org/viaf/295741027
cad8545d-6d6d-470e-9bea-2ee9a6962e8f,Apollo Chamber Orchestra,Apollo Chamber Orchestra,,,,,
c983a0b6-bb17-49a9-92fd-e7d496b04156,Irish Agricultural Organization Society,Irish Agricultural Organization Society,,,,,
f7af6e97-a0ec-46a8-84e8-efb0e5b0be60,North London Repository,North London Repository,,,,,
78018588-e8ec-4653-afbc-f49aa38e1812,Gallimard,Gallimard,,,http://viaf.org/viaf/266381764,http://viaf.org/viaf/266381764,
b4323da5-2be1-45dc-a210-d32f9cc74282,American Program Bureau,American Program Bureau,,,,,
c3a1caac-f373-453f-bf00-70383b49ab65,Arts Council of Great Britain,Arts Council of Great Britain,,http://www.wikidata.org/entity/Q59746,http://viaf.org/viaf/144407211,http://viaf.org/viaf/144407211,http://www.wikidata.org/entity/Q59746
559235af-b331-4ab7-a2d9-1741d16874dd,Oxford University Department of Education,Oxford University Department of Education,,,,,
fb660528-d187-4fe4-b1d4-3dfa8320190f,Herbert S. Stone and Company,Herbert S. Stone and Company,,,,,
a1977194-fbca-4ff0-99d8-123134f48a57,Church Reform League,Church Reform League,,,,,
2711b83a-f586-47e7-9810-c831bbcab5d1,Cloister Press,Cloister Press,,,,,
c6f10436-45b7-40e5-8ccb-41f14f2f7017,Eighth Army,Eighth Army,,,,,
7fd0d48f-0f16-4b35-bbf6-a4d70853dcc0,Employment Bureau,Employment Bureau,,,,,
c13be107-ee35-4a55-9fe4-7b597cbcb4b9,Groucho Club,Groucho Club,,,,,
42e02caa-7373-46c2-85c9-52b8e6b31505,Unwin Hyman Limited,Unwin Hyman Limited,,,,,
652d8a9e-cd67-48c2-a0b3-db75f4791cf9,Westminster Lying-In Hospital,Westminster Lying-In Hospital,,,,,
2826f4a9-30f4-4595-b49a-732b407afbef,Stalhelm,Stalhelm,,,,,
50e349e4-a8fd-4c77-8d57-e537219188a9,Royal Microscopical Society,Royal Microscopical Society,,,,,
320f3ff9-75c3-4fec-8c67-3a53bfb44114,China Society,China Society,,,,,
18d40c4e-efc2-4732-b2fa-42a668669596,Waldenses,Waldenses,,,,,
3d7e4c91-0627-4fc9-97ad-cac57c547829,Philosophical Society,Philosophical Society,,,,,
d9b8c9e6-bd36-427b-bbd2-f17087bc6822,"Amazon Books, Seattle","Amazon Books,, Seattle",,,,,
5de33636-4828-4af6-b6ea-63014b44f88e,Grunwick Film Processing,Grunwick Film Processing,,,,,
11883e81-4ce8-4ce3-8555-29fad432675e,Thomas Royden and Sons,Thomas Royden and Sons,,,,,
f23d466e-3b47-48db-88ce-b2b12de00c75,University of Calabar,University of Calabar,,,,,
dec322f8-4151-4c45-a9b8-734c83f89e1e,University of Buckingham,University of Buckingham,,,,,
b8bf4940-579d-4450-b8f5-eb6d97172dc0,PBS,PBS,,,,,
d87961b1-5129-4a4d-8760-67f2767eedaf,World Wide Fund for Nature,World Wide Fund for Nature,,,,,
d2c570e2-443c-4333-b948-77f1ec318a08,"Technical High School, Omaha Nebraska","Technical High School,, Omaha Nebraska",,,,,
009d4220-b557-4587-8572-bbad50198052,Royal College of Midwives,Royal College of Midwives,,,,,
de2e8ffa-8bf8-440e-847c-ec267752c38f,Lord Baldwin's Fund for Refugees,Lord Baldwin's Fund for Refugees,,,,,
f7feb377-b2fe-4b00-8143-7b30388189b5,Genome B. C.,Genome B. C.,,,,,
f8e4d6be-f305-4d03-8bfe-699870f67cf3,The Writer,The Writer,,,,,
d1449606-5f2c-442f-a25e-bd46140c7630,Guy's Dental School,Guy's Dental School,,,,,
3b1044f1-8928-4f01-b464-99ff3b06ca51,Secours Franco-Américain,Secours Franco-Américain,,,,,
cb443c19-6c22-4ca9-beb2-f461c8029cb2,"Ogilvy, Benson, and Mather","Ogilvy,, Benson,, and Mather",,,,,
47ac1615-7380-4b9c-b89a-0fde76102819,People's Democracy,People's Democracy,,,,,
1dd0df40-6b6e-4749-9d93-989244977ad3,Timothy Stevens,Timothy Stevens,,,,,
69e959c6-b6fd-47cd-a12b-df45c9842537,Council of Europe,Council of Europe,,,,,
5f2f99ec-9bf3-4667-b8d6-52d521bb3d3c,Société des Amis de la Constitution,Société des Amis de la Constitution,,,,,
c7c782c5-c232-48d3-93f1-6d651fe9abfd,Belfast Women's Temperance Association,Belfast Women's Temperance Association,,,,,
d2ba92c0-11fc-46ab-9f37-bf857136da6c,East London Hospital for Sick Children,East London Hospital for Sick Children,,,,,
b8e67a70-9d20-4383-9d99-692d1b0a20bb,Essex Record Office,Essex Record Office,,,,,
5812b1cb-f913-48d1-8777-a234b8706102,Royal Humane Society,Royal Humane Society,,,,,
46bebdac-88cd-4584-a932-aa61a1ecf2cd,English Stage Company,English Stage Company,,,,,
c351a340-1c5e-4a43-a618-3396e2088783,P and O Company,P and O Company,,,,,
f6a5d51f-bd71-4271-b609-7e0dcb0209ef,Irish Manuscripts Commission,Irish Manuscripts Commission,,,,,
0a5aebb7-e5cc-4d33-ae5c-4546e3c4540d,Fantasy Press,Fantasy Press,,,,,
f7b00719-599a-42b1-b264-bc4fbbbd8b0a,Kensington Society,Kensington Society,,,,,
adcadcdd-8036-40f7-8cf5-381edc3c0ecb,National Council for Adult Suffrage,National Council for Adult Suffrage,,,,,
0af1fc8d-2ab2-4c7f-a8ea-388779332338,Royal Orthopaedic Hospital,Royal Orthopaedic Hospital,,,,,
d14385b1-bbd5-482c-9767-f5acd1a42b2a,Hampstead Theatre Club,Hampstead Theatre Club,,,,,
dab018d5-af8b-4743-a1cf-4a58fd0e24cf,Church of Scotland,Church of Scotland,,,,,
26ac3d92-1dfc-455c-be85-9b06106feca2,"St Hugh's College, Oxford University","St Hugh's College,, Oxford University",,http://www.wikidata.org/entity/Q128497,http://viaf.org/viaf/145499879,http://viaf.org/viaf/145499879,http://www.wikidata.org/entity/Q128497
bb3e9c2f-2d91-4b67-8c11-e76d0c68840b,Naval Intelligence Division of the Admiralty,Naval Intelligence Division of the Admiralty,,,,,
d05f5ee8-a2ae-4d72-a14b-5eeb13f35abd,Florence Normal School,Florence Normal School,,,,,
2135d829-c56d-4d45-be6f-5e792c0f763f,Hinduism,Hinduism,,,,,
043b453e-63f1-43d2-bcdb-b0c66a85474e,University of Guadalajara,University of Guadalajara,,,,,
ec209a8d-12d0-40a5-9204-ba7b6104463f,Northwestern University Press,Northwestern University Press,,,,,
18e8d97c-5030-47c8-9693-fc701ac59898,Emory Women's Writing Project,Emory Women's Writing Project,,,,,
7c66d35c-7bbd-45ef-969f-bb03769fa4de,University of Glamorgan,University of Glamorgan,,,,,
b4f7c5b9-26a9-44d8-aac5-49a1c6df4a96,Jaguar,Jaguar,,,,,
d2cb5fb7-beac-48b9-af10-be246cba66d6,Walt Disney Company,Walt Disney Company,,http://www.wikidata.org/entity/Q7414,http://viaf.org/viaf/121982546 | http://viaf.org/viaf/125399337,http://viaf.org/viaf/121982546,http://viaf.org/viaf/125399337 | http://www.wikidata.org/entity/Q7414
6b0b4bcb-be73-458a-9ce4-58563e9cfb22,Court of High Commission,Court of High Commission,,,,,
4e4c1d31-3c5c-4e2c-8caf-97730dab72e0,Robert Wilson,Robert Wilson,,,,,
1f350a75-a5f7-4482-a7d9-a6e944a11f50,Central Midwives' Board,Central Midwives' Board,,,,,
4e99a33e-71a1-413f-a68b-8e1442903aff,Metropolitan and National Nursing Association,Metropolitan and National Nursing Association,,,,,
a31f21ea-dd6a-4f0d-ac5a-694941792941,"Abbey School, Malvern","Abbey School,, Malvern",,,,,
113af09a-56ed-4bc0-9570-2b2e7197b421,General Lying-In Hospital,General Lying-In Hospital,,,,,
3ae1e0e4-4fff-420e-a580-03922c53ff2d,West Yorkshire Playhouse,West Yorkshire Playhouse,,,,,
2266dc96-9ff4-4973-a320-cfb56119ef4c,Leeds Art Theatre,Leeds Art Theatre,,,,,
89d74bcd-1497-4a8f-b5a2-5a78c09fe9a9,Cardiff and South Wales Wireless Society,Cardiff and South Wales Wireless Society,,,,,
e83b3e92-340d-463a-827a-7153421f4d5b,Oireachtas,Oireachtas,,,,,
265e23f7-dbdf-4182-980a-737f96b2a1b4,Marion Malkin Memorial Bowl,Marion Malkin Memorial Bowl,,,,,
6bde009a-2db5-4a98-ac98-c8abb5f8a103,Bethnal Green Free Library,Bethnal Green Free Library,,,,,
a210b881-30cd-44f5-9d18-e859917ef3a7,Half-Circle Club,Half-Circle Club,,,,,
b70b3d4c-1de6-465b-b970-47a65c7ace9a,Cabinet,Cabinet,,,,,
dfa08b56-4c30-4b05-a721-c7074eb91a91,Chelsea Hospital for Women,Chelsea Hospital for Women,,,,,
19d2a889-aed0-4017-8156-1ab574097ee6,Sansot,Sansot,,,,,
edff8e26-6fbc-4e40-a39c-dc83b3adab1d,Adam and Charles Black,Adam and Charles Black,,,http://viaf.org/viaf/123220463,http://viaf.org/viaf/123220463,
84b4bd9e-762e-45b1-ba2a-f5737eae68a9,Feminist Press Collective,Feminist Press Collective,,,,,
0b862450-652d-4b74-95a0-e7c0783b2a68,St Thomas's Hospital,St Thomas's Hospital,,http://www.wikidata.org/entity/Q1143779,http://viaf.org/viaf/125457467 | http://viaf.org/viaf/248908078 | http://viaf.org/viaf/3436155345596306430009,http://viaf.org/viaf/125457467,http://viaf.org/viaf/248908078 | http://viaf.org/viaf/3436155345596306430009 | http://www.wikidata.org/entity/Q1143779
06659ed5-8588-44a6-a8df-1b43a05bb2a7,Farmer and Sons,Farmer and Sons,,,,,
627278aa-33cc-4b36-b4c4-dbb2929f8b38,Society for Distributing Religious Tracts among the Poor,Society for Distributing Religious Tracts among the Poor,,,,,
ce89d56e-0532-434f-bf08-f387bce724b1,Church of England Institute,Church of England Institute,,,,,
49145323-bedb-454f-b0fa-04ef180c668e,Institut International de Bibliographie,Institut International de Bibliographie,,,,,
2852a030-1d13-4688-8268-cc607ec613b4,M. Secher,M. Secher,,,,,
259dd26c-2165-4f56-adf9-df4e4b211bc8,Emergency Medical Service,Emergency Medical Service,,,,,
5bfcee1a-7e6b-44e7-a8e8-aee308fb37bc,Geneva Medical College,Geneva Medical College,,,,,
24bc474a-3bf5-49d3-b4f6-a1511c7c1825,Committee of Public Safety,Committee of Public Safety,,,,,
96550809-868e-4e53-8a0f-cdbb9aca664a,Player's Theatre,Player's Theatre,,,,,
8f2497d0-d839-43f3-853d-573cbd04fcfe,"Royal Lyceum Theatre, Edinburgh","Royal Lyceum Theatre,, Edinburgh",,,,,
a0224c3a-e52e-484e-a6de-c7dedcc1fb60,Finborough Theatre,Finborough Theatre,,,http://viaf.org/viaf/159811021 | http://viaf.org/viaf/64153124336724492154,http://viaf.org/viaf/159811021,http://viaf.org/viaf/64153124336724492154
c885e9ab-6a8c-4d60-aefc-f17b6bd713d3,Ain Shams University,Ain Shams University,,,,,
6553b971-8b58-47bc-b940-b51a33d1d4e2,Portland Gallery,Portland Gallery,,,,,
a43ccc4a-6728-4e24-bbf1-e8387a5fc1c2,Andrew Symson,Andrew Symson,,,,,
7c64aeae-7512-4a49-be52-32882f9f14cf,Nova Scotia College of Art and Design,Nova Scotia College of Art and Design,,,,,
ed4f20ec-70f5-4417-8042-10761ce0c248,Lyttelton Theatre,Lyttelton Theatre,,,,,
0b2bb7e5-e69c-4a73-92a8-6818209e8eb9,Eaton's,Eaton's,,,,,
2f964ada-1672-4c6f-ae30-c92482439b51,Smith/Doorstop Books,Smith/Doorstop Books,,,,,
bcf6527c-16d3-4b5c-b2c4-57eedece638c,Owenism,Owenism,,,,,
7fab579e-7046-4c74-ae6f-d8f4f308bc5b,British Drama League,British Drama League,,,http://viaf.org/viaf/152477047,http://viaf.org/viaf/152477047,
acab7f1b-c0c4-488e-bb70-ac0aab0ced55,Coast Guard,Coast Guard,,,,,
2d5c00f0-6451-4165-9ff8-57cc7e62054f,Motor Cycle Racing Club,Motor Cycle Racing Club,,,,,
91b260de-5125-422c-a0ed-05f10c28d7a9,Bantam Doubleday Dell Publishing Group,Bantam Doubleday Dell Publishing Group,,http://www.wikidata.org/entity/Q1251563,http://viaf.org/viaf/16146284436615331833 | http://viaf.org/viaf/294994700,http://viaf.org/viaf/16146284436615331833,http://viaf.org/viaf/294994700 | http://www.wikidata.org/entity/Q1251563
c836ee51-bd73-4d47-a77b-c2437581260a,White City,White City,,,,,
b7fcf919-5e2e-4042-bf3b-5f02509d2feb,Australian National University,Australian National University,,,http://viaf.org/viaf/148378767,http://viaf.org/viaf/148378767,
4956c0cf-1066-46cf-bb44-a1cdb30ae433,Universalist Church,Universalist Church,,,,,
24877480-9258-4676-b9ff-96eda5573ffb,Glasgow Council for Women's Trades,Glasgow Council for Women's Trades,,,,,
cb7b09ac-474f-446e-8196-d0c11839e9a3,Soil Association,Soil Association,,,,,
03c81e92-074a-48a5-9938-a4b568f2c257,Idaho State Library,Idaho State Library,,,,,
b0e01ca3-ca86-42bb-b8b9-c9396d84a555,James Hoey,James Hoey,,,,,
5d7aebbd-d4bd-4dc5-b376-f9aaf6a878db,Rose Theatre,Rose Theatre,,,,,
66bd4dad-66ae-4f76-ab70-5abd33a20ca4,Morgan State College,Morgan State College,,,,,
400edd5e-8acc-429a-8ed1-f5fe4bb93386,University Hall,University Hall,,,,,
3709cb35-cc7b-42a8-8fc8-d01d57691ef8,Association for the Promotion of the Unity of Christendom,Association for the Promotion of the Unity of Christendom,,,,,
8f2c7da8-b569-441f-99f1-34210037f2d5,Wyedean Comprehensive School,Wyedean Comprehensive School,,,,,
8ccaddbf-7bea-4988-b581-856550251e3a,Romney Street Press,Romney Street Press,,,,,
e2da4253-0b62-44a7-a906-af899876c038,Vocational Education Committees,Vocational Education Committees,,,,,
d5c8434c-334b-436a-9701-0d90f700f6d6,1930 Players,1930 Players,,,,,
401f642b-6d92-40d6-b887-581aa3351dea,George H. Doran,George H. Doran,,,http://viaf.org/viaf/140800687,http://viaf.org/viaf/140800687,
faa96d8b-1505-4c8c-a413-e98a2c173d34,S. Kneeland and T. Green,S. Kneeland and T. Green,,,,,
70c0fc71-6346-4a2f-8f22-8bc3cb44a9fb,American Association of Educators of Colored Youth,American Association of Educators of Colored Youth,,,,,
1f377460-e5d4-4772-9ba1-de6d785d36da,London and Greenwich Railway,London and Greenwich Railway,,,,,
5c9550bc-11d7-4573-b482-7efb91c0a598,Christ's Hospital Girls' School,Christ's Hospital Girls' School,,,,,
6a034c9d-e7bf-4e96-91c8-b605773b1bb2,Pandora Press,Pandora Press,,http://www.wikidata.org/entity/Q78848147,,http://www.wikidata.org/entity/Q78848147,
af4f4fbb-741a-4344-952a-e7f91aef848e,Pearl and Dean,Pearl and Dean,,,,,
8668d947-cba6-4314-aa7b-077fe690e272,Moravians,Moravians,,http://www.wikidata.org/entity/Q159318,http://viaf.org/viaf/139475423,http://viaf.org/viaf/139475423,http://www.wikidata.org/entity/Q159318
ff125d93-1907-4fd6-88c2-faf43b743fc1,Women Against Pornography,Women Against Pornography,,,,,
8a9120f7-1dab-4c62-b9e1-182f62dbaef6,Hayward Gallery,Hayward Gallery,,,,,
ba4d80a4-0571-4422-973a-884f7194ef0e,Faithful Companions of Jesus,Faithful Companions of Jesus,,,,,
72778709-e5dd-4fb5-84ba-255d6a9cf55f,Shelter,Shelter,,,http://viaf.org/viaf/131315518,http://viaf.org/viaf/131315518,
491ba0c5-8bb0-475d-85ef-60f435f5ce04,Arts and Humanities Research Council,Arts and Humanities Research Council,,,,,
25003a36-b217-4892-802f-9b339bff56eb,Hampshire Record Office,Hampshire Record Office,,,http://viaf.org/viaf/141232934,http://viaf.org/viaf/141232934,
71bc28b1-d9ab-469f-8855-e43176673c12,Bristol Baptist Academy,Bristol Baptist Academy,,,,,
f44ef385-320f-452e-896d-694b8d13ecd8,Wattpad,Wattpad,,,,,
ba06dff6-352e-44a1-b9f5-6dda8ba53805,Societies for the Reformation of Manners,Societies for the Reformation of Manners,,,,,
bd266a7a-ae1d-4558-8de2-058d632f26ca,Ballantyne,Ballantyne,,,,,
92199a38-074a-446c-b092-e89f43ac8a56,Ellis and Green,Ellis and Green,,,,,
f28d1f61-815f-4399-ae93-6c37b1c960ce,Nobel Foundation,Nobel Foundation,,,http://viaf.org/viaf/123649776,http://viaf.org/viaf/123649776,
89d9f80e-de94-4c3f-aac9-0e65e6f17d3b,"Coward, McCann and Geoghegan","Coward,, McCann and Geoghegan",,,http://viaf.org/viaf/123569460,http://viaf.org/viaf/123569460,
358b641c-c236-4175-b535-988dceac336e,Iowa State Department of History and Archives,Iowa State Department of History and Archives,,,,,
ff142b9c-b0ae-40d7-bb88-11bd55536c5d,Sangbarta,Sangbarta,,,,,
90dc9796-d515-43a6-8db5-cfda08789736,Surrey County Asylum,Surrey County Asylum,,,,,
6c4ebb2c-a6fb-43d3-a7db-0a8c6fb47f75,Fight the Famine Council,Fight the Famine Council,,,,,
f27edadb-024e-4d03-a771-280169893ac9,Educator Publishing Co.,Educator Publishing Co.,,,,,
4a08082a-6d50-433d-be27-a15e3cebc268,National Health Service,National Health Service,,http://www.wikidata.org/entity/Q918396,http://viaf.org/viaf/147179369,http://viaf.org/viaf/147179369,http://www.wikidata.org/entity/Q918396
d169dffd-4db1-486e-ae73-e6b99c8ab92e,Arts and Crafts Society,Arts and Crafts Society,,,,,
72090e6f-355e-4f54-9fba-768886435087,United States Post Office,United States Post Office,,,,,
50343c4b-85cb-403d-a16c-e0b4e1d12f28,ASEA Electric,ASEA Electric,,,,,
20f8740f-d957-45c9-ac59-ab76195b4048,United States Supreme Court,United States Supreme Court,,,,,
8b8ae83d-f04b-4555-ae21-bab78b9e11a3,House of Anansi Press,House of Anansi Press,,,http://viaf.org/viaf/268199074,http://viaf.org/viaf/268199074,
53772a93-d225-475e-8ad9-05ff28bb48fa,Freemasons,Freemasons,,,http://viaf.org/viaf/125418765,http://viaf.org/viaf/125418765,
c2e1b8de-18d2-452c-8d2e-f50e61fa0948,Her Majesty's Stationery Office,Her Majesty's Stationery Office,,,http://viaf.org/viaf/1294149368873986031616,http://viaf.org/viaf/1294149368873986031616,
4c264855-d5ae-4c8d-98fc-548211fc0b41,University of Wales Press Board,University of Wales Press Board,,,,,
84ea85f0-3d2f-4bd6-8a1c-bbe490bb70b2,Black Muslims,Black Muslims,,,,,
5eb2b4d1-4898-4000-a0d0-4c61c6cdace1,Hoover,Hoover,,,,,
58f5bb16-ab4c-489a-a5e4-adc361d250ab,Press Association,Press Association,,,,,
c89f14b6-bde8-41a7-a840-272a5e16816d,Paramount Studios,Paramount Studios,,http://www.wikidata.org/entity/Q16668873,,http://www.wikidata.org/entity/Q16668873,
f30fa2c2-d27a-461d-9d2e-5c170e9a75b1,Commons Preservation Society,Commons Preservation Society,,,,,
5d65b77d-5995-425a-b4bf-7af4eec2694a,Stephen Swift and Co.,Stephen Swift and Co.,,,,,
e2ea7bf8-e5ff-4c7f-b4e9-869dfd004637,Mayo Industrial School,Mayo Industrial School,,,,,
c9a6c5df-6729-450e-9dab-dfc84d5eaf84,National Liberal Federation,National Liberal Federation,,,,,
3893f6f2-9be2-4e04-a0aa-84186e136866,Elinor Glyn Ltd,Elinor Glyn Ltd,,,,,
bee81e2f-d45a-46d4-aeaa-0db381781eae,High Court of Justice,High Court of Justice,,,,,
7e73893a-93da-4377-bb30-20f673f7cdc5,University of Delaware,University of Delaware,,,,,
628ef94d-cfc4-412a-996f-19c668aa0fd2,T. H. Lacy,T. H. Lacy,,,,,
f04744f6-95f0-48c0-b59e-bb26281fafd6,Espérance Working Girls' Club,Espérance Working Girls' Club,,http://www.wikidata.org/entity/Q5399204,,http://www.wikidata.org/entity/Q5399204,
a3f67f51-f634-4bb2-a0fb-7a5261fffa2f,Young Men's Missionary Association,Young Men's Missionary Association,,,,,
a9376eee-e45f-4e93-a8e7-ccb3e350d670,Rivington and Marshall,Rivington and Marshall,,,,,
03f30067-aa79-44f4-84f8-afca61277418,National Union of Townswomen's Guilds,National Union of Townswomen's Guilds,,,,,
c29cac5c-e2ec-4cee-8aaa-bb47b2f9d231,Britannia Roll,Britannia Roll,,,,,
a2c290f7-e66f-4c76-806e-73f0511e1bae,Institute of Painters in Watercolour,Institute of Painters in Watercolour,,,,,
9b79aa04-f74b-4ac6-8ac9-048a184b7e04,Ministry of Defence,Ministry of Defence,,,,,
38a72ae1-676f-4439-9226-65edb47d0982,Garden City Press,Garden City Press,,,,,
b150b577-e66f-4935-aafe-d1161f085035,Royale Theatre,Royale Theatre,,,,,
905396c1-7aa3-436d-8ee5-799638346053,Westcountry Studies Library,Westcountry Studies Library,,,,,
f24cc92c-76e1-4267-afcc-b1d57c8bad21,Brontë Parsonage Museum,Brontë Parsonage Museum,,,,,
b2364222-61ed-42dc-af43-76dcb7ef0b69,Johnson and Johnson,Johnson and Johnson,,,,,
d70d2747-2501-49d6-8151-4745d05623fa,Gay Men's Press,Gay Men's Press,,,,,
af6d853e-696c-4545-aea3-6f368f0b2280,University of the West Indies,University of the West Indies,,,,,
f7b23ab5-f4cf-4c84-9f88-320d138f15f6,University of Queensland Press,University of Queensland Press,,,,,
6b7c66ec-fcce-499f-af42-785e5efd1699,Bax and Company,Bax and Company,,,,,
7db40510-70a0-4284-845d-713b03b62dd3,Verbal Arts Centre,Verbal Arts Centre,,,,,
918fb5a7-8b5f-49a5-b4fa-6ff048992e48,Federal Council of Women's Suffrage Societies,Federal Council of Women's Suffrage Societies,,,,,
f81df9d1-d429-4cea-bd52-f93d7a565052,"Queen Margaret's College, University of Glasgow","Queen Margaret's College,, University of Glasgow",,,,,
89c0941b-2f84-4f15-86b0-1024b622d609,Interallied Commission,Interallied Commission,,,,,
8462f4f8-828b-43f0-862c-d20428faf427,Universities Central Council on Admissions,Universities Central Council on Admissions,,,,,
1a52d260-8484-439a-86f4-940eacd7f755,Ladybird,Ladybird,,,,,
42d8bd9b-4138-4882-b00f-da5094f1d1cb,Magdalena Project,Magdalena Project,,,,,
e0ce241c-6888-48db-a30f-8f1e039c91b9,Merrill Lynch,Merrill Lynch,,,,,
120abdba-89c5-4d2a-a5a8-182f02b10609,Juvenilia Press,Juvenilia Press,,http://www.wikidata.org/entity/Q6318982,,http://www.wikidata.org/entity/Q6318982,
4ed2c6f4-f7b6-4e82-a6d5-7d906596d911,Counterpoint,Counterpoint,,,,,
1cdbdb7d-45e7-4ea9-8fc1-f625c686c705,Police Complaints Authority,Police Complaints Authority,,,,,
f64a1eef-c426-435d-bb69-ee5b868f3952,Permanent Mandates Commission,Permanent Mandates Commission,,,,,
d8fd7370-34a0-4517-a42d-3f05d7428591,Robert Hale,Robert Hale,,,http://viaf.org/viaf/125513648,http://viaf.org/viaf/125513648,
f4965d0b-cf0d-4324-bc85-d7a597d3f05f,Battersea Home for Lost and Starving Dogs,Battersea Home for Lost and Starving Dogs,,,,,
80e8fadb-d65c-4482-ae96-6f81b6ca0123,Lancashire Fusiliers,Lancashire Fusiliers,,,,,
1776f32b-ecac-4b49-a366-2fa64b72b497,Society of Friends,Society of Friends,,http://www.wikidata.org/entity/Q170208,,http://www.wikidata.org/entity/Q170208,
582fc677-a5de-45fc-9f9b-ceecacaf93a5,Vassar College,Vassar College,,,http://viaf.org/viaf/130167798,http://viaf.org/viaf/130167798,
efc068a5-5087-445b-abe6-e08ee0f6386e,Annan Academy,Annan Academy,,,,,
e0601d84-4e6c-4201-8876-2e1f9222c266,Saltburn High School,Saltburn High School,,,,,
4ec53357-8e3c-4973-a142-1052978fadd5,Arizona Center for Medieval and Renaissance Studies,Arizona Center for Medieval and Renaissance Studies,,,http://viaf.org/viaf/133434477,http://viaf.org/viaf/133434477,
c88cb650-1dc9-45d1-bf40-c98fca3c6f78,Books and Company Bookshop,Books and Company Bookshop,,,,,
da9ceb93-3efd-4428-ac6c-8894c659492c,Thomas Newspaper,Thomas Newspaper,,,,,
11c3565c-a417-4f2e-9dc9-2dea681b6b14,National Joint Committee,National Joint Committee,,,,,
0d925c39-cb56-4658-b50e-7384f13aff0f,Henry S. King,Henry S. King,,,http://viaf.org/viaf/265628035,http://viaf.org/viaf/265628035,
b916d12a-e050-47c6-a615-9839e96bf689,Byways,Byways,,,,,
32cf674e-caec-40dc-ab9a-4dff7751dee5,Hawkshead Press,Hawkshead Press,,,,,
8b156838-9bff-402d-af2f-ca14b55d2eb2,A. W. Penrose and Company,A. W. Penrose and Company,,,,,
418caa0b-2036-4f84-aa5d-3812d69e2cfa,University of Florida,University of Florida,,,,,
de4f1059-af5a-483b-bb32-82e331fd5963,"Trinity Hall, Cambridge University","Trinity Hall,, Cambridge University",,,,,
90832512-edea-48bc-b39b-8e08040b786a,Vancouver Institute,Vancouver Institute,,,,,
6fe4f335-a4a3-40dd-9b76-b0d571f08e7c,Société des amis des noirs,Société des amis des noirs,,,,,
d68adcaa-8c10-41eb-9c5e-38853361f4ea,Duke of York's Theatre,Duke of York's Theatre,,http://www.wikidata.org/entity/Q2275938,http://viaf.org/viaf/122681813,http://viaf.org/viaf/122681813,http://www.wikidata.org/entity/Q2275938
994d17a1-05d7-4239-ba64-1ddf61784b73,Royal College of Physicians,Royal College of Physicians,,,http://viaf.org/viaf/127658675 | http://viaf.org/viaf/129849411 | http://viaf.org/viaf/168994392,http://viaf.org/viaf/127658675,http://viaf.org/viaf/129849411 | http://viaf.org/viaf/168994392
c233322c-eed5-4a00-9062-098b24d8bfac,Gramophone Company,Gramophone Company,,,,,
fb3004f6-152f-48ff-add2-f8b446438360,Routledge/Thoemmes,Routledge/Thoemmes,,http://www.wikidata.org/entity/Q1508259,http://viaf.org/viaf/146326081 | http://viaf.org/viaf/152835171,http://viaf.org/viaf/146326081,http://viaf.org/viaf/152835171 | http://www.wikidata.org/entity/Q1508259
c7999d67-3185-464b-b6d0-542a59e3c259,Continuum,Continuum,,,http://viaf.org/viaf/151371874,http://viaf.org/viaf/151371874,
f5201d5c-c094-4d6b-846a-8be0d75d7ed2,Nottingham University Library,Nottingham University Library,,,,,
d4a7f19c-2ef4-493e-8007-87559b81dcdf,Downey,Downey,,,,,
cc2fbd35-1ffd-4244-a2e3-7eb59b99de14,University of Marburg,University of Marburg,,,,,
8130e524-88ab-4048-b7f0-e7c86c1c544e,Greycoat School,Greycoat School,,,,,
02a4e30e-5d26-4840-8f06-994589050088,Young and Imray,Young and Imray,,,,,
88cfe3d7-fecd-4e2e-86e8-9c263dfab9a9,Concerts at the Front,Concerts at the Front,,,,,
d5c86811-9567-40eb-bca4-c600f5dabd31,News Corporation,News Corporation,,,,,
da683df6-6bb4-48e5-bc7d-e8e04c841216,Heron Press,Heron Press,,,,,
33784f49-b95a-4f82-b0d9-f6e5b40cb526,Belfast Central Library,Belfast Central Library,,,,,
60004d19-9048-4233-877c-54f4450c90e3,City of London Polytechnic,City of London Polytechnic,,,,,
3a4bdc1b-ad00-43d7-b59e-369b8906b35f,Shakespeare Head Press,Shakespeare Head Press,,,,,
cf8f20cd-41c5-41bd-b399-3860ae8d4ec1,Geological Society of London,Geological Society of London,,,,,
ecb9cf66-09cb-41da-b50b-d94592ea0848,European Union,European Union,,http://www.wikidata.org/entity/Q458,http://viaf.org/viaf/207634635,http://viaf.org/viaf/207634635,http://www.wikidata.org/entity/Q458
5955e712-22e5-4e88-a3c8-96eb6da3d5fe,Elkin Mathews and Marrot,Elkin Mathews and Marrot,,,http://viaf.org/viaf/57413861,http://viaf.org/viaf/57413861,
d0dacecb-3687-4cfd-9ba4-d696d26ed011,"Canadian Literature Centre, University of Alberta","Canadian Literature Centre,, University of Alberta",,,,,
9729e2fe-1ecf-4453-89bf-f3da310f70e4,New Adelphi Club,New Adelphi Club,,,,,
09d49cf6-3fc1-4e34-b9ba-9eceb0b53bc1,Liverpool Women's Citizen's Association,Liverpool Women's Citizen's Association,,,,,
4bd254b3-168f-42f1-8fe3-c51f93edaec1,Joseph Rowntree Charitable Trust,Joseph Rowntree Charitable Trust,,,,,
fe8c1ef0-aef2-423a-b7ff-cfb9141fce3c,Maxine Elliott's Theatre,Maxine Elliott's Theatre,,,,,
51c6909e-f0be-48c5-bab0-37b580a84de5,Queen Margaret's School,Queen Margaret's School,,,,,
acf28777-792e-471d-aa09-58993eb82e56,David Philip,David Philip,,,,,
810b2ec1-070c-4ce3-b3f2-6366eb3958ad,City and Suburban Electric Carriage Company,City and Suburban Electric Carriage Company,,,,,
618e9f49-0cb9-4220-b590-09f66c996482,Family Endowment Committee,Family Endowment Committee,,,,,
5dd7cc51-443b-44b2-acb2-31907e16546a,Verity Films,Verity Films,,,,,
f0891522-153c-4fca-8597-e437245f3916,Tabart and Co.,Tabart and Co.,,,http://viaf.org/viaf/143265655,http://viaf.org/viaf/143265655,
faac42d1-9900-4a42-9173-19ef5764777b,New College for Men and Women,New College for Men and Women,,,,,
d3a685a9-9f9d-419f-947f-53e956fb8fe5,American Mission for the Protection of Irish Immigrant Girls,American Mission for the Protection of Irish Immigrant Girls,,,,,
b3e9f505-9812-4788-b258-5bef4dfae81f,Female Medical Society,Female Medical Society,,,,,
840e41ff-4899-47c8-8bc6-89a0b6e4a1a8,Actresses' Franchise League,Actresses' Franchise League,,,http://viaf.org/viaf/147780238,http://viaf.org/viaf/147780238,
3d14da24-1414-4f9f-b321-cd032390dc8d,Home Rule for India League,Home Rule for India League,,,,,
a95cf2a5-7f4d-40d0-8600-5c637532b7d2,Foreign Legion,Foreign Legion,,,,,
ba369f54-cd87-4e25-bd75-14c98e3be507,Women's Co-Operative Printing Union,Women's Co-Operative Printing Union,,,,,
46000983-5eb8-4a05-8ed3-c966c20058a3,E. Stevenson and J. E. Evans,E. Stevenson and J. E. Evans,,,,,
4a3e37c7-71c7-490e-b682-3fee70f4331f,Leipzig Conservatorium,Leipzig Conservatorium,,,,,
5205cd55-351f-4baa-a61f-c0a06ba3cd88,Dallington War Nursery,Dallington War Nursery,,,,,
69065a7a-0d43-4789-a8ff-bd8b026fbe0f,Irish Parliamentary Party,Irish Parliamentary Party,,,,,
6ccf54ec-cd6e-4bda-a6c7-ec3b25af7477,Mythopoeic Society,Mythopoeic Society,,,,,
ff2ebd45-1a27-4f68-a007-0e68ecf68c82,London Obstetrical Society,London Obstetrical Society,,,,,
16fe9124-b9ff-43f9-b4a3-346750b860c6,Royal Free Hospital,Royal Free Hospital,,,http://viaf.org/viaf/153330373,http://viaf.org/viaf/153330373,
ae955bdb-1b12-4f99-b31b-e204bba15c09,University of California at Davis,University of California at Davis,,,,,
11590f0f-15a8-4ebf-9f8e-2a92f06fd353,Jawaharlal Nehru University,Jawaharlal Nehru University,,,,,
4b312b5e-6eb0-4dbd-9cb8-ba4af08545c7,Council of Tours,Council of Tours,,,,,
b83aaa15-9065-4a5e-a9d7-30830f260700,Wages for Housework,Wages for Housework,,,,,
62167b47-28a7-4abc-9344-7ee5ea708784,St John Ambulance,St John Ambulance,,,http://viaf.org/viaf/267104542,http://viaf.org/viaf/267104542,
52b0a81b-bb63-43c5-a888-0305f3659a65,Barbados Defense League,Barbados Defense League,,,,,
6382a19c-8655-48af-9e56-c7683ce16586,B. and R. Crosby,B. and R. Crosby,,,http://viaf.org/viaf/6175149489110094184448,http://viaf.org/viaf/6175149489110094184448,
033ec774-3691-43ea-b225-fd21c384249a,University of Georgia Libraries,University of Georgia Libraries,,,,,
3161cf33-a211-4c19-ac09-5e239ea0cfdc,Typographical Association of New South Wales,Typographical Association of New South Wales,,,,,
3fc9fdcb-1755-4156-a0f8-de5296c14e44,Royal Naval Reserve,Royal Naval Reserve,,,,,
c6cc19b5-2eef-4491-a802-83ca9c4bbc6e,Anatomical Society of Great Britain,Anatomical Society of Great Britain,,,,,
201d7750-1fdf-45ee-84d6-2cc9766f0496,Surrealist Group,Surrealist Group,,,,,
a91289cc-98fa-4f59-ac64-e6e00583fb10,Royal College of Music,Royal College of Music,,,http://viaf.org/viaf/127957981,http://viaf.org/viaf/127957981,
bb9c508e-b2fe-43c3-8624-791c1ed685d9,Women's Peace Camp,Women's Peace Camp,,,,,
3a481481-69b5-466c-adb0-b113b7428c3b,"Mansfield College, Oxford University","Mansfield College,, Oxford University",,,,,
900bbb0d-89b9-40b9-b9ca-3736df5f1af3,Slovak Judenrat,Slovak Judenrat,,,,,
19674026-14d1-4bd4-ab86-a2341de937ec,Royal Academy,Royal Academy,,http://www.wikidata.org/entity/Q270920,http://viaf.org/viaf/153543255,http://viaf.org/viaf/153543255,http://www.wikidata.org/entity/Q270920
75f21b8a-3ab2-4c6d-a205-95d98bc31119,Oldham's Companion Book Club,Oldham's Companion Book Club,,,,,
8fd85656-dd6e-442d-ae0f-7700130ae7f2,League for the Abolition of Capital Punishment,League for the Abolition of Capital Punishment,,,,,
dc6a4f0a-0508-47b4-a7d5-baa83c840691,Netley Abbey,Netley Abbey,,,,,
9be8eda4-9a1a-48c9-be27-27cbef0e44bf,St Mary Magdalene Penitentiary,St Mary Magdalene Penitentiary,,,,,
3a3a55e5-8890-4f63-9d63-76cb5b48276c,PEN,PEN,,http://www.wikidata.org/entity/Q206811,http://viaf.org/viaf/167140998,http://viaf.org/viaf/167140998,http://www.wikidata.org/entity/Q206811
b618db08-3d4f-4496-b897-e7a326274158,Focke-Achgelis,Focke-Achgelis,,,,,
b4475d1d-ae8d-4349-94e8-cc3c29ee9d80,Campbell College,Campbell College,,,,,
614fc243-b6d6-4ddb-8df9-bbbfd3a916e5,Abbey Theatre,Abbey Theatre,,http://www.wikidata.org/entity/Q306434,http://viaf.org/viaf/127456253,http://viaf.org/viaf/127456253,http://www.wikidata.org/entity/Q306434
86b56513-aa88-4194-8a6c-172dd8ff756a,National and Metropolitan Nursing Association,National and Metropolitan Nursing Association,,,,,
701c9c2b-2b88-4ca5-bedc-f2540ee58dd9,National Society of Craftsmen,National Society of Craftsmen,,,,,
349f2beb-6e26-4b14-855b-7b25e8f80cf8,Hospital for Consumption at Brompton,Hospital for Consumption at Brompton,,,,,
f7b02e09-c9a1-49e8-bf01-4739f82be139,"Gaiety Theatre, Dublin","Gaiety Theatre,, Dublin",,,,,
8474bfa9-3c31-4c22-89ff-4e56ff048ccf,Institute of Commonwealth Studies,Institute of Commonwealth Studies,,,,,
439ad727-5954-4042-9d39-18e03d24b4de,Abortion Law Reform Association,Abortion Law Reform Association,,,,,
1e2fdffd-6de2-4490-be4d-ddc744895d9b,Copyright Licensing Agency,Copyright Licensing Agency,,,,,
925a7e85-736b-4ace-8333-ddc42c2184a7,Boston University,Boston University,,http://www.wikidata.org/entity/Q49110,http://viaf.org/viaf/140052600,http://viaf.org/viaf/140052600,http://www.wikidata.org/entity/Q49110
f4d8bf48-b91b-4fc0-83fb-2cafbd87eb11,Payne and Bouquet,Payne and Bouquet,,,,,
495a32eb-e5d7-46c4-a6b8-c9d89fad3c09,Home Government Association,Home Government Association,,,,,
24426add-0366-4ee4-b241-d01247021cf0,Zenana Missionary Society,Zenana Missionary Society,,,,,
4cce3a5a-c81a-466d-93cc-c29733e4e790,St Hilda Community,St Hilda Community,,,,,
9ed57475-2e9a-4ed6-9016-72124f5906b8,J. Wright and H. D. Symonds,J. Wright and H. D. Symonds,,,,,
70c33ea3-2e02-4051-aaff-7bfc3d6e8ace,Church of England Temperance Society,Church of England Temperance Society,,,,,
61008acf-1f78-4e01-a0ae-ff7b36b26af5,Walker and Company,Walker and Company,,,,,
18b4f150-650e-4fbf-9484-8eb8dc6b0790,University of Hertfordshire,University of Hertfordshire,,,,,
753a9be3-70f5-402f-b631-c65e71f74121,James Gillespie's School,James Gillespie's School,,,,,
c5f8a8dd-6f97-4ed3-bd92-7ee26855cab0,Carl Hahn,Carl Hahn,,,,,
9dab4201-070c-4086-b88a-9b7d565dcfd6,Radio City Music Hall,Radio City Music Hall,,,,,
02a68a73-983b-4d8e-824e-f18251b2cdc1,Clock House Press,Clock House Press,,,,,
7fdbeec1-059d-48e2-a443-d51a1e0e8da8,Renaissance One,Renaissance One,,,,,
e933bb7d-0166-47af-98e8-4e206c04578a,Order of Holy Charity,Order of Holy Charity,,,,,
639f292e-624a-4393-8df3-99420dbe1e7f,United Nations,United Nations,,http://www.wikidata.org/entity/Q1065,http://viaf.org/viaf/144904638,http://viaf.org/viaf/144904638,http://www.wikidata.org/entity/Q1065
12d48579-50ec-4e82-9cc2-0ed2a716246b,"Center for the Humanities, Wesleyan University","Center for the Humanities,, Wesleyan University",,,,,
6b6d42fa-27cb-4fe0-ad39-c20601827cff,Luddites,Luddites,,,,,
ae445ba5-f0b7-4cda-92d2-85fe20e23113,Pythia,Pythia,,,,,
bdfc0a03-da53-41c4-90ba-aafc560ca4ee,Edwin Arnold,Edwin Arnold,,,,,
4c609a3f-d170-452f-8a90-90fccb6f7892,Mercure de France,Mercure de France,,,http://viaf.org/viaf/142793240 | http://viaf.org/viaf/295828112,http://viaf.org/viaf/142793240,http://viaf.org/viaf/295828112
d6642ef9-8205-4754-b19e-21a58e33969f,West Suffolk County School,West Suffolk County School,,,,,
40a0888f-90fa-4e1c-b148-7a06268cb3c6,Froebel Society,Froebel Society,,,,,
4823e6de-6fcf-40d6-8d1b-a21fa645e861,Cambrian,Cambrian,,,,,
06f723e3-a06e-4e68-beab-72b8821d5abe,Women's Education Union,Women's Education Union,,,,,
f9eb7d90-de86-4ee8-ade7-b23aafa121e8,Evans and Hatchard,Evans and Hatchard,,,,,
c5b4cd46-20f3-4391-8ee6-c6128a18ac09,Li-Yuan-Chia Press,Li-Yuan-Chia Press,,,,,
f01f6be3-65d0-4702-b11b-1f6ea1e3f656,Harper and Row,Harper and Row,,,http://viaf.org/viaf/129138489,http://viaf.org/viaf/129138489,
a31a21b3-5e46-4686-8ef5-8c19a212ef6b,Curtis Brown Ltd,Curtis Brown Ltd,,,http://viaf.org/viaf/131232027,http://viaf.org/viaf/131232027,
30c65dfe-331f-4b7b-8570-7e40c460863a,Australian Gas and Light Company,Australian Gas and Light Company,,,,,
ec850cb7-763c-484b-bd1e-175ed5524b21,Gaelic Athletic Association,Gaelic Athletic Association,,,,,
94317c3c-418c-44d4-a6e0-708e52e9d8e7,Church of St Nicholas,Church of St Nicholas,,,,,
360eed9e-bd4a-45d7-937d-7f29a3ff30ee,West Indian Royal Commission,West Indian Royal Commission,,,,,
06e766ac-f30c-4053-9eae-8f1abd78e563,Books on Tape,Books on Tape,,,,,
91f81e9b-fb59-4e65-ac56-d64b9f271d3b,Lunacy Law Reform Association,Lunacy Law Reform Association,,,,,
ecbc38b3-a969-4204-a201-dc42d29eb28e,"Everyman Theatre, Cheltenham","Everyman Theatre,, Cheltenham",,,,,
a6d74408-c9f2-4320-8497-d078d93ca507,Book-of-the-Month Club,Book-of-the-Month Club,,,http://viaf.org/viaf/132598879,http://viaf.org/viaf/132598879,
f3381b09-eb33-431c-8b65-04ce4591ee1f,Irish Catholic Women's Suffrage Association,Irish Catholic Women's Suffrage Association,,,,,
a63c632a-21f7-4fe5-a565-756e930ce997,Tragara Press,Tragara Press,,,,,
5bfe244b-f36c-4b6c-92a3-8782b2a9b92e,Herbert and Daniel,Herbert and Daniel,,,,,
65f291c1-fe79-46d1-b2a3-a4a13aa5e1ec,Joint Broadcasting Committee,Joint Broadcasting Committee,,,,,
17001272-bf00-4f67-9d7e-17b39bd758d5,Auschwitz,Auschwitz,,http://www.wikidata.org/entity/Q7341,http://viaf.org/viaf/168340274,http://viaf.org/viaf/168340274,http://www.wikidata.org/entity/Q7341
41bde8fc-b896-4937-8caf-fce3788f8ab3,National Radical Association of Scotland,National Radical Association of Scotland,,,,,
5f135e69-d043-4cdb-a4b9-6ec69b785799,Golden Books,Golden Books,,,,,
e7a3c569-4b10-4928-99c6-8386849ae360,Social Questions and Opium Traffic Section,Social Questions and Opium Traffic Section,,,,,
bdc7c854-4257-4990-945a-f09a707c3450,London Municipal Society and Ratepayers' Union,London Municipal Society and Ratepayers' Union,,,,,
4caaedc1-6e6a-4297-9e98-06bd9fd8dc47,London School of Fashion,London School of Fashion,,,,,
2b68e79e-a03e-40a4-8f53-c64384e43c81,Clarion Society,Clarion Society,,,,,
f65a84fd-f494-451d-bafb-3634e03f2048,University of Alabama Press,University of Alabama Press,,,,,
c252bfbe-d403-4f92-8ef4-72c89025dc89,Child Welfare Committee of the League of Nations,Child Welfare Committee of the League of Nations,,,,,
0cdb9a6e-ebd2-4fc3-9ba3-26cb8b5e4990,Limerick Cathedral,Limerick Cathedral,,,,,
5a76b875-7bec-40e2-9a8c-391fc6b84928,Tougaloo College,Tougaloo College,,,,,
6ff453fc-84e7-4f2b-8a17-f44b1ba6415a,Writers' Conference of Allied Nations,Writers' Conference of Allied Nations,,,,,
51682ce2-763e-4c51-b10e-702342994df2,Marylebone Gardens,Marylebone Gardens,,,,,
281a8399-76c1-4ba5-a74a-55a736eea8e2,Hackney Public Library,Hackney Public Library,,,,,
6af743d2-8e52-4285-9d18-4335d8c82aaf,T. C. and E. C. Jack,T. C. and E. C. Jack,,,,,
6200c1d2-d383-41b1-a13b-474af3d0de7d,Shakespeare Memorial National Theatre Committee,Shakespeare Memorial National Theatre Committee,,,,,
2f192f47-1ff2-4e77-a903-9b7ea9c62fb0,Ethel Barrymore Theatre,Ethel Barrymore Theatre,,,,,
23684de8-2089-4c82-9d2d-ea9eeaa318f2,Supreme Allied Council,Supreme Allied Council,,,,,
245e2846-fad0-451a-9bba-6cecdb765d1e,University of Iowa,University of Iowa,,,http://viaf.org/viaf/124858853 | http://viaf.org/viaf/130411905 | http://viaf.org/viaf/142738025,http://viaf.org/viaf/124858853,http://viaf.org/viaf/130411905 | http://viaf.org/viaf/142738025
65bfa373-bad7-4791-9a32-87a699388aa0,Rolandi,Rolandi,,,,,
4632502f-5ca1-47a8-983f-650275e759d1,National School,National School,,,,,
84e10fb1-07f4-4cb2-a9fd-92476f19738c,Friendster,Friendster,,,,,
fd33e2d1-a688-4b6b-8558-f6e4d547a5e3,NASA,NASA,,,,,
4b98a713-b22a-4969-8d3c-b892ea65790d,Academy of American Poets,Academy of American Poets,,,,,
6200472d-6002-49b3-a016-aaa0516ccd7e,Clouds,Clouds,,,,,
1e93d053-a72b-417e-bbaf-62d33d6e5e43,Meteorological Office,Meteorological Office,,,,,
17fa0107-43c4-4242-a8ae-4ec3c75b6257,Berkhamsted School,Berkhamsted School,,,,,
e640a305-2d9d-47f4-9fb3-ab0bce6e748d,King's College Hospital,King's College Hospital,,,http://viaf.org/viaf/127299303,http://viaf.org/viaf/127299303,
e0386cc5-20f5-4d34-a0d1-1ee7b697df4c,Pony Club,Pony Club,,,,,
a2847705-bc40-4fd6-aabc-bc6210d86eb0,Glasgow Assembly,Glasgow Assembly,,,,,
d91a7d06-d56f-4e8d-895c-37ae025dcd33,British Printing Corporation Publications,British Printing Corporation Publications,,,,,
df3c72d2-df45-4b45-bf7c-440bb6b7274e,Royal Academy of Dramatic Art,Royal Academy of Dramatic Art,,,http://viaf.org/viaf/242287019,http://viaf.org/viaf/242287019,
1910737b-35c0-4486-bb27-e6a0948dffcf,"Theatre Royal, Bury St Edmunds","Theatre Royal,, Bury St Edmunds",,,,,
b07fb274-d35b-49ec-b79c-ade8a6545ab1,Roman Catholic Church,Roman Catholic Church,,http://www.wikidata.org/entity/Q9592,http://viaf.org/viaf/130782063,http://viaf.org/viaf/130782063,http://www.wikidata.org/entity/Q9592
69db03f8-3fb6-4172-ad82-0e5f32ea2db6,European Writers' Congress,European Writers' Congress,,,,,
e3967679-059e-441d-902c-424e3628ba95,Charles Colburn,Charles Colburn,,,,,
1791fd50-6633-41d9-9c68-1b098de9937f,Bedford Office,Bedford Office,,,,,
bdd084e9-f04a-4254-adaf-a1e8f2ca3a66,St Pancras Register Office,St Pancras Register Office,,,,,
053bbd8e-cc6d-43c8-8060-be6e90710935,Pony Express,Pony Express,,,,,
335cfbc8-d367-440d-acf7-2fc8fdc994e6,Protestant Cemetery,Protestant Cemetery,,http://www.wikidata.org/entity/Q1092134,http://viaf.org/viaf/124355030,http://viaf.org/viaf/124355030,http://www.wikidata.org/entity/Q1092134
f22f6405-b286-4887-8ad8-9f40584a8bba,Humane Society,Humane Society,,,,,
8a247124-b94f-44ac-835a-2ad2b4a5f149,Yaddo,Yaddo,,,,,
391c7633-fd01-41c5-a059-6b15d26c6a81,CIA,CIA,,,,,
7ccfa1a2-6f39-4cc1-83b7-fb0191e2bc6c,Committee of Examinations,Committee of Examinations,,,,,
a6d2c91c-f4fe-4389-be3f-ae5db03fef1e,B. W. Huebsch,B. W. Huebsch,,,,,
022cd489-a0e8-4dbb-a9d6-09b20984df52,University of Ghana,University of Ghana,,,,,
03e5e843-52ad-4d94-b033-8f5265459ebf,Independent Labour Party Summer School,Independent Labour Party Summer School,,,,,
848d88c4-0b07-46c3-9067-2e26d4c9e11f,Women's National Co-ordinating Committee,Women's National Co-ordinating Committee,,,,,
479e76e3-a579-4ca1-8e2c-d53658f27870,IRA,IRA,,,,,
f48c7bab-fb26-4c67-8e4c-255e0d2745fc,National Art Library,National Art Library,,,,,
1bfe67b5-da69-40f4-9aa6-43697e8f4eff,BlackAmber,BlackAmber,,,,,
55c0893b-3de5-4f1e-9b76-175fbe4d3f7c,SAS,SAS,,,,,
9177707f-716a-48bd-a073-578c92c840db,St Peter's Church,St Peter's Church,,,,,
2d985965-a1c5-4f0d-858b-7f1b12abb5e0,World Anti-Slavery Convention,World Anti-Slavery Convention,,,,,
eab2d5ec-97eb-4e5a-bd99-ea9ab4d0a112,Women's Liberation Street Theatre Group,Women's Liberation Street Theatre Group,,,,,
2612b3c7-5d5d-452e-a477-a72fc1e985cd,St Monica's Convent,St Monica's Convent,,http://www.wikidata.org/entity/Q26424829,http://viaf.org/viaf/126919290,http://viaf.org/viaf/126919290,http://www.wikidata.org/entity/Q26424829
f5e3b696-ab37-48f8-956c-c3f08ce9666e,Brighton Railway,Brighton Railway,,,,,
d93822d6-54e8-45ea-a291-45fc0194f07e,Onlywomen Press,Onlywomen Press,,,http://viaf.org/viaf/153638936,http://viaf.org/viaf/153638936,
a2c62c54-209b-4b6b-97e0-cc9e143a0f4b,R. Dutton,R. Dutton,,,,,
fcc09c5a-b4ce-49d2-aec9-280a865dd5cf,"Academy of Arts, Sciences, and Letters, Rouen","Academy of Arts,, Sciences,, and Letters,, Rouen",,,,,
62f50e10-05d3-4169-8a83-4a887199f930,Workmen's Circle,Workmen's Circle,,,,,
c4385baf-0438-4f6a-b5c8-e3d408ed646c,Girondins,Girondins,,,,,
0ebc1899-75e6-439e-bbb0-636ea50d2166,Anti-Slavery Committee,Anti-Slavery Committee,,,,,
9eb2f472-cbf8-45d3-b793-1fefe8e589fe,All-Party Committee for Spanish Relief,All-Party Committee for Spanish Relief,,,,,
2395c999-91dc-46fb-8e70-69ac5531f3dc,Matrons' Council of Great Britain and Ireland,Matrons' Council of Great Britain and Ireland,,,,,
05af6a60-df6b-4186-b2ea-98248dfe6d8c,A. M. Heath,A. M. Heath,,,,,
12c32499-6f27-406e-b550-eb28359192a3,Manchester Grammar School,Manchester Grammar School,,,,,
d9aa2dde-3ffa-4367-94ce-5df2560559c0,Typhoo Tea,Typhoo Tea,,,,,
0361cf5c-454d-432c-bed4-762a710d7b56,Arc,Arc,,,http://viaf.org/viaf/62146095286600368128,http://viaf.org/viaf/62146095286600368128,
9f0d0e43-7546-4be5-8ca2-62f4b67652ab,Commercial Libraries' Association,Commercial Libraries' Association,,,,,
ecb44403-e6d7-48a7-9740-885dd8a8333d,War Refugees Committee,War Refugees Committee,,,,,
996feba8-96f4-4624-8e68-9efca4e528ad,Evelyn Underhill Association,Evelyn Underhill Association,,,,,
f54f7f97-0090-4bf6-b7c8-1eff78088ff3,Congress Party,Congress Party,,,,,
37d194be-b95a-417d-ba83-844d3ecb0e7e,Ollendorff,Ollendorff,,,,,
944a36b5-a8b3-4b1b-adff-7fdafccd094f,"Everyman Theatre, York","Everyman Theatre,, York",,,,,
da593214-f07c-44cb-a6a3-b028ee0fa352,"Opera House, Haymarket","Opera House,, Haymarket",,,,,
0fc08cd4-93b4-47c5-a5e9-446f2c360b5b,Ladies' London Emancipation Society,Ladies' London Emancipation Society,,,,,
0a0f48c0-6025-464d-9a9f-cceccdaf3364,Hodder and Stoughton,Hodder and Stoughton,,http://www.wikidata.org/entity/Q14175176,http://viaf.org/viaf/136167633,http://viaf.org/viaf/136167633,http://www.wikidata.org/entity/Q14175176
c8d786e2-256c-48f8-816c-d9251f2512b5,Church Assembly,Church Assembly,,,,,
d164bfb9-31c8-4f3c-a4c9-a92ff259309b,"Arnold House School, Wales","Arnold House School,, Wales",,,,,
27ea8505-da21-426b-bb17-c6b5460cda52,James Clarke,James Clarke,,,,,
41e0230f-92fe-4724-a17c-7b4854b90ef4,Ministry of Health,Ministry of Health,,,,,
b93f7033-7aa1-4368-981f-1c7c8437c6f4,Axminster Dramatic Society,Axminster Dramatic Society,,,,,
91fe53e3-febd-4e36-903b-8cb41ef9ba3e,"Seymour Lawrence, Inc.","Seymour Lawrence, Inc.",,,,,
4b295af6-3e3e-4f53-be3f-d91385ece9a0,Revolutionary Republican Women,Revolutionary Republican Women,,,,,
edec2f02-29b3-46ff-a1d3-fe68c6f6bebe,Berkshire County Library,Berkshire County Library,,,,,
114678ab-ef5a-4bcb-b32a-a31110eb6877,Bogle L'Ouverture,Bogle L'Ouverture,,,,,
5887d99b-b968-47b2-9d5c-c6e9477d2299,Femina Vie Heureuse Prize,Femina Vie Heureuse Prize,,,,,
9d96025a-0d30-4829-bdbb-1b841bf01b2c,Glyndebourne Festival of Opera,Glyndebourne Festival of Opera,,,,,
ee9b15b5-6273-4a9a-bf7e-bff8547ae127,Foreshore Road Infant Centre,Foreshore Road Infant Centre,,,,,
edf91ece-80be-459f-9c21-af2ddcb80cc8,Atlantic Monthly Press,Atlantic Monthly Press,,,,,
b1c246be-c0c5-4cfd-837a-8a47854914ee,Humberside Theatre,Humberside Theatre,,,,,
ea29ec16-1a4f-4e38-8a53-9039c24857eb,Coefficient Club,Coefficient Club,,,,,
fb0cc2a5-46ff-403b-b0eb-97481d831397,Pelham School of Art,Pelham School of Art,,,,,
12e85399-a276-42b0-b5c7-13795cb56f6f,Eurovision,Eurovision,,,,,
bed880c4-2b10-44e5-ba78-3a8a16bb9700,London Symphony,London Symphony,,,,,
4f8a7d13-7dd0-4896-b45e-ebd13ad312b1,Carbonari,Carbonari,,,,,
b594b3b9-a1db-4ae6-859f-86480267a8fb,Women Writers Online,Women Writers Online,,http://www.wikidata.org/entity/Q8031351,,http://www.wikidata.org/entity/Q8031351,
f721f9db-d415-4891-bb64-e31cfe48419d,Southern Christian Leadership Conference,Southern Christian Leadership Conference,,,,,
2a12a1fa-0f7a-4c17-996d-bd650bf3671f,Women's Hospital Corps,Women's Hospital Corps,,,,,
ed17dbfe-3a77-4271-82db-f57632ee242d,Market Bosworth Grammar School,Market Bosworth Grammar School,,,,,
0a4f6cc1-78f9-4106-8a1f-842b238a6a68,Inland Revenue,Inland Revenue,,,http://viaf.org/viaf/145387668,http://viaf.org/viaf/145387668,
4f8220ca-bcca-4c3d-b5af-bb5da663dcf5,Edward Arnold,Edward Arnold,,,http://viaf.org/viaf/173549121,http://viaf.org/viaf/173549121,
7bcd3892-db24-4b03-8d95-bb8f6f9d23f3,Charlotte Mason College,Charlotte Mason College,,,,,
743a8516-e1e2-440d-9d1c-3aa6c04b1440,Royal Horse Artillery,Royal Horse Artillery,,,,,
ccc57f52-aa6e-4d41-8b88-c0eed9c1b320,John Clare Society,John Clare Society,,,,,
835be580-54a7-4bee-a3f3-5af3f2009b42,H. Pontifex and Co.,H. Pontifex and Co.,,,,,
d21d93e0-f632-425f-be41-eb3359bc3606,Macmillan and Bowes,Macmillan and Bowes,,,,,
df4539d8-a66c-4eab-b2d0-97282a4fd093,Appleton,Appleton,,,http://viaf.org/viaf/129012558,http://viaf.org/viaf/129012558,
7b7f8352-aab0-4cac-86e6-eba55acece79,Skelton's Press,Skelton's Press,,,,,
6c5cf1cf-311e-4f73-b42f-3b241fba085e,Little Gallery,Little Gallery,,,,,
7a2dcf09-c1a1-4e0e-8a18-ff9fa7c0a1cb,Second Vatican Council,Second Vatican Council,,,,,
fc44877e-83ce-4fdf-88ff-195d4660e654,British Ladies' Lying-In Institution,British Ladies' Lying-In Institution,,,,,
8c4a1f8c-b759-4b14-9127-6afc0dffec4a,Holy Roman Empire,Holy Roman Empire,,,,,
03bf342d-34d6-476a-aa69-065acd22a5b8,Kingston Hospital,Kingston Hospital,,,,,
6123ec7f-8858-4e60-a262-45751f4b5b05,Dean and Son,Dean and Son,,,,,
4c732627-467d-4875-b90e-b2be4c555cf0,New Watercolour Society,New Watercolour Society,,,,,
5aa68c40-f535-46c8-9c94-323e284aa25b,Wood's Promenade Concerts,Wood's Promenade Concerts,,,,,
96b519b5-7b9b-443f-94e6-4daddbf2fa45,Commission for Protection of Women and Children in the Near East,Commission for Protection of Women and Children in the Near East,,,,,
d88d57cc-481e-4c40-b60f-348ee0d20f47,Frome Museum,Frome Museum,,,,,
f4649f4f-6fbe-4595-a147-e8233ae08c38,"National University of Ireland, Maynooth","National University of Ireland,, Maynooth",,,,,
98b39e62-d685-4095-98c1-2499bfa2fe1c,British Restaurants,British Restaurants,,,,,
a5730f2d-06f3-4cef-bb2c-32a10c19dc7c,Leicester City Council,Leicester City Council,,,,,
a21ae009-7ccf-41c4-abbd-3488439776db,Shaw Theatre,Shaw Theatre,,,,,
85d26d5f-faac-4692-9f2b-b3b9dc626d68,Kent State University,Kent State University,,,,,
989ee055-5959-4eda-80d8-c6c531036994,Book League,Book League,,,,,
13daa5d2-b37b-4448-8ce9-d348b55dc80e,Missionary Society,Missionary Society,,,,,
2ae34182-9e6c-4aeb-9e70-2b3e3ba512fd,Society of All Saints Sisters of the Poor,Society of All Saints Sisters of the Poor,,,,,
fc2c8bc4-e376-41d1-8574-90b2d52330ae,Department for Propaganda in Enemy Countries,Department for Propaganda in Enemy Countries,,,,,
7c5059da-23ff-4552-ba65-68200010715f,Board of Communications and Cultural Studies,Board of Communications and Cultural Studies,,,,,
de5c61e9-55c8-4a80-a248-e72f571b3ebf,New Harmony,New Harmony,,,,,
1dfea05c-06f9-40a1-86a1-f681072efc9f,St Ultan's Infant Hospital,St Ultan's Infant Hospital,,,,,
d78b36c6-6fca-402c-872b-e8a8a5206980,Territorial Force Nursing Service,Territorial Force Nursing Service,,,,,
6367d15d-d3c5-4adf-a270-4f4a5546aff2,First Aid Nursing Yeomanry Corps,First Aid Nursing Yeomanry Corps,,,,,
5fa02fc4-2c15-47c9-805a-9c68c23e8d8c,Indian Female Normal School and Instruction Society,Indian Female Normal School and Instruction Society,,,,,
50fa6887-a3a0-4985-b43e-d95481e82b69,United States District Court,United States District Court,,,,,
3766dcec-cf3b-40a0-ab5d-b9116b50eafa,Great Western Railway,Great Western Railway,,,,,
b4d77adb-1bbc-4fde-90c3-827236c5d66f,Minerva (imprint of Octopus),Minerva (imprint of Octopus),,,,,
b743843c-6b80-4995-9aba-3d6fba3df0ae,Garlands Asylum,Garlands Asylum,,,,,
d14815ab-4f26-416c-a081-e8b7d436e804,Edge Hill University,Edge Hill University,,,,,
ad8a54dd-7976-4fed-be7a-119f173c075b,Tank Corps,Tank Corps,,,,,
eb3cb113-58d7-4ee8-940d-51cafd4e237f,Mawman,Mawman,,,,,
9d152184-322d-4774-96ae-1c101a00e257,Philip Mould,Philip Mould,,,,,
fad7d963-acb5-48fe-b9b7-9fec1946bbd7,Cardiff Mental Hospital,Cardiff Mental Hospital,,,,,
22b484e9-7e1d-4487-897b-062c2e693be2,P. E. N. Books,P. E. N. Books,,,,,
80cbab61-1c61-430a-b27f-2426006a854b,London Female Preventive and Reformation Institute,London Female Preventive and Reformation Institute,,,,,
f0e1340f-2907-4dad-89e6-5c6e2f6da6e0,PolyGram,PolyGram,,,,,
97bb3401-06cd-45a6-8ee1-eb2a6846e282,American Poetry Foundation,American Poetry Foundation,,,,,
1f58468e-a07a-4268-b052-95e845bee1dd,Children's High Level Group,Children's High Level Group,,,,,
b37161cf-6464-47cf-881b-ffd338359c71,Society for Promoting Christian Knowledge,Society for Promoting Christian Knowledge,,http://www.wikidata.org/entity/Q1549024,http://viaf.org/viaf/7781163274283012587520,http://viaf.org/viaf/7781163274283012587520,http://www.wikidata.org/entity/Q1549024
7b9660e5-a889-40f6-9d4f-8f9444295a6d,Lyme Regis Amateur Dramatic Society,Lyme Regis Amateur Dramatic Society,,,,,
8979ae3e-481d-479c-977c-4370092c976e,National Providence League,National Providence League,,,,,
bf3b3f0d-f7fa-4b37-b7c5-d95424642407,Wycombe House School,Wycombe House School,,,,,
5bbcdbf2-99cb-47e3-b8c6-4eb10eb692bb,The Seventies,The Seventies,,,,,
56000042-65f6-4de2-b96e-f7bb32c34ab9,Proclamation Society,Proclamation Society,,,,,
bf32eda2-5504-4c1c-a1b2-848861baab2d,University of Delhi,University of Delhi,,,,,
8d88f144-fd81-415e-916a-b0284dee0649,Shakespeare Institute,Shakespeare Institute,,,,,
12819a50-4f0e-418d-af82-3e9ef977e0ac,The Gurdjieff Society,The Gurdjieff Society,,,,,
0074b94f-3a02-4202-ad57-3cc8004ccbdd,Lambert and Son,Lambert and Son,,,,,
cf59c946-9105-415f-93b5-86c940c4a42f,Carnahan Press,Carnahan Press,,,,,
75228c53-5031-4990-bbd9-67905a3293c2,San Jose State University,San Jose State University,,,,,
2b9d9a8c-dce7-4046-ad30-9c29b12a73c1,Dorset Yeomanry,Dorset Yeomanry,,,,,
45f1be6e-868a-4a89-9805-c630b3ea856b,Wicks foundry,Wicks foundry,,,,,
aa379023-eff4-4736-9b14-be2a44a7be29,Popular Culture Association,Popular Culture Association,,,,,
6fdee8a3-3c6d-4331-81ff-e0e16005a16a,Universalist Publishing House,Universalist Publishing House,,,,,
0e8a7e17-01cd-43d5-ba71-2913ddb0f08a,All-India Muslim League,All-India Muslim League,,,,,
a17dd8dd-a885-48d3-aaf0-84239aadd33a,Poets Theatre Guild,Poets Theatre Guild,,,,,
70051730-6b38-41db-884f-730c68746d30,Ladies Obstetrical College,Ladies Obstetrical College,,,,,
4239d35e-7b90-4a70-bbc9-38a5541b9de9,"Magdalen College, Oxford University","Magdalen College,, Oxford University",,,,,
8b1c4899-eda4-44e4-990d-4ec90db72389,Travellers' Aid Society,Travellers' Aid Society,,,,,
61217fe3-57ba-4781-b579-fd0c4fbdb8ac,Workers' Union,Workers' Union,,,,,
c93ffe55-9200-483a-ae03-35b669cfb774,Irish Women Workers Union,Irish Women Workers Union,,,,,
1a31e082-537d-463e-bf37-09ea522c16a1,George Bell and Sons,George Bell and Sons,,,http://viaf.org/viaf/135166554,http://viaf.org/viaf/135166554,
eb7195df-52e1-412a-a17a-34bfec372b25,Institute of Cancer Research,Institute of Cancer Research,,,,,
03b0230f-23e1-4681-930b-a906f5306742,Williams College,Williams College,,,,,
12ef820d-c3a3-4110-b87c-5e8a9d5800a7,Aged Governesses' Asylum,Aged Governesses' Asylum,,,,,
5f430148-592a-471a-a689-105a94c9d7f2,Great Ape Project,Great Ape Project,,,,,
8bcf53f7-01dc-4938-9967-514d7a726368,Leicester Ladies Anti-Slavery Society,Leicester Ladies Anti-Slavery Society,,,,,
9cb192f5-adcb-483d-a343-ae671f7bc263,"PEN International, Johannesburg","PEN International,, Johannesburg",,,,,
8bcd0f8c-c397-4a15-98ce-f825ae6ed978,Urania Cottage,Urania Cottage,,,,,
674ecc9b-212f-4c9d-96ad-de27d13a0ed4,Royal Society of Edinburgh,Royal Society of Edinburgh,,,,,
39167b8c-e17e-4302-a009-eee2db667eec,Russian Red Cross,Russian Red Cross,,,,,
d22048ed-1367-40c4-a22f-36542ee408be,Walturdaw,Walturdaw,,,,,
455e7ee7-e68f-437a-8dfa-e8e720a2e434,New York Historical Society,New York Historical Society,,,http://viaf.org/viaf/139302409,http://viaf.org/viaf/139302409,
20199505-fa4a-4b2c-a2ad-b578e20fc9f8,Wye College,Wye College,,,,,
aef93cb7-68da-4d84-8058-10d1f228e141,J. Bruce and Co.,J. Bruce and Co.,,,,,
d5aad2c7-4617-4f3e-a4e0-677b9f8b23d7,Irish House of Lords,Irish House of Lords,,,,,
19aeedf3-a6e0-4ff3-9c9a-6cef90eb5873,B. Stichall,B. Stichall,,,,,
5f68d4a7-500d-4b95-a96b-03e806fcd3b2,International Psycho-Analytical Institute,International Psycho-Analytical Institute,,,,,
56ee0bb5-98d1-4bf4-b6dc-a353fa48a593,Nizam College,Nizam College,,,,,
99cea337-a7b1-4078-b98d-5d876dea273c,Quintin Kynaston,Quintin Kynaston,,,,,
ad9a61a2-1a6a-47c5-b3b9-f42486101955,Older Feminists Network,Older Feminists Network,,,,,
ba37417f-d64c-46ec-b5e4-1c6f24d8f388,Labadists,Labadists,,,,,
927c8761-0670-406a-ad23-10e7b62df27d,Greenwich Naval Academy,Greenwich Naval Academy,,,,,
1b1fdd20-f18e-4227-8db7-0402ee2071ed,University of Basel,University of Basel,,,,,
fb811227-e11f-4890-97e6-154d429fa254,Poor Men's Lawyers,Poor Men's Lawyers,,,,,
4a6069f8-55b1-411d-af87-dd16c3a8e087,Amalgamated Clothing Workers of America,Amalgamated Clothing Workers of America,,,,,
b8192b06-04d5-4db8-b41b-5d21a8ca7696,Folio Society,Folio Society,,,http://viaf.org/viaf/130276384,http://viaf.org/viaf/130276384,
f66bfd53-b405-461a-80e1-3257c300090c,Abbey Experimental Theatre Company,Abbey Experimental Theatre Company,,,,,
cddb18d7-8ce4-45db-bfe7-ebc9b28fa7d1,Blessed Lady of Nazareth,Blessed Lady of Nazareth,,,,,
3da74b82-dfc2-4b4f-9fed-c8c6fb4da89e,Cruttwell,Cruttwell,,,,,
4db11a70-bc2b-489c-8404-f45b5d7f46d1,Sargent-Murray-Gilman-Hough House Association,Sargent-Murray-Gilman-Hough House Association,,,,,
0f71137f-16a2-4e4f-a748-2d7f3c2e1a70,Southern Lights,Southern Lights,,,,,
a8a514fa-15f9-4bc2-b466-092332b59494,Sisters of Mercy,Sisters of Mercy,,,,,
9b8fe689-2023-450d-a79e-36a5ffe17f0b,Christchurch Girls' High School,Christchurch Girls' High School,,,,,
5c8907e3-d58a-4923-9ec7-2f2940cef82f,Carr's of Carlisle,Carr's of Carlisle,,,,,
ee96ef15-ac1c-43ff-b347-c9dc8358a03f,Magdalen Hospital,Magdalen Hospital,,,,,
dcbb3fdb-816a-476a-9263-055ace68bef2,Shrewsbury School,Shrewsbury School,,,,,
07e58aba-6679-47b4-b2eb-0c17f7e6ec90,Three Arts Employment Fund,Three Arts Employment Fund,,,,,
ec5e58c1-1310-4497-a8f8-206dd04dde4d,Bridge of Hope Mission,Bridge of Hope Mission,,,,,
b60db1c3-4143-47a9-9ff1-b023b1217909,House of Correction,House of Correction,,,,,
159a5c15-5bdd-4ec9-be8e-8047825f0ad8,Eastern Digital Resources,Eastern Digital Resources,,,,,
be6667c1-982d-4f71-935e-ff5a4586168e,"St Michael's College, University of Toronto","St Michael's College,, University of Toronto",,,,,
2ead0d46-b67e-4275-bb99-f7e2ea8c8bf6,Voluntary Women's Patrols,Voluntary Women's Patrols,,,,,
13200d98-642f-47ba-93bd-e6904e85679a,Albany Theatre,Albany Theatre,,http://www.wikidata.org/entity/Q4709396,,http://www.wikidata.org/entity/Q4709396,
eaf79920-48bd-45c9-8aae-473edd4b0083,Women's Medical Service,Women's Medical Service,,,,,
dcb6502d-cffb-469c-b458-bef1643cca13,Woman's Theatre War Relief Matinees,Woman's Theatre War Relief Matinees,,,,,
741e8b83-4fd1-4364-8f88-420569689495,Avenue Playhouse,Avenue Playhouse,,,,,
dc12d645-ba4b-49d9-a2cb-ed14578a3ae0,Royal Liverpool Golf Club,Royal Liverpool Golf Club,,,,,
6ad974fa-2e6d-455e-9339-e739a1ab174e,Delos Press,Delos Press,,,,,
5270ce69-c3fa-4e1e-9e7c-73ba53861b51,Omoro Theatre Group,Omoro Theatre Group,,,,,
b4dfeccf-e497-42e2-9c84-9193992ca9c7,Anti-Slavery Office and Reading Room,Anti-Slavery Office and Reading Room,,,,,
0a76a9c0-d8c1-4a27-920e-5c3be139a65e,Women Writers' Group,Women Writers' Group,,,,,
17ca2dd7-fb40-4522-851d-e676ca5f9746,Wolsey Theatre,Wolsey Theatre,,,,,
a730f0bc-918d-4335-bf21-d88f818dc1c1,British and Foreign Anti-Slavery Society,British and Foreign Anti-Slavery Society,,,,,
9dae1b84-4ddc-4f08-9d77-68a0971cba23,Women in Print,Women in Print,,,,,
33950207-af58-4752-90c7-40a225ed1895,Leonard Parsons,Leonard Parsons,,,,,
20093d31-0387-4add-a86d-eda150783edb,Select Committee of the House of Lords on Colonisation from Ireland,Select Committee of the House of Lords on Colonisation from Ireland,,,,,
03f65215-d89d-49bd-b8df-fd2a0bbb06ed,National Gallery of New Zealand,National Gallery of New Zealand,,,,,
aff7340d-c506-4b5d-a6c5-c91f725ad3ed,Estates-General,Estates-General,,,,,
8e94ad68-4f0f-4be4-bccc-a0db3b3573e0,Infant Life Protection Society,Infant Life Protection Society,,,,,
12ccb3b0-ed31-4e53-b87a-2c9f3543cf02,Court of Queen's Bench,Court of Queen's Bench,,,http://viaf.org/viaf/131424336,http://viaf.org/viaf/131424336,
f164dbb2-e004-4ddb-9c17-712b5aafe08c,Social Science Congress,Social Science Congress,,,,,
75d7f8c8-96bc-4d6b-bc5c-1e47c9b35509,Pendragon Press,Pendragon Press,,,,,
0cccb712-9f3a-42ef-b178-7d76c47ad946,Fleetway Publications Limited,Fleetway Publications Limited,,,,,
450032ed-4a78-4b73-bb99-9c8232132c04,Baby and Foundling Hospital,Baby and Foundling Hospital,,,,,
2ea296c2-8534-4242-bdae-bbe6966afc46,Temple University,Temple University,,,,,
959dfd33-cda7-494f-a5f1-995be68a11f1,University of Hull,University of Hull,,http://www.wikidata.org/entity/Q1474019,http://viaf.org/viaf/130973783,http://viaf.org/viaf/130973783,http://www.wikidata.org/entity/Q1474019
b8db4d12-103f-4995-b3e9-5c048bdeb202,Gatehouse Prison,Gatehouse Prison,,,,,
d2f7d83d-d527-4f18-a2cb-aa264d9cfdff,International Trades Union Congress,International Trades Union Congress,,,,,
de0fbad0-6f8a-4886-aada-08ad9002d73f,Royal Choral Society,Royal Choral Society,,,,,
f30ebd6f-80e9-46c1-9729-6bcb37955b8e,Association of Radical Midwives,Association of Radical Midwives,,,,,
ab965a98-7688-4789-8b0c-b987b83a84e5,Dangerous Trades Committee,Dangerous Trades Committee,,,,,
b29b4022-ee00-45df-9692-1b2612ca0018,Triangle Shirtwaist Factory,Triangle Shirtwaist Factory,,,,,
96456f06-8d06-4bfe-80ea-80f92dca0577,Women's Emergency Corps,Women's Emergency Corps,,,,,
10803ecb-4b16-4697-a594-4b8e2f904875,International African Institute,International African Institute,,,,,
bc13fb49-02fa-46d1-b4b3-0a02fdd3affe,Charcoal Club,Charcoal Club,,,,,
ec5c1e70-f3e2-4804-820c-a46cca8bad32,Leighton Son and Hodge,Leighton Son and Hodge,,,,,
900e2ef0-b0cd-424e-930c-5f1b8ca4e028,London General Omnibus Company,London General Omnibus Company,,,,,
c7b00b40-077a-4400-abef-d00265b1a325,Savings Bank Department,Savings Bank Department,,,,,
09f775fc-1b6a-46f8-999d-20fac21be36f,Moorfields Eye Hospital,Moorfields Eye Hospital,,,,,
0dc8f61f-9efd-4809-b450-1a06cc58d86b,Society for the Reformation of Manners,Society for the Reformation of Manners,,,,,
165f66d3-1fac-4b41-98fa-637fa171dfe1,J. Campbell,J. Campbell,,,,,
ddf39805-52c8-4354-b5d9-6734b8d27561,Allgemeine Krankenhaus,Allgemeine Krankenhaus,,,,,
518dbe74-660c-4580-af73-68d5ee4182a6,Carlisle Commercial College,Carlisle Commercial College,,,,,
b869fcb8-6da3-40ed-8f2d-e187780b5e85,"Royalty Theatre, Soho","Royalty Theatre,, Soho",,,,,
74fed0a2-6aa4-4b66-8d2f-4c8052b87a71,Mountjoy Jail,Mountjoy Jail,,,,,
14730b27-d0fb-4f0c-8ff5-0373a4300cd5,Streatham Grammar School,Streatham Grammar School,,,,,
131b4766-7a3c-4008-af05-83909a29e81b,Female Missionary Society,Female Missionary Society,,,,,
6e5bce0b-8dd9-4239-812c-8ed32147b3da,Gay and Lesbian Publishing Triangle,Gay and Lesbian Publishing Triangle,,,,,
35e4b8a8-34c0-4663-aa9d-9d350d7ba6c9,Association for Sanitary Reform,Association for Sanitary Reform,,,,,
de9fdbb6-ada0-4599-85ba-3eec6f1da319,Goslitzdat,Goslitzdat,,,,,
fc10c5ba-5f34-46bf-8203-b6c1b81bebc1,Philanthropic Society,Philanthropic Society,,,,,
55c67456-7908-403a-b6e4-d2bad34f6d68,Levellers,Levellers,,http://www.wikidata.org/entity/Q1367657,,http://www.wikidata.org/entity/Q1367657,
9d38f8f9-beb6-4e22-9d56-e3a479e8c51e,Way and Williams,Way and Williams,,,,,
f7000863-e4a0-4dd3-b44e-22c24459eb92,GRAS,GRAS,,,,,
d99a9bea-16d6-4831-81b6-d83dd9ab8288,Handcart Ensemble Productions,Handcart Ensemble Productions,,,,,
80374c67-b3d9-45a6-b812-5d2b36f57226,Ernest Nister,Ernest Nister,,,,,
e986d59c-47cf-455f-8105-fe37f06ec73f,Workers' International,Workers' International,,,,,
c61c99ea-1025-47b2-a9cc-36f823225fa1,Irish National Dramatic Society,Irish National Dramatic Society,,,,,
1e4cb209-a71e-4d40-bb56-916257ba389c,Dublin Foundling Hospital,Dublin Foundling Hospital,,,,,
1c961857-52e7-4b9e-9b6f-1e219c7fb736,New Party,New Party,,,,,
8de5381a-5be4-4ca0-b4de-2ddd7e59f984,Marion E. Wade Center,Marion E. Wade Center,,,,,
e439823e-3e6c-4168-a6d7-46585e02d29f,Reformation Heritage Books,Reformation Heritage Books,,,,,
3cb70e80-00c5-4db0-ba20-30cf4b16d96d,Pascal Theatre Company,Pascal Theatre Company,,,,,
c6c0aaad-21ce-4c2b-a684-112e7824dc25,Guild of St Francis of Sales,Guild of St Francis of Sales,,,,,
649feaf2-f35c-491c-be92-8019a36d86c8,Canto,Canto,,,,,
114595ff-a9fc-47fe-81eb-7c789bb7f951,Fellowship Services,Fellowship Services,,,,,
5f6b45ca-87a5-4292-bd26-f34a3675172a,WORLDwrite,WORLDwrite,,,,,
eb8d3dbc-41a7-46b9-89e1-7f242fcde32d,New Vagabonds Club,New Vagabonds Club,,,,,
6dd34b6a-3119-477c-99b5-99f646356375,Royal Artillery,Royal Artillery,,http://www.wikidata.org/entity/Q2587335,http://viaf.org/viaf/143100745,http://viaf.org/viaf/143100745,http://www.wikidata.org/entity/Q2587335
433b4786-bd0c-47fd-8463-1e1f7fa43670,Manor,Manor,,,,,
93df6de0-9c41-4182-9196-5e81f286ba88,Renaissance English Text Society,Renaissance English Text Society,,,,,
9f0cbf94-711f-4b0f-b382-b504e3abf681,Five Leaves,Five Leaves,,,,,
fe152402-c06c-4554-bd23-5ee2afd1558c,Alpine Club Gallery,Alpine Club Gallery,,,,,
704d4335-ad38-4653-a9a5-4999c5ffda42,Akira Press,Akira Press,,,,,
1bb2e502-9f33-4862-87bd-55a951921c15,Free Thinkers of Walworth,Free Thinkers of Walworth,,,,,
44a85177-f354-4c7a-8a77-bf18d8d43659,Hart-Davis,Hart-Davis,,,http://viaf.org/viaf/313090149,http://viaf.org/viaf/313090149,
4f626225-b879-43a4-978b-7fd88606e08e,London Group,London Group,,http://www.wikidata.org/entity/Q2412563,,http://www.wikidata.org/entity/Q2412563,
c0049a6e-034f-4e6a-b01c-6d78110a4fe5,African Institution,African Institution,,,,,
5d25eed9-98bc-43ff-be1e-78ee41e730f7,Organisation for European Economic Co-operation,Organisation for European Economic Co-operation,,,,,
8530aea4-0b63-455b-89a1-68dbd17b7e6e,Psychic Research Company,Psychic Research Company,,,,,
87d0d848-38c1-487a-81c3-1b8294214ee2,Keighley Mechanics' Institute,Keighley Mechanics' Institute,,,,,
557deca9-ce8e-4709-ba34-de2d4ca42f1b,Community of St John the Baptist,Community of St John the Baptist,,,,,
6b550bdf-bf79-4ccb-8e33-1a3ba6eb1d51,Ulysses Press,Ulysses Press,,,,,
a61cc500-857c-48bf-94b5-63da6a14c9c4,"Black, Parry, and Co.","Black,, Parry,, and Co.",,,,,
e15207cd-a650-4729-81ae-e269f0c35079,Arden Press,Arden Press,,,,,
da910cdc-8685-4202-a02a-c8df68eaf60c,Music Hall Artists' Association,Music Hall Artists' Association,,,,,
8e8b9035-3a00-4482-a394-2e542e1b5d78,Westminster Technical Institute,Westminster Technical Institute,,,,,
25d163f6-2f69-4b9e-ba4b-5b6c5c5c4f3c,Nigerian Railway,Nigerian Railway,,,,,
d71bbd96-8092-47bc-976c-ef27ab9abdbe,Governesses' Benevolent Institution,Governesses' Benevolent Institution,,http://www.wikidata.org/entity/Q19953631,http://viaf.org/viaf/148792634,http://viaf.org/viaf/148792634,http://www.wikidata.org/entity/Q19953631
01470ae1-e215-4259-8d70-9f141f8f2be9,Association of Cine and Television Technicians,Association of Cine and Television Technicians,,,,,
34fafa54-5f75-425d-9fad-cc71bd55c7ba,Women's Section of the National Service Department,Women's Section of the National Service Department,,,,,
5d02156f-eea9-4943-b352-2628f2e60cf2,Unilever,Unilever,,,,,
06367b13-0b2e-4f35-960f-9c92cb8b95b6,Child Welfare Clinic,Child Welfare Clinic,,,,,
9fbcc7c0-3aee-4359-b12b-1f2dec58bf8d,Nothingarians,Nothingarians,,,,,
f11c424e-9207-4095-93e8-4532db189d23,University of Wales Institute of Science and Technology,University of Wales Institute of Science and Technology,,,,,
a461f515-649a-4f4b-a528-b3b4d907fa83,Fox and Daffodil Press,Fox and Daffodil Press,,,,,
d948c27a-545b-4eb0-9264-b07a6dbe59e7,Royal Institute of Public Health,Royal Institute of Public Health,,,,,
64b9660b-cb80-4972-bde3-ff42d0971c25,Ministry of Agriculture,Ministry of Agriculture,,,,,
0d7082af-6552-491c-807b-bd976b9c7d1e,Society of the Sisters of Bethany,Society of the Sisters of Bethany,,,,,
ae22ea71-17f8-46b0-92f0-3341440bad16,Sisterhood of Black Single Mothers,Sisterhood of Black Single Mothers,,,,,
3302f9cf-93c3-4aa1-930b-07f05f84cc0c,University of Washington,University of Washington,,,,,
73a3c31a-a884-43b4-b324-639773bbd16a,Imperial War Graves Commission,Imperial War Graves Commission,,,,,
0cc5a41c-2313-4931-86a5-ca43d11f60f8,Chetham's Library,Chetham's Library,,,,,
fa521410-ad38-4a31-bd53-39033d849fe1,Organization of African Unity,Organization of African Unity,,,,,
666f9da4-abc6-4f69-a6f8-783737110c7c,Havrill Press Limited,Havrill Press Limited,,,,,
2632e4fc-cd38-49b1-9abc-892773b6bb94,Narborough Road Free Church,Narborough Road Free Church,,,,,
35620205-6442-44b9-b120-24119d75185c,Academy Awards,Academy Awards,,,,,
48ba145c-4bea-453a-aed9-d2639ed0fc9a,Idaho State University,Idaho State University,,,,,
9af36b7f-6dd5-4b41-ae78-820fe3f2b455,YWCA,YWCA,,http://www.wikidata.org/entity/Q643370,,http://www.wikidata.org/entity/Q643370,
0698f1a6-6ad1-4ec9-b9df-8f0c3ece5d05,San Francisco Film and Television Festival,San Francisco Film and Television Festival,,,,,
5955580f-911b-4033-a720-41ab125abd5a,Provisional IRA,Provisional IRA,,,,,
e0a66a0e-511e-4209-b997-36f5ab2d5eb5,King's Hall,King's Hall,,,,,
380b29dd-76f1-4ca0-a646-f3f718c1eedb,Feminist History Group,Feminist History Group,,,,,
cca4fd12-c4af-416d-b7b2-8e4bf57fc0af,Irish Poor Relief Fund,Irish Poor Relief Fund,,,,,
94801e0b-73a7-4fc7-a863-a77687c0613e,Nelson,Nelson,,,http://viaf.org/viaf/126093235,http://viaf.org/viaf/126093235,
337e4cac-0171-4dd4-a7df-c536584ce790,Textile Workers' Union,Textile Workers' Union,,,,,
febbb7d0-da06-4618-b338-dbb005f52bd7,Thomas Davidson,Thomas Davidson,,,,,
5a282750-1638-4805-8781-b6c0e052e320,Boni and Liveright,Boni and Liveright,,,http://viaf.org/viaf/150537829,http://viaf.org/viaf/150537829,
263524b7-77b3-4eaf-93b0-203ee240c8fb,Calderstone's Mental Hospital,Calderstone's Mental Hospital,,,,,
8a94e84c-4496-4438-8ec6-17d85082d712,Rationalist Association,Rationalist Association,,,,,
0bb5f582-5c15-4c9c-a5c4-d568b1631569,Actors' Cooperative Society,Actors' Cooperative Society,,,,,
ac230eb8-b5ad-4fc8-b003-cdaa8d072e4e,Kundry's Theatre,Kundry's Theatre,,,,,
504fd380-34ad-4c18-9f1a-fa9a318f293e,Poetry School,Poetry School,,,,,
cf14d596-a777-43a1-909d-b4997b1870d1,University of Illinois Press,University of Illinois Press,,,http://viaf.org/viaf/157245161,http://viaf.org/viaf/157245161,
b9b7cdad-408b-48f2-9664-b1ef8dd07d09,Rawfilm/Schultz Productions,Rawfilm/Schultz Productions,,,,,
2fe8b80b-12a0-4ab6-8443-634b046dee6f,Vespa,Vespa,,,,,
92c1b01e-9889-48a1-8944-f81bbd06b3be,T. and J. Allman,T. and J. Allman,,,,,
018c68f8-7673-49fe-81ff-348ebfe84f2f,Guy's Hospital,Guy's Hospital,,,http://viaf.org/viaf/130773653 | http://viaf.org/viaf/132491414,http://viaf.org/viaf/130773653,http://viaf.org/viaf/132491414
254f944c-c832-457f-a6b7-dd39be574e53,Pacifist Research Bureau,Pacifist Research Bureau,,,,,
f30f32f5-f6c7-4618-ab28-b99903783130,Bow Street Magistrates Court,Bow Street Magistrates Court,,,,,
21ac5bab-7410-4963-bf13-049eddd772bb,Author's Press,Author's Press,,,,,
5a0d5dbd-2245-4e26-9421-6e5206c91722,Cardiff University,Cardiff University,,http://www.wikidata.org/entity/Q1035745,http://viaf.org/viaf/159318413,http://viaf.org/viaf/159318413,http://www.wikidata.org/entity/Q1035745
9fa7d19a-a332-45a4-ae1d-af52961a6e86,White Cross Society,White Cross Society,,,,,
5694358e-7371-4d9a-a739-03bc1ae9dcd8,Wonderful Beast Theatre,Wonderful Beast Theatre,,,,,
b94efebd-dffa-4469-a8ac-fc6b974cc32e,Ladies Lavatory Company,Ladies Lavatory Company,,,,,
ff91ea17-78c7-4c8b-8925-506d942edbf3,College of Boston University,College of Boston University,,,,,
b1870009-7e1b-42bb-be22-4bc89cd0adee,Falkner and Sons,Falkner and Sons,,,,,
6f8b6c38-482c-475a-8fd1-fa00c785f44e,Cheltenham Literary and Philosophical Institution,Cheltenham Literary and Philosophical Institution,,,,,
ff9dcc25-f314-4d8a-9f59-c7af52ff7374,National Froebel Union,National Froebel Union,,,,,
88d366b6-3d3d-4180-a9b6-481581b9ae02,Parent Teacher Association,Parent Teacher Association,,,,,
02df322a-f793-478a-83d4-b2abccb6aae3,Hunter Commission on Education,Hunter Commission on Education,,,,,
77c8e2e0-ad96-437f-8fd1-ad7f62b67f49,Persea Books,Persea Books,,,,,
418c7071-3525-479f-b9de-e2b6ec9ac85f,Essex Institute,Essex Institute,,,,,
edef8841-df68-4835-84d6-a3261142b9df,Harrow School,Harrow School,,http://www.wikidata.org/entity/Q1247373,http://viaf.org/viaf/152531118 | http://viaf.org/viaf/60144647640138501171,http://viaf.org/viaf/152531118,http://viaf.org/viaf/60144647640138501171 | http://www.wikidata.org/entity/Q1247373
bb9487ab-3121-4c1e-856b-5c40e889e201,Memorial,Memorial,,,,,
f1d1ee58-a4e7-4472-a9d0-36ed7c348196,British League for European Freedom,British League for European Freedom,,,,,
c056b933-193e-4269-8012-7ec5b9aba142,Morris Library,Morris Library,,,,,
84600de8-8966-455d-851b-f0879d30cc82,Wellesley College,Wellesley College,,,http://viaf.org/viaf/122282515,http://viaf.org/viaf/122282515,
015ebf98-785a-4ae7-8457-277f95064c14,University of Göttingen,University of Göttingen,,,,,
965f59ee-96f3-4045-8400-d623269eed49,American Women's Symphony Orchestra,American Women's Symphony Orchestra,,,,,
a2462cf9-3813-4c80-b38c-a34319d1f203,Salon,Salon,,,,,
8e62383e-c246-4218-8929-f706011644bc,University of Edinburgh,University of Edinburgh,,http://www.wikidata.org/entity/Q160302,http://viaf.org/viaf/126282670,http://viaf.org/viaf/126282670,http://www.wikidata.org/entity/Q160302
c1f6b844-c8d3-48b1-9e13-1f78f39fc1d9,La Belle Assemblée,La Belle Assemblée,,,,,
d127f119-c5af-4156-918a-d9647da3d8c2,A. and C. Black,A. and C. Black,,,http://viaf.org/viaf/123220463,http://viaf.org/viaf/123220463,
e444ba7f-5797-4494-a80a-36eec859d46c,Home Rule League,Home Rule League,,,,,
504c5383-df88-4b93-92be-318022af0f15,Columbia Records,Columbia Records,,,,,
2a0c588d-3fdc-4c65-b8c2-cfd524fa02d1,Allegheny College,Allegheny College,,,,,
cce354a1-8eee-4725-aa88-0ac4dbdeccc4,British Screenwriters' Association,British Screenwriters' Association,,,,,
7c7f4e3d-f9ba-46f5-931e-1140e0c133a7,American Political Science Association,American Political Science Association,,,,,
e481d4cc-a213-4a0c-bea9-b0dea89de991,Palais de Justice,Palais de Justice,,,,,
f6d5269d-d437-4d2b-96d3-e3ae1ddbd9db,The Transport Trust,The Transport Trust,,,,,
b1ce5420-c526-448d-9f15-d6e05585a05d,Gloucestershire Record Office,Gloucestershire Record Office,,,,,
3cd7f2bc-cea1-4984-9720-1bb3a343e277,Olive Schreiner Letters Project,Olive Schreiner Letters Project,,,,,
6b21b114-e79c-4e00-b419-ba1546a345ae,Committee for the Relief of the Unemployed,Committee for the Relief of the Unemployed,,,,,
94df45c2-9a16-4fb9-80c9-b51934e88934,"Copp, Clark","Copp,, Clark",,,,,
f36dd809-2b50-40eb-8161-7e147527ae54,Theatre of Ireland,Theatre of Ireland,,,,,
6e3b0b22-a97d-42da-b76c-56d0c3da4986,Wolfenden Committee,Wolfenden Committee,,,,,
d218029e-6014-4ae0-b9ea-07a3b10f4fd4,University of Mumbai,University of Mumbai,,,,,
8eedd9ba-68f8-4f49-8187-c2a825d5616e,American Red Cross,American Red Cross,,,http://viaf.org/viaf/122023057 | http://viaf.org/viaf/261345167,http://viaf.org/viaf/122023057,http://viaf.org/viaf/261345167
1bc5585f-25ae-4ac8-92b4-4de0d739e011,Edinburgh Hospital and Dispensary for Women and Children,Edinburgh Hospital and Dispensary for Women and Children,,,,,
f3b5ce8e-4b8a-48fb-9876-aafdeb1d8e4e,"Women's Press, 1977 -","Women's Press,, 1977 - ",,,http://viaf.org/viaf/261536203,http://viaf.org/viaf/261536203,
e11e059d-420e-4f43-b5d4-8b39388ce0b9,Emily's List,Emily's List,,,,,
abcb7574-58a5-4e27-aa0e-62aeca481b89,St Mary's Hospital,St Mary's Hospital,,,,,
e0aafeca-7189-405c-a6a7-601f97a351e9,Methodist New Connection,Methodist New Connection,,,,,
8a33d649-a5e4-4745-9a8b-4b9d9b391839,Human Rights Watch,Human Rights Watch,,,,,
79330bed-816b-40fc-84b3-a8004c0d8aef,Council of Action for Peace and Reconstruction,Council of Action for Peace and Reconstruction,,,,,
681f0a29-68af-43a3-891a-475f1cae997c,Milner,Milner,,,,,
70fbc6b5-ca58-4682-9b19-310a1bd53162,Aberdare Hall,Aberdare Hall,,,,,
60816c8a-4412-4d11-99a3-820c5755f9dd,Toronto Dominion Bank,Toronto Dominion Bank,,,,,
7ca2ed36-621c-4cd3-bfb8-3a8621319ce0,Rukhmabai Defence Committee,Rukhmabai Defence Committee,,,,,
67d3aa81-8d56-4d68-920f-5343acea874f,Berkeley School for Boys,Berkeley School for Boys,,,,,
c206973d-94b1-46e8-8d64-2a0c0d7f67cf,Highgate School,Highgate School,,,,,
778ae7bb-7d2a-4dfb-916a-ca116b9ac485,"French Embassy, London","French Embassy,, London",,,,,
54d39927-c8dd-431b-a736-a854dce70bd3,Royal Marsden Hospital,Royal Marsden Hospital,,,,,
54665a7f-a9bf-4c62-b55b-c90e44a5c1d3,Early English Books Online,Early English Books Online,,http://www.wikidata.org/entity/Q106300787,,http://www.wikidata.org/entity/Q106300787,
68b3bdac-4d79-4d60-8581-683bb32602d0,Glamorganshire Banking Co.,Glamorganshire Banking Co.,,,,,
9f8ce66f-727d-4a25-a4a1-d5a3a44dd544,Manchester Free Library,Manchester Free Library,,,,,
e7a5a685-69dc-498b-a7c0-ccd179795f47,Chartered Institute of Library and Information Professionals,Chartered Institute of Library and Information Professionals,,,,,
8c5c8f68-24f1-483f-a6d0-78e6def916bf,Spiritualist Press,Spiritualist Press,,,,,
7b374bf5-d9f3-4632-a1ec-2ad6e31d8b91,National Anti-Vivisection Society,National Anti-Vivisection Society,,,,,
80a90531-93b6-46e8-a8f0-8df55063b21f,Perdita Project,Perdita Project,,,,,
ede766d6-68d5-4640-94b0-3134b517f142,Ecumenical Network for Women's Ministry,Ecumenical Network for Women's Ministry,,,,,
763ccb9b-1bfa-41c1-a6b1-28c0b23bcccd,Georgia Female College,Georgia Female College,,,,,
f3dea9c4-c2bb-42de-9c79-7bf02b7e5fa6,Boy Scouts,Boy Scouts,,,,,
bf0abf98-9b29-4ecd-a85c-8952b8e84dd0,Carlton Agency,Carlton Agency,,,,,
053f7b13-1973-4cfd-ba4b-1e9f3a7bd9bf,St Albert's Press,St Albert's Press,,,,,
1b35ea95-7c20-408d-afba-2a28373088fb,Local Government Board,Local Government Board,,,,,
c6ba9632-6b98-43bf-9f2a-f37f2a75078f,Everyman Theatre Company,Everyman Theatre Company,,,,,
406367d9-b64c-485c-ad89-eff7a42dfa46,Durham School,Durham School,,,,,
03c98ff0-7e0c-48af-a677-d59f56a3ef11,Network Rail,Network Rail,,,,,
cbe073af-77f9-4f9c-b264-44732a127955,Grand Army of the Tennessee,Grand Army of the Tennessee,,,,,
09a4057b-f509-45f6-bf71-b9d96ca0d146,Cumann na mBan,Cumann na mBan,,,http://viaf.org/viaf/123637529 | http://viaf.org/viaf/7145857987423022517,http://viaf.org/viaf/123637529,http://viaf.org/viaf/7145857987423022517
f84aa39d-7ad7-4045-84d8-67c1c836519a,American Colonization Society,American Colonization Society,,,,,
3c925d44-35e1-440b-b42c-f17f6c8531b6,Nashoba,Nashoba,,http://www.wikidata.org/entity/Q14710101,,http://www.wikidata.org/entity/Q14710101,
931e6714-ae10-4b7f-8a00-8bce79d832d3,Social Democratic Party,Social Democratic Party,,,,,
989cdf61-950c-4cc8-8863-53731f4e56d0,Philomel Books,Philomel Books,,,,,
310d9c06-c0e2-4216-996f-6cc1f7bafd69,Mythopoeic Society of America,Mythopoeic Society of America,,,,,
daa1fc59-5b79-47e8-a11c-fced52201c36,Nonesuch Press,Nonesuch Press,,,http://viaf.org/viaf/142720380,http://viaf.org/viaf/142720380,
3e1797de-9d2c-4290-8126-8337a3a09ede,Young England,Young England,,,,,
36d27bd6-7576-430d-9171-517003809b75,Bonhams,Bonhams,,,,,
3fbc0722-98b8-4cee-a4b7-13651bf8f31f,John Heritage,John Heritage,,,,,
67c35094-29ad-4181-9d6f-ab07cc1a5aea,Parkin Gallery,Parkin Gallery,,,,,
5e61544c-fcab-4054-9662-9a458edcefbe,Zoological Society,Zoological Society,,,,,
f9dd4537-12f3-40b4-abc1-f9bd672683f4,Bristol Public Library,Bristol Public Library,,,,,
0ab844d6-5782-4d85-b9b0-843beed059c2,Catholic Institute,Catholic Institute,,,,,
5148f216-80fe-46b9-84d2-11d314001ee2,L. Parsons,L. Parsons,,,,,
a61073ae-c9b9-4004-8c39-7522af55532c,Smithers,Smithers,,,,,
3cbba0ab-53d6-4917-ac03-75988cb039b1,Philharmonia Orchestra,Philharmonia Orchestra,,,,,
96c8c5ce-a1c5-428d-8757-f4da74ad6d5a,Oakham Grammar School,Oakham Grammar School,,,,,
3546721c-3bba-479f-b892-0dfd1c77d7d3,First Life Guards,First Life Guards,,,,,
5f78928b-eab3-4eae-a794-5cc8e58438cc,"Smith, Elder and Co.","Smith,, Elder and Co.",,http://www.wikidata.org/entity/Q2295283,http://viaf.org/viaf/147851790,http://viaf.org/viaf/147851790,http://www.wikidata.org/entity/Q2295283
8f18c092-8a7f-474e-b886-8f22ea3d8867,Hanwell Lunatic Asylum,Hanwell Lunatic Asylum,,,,,
a5cafd3e-adac-4afc-88eb-df0b3c555fec,German League of Jewish Women,German League of Jewish Women,,,,,
b23445b9-bb16-45ad-9165-b706303b4e50,Middlesex Hospital,Middlesex Hospital,,,,,
34786e78-09bd-4292-bc59-bdec78db4357,Alleged Lunatics' Friend Association,Alleged Lunatics' Friend Association,,,,,
8e7e1bd0-648b-4625-9fbd-e139b47a2fdb,Ontario Historical Society,Ontario Historical Society,,,,,
d3e53207-20ce-4f1e-87eb-3888350d6ddc,Mission School,Mission School,,,,,
dd0ad00b-98b1-4c96-9253-6004079f67c5,Midland Railway,Midland Railway,,,,,
4cc44b00-0b34-4536-a6f5-fb4b8733aaa1,Lorain County Congregational Association,Lorain County Congregational Association,,,,,
26315abc-9ea2-46bf-a46c-2c2978d53bfa,Women's Labour Council,Women's Labour Council,,,,,
59df6ae3-c829-4cda-aaac-4c83877de2f8,Couch and Lakin,Couch and Lakin,,,,,
bfcf2c52-aac9-48d7-9c9a-2dc803fa9304,Amalgamated Engineering Union,Amalgamated Engineering Union,,,,,
50f73bd9-4f37-488f-8ae7-4da407e22dbc,Athenæum Press,Athenæum Press,,,,,
41569c92-c81c-4236-9c31-1f7061e80cd4,Millsaps College,Millsaps College,,,,,
777fa536-84a8-4044-86c5-9d4b47c6e802,Anthony Blond,Anthony Blond,,,http://viaf.org/viaf/2583646,http://viaf.org/viaf/2583646,
b304ba31-2561-488b-bfbc-9278d33ff971,Wellington Hospital,Wellington Hospital,,,,,
ab80f8bb-8562-40db-a68c-8e5ee7ba7a26,Cambridge Theatre,Cambridge Theatre,,,,,
82400645-c1a2-43c3-8b20-f7ce0a837416,Irish Transport Union,Irish Transport Union,,,,,
b83de2ee-dcf1-4e38-a3d2-f65682a05d08,Detection Club,Detection Club,,http://www.wikidata.org/entity/Q1624064,http://viaf.org/viaf/107151302925948660925 | http://viaf.org/viaf/132021389 | http://viaf.org/viaf/138694251,http://viaf.org/viaf/107151302925948660925,http://viaf.org/viaf/132021389 | http://viaf.org/viaf/138694251 | http://www.wikidata.org/entity/Q1624064
9ce692ee-f08e-48d6-b271-bde42cd999f1,Bickley Park School,Bickley Park School,,,,,
e4a57f27-4797-4d9a-b325-af3f5e62f079,Three Mountains Press,Three Mountains Press,,,,,
84ed1dcd-60ad-402b-948c-bbbaba647188,Soma,Soma,,,,,
010ece6b-15d9-473c-8dfe-23a7ae971d30,Institution of Electrical Engineers,Institution of Electrical Engineers,,,,,
fba19f82-0c00-4daf-a7c3-9b4ff8acc739,Royal Swedish Academy,Royal Swedish Academy,,,,,
2fdfcf88-92c4-465b-84ca-579692d88c34,J. and R. Parlane,J. and R. Parlane,,,,,
8bd49b4b-b0db-48e0-91fd-d9ea9db011d2,League of National Life,League of National Life,,,,,
dd1031e7-baf4-4ff7-a97a-33acfdc649b7,Ipswich High School,Ipswich High School,,,,,
e46a4512-77ce-4965-9a13-55a8fa234960,"Bard College, Annandale-on-Hudson","Bard College,, Annandale-on-Hudson",,,,,
49df500e-9f37-4659-ad58-e6cc3855dcc2,Flower Observatory,Flower Observatory,,,,,
2ea3d3ac-2582-40d8-96f9-dc64b5ac9a79,Lyceum Circuit,Lyceum Circuit,,,,,
1a7e84b1-a7ec-4794-b45b-d8e69f10d66a,Waterman Graphics,Waterman Graphics,,,,,
ce354b16-97be-4032-9f96-d40bd801e98f,James Harrison,James Harrison,,,,,
fd41dfcd-b3b1-4585-ad83-fe3044957b53,Queen Mary's Army Auxiliary Corps,Queen Mary's Army Auxiliary Corps,,,http://viaf.org/viaf/137569961,http://viaf.org/viaf/137569961,
6674ed93-4416-431f-a74f-d024175c2973,Community of Reparation to Jesus in the Blessed Sacrament,Community of Reparation to Jesus in the Blessed Sacrament,,,,,
7e881db7-d047-4ad8-943d-bb4ed992afa8,Le Seuil,Le Seuil,,,,,
fe092132-2f0a-4ec5-abc0-4e213f256286,Deakin University,Deakin University,,,,,
3c2ac844-cdcd-402b-9e27-e7cd678f9600,Granville Theatre,Granville Theatre,,,,,
bc9a3861-ed2b-4e77-8682-e9eb743307ce,Flamingo,Flamingo,,,http://viaf.org/viaf/146649027,http://viaf.org/viaf/146649027,
0c69927a-603f-4eb3-b9aa-8c66986b2682,Workhouse Nursing Association,Workhouse Nursing Association,,,,,
af1a93a6-629e-4fb1-a811-4a7cbddc343c,William Collins,William Collins,,http://www.wikidata.org/entity/Q8007001,http://viaf.org/viaf/144898842,http://viaf.org/viaf/144898842,http://www.wikidata.org/entity/Q8007001
eb2da1ed-8e5d-46bc-bd9b-35e2e54c31cd,Priapus Press,Priapus Press,,,,,
6dc79bbf-4e62-4b67-9c25-deef47b63eac,Royal Glasgow Infirmary,Royal Glasgow Infirmary,,,,,
6d7bac52-a838-49fe-a554-f83f57397721,Omnia Films,Omnia Films,,,,,
5ef645ad-0aae-47dd-9bf4-206c53c05361,Society for Promoting Women to all Local Government Bodies,Society for Promoting Women to all Local Government Bodies,,,,,
24968feb-818e-4949-a808-9199b2464df3,City Lights,City Lights,,,,,
c57bbd54-bc81-4702-b504-5bfcf5e32f61,Banco del Libro,Banco del Libro,,,,,
93cde812-c1cf-445f-9569-ecdd51c39693,Cambridge University Press,Cambridge University Press,,http://www.wikidata.org/entity/Q912887,http://viaf.org/viaf/127979069,http://viaf.org/viaf/127979069,http://www.wikidata.org/entity/Q912887
60206e59-2b41-4889-a206-763dff4b0f3b,Rochdale Gallery,Rochdale Gallery,,,,,
b2ba8fdc-ec9c-475b-8c16-18a1497f723f,Bradford Temperance Society,Bradford Temperance Society,,,,,
d31fd14f-6433-4663-991e-0ee97e001eef,Home Rule Confederation,Home Rule Confederation,,,,,
4b1d1f89-3d16-4c09-b682-ab7473657f16,Boston Society for Medical Improvement,Boston Society for Medical Improvement,,,,,
d222f0db-f580-40fb-8428-c26ea0b70799,Boston Museum Company,Boston Museum Company,,,,,
fec6abcc-70a2-4475-826a-f63964a78632,Battered Silicon Dispatch Box,Battered Silicon Dispatch Box,,,,,
b529514a-5142-45ee-bb4b-1d3516357063,Working Girls' Club,Working Girls' Club,,,,,
43139df5-7519-44f1-bcf4-970241354dfd,Federal Reserve,Federal Reserve,,,,,
19bf75d3-4dd0-44c5-937f-263e2a518af3,Bunbury Grammar School,Bunbury Grammar School,,,,,
d1c85da6-fca0-4820-9c0e-09d62bbcf16c,"Theatre Royal, Nottingham","Theatre Royal,, Nottingham",,,,,
9e32f99d-7805-40bc-b44b-9d56a17ff145,The Theatre,The Theatre,,,,,
54bdf03f-926d-4e04-bf73-51cf687fabd1,Granada,Granada,,,http://viaf.org/viaf/264265782,http://viaf.org/viaf/264265782,
ea917224-b16f-4203-9db1-9e6f1385ccf5,J. Harris,J. Harris,,,http://viaf.org/viaf/141185711,http://viaf.org/viaf/141185711,
b2c95c69-2706-4979-8e82-91b1c7561610,Medical Research Council Committee,Medical Research Council Committee,,,,,
195570c0-7200-4b64-94ae-6381873e74bf,Liverpool Overhead Railway,Liverpool Overhead Railway,,,,,
3a756cc8-cf87-4646-accd-ee1a110dd0f0,Working Women's Benefit Society,Working Women's Benefit Society,,,,,
6f2e997f-394c-48e6-986f-41f04e0e3552,Constable and Ballantyne,Constable and Ballantyne,,,,,
4d759b7c-7c92-4ca0-b50a-26037e96f5ff,Royal Marsden Hospital Trust,Royal Marsden Hospital Trust,,,,,
60116575-c025-4408-b156-0eea3d25c080,Association of Assistant Mistresses,Association of Assistant Mistresses,,,,,
07e8d910-6689-47d5-bbbb-03d2197f5b7d,Social Research Unit,Social Research Unit,,,,,
b77aff71-d0e7-4a06-90a6-7100515d52f1,Community of the Mission Sisters of the Holy Name of Jesus,Community of the Mission Sisters of the Holy Name of Jesus,,,,,
2ea90563-9451-435e-93cc-29ddc44abf7d,Wake Forest University Press,Wake Forest University Press,,http://www.wikidata.org/entity/Q7960934,http://viaf.org/viaf/3851159820911213805568,http://viaf.org/viaf/3851159820911213805568,http://www.wikidata.org/entity/Q7960934
f4d03a5c-1d82-4a1c-ad5e-b1621a738fb2,"University of Wales, Lampeter","University of Wales, Lampeter",,,,,
019b1b08-2d24-40be-82a8-c0527390ff32,Poetry Wales Press,Poetry Wales Press,,,,,
1c1ac152-bdab-421e-b70a-8cd5359b47e1,Humanitarian League,Humanitarian League,,,http://viaf.org/viaf/130440354 | http://viaf.org/viaf/132610220 | http://viaf.org/viaf/315639055,http://viaf.org/viaf/130440354,http://viaf.org/viaf/132610220 | http://viaf.org/viaf/315639055
f7c5f383-895b-431c-8dcc-e16f3440ced0,Lonely Planet,Lonely Planet,,,,,
6b168af8-bbd7-402f-bb6f-9f9ad57da452,American Tract Society,American Tract Society,,,,,
d88c802b-57f4-4648-ab8b-c282e56b0be7,Pantheon,Pantheon,,,http://viaf.org/viaf/129043836,http://viaf.org/viaf/129043836,
b9df4816-f85e-4cb3-8506-909d19d1eca7,University of Sydney,University of Sydney,,,http://viaf.org/viaf/137991167,http://viaf.org/viaf/137991167,
c2667c15-065d-4504-adac-ff43593f7c18,Women's Local Government Society,Women's Local Government Society,,,,,
62385ff0-918b-44cf-962e-edb75b4513f9,W. S. Orr,W. S. Orr,,,,,
7744a4e8-1399-44fd-885a-9182be9b414e,Ulster and Leinster Bank,Ulster and Leinster Bank,,,,,
2db63651-5a97-4e7b-a059-6a52e021169b,Newby,Newby,,,,,
7ef0afba-346e-4177-91f2-3fa66ba0beea,J. Nisbet and Co.,J. Nisbet and Co.,,,http://viaf.org/viaf/159791798,http://viaf.org/viaf/159791798,
2db402f7-300e-4364-b476-634529f2535d,Tinsley Brothers,Tinsley Brothers,,,http://viaf.org/viaf/125903678,http://viaf.org/viaf/125903678,
dd3cf327-4188-43e8-8f4a-47ea226cef21,E. Johnson,E. Johnson,,,,,
9ce4c72f-d2ef-4a13-bf42-d40a5738505b,Nick Hern,Nick Hern,,,http://viaf.org/viaf/311349386,http://viaf.org/viaf/311349386,
4c445ca4-caa2-47c4-b0ec-98428f9cf17f,BPW International,BPW International,,,,,
d13e3fa1-b5ff-4130-b0bd-49535fb0b656,Liverpool Women's Suffrage Society,Liverpool Women's Suffrage Society,,,,,
67a8e3eb-b47c-4832-959d-a333e2bf3868,National Front,National Front,,,,,
3448d64c-3312-4ebd-b9d8-2e5b57fc3fa0,London Night Club,London Night Club,,,,,
3d648e97-fa5b-43a5-82f7-111cb72fbaea,Church of England Purity Society,Church of England Purity Society,,,,,
c043942f-d856-42d2-bb01-ab3ce252a2d3,Liberal Judaism,Liberal Judaism,,,,,
d707a424-7583-4ff8-97ec-e6113e34df89,"St Mark's Church, Florence","St Mark's Church,, Florence",,,,,
6470ed84-ee16-4d27-b64e-3debf5599084,Modern Art Association,Modern Art Association,,,,,
c1432e1d-3834-4b27-abd1-f67c59a85b98,Hospital of Notre Dame de la Pitié,Hospital of Notre Dame de la Pitié,,,,,
1a552350-5e5a-47bf-b0ea-dfa80853b718,Oulipo,Oulipo,,,,,
46ec2e1d-d1e1-4674-8cff-50e8c8cff4d5,Catholic Apostolic Church,Catholic Apostolic Church,,,,,
c3a06d90-e101-4a62-afcb-3c4bae49f148,National Assistance Board,National Assistance Board,,,,,
5c79dd8d-84b2-44df-b968-efe632ebf45f,Newcastle Society for the Investigation of Spiritualism,Newcastle Society for the Investigation of Spiritualism,,,,,
ad49967f-b795-4fe0-b4c6-93f0357c2548,Armada Productions,Armada Productions,,,,,
c9451c5d-19c8-4be7-8b43-80ace256b346,Innerpeffray Library,Innerpeffray Library,,,,,
1925061d-f64a-4d08-9938-65e31d3645df,Great Ormond Street Hospital,Great Ormond Street Hospital,,,,,
b9cbfd65-c807-45b6-9140-9194039c0319,University Center in Georgia,University Center in Georgia,,,,,
57e423d8-00d3-4479-afa4-4d58da47ba9a,Severn House,Severn House,,,,,
c2a50c99-f69a-4ace-bfe8-b9786566538c,Society for Sick Children,Society for Sick Children,,,,,
91ca161e-82db-4f82-9f76-e89e3ba1a10c,Internal Revenue Service,Internal Revenue Service,,,,,
07fe7900-f31d-4efc-a209-a1a956f4b608,Adams and Company,Adams and Company,,,,,
973eefd3-5c2f-4c29-9353-38969fed09fb,New York University,New York University,,http://www.wikidata.org/entity/Q49210,http://viaf.org/viaf/139712320,http://viaf.org/viaf/139712320,http://www.wikidata.org/entity/Q49210
24972120-82b6-45f9-9a38-71932b6b4523,Soldiers' Homes,Soldiers' Homes,,,,,
493bec38-006a-4dd6-843b-89e9b0bcded1,Cyder Press,Cyder Press,,,,,
76ad7302-ef97-45ca-a7b0-aa5bcef6a62a,"Rivington, Percival and Company","Rivington,, Percival and Company",,,,,
1b1c7e99-5684-404b-83b5-e0f157acf93c,Liberal Democratic Party,Liberal Democratic Party,,,,,
4ef86af7-181e-45bc-9fa2-0fd3521d2867,Sesame Club,Sesame Club,,,,,
d5ac7ac5-5628-434f-875e-1cbdefb1b774,Evans and Arrowsmith,Evans and Arrowsmith,,,,,
a5f286de-56af-4bde-8de2-c25bd3065676,Royal Hibernian Academy,Royal Hibernian Academy,,,,,
88d6abc2-3e48-4c02-ac74-2c4eaa61dd10,Booth Theatre,Booth Theatre,,,,,
fcea9d00-37f1-4d0e-897b-c08129fadb1c,Spelman College,Spelman College,,,http://viaf.org/viaf/124366085 | http://viaf.org/viaf/132377850,http://viaf.org/viaf/124366085,http://viaf.org/viaf/132377850
3899ad60-0f93-46ca-b75e-1797d7d59c02,Criminal Record Office,Criminal Record Office,,,,,
05c676c1-c30f-4418-8441-a5a912bb03ad,Multiple Sclerosis Society,Multiple Sclerosis Society,,,,,
bda16f14-5f24-4977-8df5-d1a41bb81d16,Edison and Swan United Electric Light Company Limited,Edison and Swan United Electric Light Company Limited,,,,,
8beb1e5a-43b4-4596-9975-10b24ca1fd8d,"Queen Mary's Hospital, Sidcup","Queen Mary's Hospital,, Sidcup",,,,,
a8fffaf9-ad95-4d04-adc2-e22dcf2ae2a9,"St John's Church, Westminster","St John's Church,, Westminster",,,,,
f0597c05-88f6-411f-ae6f-42e602f744fb,United Nations General Assembly,United Nations General Assembly,,,,,
5d7037b6-eef7-4c7c-b6cc-ecd09b3f1880,Walnut Street Theatre,Walnut Street Theatre,,,,,
be55af08-2ae2-4211-829b-77648bbc1b51,Dominicans,Dominicans,,,,,
74af71c2-394b-4c16-9f3d-d288441214f1,Ackworth School,Ackworth School,,,,,
2f9b6314-ee75-4d84-97e5-d873aa9228fb,British Dental Association,British Dental Association,,,,,
ef69da8b-e545-4852-bdad-44a61b397713,Capel Street Theatre,Capel Street Theatre,,,,,
46460b13-ffc8-47e1-b844-df12e10c071b,Royal Albert Hall,Royal Albert Hall,,,,,
636eb6e7-3506-492c-8e49-dafa79b00876,Church Missionary Society,Church Missionary Society,,http://www.wikidata.org/entity/Q1089760,http://viaf.org/viaf/151638714,http://viaf.org/viaf/151638714,http://www.wikidata.org/entity/Q1089760
ec1d0e41-c095-4f30-b96d-17e5a5ba5406,Russian People's Information Bureau,Russian People's Information Bureau,,,,,
cb963e24-e9c0-41e6-8d28-550a9d97145e,Sundial Press,Sundial Press,,,,,
00cb175b-f2b2-4fe1-b310-373e53510618,Society for Protection of Unborn Children,Society for Protection of Unborn Children,,,,,
a3549cb3-0689-4278-8815-5d0b861c0c45,American Missionary Association,American Missionary Association,,,,,
75512186-7732-4c0a-a242-e2a52ece6633,Seattle Commune,Seattle Commune,,,,,
a96cab0d-6b95-411f-ac5f-469a790d59e8,E. Pickup,E. Pickup,,,,,
2f0a3ace-84d2-4a23-8e04-8f78dc61ba00,John Deeve,John Deeve,,,,,
0f5ab112-4e81-4977-8c29-8ab17d64e707,Chatto and Windus,Chatto and Windus,,http://www.wikidata.org/entity/Q3666843,http://viaf.org/viaf/131167970 | http://viaf.org/viaf/4152561485615440296,http://viaf.org/viaf/131167970,http://viaf.org/viaf/4152561485615440296 | http://www.wikidata.org/entity/Q3666843
090890d5-3479-4dc1-bdb1-9e0235631c43,Glasgow Tramways Department,Glasgow Tramways Department,,,,,
5b4c5fb1-1f96-4e2d-8543-159c9f63175a,Caxton Hall,Caxton Hall,,,,,
cbec1ff1-7c3e-4edd-a860-ad7855f8e61b,Southwark Club,Southwark Club,,,,,
efa288ce-70a4-427f-a920-58e2abe103b6,Women's Suffrage League,Women's Suffrage League,,,,,
472066d1-e74d-4b97-a999-048950ff9ad3,Scottish Modern Arts Association,Scottish Modern Arts Association,,,,,
4cfc5ff9-e941-46c3-ab25-091016c7530d,Scott Polar Research Institute,Scott Polar Research Institute,,,,,
5d4b5676-6875-4222-9fab-311c059fa4cf,Irish Censorship Board,Irish Censorship Board,,,,,
c7a654b0-8687-4550-bd87-652148d52c61,University of Tasmania,University of Tasmania,,,,,
21334738-094c-48d2-bc00-a88af42f6e23,Quaritch,Quaritch,,,,,
a5173e99-1080-49d6-8c70-43fa00933f01,Profile Books,Profile Books,,,,,
c0fcb626-9dac-4216-9153-e7291b598e50,Remploy Limited,Remploy Limited,,,,,
fb1f5562-b477-4cd9-b173-4b5ee1b8ea42,"St Paul's Church, Knightsbridge","St Paul's Church,, Knightsbridge",,,,,
dfb56b07-80e8-4f71-b938-c3365fe1f259,Garrick Theatre,Garrick Theatre,,,,,
7a79c1f8-e0d4-4412-8cb9-38e04c5afba8,Society of Women Artists,Society of Women Artists,,,,,
a84a888c-9e02-423f-b49f-78c1523e13d2,Trades Union Congress General Council,Trades Union Congress General Council,,,,,
c07f9964-0443-4e7e-8e35-4041aa47d08e,Iranian PEN Centre in Exile,Iranian PEN Centre in Exile,,,,,
fe751ec3-975d-435f-a723-4f9ae838b2b6,London Fire Brigade,London Fire Brigade,,,,,
d20894b3-61f4-4b11-b48e-3defb20bd157,Young J. Pentland,Young J. Pentland,,,,,
ff438c49-5275-48a7-9eb1-f09dec9323bd,London Brighton and South Coast Railway,London Brighton and South Coast Railway,,,,,
770eead4-a053-4a02-9e65-84a40479956d,Oxford City Library,Oxford City Library,,,,,
4fe4709d-efcc-4558-8804-f76292f32c5c,Victoria Female Orphan Asylum,Victoria Female Orphan Asylum,,,,,
53fe2776-42a0-4f49-b060-7b40e47f534b,University of East Anglia,University of East Anglia,,http://www.wikidata.org/entity/Q1045828,http://viaf.org/viaf/158217424,http://viaf.org/viaf/158217424,http://www.wikidata.org/entity/Q1045828
8fbacf51-b6ef-4a99-8be2-0c0c1459b546,American Anthropological Association,American Anthropological Association,,,,,
8a2cb058-4a86-4d2c-a18c-8e8f7a32d5e3,J. and A. Arch,J. and A. Arch,,,http://viaf.org/viaf/127710360,http://viaf.org/viaf/127710360,
dc58f13e-8f00-45ce-b7d1-00b198530440,Crow Street Theatre,Crow Street Theatre,,,,,
d9bf3f67-a470-4c62-8a87-97207683a14c,Royal Galleries,Royal Galleries,,,,,
ec0b64e9-4d6f-48db-b2ca-deb537a3af8f,Polka Theatre,Polka Theatre,,,,,
feb5ff1e-350f-469d-8ad6-3969a65ed7ad,Texas Southern University,Texas Southern University,,,,,
465da97f-71ff-4c98-ae0d-425e109cfc06,Henry Herringman,Henry Herringman,,,,,
b56b4e16-244c-4b56-a4b4-60bbcdc2f8d7,Lloyd and Booth,Lloyd and Booth,,,,,
ea906ecf-fad8-4dd4-87bf-a52ed3d03a7d,Fine Arts Commission,Fine Arts Commission,,,,,
fa3781b9-7a28-4ef7-b5fa-e47642bc2949,Moore,Moore,,,,,
9144c7fb-6e42-450b-be12-a091ea4b4b4a,Hastings Writers' Group,Hastings Writers' Group,,,,,
a235ff9d-502c-4ac0-b3e8-54c13435037c,Variety Club of Great Britain,Variety Club of Great Britain,,,,,
3e802bb6-4718-495b-8fc7-327f3d832ba8,Girton Literary Society,Girton Literary Society,,,,,
9f802ad3-787e-4a24-b621-14074986851d,Post Office,Post Office,,,http://viaf.org/viaf/138996776,http://viaf.org/viaf/138996776,
5e38ac9e-a787-4d6b-a318-53a03d97d85e,Jehovah's Witnesses,Jehovah's Witnesses,,,,,
1518cebf-f92f-43db-875f-743b8fdaff5d,Civil List,Civil List,,http://www.wikidata.org/entity/Q206874,,http://www.wikidata.org/entity/Q206874,
c409d096-d33b-4872-b2a2-24c01a7dd5d2,Women's Institute,Women's Institute,,http://www.wikidata.org/entity/Q2925762,,http://www.wikidata.org/entity/Q2925762,
3b5745b2-31c6-4b8c-855a-a15aaec3060f,Royal Entomological Society of London,Royal Entomological Society of London,,,,,
810b6803-40aa-4439-9f85-cc209598a8dc,Guild of the Poor Brave Things,Guild of the Poor Brave Things,,,,,
b21412e9-064c-4c83-8bac-105d31c0e160,Lowndes,Lowndes,,,,,
a2997603-a267-48fb-b9e2-387ae446cecb,Irish Home Rule League,Irish Home Rule League,,,,,
e1f0762d-17e2-491b-b953-72b571444e36,Labour Book Service,Labour Book Service,,,,,
be1c2af7-e88a-4935-ad52-1f41472859eb,British Library of Information,British Library of Information,,,,,
34570a6d-051c-45b3-b152-9ce985205513,Poor Law Commission,Poor Law Commission,,,,,
5f6adda0-b2e1-4585-a9dc-9d9d224e32cb,Chester Women's Suffrage Society,Chester Women's Suffrage Society,,,,,
8a27d643-8ec4-40d9-8d31-90adfc2e2146,Northamptonshire Record Office,Northamptonshire Record Office,,,http://viaf.org/viaf/155978998,http://viaf.org/viaf/155978998,
cd0acd8d-d7ca-4a0b-a17f-cbea2f1ab657,F. N. A. C.,F. N. A. C.,,,,,
37c2e2ae-af0f-4374-b6e1-08ba543c8588,Steam Press,Steam Press,,,,,
d1fe98ed-f5d5-4607-b77f-98b63fcb87f9,National Organization of Girls' Clubs,National Organization of Girls' Clubs,,,,,
71402722-363b-4738-8ccd-a2ccd6ba7526,Sisters of Charity,Sisters of Charity,,,,,
7f448c7c-c2cf-465f-a175-10f276c91497,Kildare Hounds,Kildare Hounds,,,,,
b7dad3c8-3f3e-4c96-8c77-28a11f8d8b70,Preservation Microfilming Office,Preservation Microfilming Office,,,,,
b16a8308-02af-4418-920a-614705be8128,Balmain Hospital,Balmain Hospital,,,,,
3b1246be-cf3e-4564-bd9b-87d86bb5a772,British Federation of Master Printers,British Federation of Master Printers,,,,,
404f3bb1-badc-4c55-a70d-cdbdc649f7ea,Society for Suppressing Idiots,Society for Suppressing Idiots,,,,,
1974ac91-3206-42e7-965f-886655c6a1ff,Weardale Press,Weardale Press,,,,,
d460580b-0ad8-4be6-9016-42a8a1112c8d,"Mercury Theatre, Colchester","Mercury Theatre,, Colchester",,,,,
778cd03c-5c90-49e0-b79d-11c7013d3386,William Heinemann Archive Collection,William Heinemann Archive Collection,,,,,
e8482cf5-0fa2-47cd-ad67-5e36c94f5d34,St Pancras Working Men's Association,St Pancras Working Men's Association,,,,,
a72d7579-0bfe-4628-9a0a-3f7fe71d0b3a,Davis British Women Romantic Poets Series,Davis British Women Romantic Poets Series,,,,,
518a71b0-05fc-4508-903d-0eab77820151,Edinburgh Essay Society,Edinburgh Essay Society,,,,,
6d16042e-f89f-42e4-a7d5-ae1d2309eff3,Lollards,Lollards,,,,,
4672ae0a-1e31-465e-b55a-4859a89cfb8c,Lancashire Institute of Contemporary Arts,Lancashire Institute of Contemporary Arts,,,,,
77d967b5-2582-4b47-a152-cbc51d32b3cb,Other Place,Other Place,,,,,
157e934b-0b79-4966-a8bb-84664d7cdde2,Victoria Hospital for Children,Victoria Hospital for Children,,,,,
5463a27d-eb07-42e9-b491-4537a98f9cfe,Central Committee of the Communist Party of the Russian Federation,Central Committee of the Communist Party of the Russian Federation,,,,,
d29752c8-6cf1-4ea0-810a-0ce5822dcc2b,Co-operative Press,Co-operative Press,,,,,
dda69a30-aa4e-412d-aa99-e0bb38236b10,City of Dublin Nursing Institution,City of Dublin Nursing Institution,,,,,
a54eb5ca-588b-448e-847d-9b712db04fd1,Royal Court Theatre Downstairs,Royal Court Theatre Downstairs,,,,,
6d8b1909-fd96-498f-8ac1-56667e8baf0f,Auxiliary Fire Service,Auxiliary Fire Service,,,,,
06cb34e2-d2b2-4d2b-bd67-8d171f4be40c,Festiniog Railway,Festiniog Railway,,,,,
9c3a556c-b0bc-41bb-80c3-60b72a71cfc3,Maison Espérance,Maison Espérance,,,,,
dffbd61b-cffc-42e2-ac59-ead68664cc1b,Albert and Charles Boni,Albert and Charles Boni,,,,,
a887d806-8ba3-4711-a014-749cfde11227,Royal National Theatre,Royal National Theatre,,,,,
4a873aa3-8cd5-41a5-ad1a-4ae30d2d9cca,Grosvenor Sanatorium,Grosvenor Sanatorium,,,,,
d21028e3-4e0e-4258-91eb-6a9438188637,Lady Hawkins's School,Lady Hawkins's School,,,,,
ff897f08-0dc0-4e1c-ba41-e1bc4757be3d,"National Museum, Ireland","National Museum,, Ireland",,,,,
6475fab3-b822-47e1-91bb-b57816d53828,Elibron Classics,Elibron Classics,,,,,
aca7f320-a419-408e-a6db-ac2270238248,Penguin Putnam,Penguin Putnam,,,,,
974e3a68-baaa-4ed2-ae16-8a0cded50d80,Irish Transport and General Workers Union,Irish Transport and General Workers Union,,,,,
8e196b73-67aa-4610-83c3-e71aef977a6f,Chelsea Art School,Chelsea Art School,,,,,
566d7a2d-a7f9-4d70-a4e4-2229ac8d7c1c,Tate Liverpool,Tate Liverpool,,,,,
efe77a45-444a-4837-99a1-8c30b19c2cde,Liberty and Property Defence League,Liberty and Property Defence League,,,,,
2e7e2834-2b6a-4d1b-add4-cbbaac56548a,Andrew Wiley Agency,Andrew Wiley Agency,,,,,
554f2b79-9acb-45b6-94bc-2787f67c382b,Give and Take Club,Give and Take Club,,,,,
2a66b196-fa8c-4ce8-880d-07197f7aed9f,University of Tulsa,University of Tulsa,,http://www.wikidata.org/entity/Q1848657,http://viaf.org/viaf/132241200,http://viaf.org/viaf/132241200,http://www.wikidata.org/entity/Q1848657
49e362ca-eadd-41f6-af2d-aeeb465e42b3,Law Students' Civil Rights Research Council,Law Students' Civil Rights Research Council,,,,,
a299a125-3691-4643-921f-4794d12cc8ee,Sizewell Nuclear Power Station,Sizewell Nuclear Power Station,,,,,
83b10c69-ff8d-4313-bddd-36d57865c7c8,Académie Française,Académie Française,,http://www.wikidata.org/entity/Q161806,http://viaf.org/viaf/126246242,http://viaf.org/viaf/126246242,http://www.wikidata.org/entity/Q161806
00ce2c41-b247-44e3-a9d9-b10a155413f9,Athlone Press,Athlone Press,,,http://viaf.org/viaf/126853904,http://viaf.org/viaf/126853904,
038614a5-0851-46e4-a567-a58a4a710510,B. T. Batsford,B. T. Batsford,,,http://viaf.org/viaf/130793280,http://viaf.org/viaf/130793280,
72bc9546-d80c-496d-a94a-9e55d83b37fb,Runnymede Trust,Runnymede Trust,,,,,
2ffb460b-1e43-42fe-a2ba-08de9388573e,Cambridge University Library,Cambridge University Library,,http://www.wikidata.org/entity/Q1028334,http://viaf.org/viaf/140790558,http://viaf.org/viaf/140790558,http://www.wikidata.org/entity/Q1028334
763792f3-7a9e-47e4-bfd9-ee5a88c7e6c9,Lanston Monotype Corporation,Lanston Monotype Corporation,,,,,
32c1fd04-048b-4f69-96d1-4e7ecb578919,Jonathan Cape,Jonathan Cape,,http://www.wikidata.org/entity/Q3277534,http://viaf.org/viaf/121293281 | http://viaf.org/viaf/311357659,http://viaf.org/viaf/121293281,http://viaf.org/viaf/311357659 | http://www.wikidata.org/entity/Q3277534
a304bee4-5718-4797-b568-c69fd94e8b31,Anthropological Society,Anthropological Society,,,,,
9ab3af4b-af31-40e0-aa5b-b7818db87b3c,Caledonian Horticultural Society,Caledonian Horticultural Society,,,,,
ffd089ed-4fbd-4c65-b143-60364a2021db,National Social Purity Campaign,National Social Purity Campaign,,,,,
897b1c7d-c713-471f-be92-91814c014a87,Mary Erskine School,Mary Erskine School,,,,,
29b41504-d58d-49e0-aa87-f6a2a56719f1,International Publishing Corporation,International Publishing Corporation,,,,,
4eb8f03d-73a1-4e63-9a9d-f2f08babab42,Havering Sixth Form College,Havering Sixth Form College,,,,,
023e915c-f555-4adb-84fb-2c5321167a71,Foyle Art Gallery,Foyle Art Gallery,,,,,
9974700f-1473-4643-a7c8-b506abde64ed,"Globe Theatre, New York","Globe Theatre,, New York",,,,,
4f68c335-ae56-4088-833e-ec87f672465d,Women's Graduate Association,Women's Graduate Association,,,,,
6a378aa5-b5cd-45be-a8f7-8bbfd156404d,Natural Environment Research Council,Natural Environment Research Council,,,,,
4c48914e-b49e-42f1-90e3-1de13cc2f014,Washington Shakespeare Company,Washington Shakespeare Company,,,,,
c6420f38-331c-4685-90d5-76e7a5ac08bb,Betzec,Betzec,,,,,
d2f4ab3c-4483-4d4a-8109-f89d31f27a58,Leamington College,Leamington College,,,,,
d2598b0b-2178-4591-9486-ec93cdeafb3d,Ladies' Charity School,Ladies' Charity School,,,,,
676ab507-ec71-498e-9730-8a8b3ce14733,Abolitionist Movement,Abolitionist Movement,,,,,
5631a9e4-e088-482f-87fd-72e8bd0fb1e9,National Council for Civil Liberties,National Council for Civil Liberties,,,http://viaf.org/viaf/127490944 | http://viaf.org/viaf/156956730 | http://viaf.org/viaf/173159234742903372616,http://viaf.org/viaf/127490944,http://viaf.org/viaf/156956730 | http://viaf.org/viaf/173159234742903372616
b1675249-6ecd-4ef9-b166-2dbebc808152,Colby College,Colby College,,,,,
09b14434-28b2-4bf5-89da-a6a46b2de113,Theatre at New End,Theatre at New End,,,,,
bc8ef57a-aab8-4fbf-82d5-8d3e8d4285b5,"Theatre Royal, Gloucester","Theatre Royal,, Gloucester",,,,,
21e53980-c4c5-4b88-a55e-ba741e46696e,Co-operative Union,Co-operative Union,,,,,
873498c5-a619-4f82-9e1b-3cb4f2c49ced,Physical Society of London,Physical Society of London,,,,,
bf258b41-d3cc-495c-811a-6d45cc1afb00,BEL Productions,BEL Productions,,,,,
7b9747cc-82eb-42dc-b3fd-1db137edcbcd,West End Lane Books,West End Lane Books,,,,,
8b1762c1-a5e4-46c0-8062-83136c92e078,National Society for Mentally Handicapped Children,National Society for Mentally Handicapped Children,,,,,
5e42ee68-363a-402c-9933-b594180062ca,Anglo-French Art Centre,Anglo-French Art Centre,,,,,
50092ca9-4546-4c61-9453-086302d85a86,Henry Miller Theatre,Henry Miller Theatre,,,,,
30a51746-2857-41f7-afda-cc5865459f3d,National Council of Women of Great Britain and Northern Ireland,National Council of Women of Great Britain and Northern Ireland,,http://www.wikidata.org/entity/Q25053632,,http://www.wikidata.org/entity/Q25053632,
82b36608-f413-48b9-b487-0acfda8cfa2e,Upton Hall,Upton Hall,,,,,
aaa440ba-9117-4182-b006-19e1933183fd,FBI,FBI,,http://www.wikidata.org/entity/Q8333,http://viaf.org/viaf/136624868,http://viaf.org/viaf/136624868,http://www.wikidata.org/entity/Q8333
6a150fa3-46e9-4608-aad9-6fb83176771d,Royal Commission on Population,Royal Commission on Population,,,,,
63d9a36d-16fc-4b8c-80c8-6d6f53faf259,Junior Literary and Philosophical Society,Junior Literary and Philosophical Society,,,,,
58c75d97-29d9-4c32-8209-21489b9a610b,University of Beijing,University of Beijing,,,,,
85da5669-fdf8-44fb-9546-bf948317a6a8,Minerva Circulating Library,Minerva Circulating Library,,,,,
41f5b605-91f0-4067-b2ca-db8a738f8a07,MacGibbon and Kee,MacGibbon and Kee,,,http://viaf.org/viaf/315242555,http://viaf.org/viaf/315242555,
703edad2-a117-4fb6-90f9-561b79e3f9b9,University Women's Club,University Women's Club,,,,,
76abc4ab-75ad-4016-ba91-e9edad29a772,Adeline Désir Institut,Adeline Désir Institut,,,,,
194e5b26-87f9-4320-84f6-4ee0f7420115,University of Zurich,University of Zurich,,,,,
8397eb07-1223-49ba-8020-67ab27a740e8,Mourning Reform Society,Mourning Reform Society,,,,,
04fbf130-8ab3-449f-a96e-e2c985666e2b,Evangelical Union of South America,Evangelical Union of South America,,,,,
a6c58be3-6d16-451e-bd02-3ac7ff5d4d11,Society of Friends' Northern Peace Board,Society of Friends' Northern Peace Board,,,,,
223c7065-df95-4a5d-886d-f0e4cf283f3f,Board of Creative and Performing Arts,Board of Creative and Performing Arts,,,,,
7358c101-d1e0-4834-aad0-8afbc368acfb,"Nuffield Hospital, Hull","Nuffield Hospital,, Hull",,,,,
883399e3-1a55-466b-99cf-734571711313,Syracuse University Library,Syracuse University Library,,,,,
a86d2ad8-b5cd-456a-aa6a-1a3092517342,Montana State University,Montana State University,,,,,
6c47d187-210c-4441-96fd-00eeb7f82371,Scottish Youth Theatre,Scottish Youth Theatre,,,,,
bc3ccac1-de9c-45b1-8a2b-8cc4d54e93c2,Macquarie University,Macquarie University,,,,,
8056c9ce-5103-4c33-a0ec-1b575e0a772e,D'Oyly Carte,D'Oyly Carte,,,,,
76f5fbac-4347-4c54-9d93-24e2d52f2709,St Chad's Roman Catholic Church,St Chad's Roman Catholic Church,,,,,
dbc4ba36-d711-4a2f-9270-fadae16f4627,Woolangabba School,Woolangabba School,,,,,
78ee159a-170f-4c2c-a19e-5341eba3ded5,CBC,CBC,,,http://viaf.org/viaf/144201535,http://viaf.org/viaf/144201535,
7faedc60-4237-4738-8496-5b3bc0b6dbd9,Millennium Commission,Millennium Commission,,,,,
e0a5d684-66aa-4cf8-ba59-a94e9ccd4e16,Sells Ltd,Sells Ltd,,,,,
0f3f843b-12a2-447a-a64a-27d1cfbd31f5,Cranagh Press,Cranagh Press,,,,,
df4bf001-c742-465a-865c-80c9a5c05ada,Quaker Publishing Committee,Quaker Publishing Committee,,,,,
d8b51908-5b85-40f4-98fd-0e3d1a161df9,J. B. Lippincott,J. B. Lippincott,,,http://viaf.org/viaf/136037399,http://viaf.org/viaf/136037399,
1975dfe8-0cd8-4c36-bd74-82f0daf2e0bc,Savile Club,Savile Club,,,,,
7a68b500-ee71-452a-8f75-eca126977f49,University of Essex,University of Essex,,http://www.wikidata.org/entity/Q1075104,http://viaf.org/viaf/136064028,http://viaf.org/viaf/136064028,http://www.wikidata.org/entity/Q1075104
dc2160b4-b792-41d3-a791-d7d8c2706182,Duke's Company,Duke's Company,,,,,
a93dabea-a48e-490e-92b5-fbd963f229d9,Young Minds,Young Minds,,,,,
ca797bb6-96db-422a-8383-d659932a627e,All-Party Action Group,All-Party Action Group,,,,,
d53d2964-3045-4fce-9a40-1f76dc6eb132,Ministry of Transport,Ministry of Transport,,,,,
c8915a5a-6a8e-4b95-b377-c6b79e6bdd0d,National Guard,National Guard,,,,,
b42a119e-4ad0-4161-bc9e-cd375fc22d16,Spastics' Society,Spastics' Society,,,,,
5dd5cba0-a995-4bc6-8928-32cf644c9771,Governesses' Benevolent Institution Asylum,Governesses' Benevolent Institution Asylum,,,,,
64f52d13-4e78-4d50-aad5-480da5a3358b,Sisterwrite Bookshop,Sisterwrite Bookshop,,,,,
7f52d2a5-4a72-4870-91d3-7640d964d7a7,Comforts Fund,Comforts Fund,,,,,
f1b4c396-e608-4fec-b507-1ed5db28f818,Organisation on Security and Cooperation in Europe,Organisation on Security and Cooperation in Europe,,,,,
a399332e-d4e8-4212-bcee-6964d2de8041,Irish Society,Irish Society,,,,,
708c321b-9530-4aa3-b49c-b7dc3a3f816b,World Health Organization,World Health Organization,,,http://viaf.org/viaf/135618969,http://viaf.org/viaf/135618969,
aa402835-e013-4bc9-8137-a0fb4408fdc9,Jevons and Sons,Jevons and Sons,,,,,
9350f987-f528-4169-915a-21ce8cc4baac,Lugene Gallery,Lugene Gallery,,,,,
f272ffa2-a064-4eb4-971a-03cf96f52d66,"Fox, Fowler and Co.","Fox,, Fowler and Co.",,,,,
7d0ac51e-0c88-4b7a-957e-60d443862a92,Angus and Robertson,Angus and Robertson,,,http://viaf.org/viaf/159379729,http://viaf.org/viaf/159379729,
4177e8a3-8237-41b3-94e9-3adb080f360c,University of Wolverhampton,University of Wolverhampton,,,,,
ac965788-98db-4f32-acbb-16c3153e98c3,Goethe University,Goethe University,,,,,
4a0890ad-7738-43ca-b1db-d4ecb4a0c23c,Schocken,Schocken,,,,,
ba92b352-625b-4e8c-83ef-63629e5d6819,"Goldsmiths' College, University of London","Goldsmiths' College,, University of London",,,http://viaf.org/viaf/156044809,http://viaf.org/viaf/156044809,
b0d2df10-57f8-411b-9e2e-eb82a7b2b20c,Wormwood Scrubs,Wormwood Scrubs,,,,,
511b8a7a-e7cf-4aca-866d-99f55be1ac64,Society for the Improvement of Prison Discipline,Society for the Improvement of Prison Discipline,,,,,
48e89c24-7e89-400d-9df8-a948d9c0f49a,Lichfield Record Office,Lichfield Record Office,,,,,
d2ba4541-412f-47f3-8090-3466949d623a,Lehigh University,Lehigh University,,,,,
5998047e-7a98-4d2f-9ca2-5bf0ea1d60b2,Irish National Parks and Wildlife Service,Irish National Parks and Wildlife Service,,,,,
1d1b62e4-a8c3-426e-9a8e-7608c9cc153d,Territorial Army,Territorial Army,,,,,
3eefbc4c-898c-44c3-b1d8-ff6569801cfe,Faith Ministries,Faith Ministries,,,,,
53c6ede3-0945-419e-85cb-d15942b4bbe0,Lancing College,Lancing College,,,,,
27c84df0-5a17-4aac-9917-31175f285293,Bloomsbury Children's Books,Bloomsbury Children's Books,,,,,
fdfc1e14-99a1-4159-852d-7c51db4c69ce,Wolsey Street Primary School,Wolsey Street Primary School,,,,,
7b8e9c22-da4c-45f7-8dec-ec76268056c8,University of Tehran,University of Tehran,,,,,
89f02244-b411-4d62-8051-2e9e441d9fd9,A. J. Valpy,A. J. Valpy,,,,,
881564f0-debb-4a6f-b587-69b6b351be20,Fleet Prison,Fleet Prison,,,http://viaf.org/viaf/138446650 | http://viaf.org/viaf/204682895,http://viaf.org/viaf/138446650,http://viaf.org/viaf/204682895
aede1022-dd90-4531-ad8d-d4fcb44f301a,Common Cause Publishing Company,Common Cause Publishing Company,,,,,
3ab013d4-9b94-4d76-af87-b71b1e92d420,Halcyon Press,Halcyon Press,,,,,
96afe52a-3ef3-4ce7-967e-0eaf83102181,J. Morphew,J. Morphew,,,,,
f00df3b5-b5b4-4610-a191-2343ed1dc6b0,Colored Methodist Episcopal Church,Colored Methodist Episcopal Church,,,,,
e489e0e4-2297-4294-a3b1-31095b826738,William Whyte and Co.,William Whyte and Co.,,,http://viaf.org/viaf/151591869,http://viaf.org/viaf/151591869,
d28ceed6-d031-470d-8b04-4df9a6b5ee2e,Hammer Books,Hammer Books,,,,,
479d6c73-d066-4fd5-be73-394cded2b035,Grosset and Dunlap,Grosset and Dunlap,,,,,
d3155b57-a331-4f7f-84c1-bc998fdbae6b,Turret Bookshop,Turret Bookshop,,,,,
7403f5b9-1c5e-48a0-b1a4-fbc1ee31632d,Frick Museum,Frick Museum,,,,,
b3c5b70d-a47c-4eba-a9f2-95267ba74a79,"Millar, Kincaid and Bell","Millar,, Kincaid and Bell",,,,,
df92f16e-303b-4c66-9a08-5fd41bf82e04,Smokestack Boooks,Smokestack Boooks,,,,,
a0347225-d57e-4521-8b69-c9cec0950202,Binghamton University,Binghamton University,,,,,
176bf4cc-6452-45d1-b7b3-5ad50e8a4577,London Anti-Vivisection Society,London Anti-Vivisection Society,,,,,
7b42e850-f6d8-4ee0-9927-701c259a3a8b,John Harris,John Harris,,,http://viaf.org/viaf/146961176,http://viaf.org/viaf/146961176,
59221857-35a0-40c8-8b37-e125ae71c709,"Royal Circus, London","Royal Circus,, London",,,,,
a4a5f4d7-dce0-43c3-b8e6-7c30bfc2ce90,Yale University Press,Yale University Press,,,http://viaf.org/viaf/121971897,http://viaf.org/viaf/121971897,
785dc554-dbe3-4a3b-9a1c-41e613c7680b,Workshop Press,Workshop Press,,,,,
8424cd5e-8be9-4a94-9929-03bc15c4a01d,War Pensions Committee,War Pensions Committee,,,,,
a26a0124-3116-47a7-a987-170f4628ad3b,Royal Military College,Royal Military College,,,,,
940a71aa-94bb-4dfd-8928-66f069ff2e3c,Westminster Press,Westminster Press,,,,,
baa33a64-9f9f-499f-ad0e-1c6f816a836d,Eli Lilly,Eli Lilly,,,,,
8ff4f93d-f4d4-42e5-b946-a28be712b0a6,"National University of Ireland, Galway","National University of Ireland,, Galway",,,,,
0431f851-dcd3-4e8c-af93-5e393cc4c2de,Children's Literature Association of North America,Children's Literature Association of North America,,,,,
2fab71c0-66dd-4193-aeda-5dd1869d4a1a,Hebrew Writers' Association,Hebrew Writers' Association,,,,,
52b2d953-5ea7-4eca-a485-670bc749048d,National Cyclists Union,National Cyclists Union,,,,,
16ca6243-e955-475b-9097-d1aee044d812,Hertfordshire Archives,Hertfordshire Archives,,,,,
bf59ad93-01eb-40c9-9094-0a3cc2f4c1aa,Abbot Academy,Abbot Academy,,,,,
924c2e6b-3775-4d81-b67d-893f6e2c8598,San Francisco Vigilance Committee,San Francisco Vigilance Committee,,,,,
4257cc04-548c-4b64-99ac-87686f94a43c,Huddersfield Women's Liberal Association,Huddersfield Women's Liberal Association,,,,,
6712d741-1ac0-43cd-a235-1d89550d1808,2-way Mirror Theatre Company,2-way Mirror Theatre Company,,,,,
fec40c01-8704-493c-a551-9b939f005276,St Mary of Bethlem,St Mary of Bethlem,,,,,
7005ec59-19f9-4139-8903-70e0592869dd,Sisterhood of St John the Baptist,Sisterhood of St John the Baptist,,,,,
26d749a6-f338-4dfa-a8a7-9a87882e1194,Dispensary for the Infant Poor,Dispensary for the Infant Poor,,,,,
b8be41f1-7011-4f45-986c-fdf7a1ae5358,Board of Agriculture,Board of Agriculture,,,,,
50390168-55f5-407c-854e-85ced7fc1d1c,Commission on the Status of Women,Commission on the Status of Women,,,,,
bb86c18e-780a-41e1-80e4-9963ae70fb15,Royal Aeronautical Society,Royal Aeronautical Society,,,,,
5e8a3a97-27e9-4706-923a-0dfcfba4689f,Hall of Science,Hall of Science,,,,,
61b2c398-7a87-4b71-9891-8bb1712b069b,Equal Pay Commission,Equal Pay Commission,,,,,
32afeeb8-afe7-4abf-866f-f05cc6bfde6e,Khmer Rouge,Khmer Rouge,,,,,
8cc34f44-48d3-44e7-b62b-fb7382e899cc,City Literary Institute,City Literary Institute,,http://www.wikidata.org/entity/Q5123283,http://viaf.org/viaf/154737706,http://viaf.org/viaf/154737706,http://www.wikidata.org/entity/Q5123283
fb7722f3-c1a6-4fd7-ad9f-54fa706c4d49,Dundee and District Domestic Servants Association,Dundee and District Domestic Servants Association,,,,,
d485acab-5fa8-44a8-95d9-0cfb78c5ad65,Working Men's College,Working Men's College,,,,,
a0ad4bef-fada-4dac-ae30-c894b5ad467b,Brick Books,Brick Books,,,,,
a0515fc8-7dcd-42bf-b929-75802862b876,L'Ecole de Médecine,L'Ecole de Médecine,,,,,
ea8baafa-96ae-4faf-a675-7ae65bdee59f,Deutsche Akademie,Deutsche Akademie,,,,,
3fe6d679-08db-4fa6-98ae-c45925807883,OmniSys Corp,OmniSys Corp,,,,,
3acf766e-2b7b-46cf-aae6-1cf4ffbda1a1,Seacliff Psychiatric Hospital,Seacliff Psychiatric Hospital,,,,,
5d53ced3-d408-49ed-9fc2-05313746cbcc,National Childbirth Trust,National Childbirth Trust,,,,,
024ef08d-3f69-4462-bb8e-8cc3c5ebcc0b,National Library of Scotland,National Library of Scotland,,http://www.wikidata.org/entity/Q1670994,http://viaf.org/viaf/132075128,http://viaf.org/viaf/132075128,http://www.wikidata.org/entity/Q1670994
2f75fedf-94a3-402a-b0c8-17b110bca4ba,Kessinger Publishing,Kessinger Publishing,,,,,
e932b393-e6a1-4af9-a5c3-ba5f6f8b58de,"St Joseph's Convent, Hendon","St Joseph's Convent,, Hendon",,,,,
3c9d267c-b66f-40b2-8e11-e06e31f78673,Town House,Town House,,,,,
e567f56d-d51e-44a0-99a2-66819edc49c2,Bruisyard Abbey,Bruisyard Abbey,,,,,
30538c29-eba0-42e8-836f-696e3a41e35b,Pocket Books,Pocket Books,,,,,
692dc135-beb5-4810-9cf4-7dd654e967c3,Old Bridewell Prison,Old Bridewell Prison,,,,,
1d558500-832e-4b95-aa7c-f03693ea4804,Aberdeen Musical Society,Aberdeen Musical Society,,,,,
f157053f-6c3d-4a0b-bfb4-763e795e2809,Bew,Bew,,,,,
7676ae21-b437-4741-96bb-7fa207689c43,German Gallery,German Gallery,,,,,
2be47e51-584b-4b01-915d-54f3e224c22e,Future Library,Future Library,,,,,
7aa4daa0-d746-4242-8cb8-129e78d4e1c9,Community of St Katherine of Egypt,Community of St Katherine of Egypt,,,,,
afb6c828-62bf-45ce-8f1f-9911add77ba0,Office of Facts and Figures,Office of Facts and Figures,,,,,
12f908d6-7061-48aa-a7f9-89eedc38bc71,Ball State University,Ball State University,,,,,
ef3374f2-f627-4f27-9454-3c3231022223,Citizens Advice Bureaux,Citizens Advice Bureaux,,,,,
faa3f2cb-8439-45ae-8a07-8e768c57d420,West London Democratic Association,West London Democratic Association,,,,,
dd7d4fbb-76c5-4855-acb3-9aad4d45177d,Committee for the Protection of Coloured Women in the Crown Colonies,Committee for the Protection of Coloured Women in the Crown Colonies,,,,,
d532509d-3f63-4a9a-9c73-aa70ede2f51b,British Army,British Army,,http://www.wikidata.org/entity/Q222595,http://viaf.org/viaf/124946906,http://viaf.org/viaf/124946906,http://www.wikidata.org/entity/Q222595
c29ce1e8-ea87-49b9-b2d0-cec40344805c,Souvenir Press,Souvenir Press,,,,,
0aedf598-3c3d-4f81-91be-fefed6a1231c,Royal Library at Copenhagen,Royal Library at Copenhagen,,,,,
79304334-f165-4551-9c2e-325378b84e30,"Theatre Royal, Edinburgh","Theatre Royal,, Edinburgh",,,,,
6ffe91be-2df1-41c1-abcc-3aafc7265f22,Devonshire Commission,Devonshire Commission,,,,,
9b2fd36f-4906-4006-8130-cae396c33975,Women's Emancipation Union,Women's Emancipation Union,,,,,
f9ee7ea5-81c1-4b73-83a5-e14bc6750add,Plon,Plon,,,,,
33989997-31a8-4d96-91c5-428a0696b157,International Hydrographic Bureau,International Hydrographic Bureau,,,,,
51ea3ef3-3a95-4bad-9bc5-4163ccc62b4f,Irish University Press,Irish University Press,,,,,
1623cea0-0cec-41ac-bcc5-1e8502830425,Bridewell Prison,Bridewell Prison,,,,,
9758dc74-61ee-48e0-8b51-fd3d2dbad55c,MGM,MGM,,http://www.wikidata.org/entity/Q179200,http://viaf.org/viaf/129762115,http://viaf.org/viaf/129762115,http://www.wikidata.org/entity/Q179200
45bd0a8d-af23-4a87-8e01-b247ec73a4d7,New Hospital for Women,New Hospital for Women,,,,,
ab6e9877-a198-47bf-9690-c2c9a43913f2,Makerere University College,Makerere University College,,,,,
a82a744e-342a-4c34-9fc7-7ea4239b8a16,"Imperial University, Tokyo","Imperial University,, Tokyo",,,,,
7126c174-2aa6-4e6f-b4a6-40983c1b820f,Harvard University Library,Harvard University Library,,,http://viaf.org/viaf/129558359,http://viaf.org/viaf/129558359,
ca09b4e3-c8b2-4cd5-9043-18e700ec6a10,St Paul's Industrial School,St Paul's Industrial School,,,,,
4f3e247a-0f1c-4739-8f1a-ba04b5d42c37,Attic Press,Attic Press,,,,,
62c4bef9-d1cc-416c-a5fa-3029a32e7255,Nottingham Playhouse,Nottingham Playhouse,,,,,
a2056982-9d67-48a9-9fa2-3646fb56e353,Museum of London,Museum of London,,,,,
c7834e07-be59-43e0-802b-3ad1dd656a23,Format Photography Agency,Format Photography Agency,,,,,
9e44fe19-e4dc-4e35-8299-12bb83fac782,Argosy and Sundial Libraries,Argosy and Sundial Libraries,,,,,
018df972-da4a-4f40-9acf-6b0a9e26f15c,Hillcroft College,Hillcroft College,,,,,
88f69cf9-1797-42c3-887b-84cdec348cc4,Raleigh,Raleigh,,,,,
acd93c84-aa86-4358-b150-efca8c298ddd,Women's Christian Temperance Union,Women's Christian Temperance Union,,,,,
68ff8e66-37da-4640-84a6-d425c7b2dc3d,Heidelberg Ophthalmological Society,Heidelberg Ophthalmological Society,,,,,
6ad6df3b-3f5a-45b4-b56d-5d4a2eae7008,Royal Society of Literature,Royal Society of Literature,,http://www.wikidata.org/entity/Q1468277,http://viaf.org/viaf/127261399,http://viaf.org/viaf/127261399,http://www.wikidata.org/entity/Q1468277
96e2ff1d-e77a-40f4-8b24-6fff53944568,Roslin Institute,Roslin Institute,,,,,
e26fa03c-8b4e-481b-84c4-7787a6c8b76c,Tailoresses' Union,Tailoresses' Union,,,,,
64bac168-279b-4844-a1bf-c42ae8c5db00,Pegasus Press,Pegasus Press,,,,,
47e61d88-284b-41af-9dce-ecebce8e4194,Society of Biblical Archaeology,Society of Biblical Archaeology,,,,,
6fb092ff-c19f-474b-9405-133005d65076,Winchester College,Winchester College,,http://www.wikidata.org/entity/Q1059517,http://viaf.org/viaf/150825867,http://viaf.org/viaf/150825867,http://www.wikidata.org/entity/Q1059517
32dcf7a9-3f9e-4952-9b0b-9ab03d803e67,Christchurch Girls' High School,Christchurch Girls' High School,,,,,
c419b1e1-5a22-4ace-b9ab-5534f9693f6b,Theatre Passe Muraille,Theatre Passe Muraille,,,,,
a1b57fde-fd7b-4a80-83e0-f4452b46f47c,Unemployment Assistance Board,Unemployment Assistance Board,,,,,
b302347a-c671-44b8-b33a-a1504bdea493,Goodman's Fields Theatre,Goodman's Fields Theatre,,,,,
c5d84a7d-032d-44f7-a511-1b08b07747c3,Something Else Press,Something Else Press,,,,,
05830725-7569-489c-a5f3-489640600e8b,Scottish Curative Mesmeric Association,Scottish Curative Mesmeric Association,,,,,
ca014cda-991d-4a77-a7ac-ece12df081df,Savill and Edwards,Savill and Edwards,,,,,
8191c4d3-fae1-404b-baa0-1f47ef7cc17f,Words Press,Words Press,,,,,
ab80ab7b-33b0-40e2-98a0-8d9e30f69ff4,Workwoman's Society,Workwoman's Society,,,,,
f7197a34-ee25-45cb-b4eb-38e9b2324773,Children's Classics,Children's Classics,,,,,
f734cf12-3a1c-4cac-96a9-0b6bd97a5c56,East London Democratic Association,East London Democratic Association,,,,,
d96a34f9-f07e-4625-92a3-32c69ded2ee2,Chambers,Chambers,,,,,
91d5daff-804d-4279-a362-b1ec0bcc05ce,Bank of New Zealand,Bank of New Zealand,,,,,
f2f60e8c-079e-4b65-8857-eebb7d8b16f0,Equal Employment Opportunity Commission,Equal Employment Opportunity Commission,,,,,
5c6d6c5c-b61d-49d6-bc06-cf16db4504e8,Oriental Institute,Oriental Institute,,,,,
7a87e176-bb2c-41b7-adfb-40c77fa5fdb4,National Theatre of Wales,National Theatre of Wales,,,,,
09f73522-0551-41fc-a9b6-78d5d07c6404,Sheffield Photo Company,Sheffield Photo Company,,,,,
38d29ce0-7a72-410e-a235-89ff1f0f5631,University of Alexandria,University of Alexandria,,,,,
05f5ede7-815d-4363-88a7-b6ba7c8d2c3d,Fellowship of Reconciliation,Fellowship of Reconciliation,,,,,
aeefa4d3-c5b8-48d9-881f-417cbffee115,Andrew Millar,Andrew Millar,,,http://viaf.org/viaf/15008766,http://viaf.org/viaf/15008766,
9e25f03f-ef74-4c64-a70a-5cfef999603b,Thames Television,Thames Television,,,http://viaf.org/viaf/124309858 | http://viaf.org/viaf/264964153 | http://viaf.org/viaf/4708155769093227880003,http://viaf.org/viaf/124309858,http://viaf.org/viaf/264964153 | http://viaf.org/viaf/4708155769093227880003
0bd56e80-d662-48a0-8341-42c4b5bea221,Girls' Auxiliary,Girls' Auxiliary,,,,,
56b5062a-466c-4e4b-ba08-8f3e980a4f55,Silver Leaf Books,Silver Leaf Books,,,,,
dbd4ea7f-9c28-40b4-b08a-ca1d67f02cb9,NSA,NSA,,,,,
c58cb09a-66a3-454b-ae86-6b1ec980146c,Bradford Civic Theatre,Bradford Civic Theatre,,,,,
bd095c3c-7555-4e92-a7a0-690e48452b1f,National University of Ireland Graduates Association,National University of Ireland Graduates Association,,,,,
79b49f4a-092a-4bdf-9b80-792f42286818,Wilfrid Laurier University Press,Wilfrid Laurier University Press,,,,,
345a56e0-6116-4395-8bdc-defda2cf5cc9,Personal Rights Association,Personal Rights Association,,,http://viaf.org/viaf/144140089,http://viaf.org/viaf/144140089,
9d41d42e-4fce-43b1-82cb-94347a474be8,Hermes Press,Hermes Press,,,,,
c3fe364a-d2f7-4e33-8e30-857bfb99ea5c,Pennsylvania State University,Pennsylvania State University,,,,,
ba5ae66b-520b-4df3-b39a-af499455936a,Royal College of Physicians of Ireland,Royal College of Physicians of Ireland,,,,,
ace290c4-1c85-416d-bd65-963c0ae9a7d6,International Free-Thought Association,International Free-Thought Association,,,,,
a5ee4c9b-758b-4213-a487-2bfd47f3c874,Exeter Folk Arts Workshop,Exeter Folk Arts Workshop,,,,,
b245e13f-7571-4dd5-afcd-157d2704a0e4,Royal Navy,Royal Navy,,http://www.wikidata.org/entity/Q172771,http://viaf.org/viaf/230586602,http://viaf.org/viaf/230586602,http://www.wikidata.org/entity/Q172771
29237550-5ca8-4f38-b05d-ac86b953c6b3,Les Ruches,Les Ruches,,,,,
87a1e1f9-3479-4fd2-8c07-976a1b97e0e1,"Foundling Hospital, London","Foundling Hospital,, London",,,,,
18621208-7175-4979-8aba-b256dbf8ddcb,Arcadia House,Arcadia House,,,,,
c110b1cb-9375-4e14-b16a-e8bfdf57a4ca,Fenwick's,Fenwick's,,,,,
8cb275b0-23af-4321-848c-f63ae8f64f33,London Schoolmistresses' Association,London Schoolmistresses' Association,,,,,
924ab4fd-bcf3-45de-9153-f4af7d6f54a0,"University College, University of London","University College,, University of London",,http://www.wikidata.org/entity/Q193196,http://viaf.org/viaf/3497159337565813211136,http://viaf.org/viaf/3497159337565813211136,http://www.wikidata.org/entity/Q193196
7fe625e0-c7ae-45ca-93e3-26dfd9c5dee4,Charing Cross Publishing Company,Charing Cross Publishing Company,,,,,
b0baddea-af19-46b4-9d09-09572608e7fa,Fifth Monarchists,Fifth Monarchists,,http://www.wikidata.org/entity/Q1908027,,http://www.wikidata.org/entity/Q1908027,
05aae7fc-c068-4e80-baf0-e66251d0f1d0,Making of America,Making of America,,,,,
09664e23-dbc3-4abd-811b-51ca10a13e85,Reform Church,Reform Church,,,,,
764e3144-d580-41f6-b5c8-b698d52f4350,National Association of Local Government Officials,National Association of Local Government Officials,,,,,
adc38168-a14f-4f21-a64c-b7ec62371c71,Women's Trade and Labour Council,Women's Trade and Labour Council,,,,,
db6693b8-1584-437a-b82b-231d9b26c502,"Minster High School, Ripon","Minster High School,, Ripon",,,,,
b3b21818-eb49-4943-8985-c83a990d671a,"Nuffield College, Oxford University","Nuffield College,, Oxford University",,,,,
17b0b275-dfd2-4e35-9d76-cd8aed185a5f,Palgrave School,Palgrave School,,,http://viaf.org/viaf/151725949,http://viaf.org/viaf/151725949,
2b08b094-1214-44ea-9f20-d0e1625bdbac,Sybil Campbell Library,Sybil Campbell Library,,,,,
d4c5ca96-6248-401c-ac41-3c2f4d7eca75,London Ethical Society,London Ethical Society,,,,,
1aec9d47-2101-4c49-a38e-fb8c006e623c,Stovers School,Stovers School,,,,,
f730283c-da8a-4fbd-9644-dca6d1a186bb,Magdalen House,Magdalen House,,,,,
6e768fe9-ae80-49ef-a8c3-11b9ffe63f34,War Resisters League,War Resisters League,,,,,
8941c6b6-1d79-46b9-8094-25b550cec342,Old Vic Company,Old Vic Company,,,,,
65f7fa20-f994-4af5-a0ef-c1f36a8ea5f4,Leamington Poetry Society,Leamington Poetry Society,,,,,
0d5a3a72-bd67-4387-883f-60090d455039,East London Tailoresses' Union,East London Tailoresses' Union,,,,,
b7418165-9ebc-4809-8a8f-9239303ecd7f,East India Railway Company,East India Railway Company,,,,,
6081bba3-126c-4b22-99db-b0424b89b632,Simpson's of Piccadilly,Simpson's of Piccadilly,,,,,
772d7298-5f58-4481-8503-e4bf816b6877,Society for the Promotion of Hellenic Studies,Society for the Promotion of Hellenic Studies,,,,,
17463276-289e-4ace-9e66-f7b4d946a205,Classic Stage Company,Classic Stage Company,,,,,
8e2c3e4f-16b3-49f3-af28-3a144d9d1f6e,Glasgow School of Art,Glasgow School of Art,,,http://viaf.org/viaf/133664788 | http://viaf.org/viaf/313152199,http://viaf.org/viaf/133664788,http://viaf.org/viaf/313152199
9a7a97f7-e356-461b-aece-4ff3080f5e46,Irish Arts Council,Irish Arts Council,,,,,
aea30b6f-3ef3-42b3-84e0-c7df76878d3a,Bellevue Mental Hospital,Bellevue Mental Hospital,,,,,
2184fe66-91c5-45ee-a845-79afe85928c7,Votes for Women Fellowship,Votes for Women Fellowship,,,,,
89b000a7-9da4-4220-aa45-b26f792a9e2f,Irish Women's Suffrage and Local Government Association,Irish Women's Suffrage and Local Government Association,,,,,
f9c8ab23-0fdf-4740-ab17-1b7a528348ef,National Federation of Indian Women,National Federation of Indian Women,,,,,
7173800b-a9bc-409d-b646-c8fef99c895a,Spencer Curtis Brown,Spencer Curtis Brown,,,,,
c7d8f362-64dd-4bb2-a03d-e77548394dfc,Norwegian Red Cross Society,Norwegian Red Cross Society,,,,,
604f430a-701a-4f73-968e-97fe5cfb4c69,Hampstead Child-Therapy Course and Clinic,Hampstead Child-Therapy Course and Clinic,,,,,
4b07c090-d6da-4329-b309-a112aa4d3aa4,International Women's Day Committee,International Women's Day Committee,,,,,
7aa4151f-f431-4ea2-93a2-b7a65586ed80,"Institute of Historical Research, University of London","Institute of Historical Research,, University of London",,,,,
4f854282-0a77-476a-b5cd-9ea8d0871766,Woolwich Arsenal,Woolwich Arsenal,,,,,
02821f17-e710-432b-9d68-6d23e97a800c,St Pancras School for Mothers,St Pancras School for Mothers,,,,,
0771614d-8a84-4d25-915b-6f8a2fd4d848,Western Union,Western Union,,,,,
ae5f3ef0-ef51-4d15-a8c3-512fed70dffc,New Queen's Hall Orchestra,New Queen's Hall Orchestra,,,,,
980d5db6-daac-49ee-a2df-8dba4e4de364,Royal Canadian Naval Service,Royal Canadian Naval Service,,,,,
a249dd17-f96c-49dd-9781-2973a7d3a1bc,Manchester High School for Girls,Manchester High School for Girls,,,,,
8f3b84da-f232-441d-9dcc-0b7d24f1d4db,Edmund Curll,Edmund Curll,,,,,
36c99d51-27e7-4007-9c77-afa42b5e4143,Bombay Natural History Society,Bombay Natural History Society,,,,,
37561c43-175d-446e-ab64-91c7206652ba,O'Neill's Dramatic Company,O'Neill's Dramatic Company,,,,,
64281f4e-d610-44f5-b1dc-a6337d09bce5,University of Adelaide,University of Adelaide,,,,,
dc4dd8e7-256e-41e2-a923-a4a43bf476f7,New England Woman Suffrage Assocation,New England Woman Suffrage Assocation,,,,,
93e50ffe-ff96-42da-a41d-e483ef030304,Cattedown Wharves,Cattedown Wharves,,,,,
195dfe49-09fc-495d-bc77-c2d34c3586d5,British National Union of Working Women,British National Union of Working Women,,,,,
902eff00-bbf7-4bf0-9165-918867964dc6,Institute of Chemistry,Institute of Chemistry,,,,,
361dc1dc-3c80-43ea-bea3-f61e66e61bc0,St Giles' Hospital,St Giles' Hospital,,,,,
299e9fd7-eb2d-46c3-9513-44af513b1d57,Comunita Europea degli Scrittori,Comunita Europea degli Scrittori,,,,,
2db3c82b-6504-420c-a948-56dcddcace5e,Samuel French,Samuel French,,http://www.wikidata.org/entity/Q7411424,http://viaf.org/viaf/168198318,http://viaf.org/viaf/168198318,http://www.wikidata.org/entity/Q7411424
d947c954-e7d4-4300-8754-9613035e5058,Rivington,Rivington,,http://www.wikidata.org/entity/Q17019090,http://viaf.org/viaf/149019905,http://viaf.org/viaf/149019905,http://www.wikidata.org/entity/Q17019090
5b9b1b00-a7cb-4e3e-8f48-b001e8103652,"CT Research Publications, Inc.","CT Research Publications,, Inc.",,,,,
4bad4ad5-3fb9-448b-bf51-f9ed890cdb4a,British Liberal Judaism,British Liberal Judaism,,,,,
a3577926-afb4-4c27-94be-528883eda41a,Readex Microprint,Readex Microprint,,,,,
eb3248c9-c422-450f-b0d8-910219845012,"Ruskin College, Oxford University","Ruskin College,, Oxford University",,,,,
b56ca634-551b-41d8-9f65-17bd5ec33c97,Ouspensky Society,Ouspensky Society,,,,,
ea085c0f-941f-4a7d-a409-b29d15afc06f,Reynal and Hitchcock,Reynal and Hitchcock,,,,,
912eb07e-793a-4173-bca7-e6eaac35f6f7,Ladies' Grand Council of the Primrose League,Ladies' Grand Council of the Primrose League,,,,,
7602ae3b-e5a3-4fd3-99fd-d7bd43189620,Hilda Londry Collection,Hilda Londry Collection,,,,,
6a084d8f-a298-4708-9a29-f41fdff40126,Society of Ancient Britons,Society of Ancient Britons,,,,,
0d55e79b-65a1-45cb-b92d-5bb3eb188566,Daily Mail Publishing Office,Daily Mail Publishing Office,,,,,
3aeb57c0-8e04-4ee5-98ff-15ff4a1522ee,Beekeepers' Association,Beekeepers' Association,,,,,
779bb75d-1fc7-4382-b386-c17d1be5aad8,Abbey Theatre Company,Abbey Theatre Company,,http://www.wikidata.org/entity/Q306434,http://viaf.org/viaf/143118128 | http://viaf.org/viaf/149259942,http://viaf.org/viaf/143118128,http://viaf.org/viaf/149259942 | http://www.wikidata.org/entity/Q306434
ada31c6e-579b-416f-96b5-ab094d67d087,Dublin Nurses Training Institution,Dublin Nurses Training Institution,,,,,
a6313a30-3a7b-4404-b123-9e9ae6f905f9,Albondocani Press,Albondocani Press,,,,,
3810869f-122e-4168-880d-9ab7990b1f76,Institute for Sex Research,Institute for Sex Research,,,,,
795ca627-0d87-44ed-a8f5-20b3bd309a5e,British Army Pay Department,British Army Pay Department,,,,,
9c1d18a3-8824-476e-a6e4-afe3423a83b0,Convent of Santa Clara,Convent of Santa Clara,,,,,
9f3bd3fe-c0ed-43c9-a487-56a1d7568dc8,Wright's Ferry Mansion,Wright's Ferry Mansion,,,,,
b8b7fc33-aae5-4e47-b47d-65824ef34a91,Theosophical Society,Theosophical Society,,http://www.wikidata.org/entity/Q327625,http://viaf.org/viaf/3718149198293574877184,http://viaf.org/viaf/3718149198293574877184,http://www.wikidata.org/entity/Q327625
ff96e12b-e9e8-4f0f-b3df-fb6e5260bd80,Royal Air Force Museum,Royal Air Force Museum,,,,,
1c6ee0a7-8d33-48f9-87dd-9aaf83862eec,André Deutsch Limited,André Deutsch Limited,,,http://viaf.org/viaf/132580591,http://viaf.org/viaf/132580591,
f7637412-508a-4c4a-b30f-df4d9cc527f1,International Federation of University Women,International Federation of University Women,,,,,
ece52042-f079-46ee-b7e8-15c78af053d3,International Woman Suffrage Alliance,International Woman Suffrage Alliance,,,,,
e0cdbdc8-69b4-419a-a3e2-66bf73857227,London City Council,London City Council,,,,,
6c117f19-a3df-4a6b-8215-41d251a4b051,Walter Scott Publishing Company,Walter Scott Publishing Company,,,http://viaf.org/viaf/127105541,http://viaf.org/viaf/127105541,
c7622fb6-7252-461f-b4c0-41b190eac73f,48th Street Theatre,48th Street Theatre,,,,,
bf7a7499-4b3b-44ed-8b16-6d4c8fdcb20a,Antwerp University Library,Antwerp University Library,,,,,
c62d6e93-c860-43ce-96df-46144e9a5825,National Liberation Federation of India,National Liberation Federation of India,,,,,
63cc9f27-e77b-4069-87f1-0c91ce74d77c,Social Science Association,Social Science Association,,,,,
3f1fe1f5-55e4-4353-a49d-095b647fd2e3,Postal Telegraph Clerks' Association,Postal Telegraph Clerks' Association,,,,,
278cdda7-a684-4b59-9ac8-5a52b8595c1e,Welcome House,Welcome House,,,,,
3bb5ed77-a42a-4459-b7d6-81811ed1d17e,P. J. Harvey,P. J. Harvey,,,,,
5c5a67bf-de48-47f7-8619-29dac1b46cd7,Chartist Land Co-operative Company,Chartist Land Co-operative Company,,,,,
5be4c84c-d9a3-4db7-925e-34d828e729ad,West Vancouver Highschool,West Vancouver Highschool,,,,,
a31025ed-ddbe-4b29-b9e3-4f307f2bd55d,Traverse Theatre Club,Traverse Theatre Club,,,,,
a6270e88-4be4-4e56-a4fd-7d584caf47a1,Eugenics Education Society,Eugenics Education Society,,,,,
9ff877f7-6b40-45c0-992d-dc550cc08162,Tulane University,Tulane University,,,,,
216a9b0c-71f1-4627-95d9-c4702efbc876,Derrydale Books,Derrydale Books,,,,,
083e5496-7586-43ed-83f5-bda6b250eb21,Sheffield Women's Political Association,Sheffield Women's Political Association,,,,,
c78d18cc-7f0a-4323-a945-558a96c8b8ae,Library Theatre,Library Theatre,,,,,