Title,URI
1900,https://commons.cwrc.ca/orlando:e9abf247-f8a7-4355-8fd7-2894f7401a38
23 Poems,https://commons.cwrc.ca/orlando:0f0067f7-aca9-4693-9aac-de8a77275702
4.48 Psychosis,https://commons.cwrc.ca/orlando:13eb7540-c57b-4e43-b68f-399827c97c5c
45 Mercy Street,https://commons.cwrc.ca/orlando:e8a6ed3f-06f2-4ed4-ad55-d62dc8ee7ef7
A & V at the V & A,https://commons.cwrc.ca/orlando:caa4ffad-d6c9-47ee-9abf-9c546d965500
A Backward Glance,https://commons.cwrc.ca/orlando:56b82f39-e339-49d5-9f32-5da2333feeb0
A Backward Place,https://commons.cwrc.ca/orlando:2e4911af-ac76-4eaf-a735-4d7a174769cd
A Bad Beginning,https://commons.cwrc.ca/orlando:986aeded-28e8-4db4-ba24-1938d83d4d1e
A Balcony,https://commons.cwrc.ca/orlando:bb9df073-575c-4a4d-a6ff-422282180dd6
A Bar-Lamb's Ballad Book,https://commons.cwrc.ca/orlando:ba61429f-a4e8-4ccd-8ba1-a7f532d6c3dc
A Bewitched Crossroad: An African Saga,https://commons.cwrc.ca/orlando:363918d6-8b85-4e1d-a735-ac537b8757e0
A Biographical Sketch of the Most Distinguished Writers of Ancient and Modern Times,https://commons.cwrc.ca/orlando:9c73dfe1-5cb2-4b0e-a5c1-ab7eae692adc
A Bird in the House,https://commons.cwrc.ca/orlando:bf5e2ab6-55b1-4d10-8c58-c4e16d62ec1d
A Bit of Singing and Dancing,https://commons.cwrc.ca/orlando:7e3b534a-865b-4437-8d06-1e1d4a0c8c30
A Blighted Life,https://commons.cwrc.ca/orlando:ee932b39-d878-4314-bf3d-386b7e8a5f4a
A Bohemian's Love Story,https://commons.cwrc.ca/orlando:6c098e05-d4e3-4b08-84e3-23a5a3577f9a
A Bold Stroke for a Husband,https://commons.cwrc.ca/orlando:304caafa-f8a7-4e83-ade3-71ae56feca9c
A Bonfire,https://commons.cwrc.ca/orlando:22ec3b13-05f7-42d6-b6cc-87c65a788d53
A Book of Dreams,https://commons.cwrc.ca/orlando:9181b868-1f64-494e-8d26-474c97b87fd1
A Book of Rhyme,https://commons.cwrc.ca/orlando:0cbf0dd1-c044-4fc3-911d-26872e212601
A Book of Saints and Wonders,https://commons.cwrc.ca/orlando:1866158d-8558-44b3-b7f5-7d469cc37907
A Book of Sibyls,https://commons.cwrc.ca/orlando:c6134ccf-c6f7-4883-80fa-8b2b66310155
A Book of the Running Brook: and of Still Waters,https://commons.cwrc.ca/orlando:95c43ebc-cdea-45a6-847e-6ad33dba08ff
A Bowl of Cherries,https://commons.cwrc.ca/orlando:eb32d1c2-dd79-4d80-a622-26e56f1dc2ae
A Brave Lady,https://commons.cwrc.ca/orlando:80811e7c-ef47-4712-8365-a3340adb5f0e
A Breathless Child,https://commons.cwrc.ca/orlando:c9bb8643-32f5-45bb-9d50-214d2de88c5d
A Bride and No Wife,https://commons.cwrc.ca/orlando:72fcee57-9fa5-4f71-a16f-6c52fc6a7c02
A Bride from the Sea,https://commons.cwrc.ca/orlando:277e6399-dc9d-429a-ada9-b007f07fe1bc
A Bride of the Plains,https://commons.cwrc.ca/orlando:0383d11f-79f5-48c0-aca9-edaf1ff56b02
A Bridge for Passing,https://commons.cwrc.ca/orlando:49ab92cb-1117-4201-b651-0e2d64247296
A Brief Discovery of the Work of the Enemy of Sion's Peace,https://commons.cwrc.ca/orlando:02e35092-5c20-43c1-b8ac-25ac903974cb
A Brief Summary in Plain Language of the Most Important Laws Concerning Women,https://commons.cwrc.ca/orlando:b5437282-66f8-4d6e-aa7e-c959fb9c0bb8
A Brief View of Greek Philosophy from the Age of Socrates to the Coming of Christ,https://commons.cwrc.ca/orlando:93dc9e93-10dc-4945-b3ad-a4aca159b91b
"A Bright Green Field, and Other Stories",https://commons.cwrc.ca/orlando:0609de65-309e-4969-bd85-476cea5762e2
A Broken Faith,https://commons.cwrc.ca/orlando:3b4e174f-041e-4850-bb1f-69e9e2d36fdb
A Bubble,https://commons.cwrc.ca/orlando:a4651baa-1eaa-4fa3-9d97-abd9420d3cc0
A Bunch of Shamrocks,https://commons.cwrc.ca/orlando:30e187b6-9b31-4a79-9bec-5560d8bcaa4a
A Burglary,https://commons.cwrc.ca/orlando:63a5d757-2c0b-4e02-bafe-3cb17d1e3c47
A Buried Sin,https://commons.cwrc.ca/orlando:c8c391f5-2421-434f-8e10-ce1353ab8faa
A Busy Day,https://commons.cwrc.ca/orlando:1bdcf239-145d-494c-8144-7a892303fcde
A Call to the Universall Seed of God,https://commons.cwrc.ca/orlando:f4abba6e-65e1-4b80-9484-c57b68d8d112
A Canadian Heroine,https://commons.cwrc.ca/orlando:e8285659-ea8d-4837-9548-eec53cd4c8e2
A Captive Lion,https://commons.cwrc.ca/orlando:9faf7f6c-0127-4ead-990d-27563518e4aa
A Case of Knives,https://commons.cwrc.ca/orlando:0870b509-fc50-4372-b5ed-788443d7eb70
A Casual Commentary,https://commons.cwrc.ca/orlando:a3bf580c-4b4b-4570-afc5-454be552af49
A Celebration of and for Frances Horovitz (1938-1983),https://commons.cwrc.ca/orlando:31a276a8-2768-4744-a368-6379ce87f88c
A Celibate Season,https://commons.cwrc.ca/orlando:c1a83a72-bab2-4369-b8a9-d429ae8ea95d
"A Century of Revolution, 1789-1920",https://commons.cwrc.ca/orlando:5af3510d-3608-475d-a9b3-94952dcb7673
A Certain Compass,https://commons.cwrc.ca/orlando:680ea2ad-b813-41ff-b75f-42cf4ea3ff04
A Certain Justice,https://commons.cwrc.ca/orlando:7a3c131d-95bf-4ed5-8184-3dafa4a6901e
A Change for the Better,https://commons.cwrc.ca/orlando:9e4492df-4bfc-4d7e-9923-0ffd92e95cee
A Change of Climate,https://commons.cwrc.ca/orlando:1476cfd7-f404-4bf8-b17b-a6a81b2de5c4
A Change of World,https://commons.cwrc.ca/orlando:a67a2300-18d3-44d8-91d0-e6d58ad430c8
A Chaplet for Charlotte Yonge,https://commons.cwrc.ca/orlando:dd80c9f3-ae7d-4f05-a0ea-7b54ea761010
A Chaplet of Verse for Children,https://commons.cwrc.ca/orlando:aeb16be7-e5a9-4998-8320-35a71aace3cb
A Chaplet of Verses,https://commons.cwrc.ca/orlando:0f492915-4c6a-440f-9ba4-609182ac99a4
A Charmed Circle,https://commons.cwrc.ca/orlando:971aab0f-e2c8-4845-bef1-896d39f6dbc1
A Charmed Life,https://commons.cwrc.ca/orlando:7bdd6574-8426-4365-96d3-a713534aac01
A Charming Fellow,https://commons.cwrc.ca/orlando:01cc4c09-c760-45b4-bc8c-a27284acab43
A Chat with Mrs. Chicky,https://commons.cwrc.ca/orlando:3559bb90-9f95-4669-9173-fa6072391c0b
A Cheap Bunch of Nice Flowers,https://commons.cwrc.ca/orlando:850bee90-7dd6-4644-914e-c54c58d8c6b5
A Child's Memories of Gad's Hill,https://commons.cwrc.ca/orlando:895b6946-7d0b-4575-b029-7fc1e91ff7d7
A Child's Rhyme Book,https://commons.cwrc.ca/orlando:6d63c51b-0b2b-4e35-93bf-c7f40b1715f5
A Christmas Carol,https://commons.cwrc.ca/orlando:cc0dfbf0-6205-4ad6-912f-f02db64005c7
"A Christmas-Box, for the Advocates of Bull Baiting",https://commons.cwrc.ca/orlando:496228a1-5e2a-4d40-bddd-0e4844bf620d
A City of Bells,https://commons.cwrc.ca/orlando:f46f62f2-2e26-4767-aa68-c1e1472415e0
"A Clean, Well-Lighted Place; A Private View of Sweden",https://commons.cwrc.ca/orlando:0b376674-9556-4d18-94c9-b46d0d806ee7
A Closed Eye,https://commons.cwrc.ca/orlando:49907600-7737-4b8e-996a-1476645ce6f3
A Cluster of Separate Sparks,https://commons.cwrc.ca/orlando:f6b5f310-eb07-4c18-be92-4af274dd52fc
A Coffeehouse Acquaintance,https://commons.cwrc.ca/orlando:3c7f92ba-f725-40bb-ae1a-9b101b5828c3
A Collection of Entertaining Histories and Novels,https://commons.cwrc.ca/orlando:0c9b0992-78c8-47b0-a44c-23f85979ed8f
A Collection of Meditations and Devotions,https://commons.cwrc.ca/orlando:9c348697-556c-4d1d-8ba2-6adda19e5805
A Collection of Poems and Fables,https://commons.cwrc.ca/orlando:a72f73e4-a093-4bcc-947b-c3c80331191c
A Comedy in Spasms,https://commons.cwrc.ca/orlando:44b65786-f247-4a55-b8ee-a91a713c74d0
A Communion of Sinners,https://commons.cwrc.ca/orlando:6c2f92b5-2fd6-4365-ac89-c3f55db85a21
"A Companion and Useful Guide to the Beauties in the Western Highlands of Scotland, and in the Hebrides",https://commons.cwrc.ca/orlando:ecdf12ee-e9c1-4888-bdfe-6dd667591bc6
A Companion to the Book of Common Prayer of the Church of England,https://commons.cwrc.ca/orlando:f926a6a3-0176-4197-bede-2a4d067e294e
"A Companion, and Useful Guide to the Beauties of Scotland, to the Lakes of Westmoreland, Cumberland, and Lancashire, and to the Curiosities in the District of Craven, in the West Riding of Yorkshire",https://commons.cwrc.ca/orlando:4648dadb-abd4-4e69-990f-1e1d95d11571
A Compass Error,https://commons.cwrc.ca/orlando:4651b18c-b12e-4d80-ada1-5e822e9ba1a7
A Compendious System of Astronomy,https://commons.cwrc.ca/orlando:11c26d40-6a4e-4b5d-93b8-7a5d978d9411
A Contrast,https://commons.cwrc.ca/orlando:ceab8f56-cf00-40bf-8d78-f826640f5a16
A Corn of Wheat,https://commons.cwrc.ca/orlando:ffac6bc8-6a89-460b-b246-d15d9b69b958
A Counsel of Perfection,https://commons.cwrc.ca/orlando:fbec15f1-a720-46a3-8374-62fbf22ed47b
A Country Calendar,https://commons.cwrc.ca/orlando:c46fc114-8baa-4a4e-9e40-e910d7073a43
A Country Doctor,https://commons.cwrc.ca/orlando:c15f6f66-4190-483b-a692-9aeb6ebfbad9
A Country Gentleman and His Family,https://commons.cwrc.ca/orlando:6e1ea839-d972-4e84-aa94-b93f65a636d3
A Course of Popular Lectures,https://commons.cwrc.ca/orlando:63ff41fd-5ca2-4d51-ab2a-21076bfcfeb5
A Cross at Kilbarrack,https://commons.cwrc.ca/orlando:d76f1396-48a0-4b9a-85e1-d3c71e613a95
A Curtain of Green and Other Stories,https://commons.cwrc.ca/orlando:4344ef29-2d7d-4bf9-b601-c042c4b2922c
A Dangerous Delight: Women and Power in the Church,https://commons.cwrc.ca/orlando:ba52bf3b-bce3-434d-97e3-0fc67589a4de
A Dark Night's Work,https://commons.cwrc.ca/orlando:65bba4a3-71c4-4a90-8e67-a8fd29128588
A Dark-Adapted Eye,https://commons.cwrc.ca/orlando:35351898-4806-4141-ad6a-e6c31b66a629
A Daughter of the Tropics,https://commons.cwrc.ca/orlando:33e1255d-8dc9-4720-8ece-63b49c48ab02
A Daughter of Today,https://commons.cwrc.ca/orlando:190fe8bc-b901-4e1c-b3d4-e4f46e4307cf
A Day in the Dark and Other Stories,https://commons.cwrc.ca/orlando:e8e5396e-72b5-4b1b-a38f-ad6e0202c2fd
A Day in the Life of a Smiling Woman,https://commons.cwrc.ca/orlando:40c6a7a0-5d05-4c9e-83fc-57570a0f60cc
A Declaration and an Information,https://commons.cwrc.ca/orlando:17710d36-7135-409d-a7fc-9a5fcfc685cb
"A Dedicated Man, and Other Stories",https://commons.cwrc.ca/orlando:872d7a4f-a49d-41da-9ffa-c428c651140d
A Defence of Idealism,https://commons.cwrc.ca/orlando:f2eaff52-ab51-4fa4-a9d1-f0db71c80557
A Defence of Men,https://commons.cwrc.ca/orlando:89f66046-3afe-4e2f-a18b-720ec1c4932d
"A Defence of the Essay of Human Understanding, Written by Mr. Lock",https://commons.cwrc.ca/orlando:39bc1063-2300-4bf6-89a7-7412f4689fbc
A Democrat Dies,https://commons.cwrc.ca/orlando:60ea000b-f335-48be-95fd-664e979438ff
A Demon in My View,https://commons.cwrc.ca/orlando:35105e54-e4e2-4217-b8f1-b3ea5f77194b
A Description of Bath,https://commons.cwrc.ca/orlando:eeda23b7-6e89-4854-9538-96bac1c7e257
A Descriptive Account of the Mansion and Gardens of White-Knights,https://commons.cwrc.ca/orlando:c671e2b8-4a30-4513-b9a1-5cc1061a64cb
A Devotional Diary,https://commons.cwrc.ca/orlando:6c93574f-3f42-487d-a0e9-28f2827d5dbe
A Devout Treatise upon the Pater Noster,https://commons.cwrc.ca/orlando:102039c1-9840-4cee-aee8-94c23eb95109
A Dialogue in the Devonshire Dialect,https://commons.cwrc.ca/orlando:9f66b87c-3b2e-4a50-b941-947d07542f5f
A Diary Without Dates,https://commons.cwrc.ca/orlando:0077f0ab-1a6d-4180-94d4-c46adab430d0
A Different Face,https://commons.cwrc.ca/orlando:d93793fd-aec2-4071-a3bf-b768b19ff563
"A Diligent Search amongst Rulers, Priests, Professors, and People",https://commons.cwrc.ca/orlando:a4df7757-b01a-4ab0-abf8-5dd84c3eceda
A Dinner of Herbs,https://commons.cwrc.ca/orlando:b00bf34c-eb01-4fe3-ab7d-fcd6b18c02e0
"A Discourse concerning ""A Guide in Controversies""",https://commons.cwrc.ca/orlando:2eb9142a-4bd3-4a8e-99db-f1857cda7d26
A Discourse Concerning the Love of God,https://commons.cwrc.ca/orlando:f7fa47e2-56d7-4947-8b2d-5edc5928f24d
A Discovery of New Worlds,https://commons.cwrc.ca/orlando:e4206747-974a-4b2f-b3de-32c6771c19e7
A Dispute between the Woman and the Powers of Darkness,https://commons.cwrc.ca/orlando:8be1b2be-74e4-4992-ac0c-a0bf4e6e7e1f
A Dog of Flanders,https://commons.cwrc.ca/orlando:de2512f3-05f3-477c-8f5d-89ff9764d3c4
A Domestic Experiment,https://commons.cwrc.ca/orlando:e04637f3-d30e-47b5-8e8d-0a5eb2c8b7a1
A Doubting Heart,https://commons.cwrc.ca/orlando:90944dce-64d4-4f0a-8ca3-d36494203042
A Dozen Lips,https://commons.cwrc.ca/orlando:bb99b200-b06e-4572-8d14-5177aabe89ca
A Draft of XXX Cantos,https://commons.cwrc.ca/orlando:265d4225-e2f7-45ad-8ddd-77c1c5522460
A Dream Observed and other Poems,https://commons.cwrc.ca/orlando:ae5053ca-d410-4570-a8db-7427b2be4706
A Dubious Legacy,https://commons.cwrc.ca/orlando:1e1b8921-f6ae-468d-aa8c-9d8303bc89ac
A Dull Day in London,https://commons.cwrc.ca/orlando:4938570c-458a-4a29-9db4-29331be70208
A Fair Country Maid,https://commons.cwrc.ca/orlando:523f7056-0bab-4f0b-b37e-32bbb9affb18
A Fair Way with the Dissenters,https://commons.cwrc.ca/orlando:0b1a8cbe-ded0-4178-9648-2e15885bf7d1
A Fairly Conventional Woman,https://commons.cwrc.ca/orlando:9d5920c6-ddd6-4fe6-88a8-5e65010eca19
A Fairly Honourable Defeat,https://commons.cwrc.ca/orlando:deb900ae-4efa-4ba6-b127-49655d19bec1
A Faithful Lover,https://commons.cwrc.ca/orlando:8d7ba5f6-bc1a-46e6-a5d4-6e9b19e4a532
A Family and a Fortune,https://commons.cwrc.ca/orlando:7b38f35e-6738-4912-966d-1cfdb31bc0e4
A Family Likeness and Other Stories,https://commons.cwrc.ca/orlando:b7ff80b7-616f-4aa7-b809-4a3b9e4715af
A Family Romance,https://commons.cwrc.ca/orlando:a833393c-06e5-426b-9b7e-e87f811a96ed
A Family Tour through the British Empire,https://commons.cwrc.ca/orlando:b37397e9-2a03-44b6-942e-f94b0eec2e74
A Far Cry from Kensington,https://commons.cwrc.ca/orlando:7ed04d62-c7f8-496d-bf8f-eee62785a444
"A Farewell, for Two Years, to England",https://commons.cwrc.ca/orlando:a3c67109-2711-4984-853e-20a122b2b6a5
A Farther Essay Relating to the Female-Sex,https://commons.cwrc.ca/orlando:806e68d9-8816-481c-85f6-456817fbba46
A Father and His Fate,https://commons.cwrc.ca/orlando:c29b24b9-ce42-4013-828f-8145e5a886fd
A Father as He Should Be,https://commons.cwrc.ca/orlando:ea7a00c3-5b36-4ae1-9552-ad0262da4ab7
"A Father of Women, and Other Poems",https://commons.cwrc.ca/orlando:ced2c48e-541a-48e7-af6e-bc66075ad53c
A Favourite of the Gods,https://commons.cwrc.ca/orlando:363a7acc-a34c-420e-933d-ee992d013fd8
A Few Days in Athens,https://commons.cwrc.ca/orlando:fe726a58-51a8-446c-9c0c-37a848ac5cfb
A Few Fair Days,https://commons.cwrc.ca/orlando:ec3a36ad-bcb3-4690-a876-cc64c843fea9
A Few Green Leaves,https://commons.cwrc.ca/orlando:df147b28-fa51-4dcb-9d27-f2dd871e54fb
"A Few Words on the Subject of the Slave Trade, addressed to English Women",https://commons.cwrc.ca/orlando:6edec58b-f3d3-408d-b354-9b581e7ba86a
A Few Words to the Jews,https://commons.cwrc.ca/orlando:0cc41d73-c1c9-458f-abea-a809772ca13f
A Field of Scarlet Poppies,https://commons.cwrc.ca/orlando:3f045dab-33fa-47e6-8f79-e836c9eb6180
A Final Burning of Boats,https://commons.cwrc.ca/orlando:a898922f-a6ab-4c2b-b43b-dc1061a6f4cd
A Five Year Sentence,https://commons.cwrc.ca/orlando:8e9df539-173a-412a-9f5c-6425194f32a0
A Flame in Your Heart,https://commons.cwrc.ca/orlando:2858a273-6c2a-441f-b188-71089354092c
A Flat Iron for a Farthing,https://commons.cwrc.ca/orlando:d659d6f1-2948-4b6e-bdbb-c3fafdeb0100
A Florence Diary,https://commons.cwrc.ca/orlando:c8a2ac11-3d36-4a75-8654-118523d4c948
A Flying Fish Whispered,https://commons.cwrc.ca/orlando:7b84c00e-dacb-4e34-a7e7-57bb36954b61
A Fool's Hell,https://commons.cwrc.ca/orlando:60b27cac-4d72-437e-aaf2-603228c8ddf4
"A Forecast, a Fable",https://commons.cwrc.ca/orlando:0227df9a-344a-414f-94d5-3297ce5924f3
A Fountain of Gardens,https://commons.cwrc.ca/orlando:a42d0ebe-3160-4c22-92d1-c2d804481f78
A Friend from England,https://commons.cwrc.ca/orlando:030c13ac-0e74-448f-b8c8-316f8abb5459
A Friendly Address to Converts from the Roman Catholic Church,https://commons.cwrc.ca/orlando:efda4507-0be8-4b8b-9816-9adb82a40952
A Fugue in Time,https://commons.cwrc.ca/orlando:cee6cd94-b8a2-41c9-9902-04716ae4830d
A Full and Clear Account the Scripture gives of the Deity,https://commons.cwrc.ca/orlando:59a9c4e9-6f08-4f98-afed-a03483d57f21
A Gallery of Scottish Women,https://commons.cwrc.ca/orlando:a8f93bc9-c777-4c5f-b952-45a7f9c43986
A Game of Hide-and-Seek,https://commons.cwrc.ca/orlando:265f5ebb-83d9-4cc5-9bf6-ad06cb389946
A Garden Diary,https://commons.cwrc.ca/orlando:6d799c5e-025a-4747-8f38-53386e70a0f1
A Garden of Memories. Mrs. Austin. Lizzie's Bargain,https://commons.cwrc.ca/orlando:6417e8bf-5d2f-449b-a1ea-500632f446be
A Garland of Seven Lilies,https://commons.cwrc.ca/orlando:b5cac66a-ce91-434d-966e-a1de734483b6
A Girl in the Karpathians,https://commons.cwrc.ca/orlando:db101bfc-4e7c-45cc-b830-d4e3cc0c4fc3
A Girl in Winter,https://commons.cwrc.ca/orlando:489310b6-b94b-4c22-a73e-4941d872da9e
A Glass for Kings,https://commons.cwrc.ca/orlando:79572fe0-7c20-4b8c-936d-8340db262faf
A God in Every Stone,https://commons.cwrc.ca/orlando:a6b75e8c-751d-4a95-9e93-4169e06d4c6b
A Golden Sorrow,https://commons.cwrc.ca/orlando:ff523de5-f20b-42f5-9f7a-474e184a0810
A Good Man is Hard to Find,https://commons.cwrc.ca/orlando:d13480af-c38f-4c97-86e6-b1047c17e327
A Good Time Was Had by All,https://commons.cwrc.ca/orlando:074a9514-1f2b-4fd1-9167-427565437d73
A Gossip's Story,https://commons.cwrc.ca/orlando:34576236-9016-4e49-abdf-24346b5dbbde
A Grammar of Metaphor,https://commons.cwrc.ca/orlando:1b1714c9-1c5f-4ba1-b6f1-be49399276d0
"A Great Emergency, and Other Tales",https://commons.cwrc.ca/orlando:65f89332-d8d3-4d8a-a191-b94857ea4ee4
A Guest of Honour,https://commons.cwrc.ca/orlando:4c10516b-05f5-458f-9be5-54dd579a6d61
A Guide to Public Lending Right,https://commons.cwrc.ca/orlando:eb44eb88-ade4-4dd4-98b5-da1b5f5421f1
A Guilty Thing Surprised,https://commons.cwrc.ca/orlando:ba0b499c-cdd9-44df-a8f3-d7809816af34
"A Handbook to the Christian Year, for Young People",https://commons.cwrc.ca/orlando:268c5221-5f20-44c3-8ac4-f21479d223cb
A Handful of Dust,https://commons.cwrc.ca/orlando:b353e82a-d2c2-40f0-a786-c4f8a053040e
A Handful of Honeysuckle,https://commons.cwrc.ca/orlando:13158067-e820-42d1-8e7d-8070247b0378
A Hazard of Hearts,https://commons.cwrc.ca/orlando:28a98d6b-fd83-4d63-bd47-da12d33c444d
A Heaven to Find,https://commons.cwrc.ca/orlando:bb7257b8-411f-4bce-9c57-c22d3746a2b1
A Heritage and Its History,https://commons.cwrc.ca/orlando:1a717cb0-11b3-4455-8d4c-2cbc64e14f0f
A Hermit's Tale,https://commons.cwrc.ca/orlando:ba0505c8-89c9-48b0-8744-467e76454b71
A Hero's Welcome,https://commons.cwrc.ca/orlando:157278c9-e3df-4fda-a57a-1e04bee48d73
A Hero's Work,https://commons.cwrc.ca/orlando:a39f8887-b706-4d32-b2d1-eca4f0e616a1
A Historical Relation of the Plague at Marseilles in the year 1720,https://commons.cwrc.ca/orlando:66565247-3968-4e1b-8838-e6e5a34d7d66
A History of Wales,https://commons.cwrc.ca/orlando:47f4ebb8-f304-4fe0-82f1-26b2efa7b77d
A Holiday in Venice,https://commons.cwrc.ca/orlando:67a7ba98-c615-46af-9c72-13b0aa776158
A House and Its Head,https://commons.cwrc.ca/orlando:cff12e7b-64e4-4e03-9de9-8a666c6162cc
A House Divided,https://commons.cwrc.ca/orlando:3a05f2d7-703a-4f57-bcbc-5fd63bbe60b8
A House in Corfu,https://commons.cwrc.ca/orlando:508b3427-1ebf-4e8c-9237-fd9b58a14704
A House of Cards,https://commons.cwrc.ca/orlando:7fbbc755-b91f-4d05-9289-43b91542c36a
A House Unlocked,https://commons.cwrc.ca/orlando:0c8b87de-ad3d-459b-87f6-4f7eab938cab
A House with Four Rooms,https://commons.cwrc.ca/orlando:bfa2e3dc-3dd5-42c0-b5f6-362de3765a3c
A Housewife's Opinions,https://commons.cwrc.ca/orlando:f22bfde0-1af5-46db-91a9-63a13fa6f949
A Jest of God,https://commons.cwrc.ca/orlando:7a6b895a-6a1c-4f0a-873a-cc1d2ab9150b
A Journal from Japan,https://commons.cwrc.ca/orlando:2b500706-0094-488d-8cb3-e38c929424bf
A Journal of Impressions in Belgium,https://commons.cwrc.ca/orlando:066a17ca-2cd0-4778-bd04-20a8225271d3
A Journey made in the Summer of 1794,https://commons.cwrc.ca/orlando:f9e2b703-f758-47e5-82f2-67f1b7b58ea5
A Judgement in Stone,https://commons.cwrc.ca/orlando:05ed0050-d0ef-4fb7-9936-6718d965b91e
A Kind of Marriage,https://commons.cwrc.ca/orlando:7f1c154a-398d-44e9-82d2-2c000940ab28
A Kindness to the Children,https://commons.cwrc.ca/orlando:d54b6dd5-efad-4c14-960f-ec09c38574b0
A Known Scribbler: Frances Burney on Literary Life,https://commons.cwrc.ca/orlando:af29ee54-522a-4cc9-a65c-b4e3f7a36034
A Ladies Legacie to her Daughters,https://commons.cwrc.ca/orlando:3577dc0c-560d-462d-8ea0-8c17a817d355
A Lady of Quality,https://commons.cwrc.ca/orlando:aa8a5811-3d45-46dd-81ac-44a88c4bb044
A Lady's Life in the Rocky Mountains,https://commons.cwrc.ca/orlando:a7fea069-204d-4bc9-8c95-47ae8953aca2
A Lame Dog's Diary,https://commons.cwrc.ca/orlando:f720c718-ebf9-4b6c-9499-878129d8d120
"A Lament upon The Death of Her Royal Highness The Princess Charlotte; and, Alfred, A Vision",https://commons.cwrc.ca/orlando:2bd42a92-945e-4ba3-9cdf-528cb1da1c86
A Lance for the Arabs,https://commons.cwrc.ca/orlando:d7d45752-d7ce-42fb-8ea5-9b943b4f362a
A Law Unto Herself,https://commons.cwrc.ca/orlando:56844852-6bf7-440b-ae9f-184b49ae17ce
A Legacy for Saints,https://commons.cwrc.ca/orlando:2772c5dc-68d3-4e96-8200-1fd0f34bf402
A Letter from a Lady to the Bishop of London,https://commons.cwrc.ca/orlando:0866b2c4-f0c6-46d3-8ece-6d560bed8723
A Letter from R*b*cc* W*st,https://commons.cwrc.ca/orlando:d7391c57-fb0b-4896-8479-aed8ef03c9cf
A Letter Humbly Address'd to the Right Honourable the Earl of Chesterfield,https://commons.cwrc.ca/orlando:4b96e3ab-b540-440e-b344-89113e60c900
"A Letter to a Friend, with a Poem called, The Ghost of Werter",https://commons.cwrc.ca/orlando:ccf52d2a-5ac7-4377-a301-caa16afb1bf2
A Letter to a Grandfather,https://commons.cwrc.ca/orlando:41ffaeb1-6126-4272-99cf-f3f43aeb153f
A Letter to a New-Married Lady,https://commons.cwrc.ca/orlando:4528fb0f-47ab-4160-b5c5-049772e9c446
A Letter to the Mothers of England,https://commons.cwrc.ca/orlando:f18e1263-0f17-491d-b98e-5be20befc94e
A Letter to the President and Members of the Geological Society,https://commons.cwrc.ca/orlando:9748a055-378a-4f91-88c6-8d8e92bc88dc
A Letter to the Queen on Lord Chancellor Cranworth's Marriage and Divorce Bill,https://commons.cwrc.ca/orlando:0e25d1cf-dbb5-4a4c-80a7-8d1b1bdab774
A Letter to the Reviewers of Italy,https://commons.cwrc.ca/orlando:cea0e04a-16dd-45be-a4cb-a4d95280ee18
"A Letter, Written to Elizabeth A—ws, on Her Removal from England",https://commons.cwrc.ca/orlando:9f8f6682-b3df-4a47-a169-328d37193e47
A Life for a Life,https://commons.cwrc.ca/orlando:69f4ddb4-296c-40bc-abeb-73035aa3895c
A Life for Africa: The Story of Bram Fischer,https://commons.cwrc.ca/orlando:3524989b-5330-45d1-ab74-be6ddaef66cc
A Life of Ernest Renan,https://commons.cwrc.ca/orlando:03d78246-e6fd-4eba-a80e-394793729cba
A Life-Struggle,https://commons.cwrc.ca/orlando:147ad903-d377-486b-b3fd-633acea483ce
A Life's Secret,https://commons.cwrc.ca/orlando:28702724-5f0d-4da9-bf97-1f6bac5e6933
A Lily among Thorns,https://commons.cwrc.ca/orlando:ce491a29-26fb-4163-b956-849c473d1dbd
A Little Book of Meat,https://commons.cwrc.ca/orlando:65b39132-75c7-44f5-a8ba-850b6526c1e6
A Little Lower than the Angels,https://commons.cwrc.ca/orlando:813ab40b-cb8f-4bcb-bd8d-b896c9c3acc8
A Little More than Kin,https://commons.cwrc.ca/orlando:31bb19e3-96e4-4abe-8a01-f70b173b1f43
A Little Pilgrim in the Unseen,https://commons.cwrc.ca/orlando:d5f65297-cd0c-4195-a724-bda4358d53ec
A Little Princess,https://commons.cwrc.ca/orlando:b4102dc8-6587-4294-a128-cb7ed253b7f4
A Little Stranger,https://commons.cwrc.ca/orlando:630dec6f-5529-4ab9-a38c-921c9678cd38
A London Plane-Tree,https://commons.cwrc.ca/orlando:d1293b78-6aa8-4ea9-a57a-ac0fde7108de
A Long Way from Verona,https://commons.cwrc.ca/orlando:e280e1a7-6a90-4e86-b603-90771739380a
A Lost Love,https://commons.cwrc.ca/orlando:254a6bf1-5d84-47fd-a9f7-af8a030e20a1
A Lover's Breast-Knot,https://commons.cwrc.ca/orlando:531c5aa7-87a0-4afc-914e-5374935dd69b
A Lovesong for India,https://commons.cwrc.ca/orlando:1df7ee49-e4ae-43c2-a13d-38bb8e73d914
A Loving Advertisement,https://commons.cwrc.ca/orlando:822d8f29-a801-4436-9d99-b085fbc6de61
A Loving Salutation to the Seed of Abraham among the Jewes,https://commons.cwrc.ca/orlando:42f34d95-fcc1-487d-a640-d84cdf882726
A Lume Spento,https://commons.cwrc.ca/orlando:fc9ae5d0-9eda-4467-ab6c-836bccb92777
A Man and Two Women,https://commons.cwrc.ca/orlando:7fb2b994-99b3-4092-8090-b3889604e15f
A Man Could Stand Up,https://commons.cwrc.ca/orlando:b312dc87-38b3-4ffc-b5d5-690adf6bb193
A Man from Nowhere,https://commons.cwrc.ca/orlando:7653cb96-25cf-448a-99c8-de6460ab2a06
A Man Lay Dead,https://commons.cwrc.ca/orlando:903737cd-472c-4937-8a09-a2d7cccc1452
A Man Seen Afar,https://commons.cwrc.ca/orlando:aa45873a-c771-4aac-9e45-c5638feba7c2
A Man Under Authority,https://commons.cwrc.ca/orlando:aa889872-6eda-4f8d-8e55-88959e988e3a
A Map of the New Country,https://commons.cwrc.ca/orlando:e05905e8-e061-48a5-8fa3-f05f469e6081
A Marked Man,https://commons.cwrc.ca/orlando:2cbbf8ba-c3d9-422f-865b-1419e10dc25b
A Marriage of Convenience,https://commons.cwrc.ca/orlando:85d6e1bd-f117-434c-8c06-bc0c5a5a74b9
A Marriage of Shadows,https://commons.cwrc.ca/orlando:7cd667bb-cbe6-419c-9aa7-2ab865dfb91e
A Martyr to Mammon,https://commons.cwrc.ca/orlando:be9082f9-7345-438c-b285-31ee80dea764
A Matter of Gravity,https://commons.cwrc.ca/orlando:9ede9404-8d76-4ee0-ade8-2ade16e77208
A Matter of Life and Death,https://commons.cwrc.ca/orlando:efe8dd0b-17f2-4b2b-83af-9a216bc46ffc
A Measure of English Poetry,https://commons.cwrc.ca/orlando:df182c19-f09f-42de-b25f-23c085ca51b7
"A Memoir of Alexander, Bishop of Brechin",https://commons.cwrc.ca/orlando:e869cc42-9987-4503-84ea-f9a3b32c5f1c
A Memory and Other Stories,https://commons.cwrc.ca/orlando:ce5a1394-47dd-493f-9821-210520fd3606
A Mercy,https://commons.cwrc.ca/orlando:31d38bc4-87dc-442f-970d-e0612173cfc9
A Mere Story,https://commons.cwrc.ca/orlando:9d12718d-813c-4166-9f19-62136d4e2490
A Method of Devotion,https://commons.cwrc.ca/orlando:c3064513-9db2-41f9-951b-8e77daa98577
A Mind to Murder,https://commons.cwrc.ca/orlando:29a28000-76a4-4500-9a27-04cfe6e045d0
A Misalliance,https://commons.cwrc.ca/orlando:98acb49a-ab0b-48af-9d37-49516c62c3fe
A Miscellaneous Poetical Essay,https://commons.cwrc.ca/orlando:1a6e618c-2c20-4537-b084-a4b588c022fb
A Missionary Health Officer in India,https://commons.cwrc.ca/orlando:24756fcb-f950-4e80-886e-a7d51bc39d19
A Mist of Error,https://commons.cwrc.ca/orlando:583684d0-e1c4-468a-9c1a-cf34b0b17282
A Modern Amazon,https://commons.cwrc.ca/orlando:3a81a94a-e31d-4834-b3cc-3390e7f475dc
A Modern Apostle; The Elixir of Life; The Story of Clarice; and Other Poems,https://commons.cwrc.ca/orlando:e74acb75-e0d2-4146-8e8c-2922849b5cec
A Modern Crusader,https://commons.cwrc.ca/orlando:046b233e-5f94-4e76-ac4e-a32ab87a59f6
A Modern Incident in Domestic Life,https://commons.cwrc.ca/orlando:2dede904-2f51-4c01-9d88-eab08148aa0b
A Modern Tragedy,https://commons.cwrc.ca/orlando:5b5b78d6-8d80-40aa-acbd-111e3ea6d1c3
A Modest Plea for the Property of Copy Right,https://commons.cwrc.ca/orlando:8c012d0b-d219-454a-9491-761fac5b6891
A Monody on the Death of Mr. Grattan,https://commons.cwrc.ca/orlando:390ee246-386b-4504-8a58-69c8703843c2
A Monody to the Memory of the Right Honourable the Lord Collingwood,https://commons.cwrc.ca/orlando:2dc4d684-ce3a-4e22-8b2c-3ea2aa54c33c
A Month by the Sea,https://commons.cwrc.ca/orlando:5c0f390b-c324-4cbe-9a6e-9f25a02b8895
A Monument to the Memory of George Eliot,https://commons.cwrc.ca/orlando:b8a16b3e-bd52-422a-b6d9-7c37ac2784dd
A Mother of Three,https://commons.cwrc.ca/orlando:9145d4ac-4f3f-427c-900b-ea34b24867de
A Mouse with Wings,https://commons.cwrc.ca/orlando:f5aedecf-8c9a-43a0-acce-0ec48262aa84
A Mouzell for Melastomus,https://commons.cwrc.ca/orlando:3c361b26-0478-4919-99c5-4f8b82fcb4ae
A Murder is Announced,https://commons.cwrc.ca/orlando:4acc22cf-8c3a-41aa-b993-fcec677e4ac8
A Name to Conjure With,https://commons.cwrc.ca/orlando:a195a589-c516-47b5-a739-6bdbe726b9a1
A Natural Curiosity,https://commons.cwrc.ca/orlando:8667df0a-115f-4d4b-be85-94ebc4a327e7
A Necklace of Mirrors,https://commons.cwrc.ca/orlando:d8c2e239-8642-455e-bd71-ba1f0b0a67f8
A New Canto,https://commons.cwrc.ca/orlando:84036a7e-aa5c-4fa9-8061-28f9da606b68
A New Dominion,https://commons.cwrc.ca/orlando:b14640b0-1e32-444b-943c-02390e87135d
A New Earth,https://commons.cwrc.ca/orlando:3ef07adc-baca-4cb2-88b4-10cca15ac557
A New Grammar,https://commons.cwrc.ca/orlando:b0e6f8b1-1466-4c83-99c0-850d5a502801
A New Lease of Death,https://commons.cwrc.ca/orlando:4560ee06-100b-4b82-91a1-df53a3af421c
"A New Selection of Miscellaneous Pieces, in Verse",https://commons.cwrc.ca/orlando:39f2f2b4-6c25-461c-8bdf-93bbdcd57d1c
A New Way of Housekeeping,https://commons.cwrc.ca/orlando:3294769a-b515-4c47-a31e-0d6b1e0f8ab8
A New Year's Gift to Sick Children,https://commons.cwrc.ca/orlando:e16be022-3648-4b13-9c9b-f808ee298282
A New-England Tale,https://commons.cwrc.ca/orlando:f2898c3b-4225-4836-8d1e-aa1940aa63b1
A Nice Change,https://commons.cwrc.ca/orlando:25ebc658-6d45-4e43-884e-d3e26604f4ba
A Night Among the Horses,https://commons.cwrc.ca/orlando:9dadc4a8-b7a8-4a9a-9ff2-84f98de0ace3
A Nightingale in Bloomsbury Square,https://commons.cwrc.ca/orlando:ac8ee6b9-5c66-42eb-a3a2-7b0fb8245d55
A Note in Music,https://commons.cwrc.ca/orlando:13ea0dbf-5a30-49d6-b767-aec691a88cbd
A Novel of Thank You,https://commons.cwrc.ca/orlando:23ef9b80-be50-40da-abde-6634742351ef
A Nursery in the Nineties,https://commons.cwrc.ca/orlando:64e9c200-7849-49fe-82a9-8cc7439d5e85
A Pagan Place: A Play,https://commons.cwrc.ca/orlando:c087ac40-d1b6-40c3-b18d-e7ffd15c8fee
A Page from the Peerage,https://commons.cwrc.ca/orlando:4276b1f8-41bd-4d10-988e-36d3f5aa387a
A Pageant of Great Women,https://commons.cwrc.ca/orlando:215301b0-942c-4835-ad5e-2fed062f1ca7
"A Pageant, and Other Poems",https://commons.cwrc.ca/orlando:e5ddbb7d-8ce7-40cd-b2a7-59ded8a87766
A Pair of Blue Eyes,https://commons.cwrc.ca/orlando:07431996-3cca-4aff-ab85-f49f5b637b74
A Paper Concerning Such as are made Ministers by the Will of Man,https://commons.cwrc.ca/orlando:03c5d9dc-87de-4382-a6e8-89b902c977ff
A Pass in the Grampians,https://commons.cwrc.ca/orlando:cb0ecb76-ac04-4012-81e8-d5d91a55e931
A Passage Perilous,https://commons.cwrc.ca/orlando:eca9ef1f-fdaf-44a3-9917-c8809f6f41b2
A Passage to India,https://commons.cwrc.ca/orlando:87137bb3-4098-48cc-a62c-79fbd0d84118
A Patrick's Day Hunt,https://commons.cwrc.ca/orlando:ed2716ed-9b6e-4492-b8cb-dbcf4a99c79f
A Patriotic Schoolgirl,https://commons.cwrc.ca/orlando:640c0470-3c16-4a8c-b8d3-12f8a03cfd04
A Peak in Darien,https://commons.cwrc.ca/orlando:c6c9eac1-576a-499a-a2f0-e69a272b1f8a
A Personal Record,https://commons.cwrc.ca/orlando:9d6b3410-7fdf-415e-b4f8-9c23b423fd46
A Personal View of the Refugee Problem,https://commons.cwrc.ca/orlando:fbec8aea-751b-4ba9-a78d-eca703aad699
A Pin to See the Peepshow,https://commons.cwrc.ca/orlando:c99e92f8-03e4-4e40-9216-afb411f7a238
A Pink Front Door,https://commons.cwrc.ca/orlando:d7ac688b-56e9-462f-9cde-84b4591beb56
A Place of Greater Safety,https://commons.cwrc.ca/orlando:206568f9-c106-432b-b26f-8597d3518480
A Place of Shipwreck,https://commons.cwrc.ca/orlando:c69b6839-39f2-4a51-9dda-b87a6c48d1a5
A Plaine Relation of my Sufferings,https://commons.cwrc.ca/orlando:38a39565-487c-44ae-844d-8d07889b273c
A Plea for Emigration,https://commons.cwrc.ca/orlando:674fdbbb-e9ec-4230-b076-d1bf4da7c3ad
A Pocketful of Pebbles,https://commons.cwrc.ca/orlando:f341107a-59b7-4afc-8a8f-f2236a830791
A Poem for Guatemala,https://commons.cwrc.ca/orlando:95982815-f4f7-45eb-8ddd-060fbaf32fb3
"A Poem to His Sacred Majesty, on the Plot",https://commons.cwrc.ca/orlando:3dd7f3c2-1415-4d4e-a1cf-034135ae5c6c
A Poet's Notebook,https://commons.cwrc.ca/orlando:2490373b-b815-4ba0-bafc-bbdadd70edb4
A Poetical Introduction to the Study of Botany,https://commons.cwrc.ca/orlando:ab50dfda-3020-49ed-9c34-8ee76a76b81f
A Poetical Olio,https://commons.cwrc.ca/orlando:d26d2188-4d82-4c1d-8dcc-3038da527103
A Popular History of Astronomy During the Nineteenth Century,https://commons.cwrc.ca/orlando:46fbeb66-1bbb-41ba-922c-e0892dce3432
A Prayer for Little Things,https://commons.cwrc.ca/orlando:fd6355d3-8b72-46fa-b65f-c9ed8cac6a87
A Present for a Servant-Maid,https://commons.cwrc.ca/orlando:fbae4447-e5ab-458b-9159-38a4074b4f2c
A Present for Young Ladies,https://commons.cwrc.ca/orlando:abdb3aba-3494-47cd-a022-0e51b1f9b5cc
A Private View,https://commons.cwrc.ca/orlando:0f46bbcc-c701-437e-ad00-cec1cdd2b874
A Proper Holiday,https://commons.cwrc.ca/orlando:c0c1e0a7-c651-471f-a534-72f4fde026bb
A Proper Marriage,https://commons.cwrc.ca/orlando:5c4f11b7-d6fe-46c6-8182-897bf472c3e7
A Proposal for Discovering our Longitude,https://commons.cwrc.ca/orlando:ec694d58-1009-4077-acd9-8708ebc16f1e
A Psychological and Poetic Approach to the Study of Christ in the Fourth Gospel,https://commons.cwrc.ca/orlando:cadbd88a-460d-42d0-8e90-8e511d26b6e0
A Queen of Curds and Cream,https://commons.cwrc.ca/orlando:f5c6b408-9624-4624-a210-6a27efe7853f
A Question of Poetry,https://commons.cwrc.ca/orlando:f2bd5184-45fe-40d9-a1d7-2056dd21509e
A Quiet Drink,https://commons.cwrc.ca/orlando:de697870-2c0f-4c46-83c5-fbd7e605eebf
"A Quiet Game, and Other Early Works",https://commons.cwrc.ca/orlando:d2f9da2f-018b-4d40-8a5e-eca7ffaa1091
A Quiet Life,https://commons.cwrc.ca/orlando:e58fa38c-1204-4a36-b56e-cc8b6ed4bd94
A Rap on Race,https://commons.cwrc.ca/orlando:7b404882-dfc5-456e-a033-1321041a7389
A Ray of Darkness,https://commons.cwrc.ca/orlando:4005cbff-7d93-4be0-a01e-795d49b80acf
A Recipe for Water,https://commons.cwrc.ca/orlando:9d3d42b5-0193-4879-af2d-d8ab089a3468
A Red Republican,https://commons.cwrc.ca/orlando:0b4e9ac0-987f-49bf-9d4a-bb8b7a7dce85
A Residence Afresh,https://commons.cwrc.ca/orlando:7b9adf01-068c-427d-9941-a62990b6cf79
"A Residence in France during the years 1792, 1793, 1794, 1795",https://commons.cwrc.ca/orlando:3d3b159e-6fe3-41d3-a01a-8361598343a0
A Rhyming Chronicle of Incidents and Feelings,https://commons.cwrc.ca/orlando:d4936516-6e0d-4f7c-b089-300e9dd0de69
A Richer Dust,https://commons.cwrc.ca/orlando:84c277b4-59db-4217-a66d-ba2992e5eab0
A Ripple from the Storm,https://commons.cwrc.ca/orlando:20f075d4-e37b-4a31-bb4a-c6b8881fe90a
A Road to Fairyland,https://commons.cwrc.ca/orlando:0f77a210-08e3-4cce-9732-7bca55dd48f0
A Rock in Water,https://commons.cwrc.ca/orlando:0961c00d-cb43-4106-85fe-c0804a3c3a41
A Romance of the Moors,https://commons.cwrc.ca/orlando:c5831f5b-ae61-47c4-8ae8-105e363d93ff
A Romance of the Republic,https://commons.cwrc.ca/orlando:03585dcf-43d0-4d12-b0c5-8a1ec09075e7
A Romance of Two Worlds,https://commons.cwrc.ca/orlando:e8486925-6cb1-432d-91c2-b6d55c56b500
A Romantic Hero,https://commons.cwrc.ca/orlando:1d8145ff-f3ba-4a8f-8458-3be45145526e
A Room with a View,https://commons.cwrc.ca/orlando:0feeef00-ab7a-4340-a7aa-df7a8dd68ef3
"A Rough Walk Home, and Other Poems",https://commons.cwrc.ca/orlando:ad6eb265-8b7a-4860-ad8a-2d9da5737979
A Royal Elopement,https://commons.cwrc.ca/orlando:eb60d189-e27d-4e97-a631-ca220abcc977
A Sailors' Home and Other Stories,https://commons.cwrc.ca/orlando:02aa232f-665a-45a9-a9b3-a564758e9ed2
A Saturday Life,https://commons.cwrc.ca/orlando:ef888022-6bd5-4de3-9786-c0defae483ab
A Scarlet Sin,https://commons.cwrc.ca/orlando:195fc4a4-f203-47ae-9f3b-6101311c4e25
A Sculptor and Other Poems,https://commons.cwrc.ca/orlando:601ecfc6-0904-4c1a-966c-feb2f428a732
A Sea-Grape Tree,https://commons.cwrc.ca/orlando:6f310174-7078-4946-b8ad-f83faf7207d0
A Search after Happiness,https://commons.cwrc.ca/orlando:82a763f3-99b8-45b6-b24a-a51c65390d31
A Secret Mission,https://commons.cwrc.ca/orlando:feb9b4d9-332f-4e69-9918-68fbddfaa388
A Selection from the Poems of Mathilde Blind,https://commons.cwrc.ca/orlando:bab3266a-0033-4bd8-8fc7-c54088820ef3
A Selection of Poems by Emily Brontë,https://commons.cwrc.ca/orlando:c3db7ac2-06ff-4929-942a-e13b73d17307
A Self-Portrait in Letters,https://commons.cwrc.ca/orlando:8ab7615b-e741-4b6a-9076-b58bc0dab9a7
A Semi-Detached Marriage,https://commons.cwrc.ca/orlando:10c20231-2598-43ba-b7c3-2b64583b7c35
A Sense of the World,https://commons.cwrc.ca/orlando:ab1a459d-fd09-493b-9018-3eccb8f14b67
A Sentimental Tour through Newcastle,https://commons.cwrc.ca/orlando:b48af0f3-2ebe-46ac-a33b-7237054f2150
A Sequel to the Antidote to the Miseries of Human Life,https://commons.cwrc.ca/orlando:cae7be78-4745-472a-8be4-a2b85d1c88a6
A Series of Letters,https://commons.cwrc.ca/orlando:5daff3e6-f2b5-40e3-9e40-994eae63c186
A Series of Prints of Roman History,https://commons.cwrc.ca/orlando:cf5d4e7f-63b9-4e9b-9769-59cf26e7905e
A Series of Tales,https://commons.cwrc.ca/orlando:325824dd-5e28-4fda-9fb2-633a921aa5d0
A Serious Proposal to the Ladies,https://commons.cwrc.ca/orlando:faa549a2-b0f0-4abf-a8da-b3912e93129e
"A Sermon addressed to the People, pointing out the only sure Method to obtain a speedy Peace and Reform",https://commons.cwrc.ca/orlando:5e2f8eda-cd6b-4627-8602-4738aff79f12
A Servant When He Reigneth,https://commons.cwrc.ca/orlando:7a360f3c-577b-4c43-bb52-95eec5c8fb83
A Sheaf Gleaned in French Fields,https://commons.cwrc.ca/orlando:5c1066ad-6295-45d2-9df0-245891b2032f
A Sheaf of Verses,https://commons.cwrc.ca/orlando:a1f8fbb0-ea81-4662-959f-f089aec6208c
A Shilling for Candles,https://commons.cwrc.ca/orlando:86ef49ce-39af-4e3c-bc3c-50a5bf1ff246
A Ship of Solace,https://commons.cwrc.ca/orlando:fc172a21-1580-4953-ac7a-4e7c916ca914
"A Short Appeal to Men and Women of Reason, Distinguished by Titles of Worldly Honour; or by Riches exclusive of Titles",https://commons.cwrc.ca/orlando:8da89dac-574f-4ba3-9efe-4e252062d25e
A Short History of Spain,https://commons.cwrc.ca/orlando:439aef2b-34f0-4d4c-aaf4-c950cfacdb3c
A Short History of the World,https://commons.cwrc.ca/orlando:8808e8c1-579c-4e9b-af7a-fb3e100954ca
A Shropshire Lad,https://commons.cwrc.ca/orlando:901e3c49-1a56-4c37-a387-33adbdd61bf2
A Sicilian Romance,https://commons.cwrc.ca/orlando:eadb6bd1-eee2-47f5-94e9-5422104a9c1e
A Silent Joy,https://commons.cwrc.ca/orlando:9e22f9ab-5b51-4e73-b3f5-435ce379c971
A Simple Story,https://commons.cwrc.ca/orlando:286c697c-79dd-4dfb-ab04-0ddeb806d3a8
A Singer's Story,https://commons.cwrc.ca/orlando:6c47f41d-26cf-46ea-a35f-30221dd3872d
A Single Lady and Other Stories,https://commons.cwrc.ca/orlando:2c438601-eaa9-49d3-b90e-980598226bd1
A Singular Life,https://commons.cwrc.ca/orlando:753baa1c-9202-465a-9f73-0f988598eb95
A Sister's Bye-Hours,https://commons.cwrc.ca/orlando:4f7d54a5-7e7a-4157-b442-a8eb07cdb934
A Sketch from Life,https://commons.cwrc.ca/orlando:0ae77782-8d5e-40b0-9e7f-2c1edf2d60b0
A Sketch of the Campaigns of Count Alexander Suwarrow Rymnikski,https://commons.cwrc.ca/orlando:aa335326-7b3d-4cb1-a3e5-fc6589c1f712
"A Sketch of the Life of Capt. Hedley Vicars, the Christian Soldier",https://commons.cwrc.ca/orlando:33b20df3-6c91-4316-9d8e-adf537f744dd
A Sleeping Life,https://commons.cwrc.ca/orlando:d2623cf6-3f49-43aa-9329-ee24f949040b
A Smile for the Past,https://commons.cwrc.ca/orlando:684e327e-6584-4775-a2e6-df9739d4873d
A Soldier's Embrace,https://commons.cwrc.ca/orlando:4d98c38f-a38d-4d94-b47c-d51f8636e613
A Solitary Grief,https://commons.cwrc.ca/orlando:a4c3965b-abd9-499a-ad2a-be23bbd55d42
A Son at the Front,https://commons.cwrc.ca/orlando:ac687c89-eb83-4aba-87c6-d2badd13bffe
A Son of the People,https://commons.cwrc.ca/orlando:7dcb5bcf-24e7-49d4-8f6a-33c8980a7056
A Song Flung Up to Heaven,https://commons.cwrc.ca/orlando:4fe3b886-8382-45a0-ac1f-f540040a5f67
A Soul in the Quad,https://commons.cwrc.ca/orlando:2bf9001b-e6ff-44ec-940a-5c2b066fc609
A Sovereign Remedy,https://commons.cwrc.ca/orlando:2f120331-4e6d-4370-82bf-736ac64d5a37
A Spirit Rises,https://commons.cwrc.ca/orlando:6ae290dc-186b-4e7d-a34e-ae1672a6dec2
A Splash of Red,https://commons.cwrc.ca/orlando:8b824831-397e-4010-a0f6-6a1afe8afe1e
A Spot of Folly,https://commons.cwrc.ca/orlando:780f87cc-3f05-4625-826b-d7bdd9cc213d
A Stiff-Necked Generation,https://commons.cwrc.ca/orlando:4c7bb4ff-eff4-4ac2-ab1f-34df3ca7aaa6
A Stolen Mask,https://commons.cwrc.ca/orlando:75b2bed8-6a61-4553-8b53-6985d2b39836
A Story-Teller Tells the Truth,https://commons.cwrc.ca/orlando:f2cf5e7a-d6a8-479e-99b5-349d5bcc9a48
A Strange Girl in Bright Colours,https://commons.cwrc.ca/orlando:58d3c35d-38e1-49f3-9390-50d4ed0152e9
A Strange Inheritance,https://commons.cwrc.ca/orlando:edf1eed6-b9b7-4b90-86ad-515621e63cd2
A Strange Story,https://commons.cwrc.ca/orlando:eaab74b5-ad2c-4f81-b967-7b88ae5e1155
A Strange World,https://commons.cwrc.ca/orlando:cd4d4f34-93e5-4c5b-8a49-2c106137ef64
A Stranger Still,https://commons.cwrc.ca/orlando:3e7c4b82-e864-4538-af11-a9064a630e45
A Stronger Climate: Nine Stories,https://commons.cwrc.ca/orlando:e483c489-3b6b-4f05-8284-e1548348f2b8
A Study in Prejudices,https://commons.cwrc.ca/orlando:75d8cfb3-22c3-4447-a001-73af1e9a1564
A Summer Amongst the Bocages and the Vines,https://commons.cwrc.ca/orlando:2aad94ad-00ea-45f8-8bcc-087c90d0fcb8
A Summer and Winter in the Two Sicilies,https://commons.cwrc.ca/orlando:8cc866d4-d2f1-4866-81f3-24ba76955203
A Summer at Brighton. A Modern Novel,https://commons.cwrc.ca/orlando:f0433122-5323-4818-b6e1-3436315fdfda
A Summer Bird-Cage,https://commons.cwrc.ca/orlando:05cc9475-e842-4f11-91a6-26810618d483
A Summer Night and Other Poems,https://commons.cwrc.ca/orlando:4804318d-5f8c-4e74-ae50-34eb3c063739
A Summer Recollection,https://commons.cwrc.ca/orlando:78664039-7ce4-4cc9-a78f-b61ade3575e2
A Superfluous Woman,https://commons.cwrc.ca/orlando:02caa6a7-e370-4f6f-824e-17e6c11e26da
A Supplement to The Conduct of the King of Prussia,https://commons.cwrc.ca/orlando:563960dc-5a96-4943-9304-c9bf9fad6fa9
A Sussex Idyl,https://commons.cwrc.ca/orlando:3a2c8d62-ce50-4049-b5cf-a2844db4f14a
A Sweet Devouring,https://commons.cwrc.ca/orlando:5dbec2be-f83e-4222-92e2-e8761a4a54ef
A Sweet Girl-Graduate,https://commons.cwrc.ca/orlando:91ff7d91-1326-433a-988b-f8924886c1b7
"A System of Logic, Ratiocinative and Inductive",https://commons.cwrc.ca/orlando:fbe92ba2-60bd-4066-b4aa-5d6aaf83b37b
A Tasmanian Memory of 1834,https://commons.cwrc.ca/orlando:98176461-bae3-4ae9-b2ee-db47a9efb679
A Taste for Death,https://commons.cwrc.ca/orlando:b747f7ae-cdae-4752-bdae-3ec21d53bdca
A Taste of Honey,https://commons.cwrc.ca/orlando:e12b672d-9905-436f-889a-e79e405fb653
A Tempestuous Daughter,https://commons.cwrc.ca/orlando:954ca3a8-ccd0-4ac9-a63a-3067d326d4ab
"A Testimonie of the Touch-Stone for all Professions, and all Forms",https://commons.cwrc.ca/orlando:023b67d2-a96b-4b9e-87a1-ca81c4b769f8
A Testimony Concerning the Light and Life of Jesus,https://commons.cwrc.ca/orlando:72973825-dee4-4095-9ddb-c80786e328c5
A Testimony for God's Everlasting Truth,https://commons.cwrc.ca/orlando:c03ca6f9-99d3-4b09-abe0-b73081cfc39d
A Thing to Love,https://commons.cwrc.ca/orlando:ff244373-7fae-4ce3-af8c-2c5ca7f0fd0b
A Thousand Miles Up the Nile,https://commons.cwrc.ca/orlando:6243cd14-bf04-43da-a223-5475033077d7
A Threefold Cord,https://commons.cwrc.ca/orlando:0ef957a6-f11a-4954-91cb-a0718d2d14ff
A Time in Rome,https://commons.cwrc.ca/orlando:4f8f2def-5658-4856-9ae5-38aeb5c36210
A Time to Be Born,https://commons.cwrc.ca/orlando:dd6d9450-b81a-40d5-9304-a798834e5222
"A Time to Dance, No Time to Weep",https://commons.cwrc.ca/orlando:53f81db9-cdb3-4e0d-85c7-6770f47819c6
A Tour to and from Venice,https://commons.cwrc.ca/orlando:2db1b5bd-a366-4e6f-967e-44221e2f7fe8
A Traveller in Time,https://commons.cwrc.ca/orlando:06bcc9b0-e416-47d2-bc70-c6bd11fc974a
A Traveller's Tale of the Last Century,https://commons.cwrc.ca/orlando:60ae461d-f780-4dfd-9d65-c217ccf5e3df
A Treatise on Counterpoint and Fugue,https://commons.cwrc.ca/orlando:563be8f6-ef45-4ebf-b421-92895f5a2206
A Treatise on the Immutability of Moral Truth,https://commons.cwrc.ca/orlando:a65d9577-9035-422d-a9fc-3c2006805759
A Tree for Poverty: Somali Poetry and Prose,https://commons.cwrc.ca/orlando:d4a964f8-1424-4e04-86b8-f8cfe63fde6d
A Trickle of Welsh Blood,https://commons.cwrc.ca/orlando:d91ad5f1-244e-4b90-b996-1b4ac0fe10b5
A Trojan Ending,https://commons.cwrc.ca/orlando:c0023e5b-a297-4670-9e75-06950c4628fe
A Trophy of Arms,https://commons.cwrc.ca/orlando:c2fb3069-7dd0-4650-8cdf-0badc1115b3e
A Tropical Dependency,https://commons.cwrc.ca/orlando:e046325d-a936-4b27-9278-bbd005f06129
A True Account of Anne Wentworth,https://commons.cwrc.ca/orlando:def19684-9c8b-49bc-a153-57c45c3f7eef
A True Account of the Great Tryals and Cruel Sufferings,https://commons.cwrc.ca/orlando:251c3b24-869a-461a-b82e-e3851aa44abd
A True Account of the Tryal of Mrs. Mary Carlton,https://commons.cwrc.ca/orlando:cf826343-9b64-4ad0-be98-ace7ebc19a1a
A True Relation of the Several Facts and Circumstances of the Intended Riot and Tumult on Queen Elizabeth's Birth-day,https://commons.cwrc.ca/orlando:a2f39dde-5e0f-43d1-9e74-c7af0c0c0213
A Turn Outside,https://commons.cwrc.ca/orlando:e93a67d8-cbdf-42da-9c73-373208a2562f
A Tuscan Wedding,https://commons.cwrc.ca/orlando:b11702f4-89ee-4b2d-bb84-e492b6408653
A Various Universe,https://commons.cwrc.ca/orlando:70211a9a-078a-4832-9ff1-9c6e3b93dd5d
A Very Woman,https://commons.cwrc.ca/orlando:f6fcc705-e2c5-479c-b94d-4ee7732c122e
A Vicarage Family,https://commons.cwrc.ca/orlando:25905f38-a651-4a4c-8255-096627711348
A Victory Won,https://commons.cwrc.ca/orlando:13843a27-e92a-44c6-8a3d-e628f5134f28
A View from the Harbour,https://commons.cwrc.ca/orlando:1cedf2c4-bd50-40c6-b3c0-06fc643babd1
A Villa in Summer,https://commons.cwrc.ca/orlando:cee14fde-a8d5-4d2c-b962-cbc7d7f4f831
A Village Affair,https://commons.cwrc.ca/orlando:832f8993-7c9b-4d03-b183-04108621a41c
A Village Commune,https://commons.cwrc.ca/orlando:730d961a-cbd8-46a7-a73c-5e64bf9d83e7
A Vindication of a Distressed Lady,https://commons.cwrc.ca/orlando:47a5b852-f824-40fd-8549-553ebb3f100e
A Vindication of Anne Wentworth,https://commons.cwrc.ca/orlando:966346cf-27cd-4c8f-a5fd-6d60cd9ea295
A Vindication of the Rights of Men,https://commons.cwrc.ca/orlando:1af7ab72-65c0-4651-bbc7-9e847d445d5c
A Vindication of the Rights of Woman,https://commons.cwrc.ca/orlando:dd2329e8-07fd-4bfb-a133-1d54e71f97e6
A Vision,https://commons.cwrc.ca/orlando:2b032da5-810e-4251-bf4e-568c8f8120fe
A Vision of Judgement,https://commons.cwrc.ca/orlando:ddccd161-44bd-4fbb-b59c-368c820b4247
A Visit to a Farm-House,https://commons.cwrc.ca/orlando:483e5f54-623d-4c53-ad29-8b7eaf869b1f
A Visit to Italy,https://commons.cwrc.ca/orlando:e4fbbcd4-ef14-4c68-80c6-fdef1e970efb
A Visit to London,https://commons.cwrc.ca/orlando:15a795d9-2722-4ce6-b168-a6cf3ad70a50
A Visit to My Birthplace,https://commons.cwrc.ca/orlando:4cee22d3-26bb-4359-bc95-eaa0beea6ce9
A Visit to Some American Schools and Colleges,https://commons.cwrc.ca/orlando:94fa1c75-de08-4d45-9802-1edf865614b4
"A Vocabulary, English and Spanish",https://commons.cwrc.ca/orlando:7811fff3-4eaf-49a4-b6f2-b423c12abce6
"A Vocabulary, Hebrew, Arabic and Persian",https://commons.cwrc.ca/orlando:b7cae027-d22e-4518-8b41-f4d66cd3c890
A Voice for the King of Saints and Nations,https://commons.cwrc.ca/orlando:554cc5aa-2f7b-4e34-a47a-c31a66da8a4d
A Voice from the Dim-Millions,https://commons.cwrc.ca/orlando:92086adf-1e84-4de5-8602-58b1fa0cad1f
A Voice from the Factories,https://commons.cwrc.ca/orlando:5fa9a4b8-0d67-493b-be4f-a126498dc702
"A Voyage in the ""Sunbeam"": Our Home on the Ocean for Eleven Months",https://commons.cwrc.ca/orlando:38e01fc9-5074-4712-bedf-1a6e04a79d25
A Voyage of Consolation,https://commons.cwrc.ca/orlando:5da689f0-fb2d-49cd-91f0-1782c28186d4
A Voyage Round the World,https://commons.cwrc.ca/orlando:8489563d-f9e6-4243-8701-5ad92ffeea70
A Walk through Leicester,https://commons.cwrc.ca/orlando:a6b158c3-da8d-4790-be5f-38259d949775
A Wasted Life and Marr'd,https://commons.cwrc.ca/orlando:99c0f724-23fb-49ea-bf9e-0dee62ca6dd8
A Watching Brief,https://commons.cwrc.ca/orlando:211178b0-75c8-47b4-b992-9bc47fb2b2d9
A Way of Looking,https://commons.cwrc.ca/orlando:52263a84-512a-4a9b-945d-97ded5095468
A Week in a French Country-House,https://commons.cwrc.ca/orlando:5c1d4903-71fc-422a-b6e0-6742a1d80bb1
A Weekend with Claude,https://commons.cwrc.ca/orlando:4aaffd04-ce73-4910-9f3d-d25d79d4d7e9
A Well-Meaning Woman,https://commons.cwrc.ca/orlando:82915ba3-4bf2-400c-bb2c-cf3fd70506ec
A Wife in the Right,https://commons.cwrc.ca/orlando:49a875f6-dc32-4d55-85a9-051cdc4e91c4
A Wife to be Lett,https://commons.cwrc.ca/orlando:f2be1d2e-5979-4c26-8e90-d0055c4fd1ef
A Wilful Widow,https://commons.cwrc.ca/orlando:649dffbc-8e40-45d0-a330-1809b0a4b9ed
A Will and A Way,https://commons.cwrc.ca/orlando:747d3511-c2a6-467d-93c4-e9d520268710
A Winter Bouquet,https://commons.cwrc.ca/orlando:ac58e2c7-8cda-40e0-be3a-f9b9c3afe173
A Winter in Arabia,https://commons.cwrc.ca/orlando:321a8eea-174c-497f-b887-d6270d3503b6
A Winter Ship,https://commons.cwrc.ca/orlando:bb290c5d-8b19-450e-a061-30c88fae8231
A Winter with the Swallows,https://commons.cwrc.ca/orlando:96b281d4-32f3-4248-9076-122ee0da8b8f
A Wizard of Earthsea,https://commons.cwrc.ca/orlando:629bb5a5-aa3a-4944-82f3-305c32ad712b
A Woman of My Age,https://commons.cwrc.ca/orlando:5337673b-2622-4187-9428-369bec11e956
A Woman Scorned,https://commons.cwrc.ca/orlando:01f2de70-ce12-451c-9d84-313a62aa35f2
A Woman Sold and Other Poems,https://commons.cwrc.ca/orlando:c414b23b-92e5-489c-ae57-1fe69690660b
A Woman Without a Country,https://commons.cwrc.ca/orlando:551ab8a7-006c-4102-afde-767dad3d9eee
A Woman's Case,https://commons.cwrc.ca/orlando:a2f31016-839b-4125-965b-30add9d1ecdc
A Woman's Diary of the War,https://commons.cwrc.ca/orlando:78b29d6b-355e-4552-b221-64231db5de62
A Woman's Loyalty,https://commons.cwrc.ca/orlando:82dbcbbe-6e9b-4387-b347-86f5e3dcbdfc
A Woman's Patience,https://commons.cwrc.ca/orlando:6e0dff0b-be8b-4ffd-af94-881ba708e31e
A Woman's Question,https://commons.cwrc.ca/orlando:32b7909d-fb38-4a0d-815f-f981d658259a
A Woman's Story,https://commons.cwrc.ca/orlando:23e7168d-2840-46f3-a295-8356ddc4d097
A Woman's Walks: Studies in Colour Abroad and at Home,https://commons.cwrc.ca/orlando:ab95d950-cb68-4552-884e-3f1185382c6e
A Word Child,https://commons.cwrc.ca/orlando:a48e7b5e-523d-4db3-817f-2b80d0ebb2f0
A Word in Season to the Kingdom of England,https://commons.cwrc.ca/orlando:5a9952b7-6bad-432c-ab9e-184209f66939
"A Word of Advice and Warning to Handicrafts-men, Labourers, Carmen, Coachmen, Chairmen, &c.",https://commons.cwrc.ca/orlando:87b5f27f-c435-48d5-9803-f6cf231c7b99
A Word to the Wise,https://commons.cwrc.ca/orlando:23739cc4-6e78-4efd-8ea4-8273f7c932c0
A Word to Women,https://commons.cwrc.ca/orlando:5f62fe20-baf7-49ad-abae-1bd788770d90
A World of Love,https://commons.cwrc.ca/orlando:c6e28cd8-a212-4989-a9a9-4d684a5965e0
A World of Strangers,https://commons.cwrc.ca/orlando:9da73546-de8d-4fd8-a5b1-890772b7d7c3
A World Without God. A Reply to Miss Frances Power Cobbe,https://commons.cwrc.ca/orlando:e3bd7647-bc3e-4d95-90cc-88e0ae852398
A Wreath for the Enemy,https://commons.cwrc.ca/orlando:5b9199c4-d290-4ef2-94c7-bdc8ba669cac
A Wreath of Roses,https://commons.cwrc.ca/orlando:20bf155c-ad8c-40d9-bdb1-1955608a2947
A Writer of Books,https://commons.cwrc.ca/orlando:ce6264b1-5115-4b58-9e6e-f58578a4b1d0
A Writer's Britain: Landscape in Literature,https://commons.cwrc.ca/orlando:386c70c3-b764-4aed-a77a-7991c08a436c
A Writer's Diary,https://commons.cwrc.ca/orlando:1c0c9573-c3cd-40ab-9f22-1fff8357ed2f
A Writer's Recollections,https://commons.cwrc.ca/orlando:782ab4b0-e5df-4bc8-9cf2-2a094d0793d2
A Year of Birds,https://commons.cwrc.ca/orlando:ae109b10-5ef7-4b36-82c0-140d69ad006f
A Year's Housekeeping in South Africa,https://commons.cwrc.ca/orlando:37fdf67a-f782-41d3-80e0-b97d4eddeeea
A Yellow Aster,https://commons.cwrc.ca/orlando:d2e0ebf6-5b9a-4c78-8b4c-e75eaaa5530e
A York and a Lancaster Rose,https://commons.cwrc.ca/orlando:4fd9af80-fe4e-4877-9b74-88a7d4b28c30
Aaron's Rod,https://commons.cwrc.ca/orlando:fdbb55c1-97ae-47b9-b834-cba2c3c739f9
Abbots Verney,https://commons.cwrc.ca/orlando:6f81a780-c804-4746-a5c3-19bcda1cf962
Abel's Sister,https://commons.cwrc.ca/orlando:351ebe20-542c-4b99-affd-5c353840f264
Abelard and Heloise,https://commons.cwrc.ca/orlando:dad7d804-f2b8-4c4c-be2e-12833b95c8cf
Abelard to Eloisa,https://commons.cwrc.ca/orlando:6a0deede-6cc1-4751-98f6-03bbd4fd27e1
About Money and Other Things,https://commons.cwrc.ca/orlando:e2286719-e493-4357-941a-2dbc86743ebd
About Sisterhoods,https://commons.cwrc.ca/orlando:d04e1d4c-634f-4dfe-b084-51cf5bd71e4b
About the House,https://commons.cwrc.ca/orlando:559951e6-853c-4a26-ae31-4ea42aa48a29
About Time,https://commons.cwrc.ca/orlando:131856bb-9e3f-4ac4-978b-e140c569bcf1
About Time Too: 1940-1978,https://commons.cwrc.ca/orlando:d191638b-8d41-4a3f-9204-fd56c3132484
Absenteeism,https://commons.cwrc.ca/orlando:d82d2de9-7796-4577-b8d7-dabfd667dd65
Absolute Trust in the Goodness of the Earth,https://commons.cwrc.ca/orlando:bb5672fd-4538-48b7-8623-3948df9cea4e
Academia,https://commons.cwrc.ca/orlando:206cec68-bba8-415a-a947-8ef7fdae6ba4
Accommodation Offered,https://commons.cwrc.ca/orlando:6ee55cdc-8687-47f0-8f0e-b3436aa205be
According to Mark,https://commons.cwrc.ca/orlando:a52d24b1-4984-4983-8097-e584f8d3a733
According to Queeney,https://commons.cwrc.ca/orlando:75f6fefc-0062-4a9e-a385-14f347eeda8c
Across Patagonia,https://commons.cwrc.ca/orlando:5f30dedc-b864-47ea-8829-0f91e1daf59f
Across the City,https://commons.cwrc.ca/orlando:e00a8579-a391-4545-8a4f-453959b62965
"Acrostics: Historical, Geographical, and Biographical",https://commons.cwrc.ca/orlando:afe2b7c1-414b-4b56-a07b-a363f6929d00
Act of Synod—Act of Folly?,https://commons.cwrc.ca/orlando:1216ac77-b188-4928-b22e-b88d016ee308
Action Replay,https://commons.cwrc.ca/orlando:57e5fadd-4503-444c-afb9-2081d180f0f1
Acts and Monuments,https://commons.cwrc.ca/orlando:9b51ab78-9bdb-496f-85bf-2af7838f37a9
Adam Bede,https://commons.cwrc.ca/orlando:0ccde683-a197-4ddc-8552-96f6908ae175
Adam Gould,https://commons.cwrc.ca/orlando:28a80722-f0ad-46ef-b423-7845995cec65
Adam's Breed,https://commons.cwrc.ca/orlando:395ecd77-f1ef-4d37-9449-9b4cac62fa10
Adam's Opera,https://commons.cwrc.ca/orlando:f7d60110-9b9c-4ef9-9270-c256ac00ca87
Additional Hymns,https://commons.cwrc.ca/orlando:cf443946-4222-4edc-8488-307bed8fb8a5
Adelaide and Antonine: or The Emigrants: A Tale,https://commons.cwrc.ca/orlando:ad14c829-ffec-4dc1-a66f-e5cc82e27c1e
Adèle et Théodore,https://commons.cwrc.ca/orlando:b06594c8-53ce-49cf-a681-fca6b01dbd0a
Adeline Mowbray,https://commons.cwrc.ca/orlando:61052eab-d547-4386-841d-32fd85676088
Admirable Events,https://commons.cwrc.ca/orlando:75c48ec2-85c7-412b-8209-8b5b4e26a913
Adnam's Orchard,https://commons.cwrc.ca/orlando:e5a63640-beac-49ce-b989-6193d17ea3e9
Adonais,https://commons.cwrc.ca/orlando:17dc14e6-e220-40ba-aac1-1f8aa0f620b4
Adrian Savage,https://commons.cwrc.ca/orlando:b18be322-1898-482b-8c57-1b8a92cee3d3
"Adventures of Susan Hopley; or, Circumstantial Evidence",https://commons.cwrc.ca/orlando:f6e9ed17-3305-490e-bf20-fa3548307818
Adventures with My Horse,https://commons.cwrc.ca/orlando:946f734c-0446-40c1-a76e-9cb6b2d16395
Advice from a Mother to her Son and Daughter,https://commons.cwrc.ca/orlando:9b926a97-b373-4f6d-817f-a598adf8d1d3
Aesop's Fables,https://commons.cwrc.ca/orlando:d24b92ca-5cc8-4a00-a676-53dbe05d96a7
Affairs of the Heart,https://commons.cwrc.ca/orlando:402bee03-aff5-43ad-80cc-c331015a3263
Affinity,https://commons.cwrc.ca/orlando:06556de5-3424-41d7-ac6c-f2bb02813101
Affliction,https://commons.cwrc.ca/orlando:da9930b3-3d46-4c87-9947-3a4f9e2f2f0b
African Heroes,https://commons.cwrc.ca/orlando:5cd5c510-4dad-4284-b6f1-1cf22f15487c
African Lessons: Wolof and English,https://commons.cwrc.ca/orlando:b1a0054d-215b-4693-a9f3-24f969f6d70f
After Darwin,https://commons.cwrc.ca/orlando:4cab0ab8-f194-4a79-b622-239b12d1bbcc
After Easter,https://commons.cwrc.ca/orlando:b362db66-4987-4564-8820-e8a0c3c41d38
After Julius,https://commons.cwrc.ca/orlando:cdf86f69-55fb-4df1-a012-6798b8f62df2
After Sunset,https://commons.cwrc.ca/orlando:cfd125cf-403a-451a-be0e-d9b9cb23b4ea
After the Ark,https://commons.cwrc.ca/orlando:5f34ec31-278c-4b52-a112-428028d9d278
After the Death of Don Juan,https://commons.cwrc.ca/orlando:e7973e9a-b812-44ae-b8c7-7e2238d30946
Afterglow,https://commons.cwrc.ca/orlando:48a4a4df-969f-48c3-a7e1-945b6f584986
Afternoon of a Good Woman,https://commons.cwrc.ca/orlando:ea58e041-92ed-47e9-b3cb-75ccca0e16fc
Against Dryness,https://commons.cwrc.ca/orlando:b0b6b28a-578e-44ea-84f9-21f7177b4077
Against Her Will,https://commons.cwrc.ca/orlando:145d6a57-c41f-48fb-b3b8-b6ea2dc6b1aa
Against the Grain,https://commons.cwrc.ca/orlando:a18063f3-41c2-438a-94aa-82df2c0e3be1
Agatha Beaufort,https://commons.cwrc.ca/orlando:55bfb86d-e3c1-4274-a08d-c1d12b5aac56
Agatha's Husband,https://commons.cwrc.ca/orlando:8dd8e347-ef6c-4f80-b7fa-02f6f1e565d7
Ageing for Beginners,https://commons.cwrc.ca/orlando:10946ba1-822f-4a01-ad0d-72f12aa3052c
Agnes Grey,https://commons.cwrc.ca/orlando:b74e7161-c27b-40f8-9f89-eab549871945
"Agnes Milbourne; or, Foy pour devoir",https://commons.cwrc.ca/orlando:7ead527e-1359-46af-9a64-0bf2877ead62
Agnes of Sorrento,https://commons.cwrc.ca/orlando:210b8db5-d753-48a0-abc3-e0d78c7ecdc8
Agnes Tremorne,https://commons.cwrc.ca/orlando:edb0fa53-b61f-4292-b341-e5f3577b1b7b
Agnes Waring,https://commons.cwrc.ca/orlando:e35f38d9-b53e-48b4-8dd8-4714b60763ba
Agnosticism and Women: A Reply,https://commons.cwrc.ca/orlando:df070fc9-2f01-4622-b930-6c35f29fe0c8
Agreeable Ugliness,https://commons.cwrc.ca/orlando:a8f21186-5181-44a1-89f3-552a217e25e1
Ah Wong,https://commons.cwrc.ca/orlando:a8af26df-069a-4ab2-b58f-129e4b362151
Aiding and Abetting,https://commons.cwrc.ca/orlando:bc4dadec-e70a-49f3-8367-02061745a08c
"Aimée Furniss, Scholar",https://commons.cwrc.ca/orlando:200b9b35-6825-42ce-8d29-b109ee8f8dd0
Air and Angels,https://commons.cwrc.ca/orlando:10eb279a-1329-41a8-9a29-a849013eea98
Alastor,https://commons.cwrc.ca/orlando:12abbb17-0a5e-4785-9c3c-13cd5a269cb5
"Albert, Edward and Laura, and The Hermit of Priestland: Three Legendary Tales",https://commons.cwrc.ca/orlando:1cd826ff-4887-41f9-88e6-846c6dbdd024
Albina,https://commons.cwrc.ca/orlando:7c2e60ff-e35e-45b3-9b99-8611f7c6a005
Alcestis,https://commons.cwrc.ca/orlando:e743659b-2811-4fca-8dad-b3c1e0a96a23
Alchemy,https://commons.cwrc.ca/orlando:40f80eb4-1143-4840-b1b6-d591e9101388
Alchemy for Women: personal transformation through dreams and the female cycle,https://commons.cwrc.ca/orlando:8d660722-bc46-49cc-8c12-cb096117ebc6
Aldersyde,https://commons.cwrc.ca/orlando:ff69c4ee-6a27-48e4-96a8-2b9f8fd3ca79
Aldyth,https://commons.cwrc.ca/orlando:f3339ff6-f270-4bb5-8bed-98beed729299
Alexander Pope,https://commons.cwrc.ca/orlando:a7cf96a2-1e2a-41f8-814c-21993396b8cf
"Alfred Adler, Apostle of Freedom",https://commons.cwrc.ca/orlando:fdaf421f-ffd5-4f68-bcf8-cd5ea6f40fbe
Alfred Lyttelton: An Account of His Life,https://commons.cwrc.ca/orlando:e734acbc-ccd7-4fab-b043-7180f310c687
Algeria Considered as a Winter Residence for the English,https://commons.cwrc.ca/orlando:5adec338-2bb8-411d-8bef-9df02b75f7c2
Alias Grace,https://commons.cwrc.ca/orlando:97750664-5134-4992-93bc-e25a353e75b1
Alibi,https://commons.cwrc.ca/orlando:ee52b75a-e2c2-4877-b0c6-0da6c56b318f
Alice and Thomas and Jane,https://commons.cwrc.ca/orlando:23d76fe5-cddc-4b56-8361-f8b5e2452b73
Alice Cunningham,https://commons.cwrc.ca/orlando:47b6d327-eebc-4b48-933d-a7bace982c94
Alice Errol and Other Tales,https://commons.cwrc.ca/orlando:8034cd9a-311d-4b30-8371-cfa364891c85
Alice Learmont,https://commons.cwrc.ca/orlando:1420edea-34c6-455a-bf01-978f3b2a4c8f
Alice Meynell: A Memoir,https://commons.cwrc.ca/orlando:8b4f7301-c981-4861-82e4-574406231cb8
Alicia Tennant,https://commons.cwrc.ca/orlando:bd551ce9-e476-469b-968c-99eb4c6070fe
Aliens of the West,https://commons.cwrc.ca/orlando:b8da1030-32e7-4248-a006-6514c53f22f4
"Alive, Alive Oh!",https://commons.cwrc.ca/orlando:f798bda2-1c26-4978-83f1-13f52d3ec957
All Change,https://commons.cwrc.ca/orlando:ca3089fd-979d-41a0-802b-d45ea20c60aa
All Experience,https://commons.cwrc.ca/orlando:cf0511de-0d91-4f81-8800-511a78df0d71
All God's Children Need Traveling Shoes,https://commons.cwrc.ca/orlando:63c98c8e-bea7-423e-bfa2-89b407fc5c99
All in Good Time,https://commons.cwrc.ca/orlando:e2718c4d-e125-4dce-8f08-2cced14d5994
All is Discovered,https://commons.cwrc.ca/orlando:89a4af31-55c3-4295-a075-1e8f58e9dadc
All Men are Brothers,https://commons.cwrc.ca/orlando:d59ab809-8085-4055-82a1-07a0773dd854
All My Pretty Ones,https://commons.cwrc.ca/orlando:8e0f0e1c-4a4d-4bb7-8f78-18c8a0807f6b
All Passion Spent,https://commons.cwrc.ca/orlando:5e09e1f8-9026-4207-b3ee-7ba90fa83734
All Stracheys Are Cousins,https://commons.cwrc.ca/orlando:96f785e4-3139-4f1c-a463-070df3b8ffa8
All the Books of My Life,https://commons.cwrc.ca/orlando:3d05d164-dd4f-478f-8291-307039483ec4
All the Chief Points Contained in the Christian Religion,https://commons.cwrc.ca/orlando:44933ec2-cfda-4793-a98f-a7b9262c31a4
All the Dogs of My Life,https://commons.cwrc.ca/orlando:aadf129e-0485-4d78-b050-8867b400c192
All the Poems,https://commons.cwrc.ca/orlando:406cb5b8-31f7-4360-a459-07a75be5f65e
All the Sorrow that came After,https://commons.cwrc.ca/orlando:bce6d171-d95f-44f3-af1c-fc07c622f67f
All the Usual Hours of Sleeping,https://commons.cwrc.ca/orlando:feb0cc71-b7d0-4a4b-86a8-cf64103c3155
All What Jazz: a record diary 1961-68,https://commons.cwrc.ca/orlando:fa897464-c552-4345-bf2a-e7e4bcb2c33e
All You've Ever Wanted,https://commons.cwrc.ca/orlando:d6fa9f81-f26d-4e33-9bdf-3d27b4233032
"Alla Giornata; or, To the Day",https://commons.cwrc.ca/orlando:f854c56f-1b86-4f99-be03-9e4fd1343803
Almayer's Folly,https://commons.cwrc.ca/orlando:cf9c9d46-2370-4af3-a864-38d53f772088
Almida,https://commons.cwrc.ca/orlando:ddfce758-a732-42a5-bd5c-8f297090f593
Almost a Tragedy,https://commons.cwrc.ca/orlando:4d76e635-7471-4a13-b552-86f4d9b2ca54
Alone in London,https://commons.cwrc.ca/orlando:7d49371e-3c3f-410c-b778-748d305a68fa
Alone of All Her Sex: The Myth and Cult of the Virgin Mary,https://commons.cwrc.ca/orlando:3f3602fc-dad3-4d3d-bb02-7a4e01460b36
Altered States,https://commons.cwrc.ca/orlando:dc1e9900-402b-409c-9f07-e5b3dc237164
Altorf,https://commons.cwrc.ca/orlando:b94ee2e0-f456-400c-80c5-5219399cf849
Always Coming Home,https://commons.cwrc.ca/orlando:acf26871-ff7f-4166-929e-37bdd3648e2f
"Amabel; or, Memoirs of A Woman of Fashion",https://commons.cwrc.ca/orlando:54eb0f7a-0413-426f-8a9b-be3d50d34043
Amalgamemnon,https://commons.cwrc.ca/orlando:397c88d8-be0e-442d-8f4e-a9da1b4ae576
Ambush of Young Days,https://commons.cwrc.ca/orlando:c9f66caf-f7f5-4a44-91a0-969d5e4a3eef
"Amelia; or, The Distress'd Wife",https://commons.cwrc.ca/orlando:62c16965-ae62-4870-88e3-19069b95c2f4
Americans,https://commons.cwrc.ca/orlando:cb441816-a52e-4543-9b0d-a87a09c0cc43
Ammonites and Leaping Fish. A Life in Time,https://commons.cwrc.ca/orlando:138bedcc-daef-475b-b6be-8c44ae6c0ba9
Ammorvin and Zallida,https://commons.cwrc.ca/orlando:fdff4fac-dd7b-4c06-b32e-584ffe9b9dfa
Among Aliens,https://commons.cwrc.ca/orlando:f96f1fff-20ba-402e-be64-54d2dd303e48
Amurath to Amurath,https://commons.cwrc.ca/orlando:6c558104-25b7-4fab-a509-e0dcb045a9a9
Amy Lowell: A Critical Appreciation,https://commons.cwrc.ca/orlando:e5b826b0-2c4e-4bdf-9f2d-6272ea37bcb9
Amymone,https://commons.cwrc.ca/orlando:d226bf55-7bfc-4216-a5fa-5bb763b64cc2
An Academic Question,https://commons.cwrc.ca/orlando:6ac66f20-b7da-4e5e-8fe6-217be4797421
An Accidental Man,https://commons.cwrc.ca/orlando:3e8d5da5-7baa-4ee4-8b54-7b5d3a1f4a9e
An Accurate New Spelling Dictionary and Complete English Expositor,https://commons.cwrc.ca/orlando:5f94438c-1bc2-4cfe-b1aa-5905abbee4da
An American Citizen,https://commons.cwrc.ca/orlando:b8b537a8-3ce6-4c79-928d-70ca9513e508
An American Girl in London,https://commons.cwrc.ca/orlando:bcd26acd-573a-4adb-9d12-1771d26b7628
An Amorous Discourse in the Suburbs of Hell,https://commons.cwrc.ca/orlando:23345b8f-9966-4c14-93ed-7b33a9f86bee
An Anatomy of Poetry,https://commons.cwrc.ca/orlando:0d0e4da0-882c-4488-a98d-c28683ade363
An Angel of Pity,https://commons.cwrc.ca/orlando:c2f3d533-44b8-47da-bd27-82a52b577482
An Angel's Form and a Devil's Heart. A Novel,https://commons.cwrc.ca/orlando:8ea292b3-2ffe-4c8d-b662-179bd0fa8628
An Answer to the Author of the Critical Review for March 1760,https://commons.cwrc.ca/orlando:7a9cb0b4-91d5-43fb-88c5-3d114adfe1fa
An Answer to Thomas Paine's Third Part of The Age of Reason,https://commons.cwrc.ca/orlando:3b182b08-547b-4988-b0cd-116321d3fbbf
"An Anthology of Modern Verse, 1940-1960",https://commons.cwrc.ca/orlando:facb3a37-fff8-454d-bf3a-4d787443b4cd
An Antidote to the Miseries of Human Life,https://commons.cwrc.ca/orlando:7f3723c4-efe5-4ffa-bfbd-4fce4d2fbb55
An Apology for the Minister,https://commons.cwrc.ca/orlando:8ebc7974-34d4-4f8b-b3b8-12fb47b2afec
An Appeal in Favor of that Class of Americans Called Africans,https://commons.cwrc.ca/orlando:e5e19187-c6be-4508-b7eb-b89643e367d5
An Appeal to Englishwomen,https://commons.cwrc.ca/orlando:c52d04e2-c6f6-4dd7-8521-d273b0717a7a
An Appeal to the People of England on the Recognition and Superintendence of Prostitution by Governments,https://commons.cwrc.ca/orlando:eee4ad10-7010-4450-9da1-149c96fb3719
An Appeal to the Public,https://commons.cwrc.ca/orlando:90519112-f666-418d-b3ce-affbc96cce87
An Appetite for Fasting?,https://commons.cwrc.ca/orlando:8bcea244-6580-4944-9da1-52742c744c2e
An April Princess,https://commons.cwrc.ca/orlando:0cf3596e-475a-44eb-a0d5-f503f84570c1
An Art-Student in Munich,https://commons.cwrc.ca/orlando:1b256251-54e2-4e79-82ba-bc7f4638ce68
An Asset to Wales,https://commons.cwrc.ca/orlando:23bf1ccd-3b3b-4b7a-a1ff-c5b5483cc3e3
An Aunt's Advice to a Niece,https://commons.cwrc.ca/orlando:2f82a0f2-2b88-4a5e-a880-cffb08236acb
An Autobiography,https://commons.cwrc.ca/orlando:000478d3-09eb-456a-887f-fc8769e32433
An Awfully Big Adventure,https://commons.cwrc.ca/orlando:5ea205d6-db09-4819-a3aa-804aff28df14
An Elderly Retired Man,https://commons.cwrc.ca/orlando:e1e7f215-8a9b-4813-9fb4-c98c57ebee97
"An Electric Shock, and Other Stories",https://commons.cwrc.ca/orlando:d8e9755e-0d19-4e5b-be85-760bfc114ae8
An Elegy on Marie Antoinette,https://commons.cwrc.ca/orlando:9a3719f6-cd6a-4750-a782-bcfc94b8c4c5
An Elegy on the Death of the Right Honourable Edmund Burke,https://commons.cwrc.ca/orlando:fd9f8cd8-0732-443b-8836-89bd13151878
An Enemy at Green Knowe,https://commons.cwrc.ca/orlando:bed8ba89-6934-4845-8b94-e54e4c638a47
An English Squire,https://commons.cwrc.ca/orlando:b3489d94-d032-4b51-af05-4f8cddc44adf
An English-South African's View of the Situation: Words in Season,https://commons.cwrc.ca/orlando:3254642b-d091-4c27-b5f4-d9da141925d8
An Englishwoman's Letter to Mrs. Hannah More,https://commons.cwrc.ca/orlando:3f3375a9-86ec-41e9-b38d-608a5f59dd62
An Enthusiast,https://commons.cwrc.ca/orlando:0426efa6-13be-4ea3-9bd9-167fa40bb92c
"An Epistle for True Love, Unity, and Order in the Church of Christ",https://commons.cwrc.ca/orlando:a899f10f-ccf7-40b1-8a19-bc12c478c281
An Epistle of Love and Good Advice,https://commons.cwrc.ca/orlando:8b6c95fa-ece9-4e10-93e1-117a2962503c
An Epistle to Friends in Ireland,https://commons.cwrc.ca/orlando:9a0ddad1-22dc-497d-b33b-2e0d87aa91c0
An Epistle to Mr. Pope. By a Lady. Occasioned by his Characters of Women,https://commons.cwrc.ca/orlando:30e6f13b-b453-4dc9-bba6-41eeac952388
An Epitome of the History of Faire Argenis and Polyarchus,https://commons.cwrc.ca/orlando:49d69d90-3ad7-4478-9f48-b5df590d100b
An Error of Judgement,https://commons.cwrc.ca/orlando:0d00c53c-646e-4929-ab8c-f22b49547d0d
An Essay on Christian Education,https://commons.cwrc.ca/orlando:357f76f8-00bd-40d2-9992-04aee7c84fc6
An Essay on Criticism,https://commons.cwrc.ca/orlando:e052a8f3-e07d-433f-9e20-80b187a3f9f4
An Essay on Man,https://commons.cwrc.ca/orlando:7786079e-8f34-4932-aa9e-d584e97ae7fd
"An Essay on Mind, with Other Poems",https://commons.cwrc.ca/orlando:2a2d4486-8b6c-4fdd-8839-c7846957a2ce
An Essay on the Art of Ingeniously Tormenting,https://commons.cwrc.ca/orlando:2c896e9b-e410-419d-91ad-71232a977c1e
An Essay on the Character and Practical Writings of Saint Paul,https://commons.cwrc.ca/orlando:424b4e3c-2989-4a60-b2e6-a5d26ca11ee9
An Essay to Revive the Antient Education of Gentlewomen,https://commons.cwrc.ca/orlando:11d863e8-f4b3-4dbb-8440-ce1675a02175
An Exhortation to the Inhabitants of the Province of South-Carolina,https://commons.cwrc.ca/orlando:c9c30ab0-f0da-4284-9f72-022449fa1e9e
An Experience of India,https://commons.cwrc.ca/orlando:383e1ebd-7ccb-4d25-b4ad-c5651c57298a
An Exposition of Vulgar and Common Errors,https://commons.cwrc.ca/orlando:6b034d59-08fd-486d-95fb-97d9194865b2
An Expostulatory Appeal to the Professors of Christianity,https://commons.cwrc.ca/orlando:1a02e7ef-d267-4add-987c-d10f5317b8d9
An Historical Narrative of the German Princess,https://commons.cwrc.ca/orlando:d1d35721-42bc-44af-9b30-bb3b7413b46a
An Honourable Man,https://commons.cwrc.ca/orlando:736ce371-2fa5-46e7-9dae-a24ec6843c2f
An Idyl of the Alps,https://commons.cwrc.ca/orlando:392a17af-8e64-4c17-a3dc-6814af86e260
An Imaginative Experience,https://commons.cwrc.ca/orlando:8e16c7dc-13f3-4946-944b-69ee35326db7
An Impossible Marriage,https://commons.cwrc.ca/orlando:25ab6ab8-d3d1-41fd-9526-c2ae36b7a721
An Incorruptible Irishman,https://commons.cwrc.ca/orlando:2f65ef6a-cd6a-4ec0-8614-7a32a6c38a42
An Innocent Gentleman,https://commons.cwrc.ca/orlando:b66bb84d-fdb3-4e94-9a0a-154ad5fb931d
An Interrupted Friendship,https://commons.cwrc.ca/orlando:64b91201-0579-4564-8f8b-d2ee196d29ec
An Introduction to Practical Organic Chemistry,https://commons.cwrc.ca/orlando:902b763b-2856-4c02-8a15-39a0876312ee
An Introduction to the Metaphysical Poets,https://commons.cwrc.ca/orlando:44c4a5c1-ca14-4b14-8370-ba13fa204cfc
An Introduction to the Natural History and Classification of Insects,https://commons.cwrc.ca/orlando:5638107f-dc93-4842-8e7f-151605586529
An Italian Garden,https://commons.cwrc.ca/orlando:2c178533-b5f7-47e3-9c42-5801b67b7c86
An Odd Experiment,https://commons.cwrc.ca/orlando:fd4612c5-de43-41db-9ec7-ad67a7d5e366
An Ode Occasioned by the Death of Mrs. Elizabeth Dowland,https://commons.cwrc.ca/orlando:679f8dbc-7dfe-4e73-b48d-388d521ca70b
An Old Debt,https://commons.cwrc.ca/orlando:1954f7ba-0f27-4ed0-8e2e-3d9c45a587d1
An Old Proverb,https://commons.cwrc.ca/orlando:df3c9aa1-6531-4f2c-808d-f9904c3d11b6
An Old Woman's Outlook in a Hampshire Village,https://commons.cwrc.ca/orlando:bb34c8cc-f821-4500-8ea5-964a03df1368
An Open Book,https://commons.cwrc.ca/orlando:61153a14-3d37-4cee-88a0-b637738e8694
An Oxford Childhood,https://commons.cwrc.ca/orlando:1b769d66-d7d7-4f26-b964-7a635955f3d5
"An Unavoidable Delay, and Other Stories",https://commons.cwrc.ca/orlando:209b2db3-d5e3-4ed1-b530-b023cc6caa7a
An Unfortunate Mother's Advice to her Absent Daughters,https://commons.cwrc.ca/orlando:ee97179d-0d92-4306-a41e-82c607109dfa
An Unkindness of Ravens,https://commons.cwrc.ca/orlando:7f696685-68b2-452a-8622-5af5001928bf
An Unknown Country,https://commons.cwrc.ca/orlando:27bcc049-ec6c-41ea-9bf3-839b55d28348
An Unofficial Rose,https://commons.cwrc.ca/orlando:1c613496-3c51-4e3c-ba92-84e5890097bc
An Unsentimental Journey through Cornwall,https://commons.cwrc.ca/orlando:e5a63049-92f5-46ee-9110-8c1dc8d49755
Anarchism Is Not Enough,https://commons.cwrc.ca/orlando:55fe03f9-3f43-47b7-b923-0b81527c834b
Ancestral Voices,https://commons.cwrc.ca/orlando:afdb67b1-cb19-4012-abe2-ac55e9aeb5bc
Ancient Ballads and Legends of Hindustan,https://commons.cwrc.ca/orlando:93fec5bf-fa27-4786-ad24-40f7720eddeb
"Ancient Legends, Mystic Charms, and Superstitions of Ireland",https://commons.cwrc.ca/orlando:49293b1e-2725-40af-a525-e1e13ce798c3
And All I Learned,https://commons.cwrc.ca/orlando:c3c56b42-7995-487e-a7e3-5fdc7a1525c9
And Both He Loved,https://commons.cwrc.ca/orlando:dea0bfcf-b9d2-4bdd-a776-422f45dcf80b
And His Charming Lady,https://commons.cwrc.ca/orlando:4761c9f1-3cc3-4bbb-8f46-67b0f938347b
And No Man's Wit,https://commons.cwrc.ca/orlando:953982e2-a1e8-459a-b67c-be1581875042
And Still I Rise,https://commons.cwrc.ca/orlando:0b8716b5-b90b-4fe4-a239-5b77ca72c73b
Andrea the Painter; Claudia's Choice; Orestes; Pandora,https://commons.cwrc.ca/orlando:5607e8c2-759f-4802-93a6-f9412b3e9c82
Andrew Marvell,https://commons.cwrc.ca/orlando:2829194f-60d3-4b9d-92c5-ccf780458314
Ane Godlie Dreame,https://commons.cwrc.ca/orlando:fa2a679c-47a4-48e6-8064-989ce9eff3a9
Anecdotal Evidence,https://commons.cwrc.ca/orlando:80f87c3c-729a-4748-b70d-231a1debb3d6
Anecdotes and Biographical Sketches,https://commons.cwrc.ca/orlando:10412dde-06b7-46d7-bfa2-2a8b3fe5fa6a
Anecdotes of Destiny,https://commons.cwrc.ca/orlando:dd5f5e06-a8fa-4a30-bc1e-a25a89d81ade
Anecdotes of the Altamont Family,https://commons.cwrc.ca/orlando:f740251e-caf8-446c-8ffe-ce12cee29b2c
Anecdotes of the Delborough Family,https://commons.cwrc.ca/orlando:bb68a586-7587-418e-ac3e-c2651b7501e7
Anecdotes of the Late Samuel Johnson,https://commons.cwrc.ca/orlando:1a3b8b51-d674-4a5a-807c-659554d53612
Anecdotes of Two Well-Known Families,https://commons.cwrc.ca/orlando:40d51922-ee00-4812-b0e7-b8feb2dc55c6
Anecdotes Relating to the Years 1792-1795,https://commons.cwrc.ca/orlando:2a50cf39-7a2a-417c-a0c6-7208ae44fb0c
"Anecdotes, Biographical Sketches, and Memoirs",https://commons.cwrc.ca/orlando:736dee01-ba34-421d-8da0-10799621a925
Angel,https://commons.cwrc.ca/orlando:a83cea9f-2ee2-4283-bc66-6181d82267b6
Angel and Me,https://commons.cwrc.ca/orlando:3ebcd426-0403-47b4-bc01-6d78ee58c501
Angel Catbird,https://commons.cwrc.ca/orlando:cd94c8fc-2b1d-48f8-894c-864d6ad04c4b
Angels,https://commons.cwrc.ca/orlando:5f1edcb8-c587-4657-94fe-1985a1c233fd
Angels and Insects,https://commons.cwrc.ca/orlando:75b2ea92-a807-4f5f-9fe9-549c3e1b9c7f
Angels of War,https://commons.cwrc.ca/orlando:f8f3cfe0-11dc-4218-a90f-15aab5f36deb
Anger,https://commons.cwrc.ca/orlando:3be0c298-a7ae-4230-9aed-4aa2654e5eb5
Angst,https://commons.cwrc.ca/orlando:606caf70-0037-4de2-88e6-c1cce5b94049
Animal Magnetism,https://commons.cwrc.ca/orlando:6db4647c-4b9c-4d93-9577-99d9d1a041f3
Animal People,https://commons.cwrc.ca/orlando:5d94420c-1ac3-48ab-907a-163244b2473e
Ann and Peter in Sweden,https://commons.cwrc.ca/orlando:1f98f33d-e52a-4e65-bb04-4e966b6f2dbd
Ann Lee's and Other Stories,https://commons.cwrc.ca/orlando:cbcc11d2-8c58-48cd-a039-d3545abc78b5
Anna,https://commons.cwrc.ca/orlando:d96e3ff9-71cc-4939-b931-cd64fabb90eb
Anna Apparent,https://commons.cwrc.ca/orlando:7d9c9313-d510-45e8-ae43-823e9c888660
Anna Lombard,https://commons.cwrc.ca/orlando:41943a21-07f7-4ae8-9527-3493901d23c7
Anna of the Five Towns,https://commons.cwrc.ca/orlando:85f6019b-21fa-4ff2-8833-85c959f2fc69
"Anna's Complaint; or, The Miseries of War",https://commons.cwrc.ca/orlando:da3b6994-0b6b-43b4-98d0-75b651acc7b2
"Annals of a Publishing House: William Blackwood and His Sons, Their Magazine and Friends",https://commons.cwrc.ca/orlando:7ba675b4-5ad1-4f1c-ae39-71fa8ce9e91f
Anne Evans: Poems and Music,https://commons.cwrc.ca/orlando:5ac03369-83e7-4806-9021-b06aaf10f466
Anne Furness,https://commons.cwrc.ca/orlando:2af5947c-a4b4-4ec2-b54b-e9a8e9daabe2
Anne Mauleverer,https://commons.cwrc.ca/orlando:07affee7-fc4b-4094-88b9-06d12fc00b07
Anne of Avonlea,https://commons.cwrc.ca/orlando:b7588f9d-ea90-46ee-8e4e-5837cdea204b
Anne of Green Gables,https://commons.cwrc.ca/orlando:93f8d8fc-ea65-4433-906a-579099a91aca
Anne Severn and the Fieldings,https://commons.cwrc.ca/orlando:b1587590-8ea8-41e3-baee-a1b44941f47f
Anno Domini MCMXXI,https://commons.cwrc.ca/orlando:935d5872-9dfb-4159-ad42-1ccc8d76a71b
Annotations,https://commons.cwrc.ca/orlando:75ae36df-23ea-4b53-ae7d-de4ecac9f3cf
Another Part of the Forest,https://commons.cwrc.ca/orlando:c4eb1bef-fbca-4bb7-9dc1-2c001f55618d
Another Part of the Wood,https://commons.cwrc.ca/orlando:ab8d72ab-6a30-4c95-abdc-429fd9e47429
Another Time,https://commons.cwrc.ca/orlando:89664573-efef-4cba-ace7-08d98720f374
Anthony Babington,https://commons.cwrc.ca/orlando:bcfdacca-53e2-4f54-9f8c-431e65a5befb
Anthony Trollope: A New Judgement,https://commons.cwrc.ca/orlando:e8129ce0-5d76-4d08-9db0-7747eb88a7a3
Anti-Mourning,https://commons.cwrc.ca/orlando:1c9ca5d2-2623-43f5-a7fc-db5d1d546952
Anti-Pamela,https://commons.cwrc.ca/orlando:f717c63f-52f0-4e71-959c-bf748f4a520b
Antic Hay,https://commons.cwrc.ca/orlando:b6b571c6-f044-464b-81c8-eca726ed626b
Antidote against Purgatory,https://commons.cwrc.ca/orlando:b4555819-d786-4486-8224-e6473a209a79
Antigone,https://commons.cwrc.ca/orlando:73d93e3c-62a6-43bf-8227-b82ad0585414
Antinomianism Unmasked and Refuted,https://commons.cwrc.ca/orlando:ef7a1290-b686-479d-99ca-450499496806
Antiquarian Prejudice,https://commons.cwrc.ca/orlando:edb28172-3bdb-42f3-aa5c-3597d22a97fd
Antoinette,https://commons.cwrc.ca/orlando:be22ca13-bdc9-476f-b041-680da5bb3ec3
Antonia,https://commons.cwrc.ca/orlando:6128a079-1a9c-433d-a9ef-ffea2fa39e62
Any Thing But What You Expect,https://commons.cwrc.ca/orlando:33d4a90c-7c8b-4408-8fca-f8203bae05f7
Anyhouse,https://commons.cwrc.ca/orlando:9fb658e8-3b28-408c-b2c5-b4e820184acc
Apocalypse,https://commons.cwrc.ca/orlando:dfde9e65-b19c-4fda-8ac7-ba84f9b3fdcb
Apologies,https://commons.cwrc.ca/orlando:d6c2b074-c4aa-45bb-bae8-9651036fa6ff
Appeal to the Hearts and Consciences of British Women,https://commons.cwrc.ca/orlando:1ac261b5-5524-49f7-900f-38db46034478
Appearance is Against Them,https://commons.cwrc.ca/orlando:9c04f7ee-11f2-463f-9af5-712774c1b5cf
Appointment with Destiny,https://commons.cwrc.ca/orlando:446de06b-7d05-4076-a1ff-9bfb5a5a735b
April Lady,https://commons.cwrc.ca/orlando:f5241c3a-90ae-4c07-9392-7d09800d2e45
Ara Vos Prec,https://commons.cwrc.ca/orlando:e62f3369-be68-4d01-b91d-12c1be1cac8d
Arabella Stuart; The Heir of Linne; Tasso,https://commons.cwrc.ca/orlando:715a39d2-3712-45b6-94f8-b8c5716dac81
Arabian Days,https://commons.cwrc.ca/orlando:e386f186-ceb2-445e-be4a-cdf722e9050f
Arachne,https://commons.cwrc.ca/orlando:b358f2d0-1a9d-484a-92f3-e22b374543cd
Archie and the Strict Baptists,https://commons.cwrc.ca/orlando:8b09d501-a37b-4ae3-949a-99919e9926a6
Are Remarkable People Remarkable-Looking? (An Extravaganza),https://commons.cwrc.ca/orlando:e66294de-f1dd-43b6-9adc-6afc9398b059
Argus,https://commons.cwrc.ca/orlando:5692aba0-0429-4125-b629-0b3f017f9fe1
Aria Da Capo,https://commons.cwrc.ca/orlando:22d76735-852e-4fd8-a816-7f2485046400
Ariel,https://commons.cwrc.ca/orlando:5193d597-6f44-4a6c-96cf-1c414b6a35c4
Arky Types,https://commons.cwrc.ca/orlando:b99e1c16-a81e-4c3b-a1db-8b2902f4f3c8
Arms and the Man,https://commons.cwrc.ca/orlando:71243a3a-3bda-45bd-aa81-b3547f4fc72b
Arnold Bennett Himself,https://commons.cwrc.ca/orlando:853e7fbd-4689-424b-a1ff-6a964d0643d1
Arrival of the Snake Woman,https://commons.cwrc.ca/orlando:7b51975a-687d-4857-a70e-050fded52f3d
Arrow Music,https://commons.cwrc.ca/orlando:0ddbbcb8-cf69-4775-805f-3b26f8e992c8
Art and Education,https://commons.cwrc.ca/orlando:3aa1717e-0119-41f4-a920-a7ab6415bf2f
"Artamène; ou, Le grand Cyrus",https://commons.cwrc.ca/orlando:fa409584-c4b4-477b-98ca-bad24260ef0e
Artemis to Actaeon and Other Verse,https://commons.cwrc.ca/orlando:67b7d5db-27ed-4f4c-b213-ef8db667bf23
Artist among the Missing,https://commons.cwrc.ca/orlando:df5a27ec-b963-4b7d-bd2b-535d4e8a2202
As a Blackwoman,https://commons.cwrc.ca/orlando:4d188ad0-b077-4b18-8607-824f4ac4cbce
As Music and Splendour,https://commons.cwrc.ca/orlando:4b4fa3e8-17a5-42f4-bdf8-0d06bf428055
As Once in May,https://commons.cwrc.ca/orlando:2cad9377-106a-442f-9ff4-3d34746b6463
As the Sparks Fly Upward,https://commons.cwrc.ca/orlando:7c85e093-6cdd-4644-8a43-632d4faf564e
As Time Went On,https://commons.cwrc.ca/orlando:c7ae7ed4-314b-4799-9bcd-dd62dc3d6361
Asana and the Animals,https://commons.cwrc.ca/orlando:18e8a4a4-bda3-4048-9901-97edeaf91d5f
Ashes to Ashes,https://commons.cwrc.ca/orlando:4dc3d072-bcfa-44ef-86af-45d490c8b371
"Ashley, and Other Stories",https://commons.cwrc.ca/orlando:50806cdb-5e36-4569-99fb-b3c497ef8b90
Ask Me No More,https://commons.cwrc.ca/orlando:261917d3-fe0d-4c77-a48b-b912ac8c4ca4
Aspects of Modern Poetry,https://commons.cwrc.ca/orlando:b9bcc96b-dfd3-43e6-b224-fbc7f8cac552
Aspects of the Novel,https://commons.cwrc.ca/orlando:bba24e98-ead6-47cc-8aea-ae5fa833ac73
Asphodel,https://commons.cwrc.ca/orlando:0f152903-3c0f-4074-8dbe-81ac1446ee13
Aspromonte and Other Poems,https://commons.cwrc.ca/orlando:8afa2119-7c43-46aa-a869-ff9d70c8a43c
Asta's Book,https://commons.cwrc.ca/orlando:89329201-ff79-461c-ac90-653d3d7e2bfc
Astercote,https://commons.cwrc.ca/orlando:5758dbac-ed5e-4ea0-bfc2-a14ae63eeb9d
Astonishment,https://commons.cwrc.ca/orlando:8eb76ab1-5ac3-456c-b1bb-d05ed0ee2d10
Asylum Piece,https://commons.cwrc.ca/orlando:a8d86170-44b5-40d0-97d6-919a07273e4b
At a Suffrage Meeting,https://commons.cwrc.ca/orlando:9f1626da-c8e9-421e-9cd5-de2cba5bac6d
At Fault,https://commons.cwrc.ca/orlando:f9489b75-2e9c-49c4-8ba8-a729e45ac6a3
At Freddie's,https://commons.cwrc.ca/orlando:87e1d039-c8e9-4200-9e82-545975755643
At Heart a Rake,https://commons.cwrc.ca/orlando:bb70a327-22d2-4433-936d-b80f591f578e
At John Murray's,https://commons.cwrc.ca/orlando:2830332d-97f1-40ab-997f-24948e59408c
At Lathom's Siege,https://commons.cwrc.ca/orlando:a766947c-2734-4273-a3b4-11dbccbd0ca0
At Sunset,https://commons.cwrc.ca/orlando:533fa8d2-a65e-4bb2-801b-913867545a6c
At the Altar Steps,https://commons.cwrc.ca/orlando:119899f3-4993-42f8-a6bc-925713716597
At the Edge of the Ice,https://commons.cwrc.ca/orlando:9a7a709d-87cd-4f3c-adbe-aeaccfa25927
At the Limits of Living: To Joseph Grigely,https://commons.cwrc.ca/orlando:8327a812-edef-4c66-8e20-3252547703cc
At the Relton Arms,https://commons.cwrc.ca/orlando:ddf6b70d-357f-49ac-86a6-3cf747a5403d
At What a Price,https://commons.cwrc.ca/orlando:86f3958e-249e-48f2-bddb-8374a12c374a
"Atherton, and Other Tales",https://commons.cwrc.ca/orlando:2c2411f0-90af-42fc-9178-54e8837c4bad
Audrey Craven,https://commons.cwrc.ca/orlando:247773b8-c6e4-4c96-8938-744d19cc693b
Auld Licht Idylls,https://commons.cwrc.ca/orlando:3f211dab-bde3-468f-bca0-0c0ad22ad1fe
Auld Robin Gray,https://commons.cwrc.ca/orlando:d75215cb-d102-4256-9538-c44bfbf490d9
Aunt Carry's Ballads for Children,https://commons.cwrc.ca/orlando:3e8a8091-fb7d-4a0d-8edf-f6e119c3d23c
Aunt Charlotte's Stories of English History for the Little Ones,https://commons.cwrc.ca/orlando:3d180c18-ecb5-4fdf-a558-bd4c48bb42b0
Aunt Clara,https://commons.cwrc.ca/orlando:05bfe2cd-cd2b-4f0b-9205-8881bc7f7f4e
Aunt Judy's Letters,https://commons.cwrc.ca/orlando:9b7de71d-9fc2-4d19-a48d-45662a0a622b
Aunt Judy's Tales,https://commons.cwrc.ca/orlando:44579061-e0b6-41ee-b7c8-7dcba479a3c9
Aunt Margaret's Trouble,https://commons.cwrc.ca/orlando:54902632-9ef0-4d4f-bb94-f4e5f3561f8c
Aunt Mary,https://commons.cwrc.ca/orlando:298f6003-114a-40cc-b2f6-d5c1c2140915
Aunt Sass,https://commons.cwrc.ca/orlando:0486da8f-4498-4cdf-9b55-3ac6a5b0a17e
Aurora and Other Poems,https://commons.cwrc.ca/orlando:b36aa566-3e72-40fe-8d74-54fdde26b67b
Aurora Floyd,https://commons.cwrc.ca/orlando:486575b6-6fe9-4e9f-8b0f-c92d2551d8ac
Aurora Leigh,https://commons.cwrc.ca/orlando:5f5dc034-f7b8-4364-bc5c-f9c74bc6ac95
Austin Phelps: A Memoir,https://commons.cwrc.ca/orlando:00038b77-fb2c-4044-ab1d-80c710807c02
Australian Beef and Mutton and How to Make the Best of Them,https://commons.cwrc.ca/orlando:51b598f4-a54c-440e-8acf-8e78deae43ae
"Authentic Memoirs of the Life of John Sobieski, King of Poland",https://commons.cwrc.ca/orlando:22e7c797-ccee-43ee-b9b6-4d00985978c0
Authors Take Sides on the Spanish War,https://commons.cwrc.ca/orlando:44aa5740-6dd7-4722-a26f-c42ce0b0543d
Autobiographical Sketches,https://commons.cwrc.ca/orlando:b5c7a6aa-bc3f-486d-9215-d87a61081e5f
Autobiographies,https://commons.cwrc.ca/orlando:fbab26c7-38ed-473a-b713-59980b5b07e8
Autobiography of a Child,https://commons.cwrc.ca/orlando:4ade133f-a5e9-4236-a1b5-9a3459fb5a33
Autumn Crocus,https://commons.cwrc.ca/orlando:fd3c02bd-cd97-4799-a80b-b81108890656
Autumn Flowers and Other Poems,https://commons.cwrc.ca/orlando:2b3cf8da-23a7-48c4-89aa-1798d66a2fe8
Autumn Midnight,https://commons.cwrc.ca/orlando:ada6a6b4-1b08-4ed9-8179-686a3cd70cdd
Autumn Rose,https://commons.cwrc.ca/orlando:bc53cb16-3cc3-4086-871b-a18abf2aacd8
Autumn Songs,https://commons.cwrc.ca/orlando:41141acf-0272-4ca6-af3e-610b3bab4653
Aventures de l'esprit,https://commons.cwrc.ca/orlando:afdd8a60-4518-4a8b-b160-5c2cd4dc5db7
Ayot Rectory,https://commons.cwrc.ca/orlando:5a873715-2e05-4ef4-8afe-08cd9467999a
"Azeth, the Egyptian",https://commons.cwrc.ca/orlando:a717477c-8e1b-45e7-96e0-e893bd1efe46
Baba and the Black Sheep,https://commons.cwrc.ca/orlando:95eb3a09-04d1-4eca-b6c0-185a00d3b273
Babel Tower,https://commons.cwrc.ca/orlando:cba9b358-50fa-4e78-aa8c-c93254a9210b
"Babies in Rhinestones, and Other Stories",https://commons.cwrc.ca/orlando:7df84158-f268-4947-b544-fae689b801de
Babs the Impossible,https://commons.cwrc.ca/orlando:9e483624-117c-4bbd-82e0-0bf512f0e75c
Back to Methuselah,https://commons.cwrc.ca/orlando:adf020f5-63a8-41a9-a995-98327850409c
Backsheesh,https://commons.cwrc.ca/orlando:b4dd6be0-24d4-4067-b3de-92f366f53393
Backwater,https://commons.cwrc.ca/orlando:52d7e994-fdec-4531-ad08-e31922641fa9
Badlands,https://commons.cwrc.ca/orlando:610ac5c5-88d5-4daa-b79a-42f271ea6e6e
Baghdad Sketches,https://commons.cwrc.ca/orlando:6a5a231e-dcd4-41a2-a705-0afeeb1cbbe9
Bagpipe Muzak,https://commons.cwrc.ca/orlando:c377564e-8307-489e-8d96-e87df2f08528
Balaustion's Adventure,https://commons.cwrc.ca/orlando:2347820d-977e-4f02-a62c-4de05edaf6ff
Ballads,https://commons.cwrc.ca/orlando:d241b645-aca6-446e-87ab-3f505e7a37c1
Ballads and Lyrics,https://commons.cwrc.ca/orlando:642e7443-f07b-41c9-a1a9-ff4f1def5807
Ballads and Poems,https://commons.cwrc.ca/orlando:b463b861-fce2-41ce-a94b-068f393384d4
Ballads and Songs,https://commons.cwrc.ca/orlando:27ccb1c7-aeca-48dc-ba95-97ca03161aee
Ballads of the North and Other Poems,https://commons.cwrc.ca/orlando:e7978bdb-aeb2-4cdf-baca-0161f0c32d91
Ballads of the North Countrie,https://commons.cwrc.ca/orlando:f35d6d31-fc2b-46dc-ad39-3b386b95f05b
Ballet Shoes,https://commons.cwrc.ca/orlando:a44a23a0-8140-4bf7-95ef-72d6bc2ebd2d
Bang-Bang You're Dead and Other Stories,https://commons.cwrc.ca/orlando:3f658b6b-3259-46be-8b53-0aa6d62a5615
Banning and Blessing,https://commons.cwrc.ca/orlando:5b195187-a319-490d-9a18-caf6b477521f
Barbara Rebell,https://commons.cwrc.ca/orlando:505d9395-a3c5-4608-8b4d-4a8c00c27c2e
"Barbara, Lady's Maid and Peeress",https://commons.cwrc.ca/orlando:88d60cac-bcf6-41d5-8b7a-25d6537b311f
Barbara's History,https://commons.cwrc.ca/orlando:2787745a-12c0-4256-baee-ca7bba229d36
Barbarian Stories,https://commons.cwrc.ca/orlando:fe38e5aa-eace-4864-8b68-208467d20f5a
Barford Abbey,https://commons.cwrc.ca/orlando:fcf21067-0577-41ce-a88d-2ab7fb20eadd
"Barrack-Room Ballads, and Other Verses",https://commons.cwrc.ca/orlando:96e7958b-7821-43d3-82be-70453d77f627
Barren Metal,https://commons.cwrc.ca/orlando:249d3edc-43a0-44ca-b9be-756afcbe68b6
Bart'lemy Fair,https://commons.cwrc.ca/orlando:d5cd6ba0-0805-404e-909f-3fd2fbe959cd
Bassett,https://commons.cwrc.ca/orlando:8ea8da57-386f-470f-ba4b-b83e126efe75
Bath,https://commons.cwrc.ca/orlando:8e92a65b-510d-42bb-a70b-5206c91de387
Bath Tangle,https://commons.cwrc.ca/orlando:5f00b677-623d-4292-bc7b-3cecfd30f253
Battleridge,https://commons.cwrc.ca/orlando:7af514b0-3b07-4d92-be8c-686f703a6f7f
Baumgartner's Bombay,https://commons.cwrc.ca/orlando:b8bebd36-8840-4c48-9565-eef69143957c
Bay Ronald,https://commons.cwrc.ca/orlando:bc24cc20-6a41-498b-835c-a5cd5a529271
Bayonets of Bastard Sheen,https://commons.cwrc.ca/orlando:a16bb4db-ac2c-4a77-946a-5c54903c9ba8
BBC at War,https://commons.cwrc.ca/orlando:2f5ae213-e6f0-431b-8dc7-0740a99d8a24
Be My Baby,https://commons.cwrc.ca/orlando:cb25a622-4047-441d-88d5-12a1a4481e43
Beacon Hill,https://commons.cwrc.ca/orlando:a113f15a-3459-40d8-8817-549e3a5e8a49
Bean na hÉireann,https://commons.cwrc.ca/orlando:16292801-a691-441b-8092-7e7d610b9baf
Beardsley and His World,https://commons.cwrc.ca/orlando:2cc9fb12-38bf-4110-9bf1-d083343ea096
Beatrice,https://commons.cwrc.ca/orlando:933f8c95-4d56-49d2-96c5-b2a93accf655
Beautiful End,https://commons.cwrc.ca/orlando:012ff8f6-38ec-4147-b39b-4f473d515857
Beautiful Mutants,https://commons.cwrc.ca/orlando:81791f2c-a9ae-48d1-9aa6-452f0c7cc90a
Beauty and Ugliness,https://commons.cwrc.ca/orlando:27300a84-f84c-40f1-ae47-e3f48ac627f2
Because of the Lockwoods,https://commons.cwrc.ca/orlando:a09de966-b02b-486c-9d66-cf50c33b3fc9
Becky Sharp,https://commons.cwrc.ca/orlando:3381d2b3-94ea-44b2-bf6a-d07fedd28f4e
Becoming a Mother,https://commons.cwrc.ca/orlando:f5f818f2-75cf-4b64-86a6-b1a4c5a71ed6
Before Midnight,https://commons.cwrc.ca/orlando:b4aa092b-0548-466e-9a57-982d9978d609
Before the Crossing,https://commons.cwrc.ca/orlando:631ddd5f-23be-4fe1-8abe-51a85e395d8a
Before the Flowers of Friendship Faded Friendship Faded,https://commons.cwrc.ca/orlando:d2a16de8-aa23-4906-9764-4383e3b68f12
Before Victoria,https://commons.cwrc.ca/orlando:610b569a-6aa0-4769-9cf7-e77e88691d4e
Beggar My Neighbour,https://commons.cwrc.ca/orlando:24b419e5-850e-445f-aeba-8ad2caa03e74
Begin,https://commons.cwrc.ca/orlando:d5551fdc-d144-4358-9bc5-6e9817b661f1
Beginning the Avocado,https://commons.cwrc.ca/orlando:727df7b9-95e0-4569-bf45-db6f3393002e
Behind the Locked Door,https://commons.cwrc.ca/orlando:2a2a24c7-b90d-4a0c-a879-577cc3d3d70c
Behind the Scenes,https://commons.cwrc.ca/orlando:a6d6ddd4-748c-4753-a951-43cecab4a628
Belcaro,https://commons.cwrc.ca/orlando:aaa8872b-4baa-4db3-9a96-700a9a4e303a
Beloved,https://commons.cwrc.ca/orlando:0cac1878-e9d0-48a6-b4c1-48e3d9931105
Benefits Forgot,https://commons.cwrc.ca/orlando:5737414a-2027-4d25-88dd-1692bdd425f2
Benigna Machiavelli,https://commons.cwrc.ca/orlando:5bed980f-5550-4947-912c-932d2b93d8c4
Berg,https://commons.cwrc.ca/orlando:b7c2849a-19c0-419f-9e04-691d76ce8395
Berkeley the Banker,https://commons.cwrc.ca/orlando:afae62ac-8c8a-43d3-8ad1-1aa7214fbb1c
Bert's Girl,https://commons.cwrc.ca/orlando:9b4a774f-6edf-41e8-8b80-1b1589975758
Bertram de Drumont,https://commons.cwrc.ca/orlando:1c89da49-3d49-4cfc-a5dc-7b255fe7cf96
Beside Herself,https://commons.cwrc.ca/orlando:bf4a0cc9-0ffe-44cc-b1a2-cf79998849ed
Beside the Pearly Water,https://commons.cwrc.ca/orlando:19ee316f-ea7a-4beb-94b3-ed1529102be3
Bessie Smith,https://commons.cwrc.ca/orlando:07194507-ca82-458b-bce8-b77ad5bc6df7
Best China Sky,https://commons.cwrc.ca/orlando:4f5b39a7-efe0-40ae-92be-b46c0955fe4d
Bestiary,https://commons.cwrc.ca/orlando:fb03da63-8b30-4a02-98a8-3c1292af3a6c
Between,https://commons.cwrc.ca/orlando:ce169558-2edf-41bf-8c8e-994d038dde76
Between the Heather and the Northern Sea,https://commons.cwrc.ca/orlando:f544f151-ef36-419d-823b-b9f6a2e919b1
Between the Iceberg and the Ship,https://commons.cwrc.ca/orlando:b5e34a86-96e1-4d6c-a1f6-571f0f5d2cf9
Between Theory and Fiction: Reflections on Feminism and Classical Scholarship,https://commons.cwrc.ca/orlando:63f89337-d1c6-44fd-b6b9-20576fbff912
Between Two Thieves,https://commons.cwrc.ca/orlando:2e163b1b-961e-4a59-b692-3afb9a18374b
Beware Falling Tortoises,https://commons.cwrc.ca/orlando:16904f9b-5403-4962-9d24-7846b740f7b1
Bewildering Cares,https://commons.cwrc.ca/orlando:d88c93f2-ef0e-43d1-a39f-45b8647260b5
Beyond,https://commons.cwrc.ca/orlando:a9c3e3c1-8e9b-4827-894b-a1a5529bd1bc
Beyond Black,https://commons.cwrc.ca/orlando:cd385e0d-8722-40a2-910d-32c261650bd0
Beyond Euphrates,https://commons.cwrc.ca/orlando:e3e5f360-5373-498f-96eb-118646babc7c
Beyond the Glass,https://commons.cwrc.ca/orlando:0294ede6-d592-43c8-93ea-009a8741fce1
Beyond the Rocks,https://commons.cwrc.ca/orlando:fe4f93ca-25c4-49c7-b1ba-26784ee09225
Beyond These Voices,https://commons.cwrc.ca/orlando:88c6a578-9754-480f-b5b2-836e5ec2005e
Bhabonar Bhaskarya,https://commons.cwrc.ca/orlando:851d3e7c-7c0b-490f-969d-4d47dc96eac3
Biblical Dialogues between a Father and his Family,https://commons.cwrc.ca/orlando:c4da759b-2b05-408b-b412-ce4cc1aaa532
Biblical Fragments,https://commons.cwrc.ca/orlando:72b4afe0-cac1-4546-91d1-2cb9bcbafce1
Bilgewater,https://commons.cwrc.ca/orlando:5360c27b-a8a7-42bf-95fb-c1a98a370f34
Billy and Girl,https://commons.cwrc.ca/orlando:76996ef2-d761-4a04-9e89-5ab3cbafe0a6
Bingen on the Rhine,https://commons.cwrc.ca/orlando:eea4453a-62e8-4794-85f5-8362a1add73d
Biographical Anecdotes of Lady M.W. Montagu,https://commons.cwrc.ca/orlando:856e9a00-eb7f-4751-8acb-4f32d67eaac3
Biographical Sketch of the Rev. Joseph Gilbert,https://commons.cwrc.ca/orlando:db08c25a-1bfd-4c9c-b856-ec7335f5e727
Biographical Sketches,https://commons.cwrc.ca/orlando:6a8b8408-06e9-499a-bb9e-d79067973ba1
Biography for Young Ladies,https://commons.cwrc.ca/orlando:af92ff3f-5e26-4e8a-9762-a5df83af4adc
"Biography, Notes and Political Letters",https://commons.cwrc.ca/orlando:52ff9fc9-d1ed-44b9-af51-19d738ecbe37
Bird of Paradise,https://commons.cwrc.ca/orlando:bd25c6cd-caf9-49fe-b93c-ce7f2352f006
Birdcage Walk,https://commons.cwrc.ca/orlando:aef5c91a-48c2-4c95-8de4-6cde93cb3950
"Birds and Flowers, and other Country Things",https://commons.cwrc.ca/orlando:a2e68215-057c-4ce4-9e53-78e7d02b6bed
Birds of Passage,https://commons.cwrc.ca/orlando:df50c072-5257-4a50-861a-3955ed427da8
Birds of Prey,https://commons.cwrc.ca/orlando:9db7c963-a92b-46be-991b-7fffb974bf8d
Birdsong and Water,https://commons.cwrc.ca/orlando:05919122-7e9e-468b-9fac-13df17e4a362
Bishop Bonner's Ghost,https://commons.cwrc.ca/orlando:ae192753-76fe-43b5-8c37-5711b1a127f8
Bits of Gossip,https://commons.cwrc.ca/orlando:dff7cd7c-6359-4083-aa2d-52600d432c07
Bitter Fame,https://commons.cwrc.ca/orlando:73608f61-22f9-4a67-bc95-c0175b09060b
Bitter Herbs,https://commons.cwrc.ca/orlando:19716640-445a-40f5-a00a-106fc7150809
Black Beech and Honeydew,https://commons.cwrc.ca/orlando:965c25da-a635-483c-b520-fd852f0dc459
Black Chiffon,https://commons.cwrc.ca/orlando:d6b269fb-55e9-4d45-bdf9-acf8557569e2
"Black Faces, White Faces",https://commons.cwrc.ca/orlando:fb133703-b283-49b5-8ec5-2b1fb191cb0c
Black Grate Poems,https://commons.cwrc.ca/orlando:c9c11007-22f0-4812-8559-7c09203b8342
Black Lamb and Grey Falcon,https://commons.cwrc.ca/orlando:e2760a45-9f55-409c-aaed-3e5196801e29
Black Magic,https://commons.cwrc.ca/orlando:cd676640-9fa5-478b-8896-9790285d5f28
Black Man and White Ladyship,https://commons.cwrc.ca/orlando:bb20037a-6bdf-43e4-aaa9-68ee87c8fd2a
Black Marina,https://commons.cwrc.ca/orlando:0481ed69-9544-4c60-ae6c-697970eb389a
Black Plumes,https://commons.cwrc.ca/orlando:52ddd5bd-48d9-48bf-bb7e-fa4faf941111
Black Poetry,https://commons.cwrc.ca/orlando:8491bc50-017f-4a01-a80a-a3d5fe226338
Black Sheep,https://commons.cwrc.ca/orlando:1d28918d-5516-4b7c-82b2-91a219b64384
Black Ship to Hell,https://commons.cwrc.ca/orlando:ff449d59-8252-46d0-a326-06d83529543b
Black Spirits and White,https://commons.cwrc.ca/orlando:e360727c-c472-4447-be62-98709a5d46b3
Black Vodka,https://commons.cwrc.ca/orlando:3820ee03-e140-42b2-b20a-e2b6d26c6b8a
Black-Out Symphony,https://commons.cwrc.ca/orlando:1ffe0441-f7a7-4bbb-acd7-0d066dbff56b
Blackkerchief Dick,https://commons.cwrc.ca/orlando:f30157a0-0fc2-4250-8f1b-97932680eb65
Blackthorn,https://commons.cwrc.ca/orlando:f78a7bc9-e9bc-4bed-858f-07ccf954ca42
Blake and England,https://commons.cwrc.ca/orlando:52cc1640-fbd0-4cb3-9a39-4023c35d90d3
Blake and the New Age,https://commons.cwrc.ca/orlando:355886f9-701f-46dc-9813-d583683539a1
Blake and Tradition,https://commons.cwrc.ca/orlando:cf0d780b-7829-4290-894c-fe86c9f35b6f
Blaming,https://commons.cwrc.ca/orlando:97754b85-1914-4d4a-9458-e995303b61b1
Blanche Lisle and Other Poems,https://commons.cwrc.ca/orlando:bfc52358-96d7-4c5e-b98d-e363ef403abf
Blast,https://commons.cwrc.ca/orlando:9f8c94af-3dbb-4170-9eb7-ef10002ab82f
Blasted,https://commons.cwrc.ca/orlando:873c7d92-17db-4981-8653-3a65c3d32213
Blasting and Bombardiering,https://commons.cwrc.ca/orlando:cd6ae2aa-b054-49a3-84a8-a64f976f8b94
Bleak House,https://commons.cwrc.ca/orlando:472bedc4-e4e5-45ab-80da-3035294c33ee
Bless this House,https://commons.cwrc.ca/orlando:c63f1fe2-c6fd-41b7-bac4-6bcbe4a41d8c
Blind Love,https://commons.cwrc.ca/orlando:10e93f9e-6b86-41ff-8d7e-de8e0b5535a6
Blind Men Crossing a Bridge,https://commons.cwrc.ca/orlando:24f67e4d-e006-4fb5-a9f1-398977f4a7e2
Blind Spots,https://commons.cwrc.ca/orlando:361ffe57-20e4-4304-9015-6287b118e1c7
Blindfold,https://commons.cwrc.ca/orlando:f75a193c-50aa-4b44-94e7-30b5c4181f89
Bliss and Other Stories,https://commons.cwrc.ca/orlando:1d69a5a6-de8e-4063-a6c6-0f9cb7150bde
Blitz Kids,https://commons.cwrc.ca/orlando:38c85c74-8559-4404-97f4-dcc58f5049c0
Blood and Ice,https://commons.cwrc.ca/orlando:2c181a93-1d26-49ae-85cd-77e73242292e
Blood and Sand,https://commons.cwrc.ca/orlando:30188c73-257b-445f-a8e8-d23609d666a3
Blood Feud,https://commons.cwrc.ca/orlando:62d24b2b-b83b-4a5c-bab0-90b54855f458
Bloomsbury,https://commons.cwrc.ca/orlando:d4c5f5f7-296f-4285-9707-acd62ac13795
Blow Your House Down,https://commons.cwrc.ca/orlando:acd163bd-d9ea-4825-8e1b-b0988be5dc90
Blown by the Wind,https://commons.cwrc.ca/orlando:215cbdf9-f6f1-4744-853d-2b93e0a41193
Blue Danube,https://commons.cwrc.ca/orlando:424313bc-8802-42ac-8035-d8e184c9b3ae
Blue Eyes and Grey,https://commons.cwrc.ca/orlando:af1ca5b0-d51e-4139-ba05-e861330060d6
Blue Flames,https://commons.cwrc.ca/orlando:06f40cfd-9db2-45d5-a02b-09eaa2593a32
Blue Remembered Hills,https://commons.cwrc.ca/orlando:9695af09-55ea-49e7-8e96-2e96d6e8fb73
Bluebeard's Egg,https://commons.cwrc.ca/orlando:86bfcfbd-64c4-413c-980e-a49e4d14a042
Boating for Beginners,https://commons.cwrc.ca/orlando:35d63086-0ae9-43eb-9fcc-ce82d86bb01b
Bodily Harm,https://commons.cwrc.ca/orlando:7196adb9-0ac2-4217-82d2-77d45ff7e1fc
Bog Myrtle and Peat,https://commons.cwrc.ca/orlando:563904ba-ff66-471f-b78f-6a3db85d287f
Bonnet over the Windmill,https://commons.cwrc.ca/orlando:42dddc41-ef0f-46db-b3d4-5d5dfa5aadcf
Bonnie Dundee,https://commons.cwrc.ca/orlando:a906e88a-eabf-4137-a49a-d7b7c66a25d8
"Books, Our Best Friends or Our Deadliest Foes",https://commons.cwrc.ca/orlando:f9c6a387-aeb0-4999-9ea7-b05d3613dbe8
Border Crossing,https://commons.cwrc.ca/orlando:cf28e6f3-f9f7-4fe6-92a1-5493f78106f2
Botanical Dialogues,https://commons.cwrc.ca/orlando:7f7e9a55-bc35-400b-869d-2a3ebbb5789f
Botanical Lectures,https://commons.cwrc.ca/orlando:451b11f5-e509-4273-b4b3-cc2af0fe2584
Botany for Novices,https://commons.cwrc.ca/orlando:bc969e52-5917-46d1-9ccc-000909da84c4
Botany for Schools and Young Persons,https://commons.cwrc.ca/orlando:7ae824e9-11f7-483e-89b0-b3b7b3c9d6de
Both Sides of the Curtain,https://commons.cwrc.ca/orlando:db6048b3-9ef6-4c65-88a2-5c73d107bbe4
Bottle,https://commons.cwrc.ca/orlando:efb8296f-dd41-4802-b305-a01c850096d9
Bouquet,https://commons.cwrc.ca/orlando:8b82816b-36dc-4825-ad90-d65656bd2c55
Bowen's Court,https://commons.cwrc.ca/orlando:1d82aa5f-9eb8-476b-ad14-98bfffc050b7
Boy,https://commons.cwrc.ca/orlando:0959d779-969a-44bc-bbb0-b13234ea1831
"Boy, Snow, Bird",https://commons.cwrc.ca/orlando:ca6f3018-1b73-49ec-bb65-26c268fa1092
Brand,https://commons.cwrc.ca/orlando:217e96f2-f2c6-4b3f-8bf5-4d2210772615
Brat Farrar,https://commons.cwrc.ca/orlando:b1333a88-555a-4057-ba76-7db0c777182e
Brave Old Woman,https://commons.cwrc.ca/orlando:dbff7793-0254-426a-a4a9-90c03b90e88e
Breakfast with the Nikolides,https://commons.cwrc.ca/orlando:41bc8f94-ced6-4e14-ae3a-6aab23508694
Brewsie and Willie,https://commons.cwrc.ca/orlando:bc89b791-3ca0-4d4b-8e15-5ccdf5202453
Brideshead Revisited,https://commons.cwrc.ca/orlando:691a8474-18ca-47e5-8817-c93b1395469e
Bridget and William,https://commons.cwrc.ca/orlando:7937f29a-fa88-4cab-8a07-98bd6d81bd69
Brief Reflections Relative to the Emigrant French Clergy,https://commons.cwrc.ca/orlando:d2877fb9-3d83-4c83-b7f3-7606f6786886
Briefing for a Descent into Hell,https://commons.cwrc.ca/orlando:8376086d-3d4d-4a3a-803d-c8855de3f3e1
Brightness,https://commons.cwrc.ca/orlando:f1809241-d3ad-412d-b869-e1f8882779a9
Bring Up the Bodies,https://commons.cwrc.ca/orlando:4e307241-686a-45a0-a266-6a470067a647
Britain Against Napoleon,https://commons.cwrc.ca/orlando:54ba647c-d3a1-44ec-853e-a6d2fe9e6bd7
Britain's Place in the Great Plan,https://commons.cwrc.ca/orlando:67d42abb-2f4f-452e-a06b-86e483e74465
Britannia's Daughters: Women of the British Empire,https://commons.cwrc.ca/orlando:aa8cb92d-26ee-4753-aba9-d060262aeeff
British Freewomen: Their Historical Privilege,https://commons.cwrc.ca/orlando:44ea1b09-6fe6-45e0-80ca-1fd68bbd6096
"British Liberty Established, and Gallic Liberty Restored",https://commons.cwrc.ca/orlando:5976110c-fb8b-471c-b653-1963b2a1df3e
British Sea-Weeds,https://commons.cwrc.ca/orlando:d29ee220-27d0-4a98-a8b5-f8f078a662df
British Synonymy,https://commons.cwrc.ca/orlando:e17fa95d-56dd-4f88-af5d-af05bfd64649
British Wild Flowers,https://commons.cwrc.ca/orlando:1f469e08-cdf5-4f4c-8245-534c7bb35652
Brittle Joys,https://commons.cwrc.ca/orlando:99f5c831-f035-479e-bba2-2879ffadc855
Broken Glory,https://commons.cwrc.ca/orlando:4317ce87-9446-4841-9df2-e8920ff24f7d
Broken Toys,https://commons.cwrc.ca/orlando:8822dc1d-2a70-4059-ae9d-73b217163c57
Brooke and Brooke Farm,https://commons.cwrc.ca/orlando:d37f0f62-1bb9-4955-9f72-575781db21b0
Broome Stages,https://commons.cwrc.ca/orlando:d9898290-4b2b-4b10-a59d-8451cd7017af
Brother and Sister,https://commons.cwrc.ca/orlando:b831ccda-d961-442b-9ffb-f36a434924b3
Brothers,https://commons.cwrc.ca/orlando:d11041ec-28af-451b-9acb-8227c622d90f
Brothers and Sisters,https://commons.cwrc.ca/orlando:659f13e3-0337-4367-9582-ef768712600f
Brougham Castle,https://commons.cwrc.ca/orlando:df73d41c-cef2-45f6-b1d9-11d52795629b
Bruno's Dream,https://commons.cwrc.ca/orlando:5675d582-fd25-4108-bd57-8f8bf2db1eae
Buckinghamshire,https://commons.cwrc.ca/orlando:fa2ec8af-6c60-4cf6-b053-9a58cbed2445
Bucolic Comedies,https://commons.cwrc.ca/orlando:8b7c684a-108d-41a1-99f6-274fe27a7f6e
Bulldozer Rising,https://commons.cwrc.ca/orlando:791fb16f-c10a-4dcf-9e63-8c54194c0f2c
Bungay Castle,https://commons.cwrc.ca/orlando:dc28f7ca-6952-4457-8274-b67a8e90129b
Burbage and Shakespeare's Stage,https://commons.cwrc.ca/orlando:995ccee4-cba5-4120-9fc3-af9bbba8707f
Buried in the Deep,https://commons.cwrc.ca/orlando:80a80898-544a-45d7-86fd-c86d778cb0f0
Burmese Days,https://commons.cwrc.ca/orlando:6ec1f3d1-9da3-4afd-bf87-c7fd34621e9e
Burn Helen,https://commons.cwrc.ca/orlando:2006993a-5d21-47e1-b048-6d96e4c7df87
Burning Bright,https://commons.cwrc.ca/orlando:a15fd062-bc32-445a-9411-3df37fe6517a
Burning Wire,https://commons.cwrc.ca/orlando:d325a71c-9223-4bae-9b7c-9bbf8a4e3e4a
Burnt Diaries,https://commons.cwrc.ca/orlando:5477fb1a-f6ad-47d6-a806-8ec098b3ffbd
Burnt Shadows,https://commons.cwrc.ca/orlando:77273f5d-5620-459b-af4a-5754f083368e
Burton-Wood. In a Series of Letters,https://commons.cwrc.ca/orlando:2a32f542-b3bf-4859-a241-3ec3d231329f
But Men Must Work,https://commons.cwrc.ca/orlando:24c8535c-8b32-4703-a54e-63111306ceb7
But We Know Better,https://commons.cwrc.ca/orlando:12b02f51-f56d-4d63-8633-fdbd2e61f4f3
By Avon River,https://commons.cwrc.ca/orlando:1cd6d916-e2fb-44f8-aec8-51e8f23f79a2
By Order of the King,https://commons.cwrc.ca/orlando:22b4b237-f04a-4b0a-a371-97385dd79566
By the Clear Fountain,https://commons.cwrc.ca/orlando:bca7fc7c-c16b-4423-a640-a1a96fba8f1e
By the Light of My Father's Smile,https://commons.cwrc.ca/orlando:a8c8e085-3f8d-4ce9-96b1-2e1e2a6fafe7
By the Sea,https://commons.cwrc.ca/orlando:a1e71b28-f1ff-4032-b218-89c44dc423c7
"Bye-Bye, Blackbird",https://commons.cwrc.ca/orlando:1890e907-b13f-4ad1-994d-8957d907bb6f
Bygmester Solness,https://commons.cwrc.ca/orlando:672acfd8-4f19-4045-b9e0-e4b03c452e69
Cactus,https://commons.cwrc.ca/orlando:cb1090a2-f80f-4313-b8d2-542d1ea2f3bf
Cages,https://commons.cwrc.ca/orlando:8e0850d5-9bfc-4d42-a71d-0f2dece3f835
Calabash of Dreams,https://commons.cwrc.ca/orlando:796ebc2d-77e7-4fa9-951c-2ec7193e7e40
"Calaf, a Persian Tale",https://commons.cwrc.ca/orlando:d0c3db88-4807-4bee-9d8c-4548d9eb5b67
Caleb Asher,https://commons.cwrc.ca/orlando:728dd878-9afc-488e-8caa-e37002e0c0e9
Caleb Booth's Clerk,https://commons.cwrc.ca/orlando:8d83f0df-9cdd-4f1a-8ac6-ab55b82e321b
Calista,https://commons.cwrc.ca/orlando:a1594ed3-e03e-439b-bea9-ab5f38f333f8
Call It a Day,https://commons.cwrc.ca/orlando:6c8a9446-129c-4d30-a69b-82e1767be82b
Cambrian Tales,https://commons.cwrc.ca/orlando:c57d6efb-2873-4e0e-9e43-272b7eccb75d
Camera Obscura,https://commons.cwrc.ca/orlando:c05ef08e-225d-43c1-b94f-bba065ed38fc
Camilla,https://commons.cwrc.ca/orlando:9294da02-a742-412c-b8f4-8fb089f70c79
Camille,https://commons.cwrc.ca/orlando:31c6cef2-ac85-498b-a8f4-ba6bf4f28f0c
Camping in the Sahara,https://commons.cwrc.ca/orlando:a8e459a1-69d1-4aa9-a4c9-8d937074747e
Can I Help You?,https://commons.cwrc.ca/orlando:a890f15f-bf3b-4c55-b443-81c55ec6dfb4
Can It Be True?,https://commons.cwrc.ca/orlando:4f126739-57b5-448b-b913-fad4c1fffe2c
Can Wrong Be Right?,https://commons.cwrc.ca/orlando:5fda441c-8c35-42e0-8524-46ee7461db37
Can You Forgive Her?,https://commons.cwrc.ca/orlando:b43b46c6-d023-4eeb-baaf-b43cee739d28
Canadian Born,https://commons.cwrc.ca/orlando:b9059f9c-6573-4a42-961e-b18bdc5cb311
Canadian Wild Flowers,https://commons.cwrc.ca/orlando:f285bc5d-3af6-41e3-b6eb-3ce8c365a5b6
Cancer Tales,https://commons.cwrc.ca/orlando:72ba5882-dd2f-4924-bcde-3f25602ea091
Candleford Green,https://commons.cwrc.ca/orlando:88da8edd-843b-4a16-88cc-6ca436fdd0b9
Candlelight Tales,https://commons.cwrc.ca/orlando:a86d12e4-8cba-4b9f-a846-fec77acf3147
Canterbury Tales,https://commons.cwrc.ca/orlando:4cc0b6ba-85c5-4536-973d-6fe88a4d83d6
Cantos,https://commons.cwrc.ca/orlando:a6baaf43-9f91-411a-846b-527eaee853bd
Cantos LII-LXXI,https://commons.cwrc.ca/orlando:d66d6a8e-36a4-4854-87a5-f9713eb19838
Canzoni,https://commons.cwrc.ca/orlando:26844172-fec3-4ce9-9837-fb9a70ad6a28
Capital,https://commons.cwrc.ca/orlando:94bac5be-ca8d-4d43-b689-5a1f141c487e
Captain Lavender,https://commons.cwrc.ca/orlando:4a595f3b-e164-41af-958e-8e680e54f1b6
"Captivity. A Poem; and, Celadon and Julia. A Tale",https://commons.cwrc.ca/orlando:dc09a59f-b287-4764-b6e3-efbd486a17d0
Car,https://commons.cwrc.ca/orlando:f39168ef-c00e-4715-b6d7-06502beae258
Caravan Island,https://commons.cwrc.ca/orlando:c22efcd0-21bc-48c0-bdf3-751aae670718
Cardinal de Retz,https://commons.cwrc.ca/orlando:c5e0a99c-6b7f-4a2f-8e65-d7e50c956922
Care and Control,https://commons.cwrc.ca/orlando:bba98efa-fd15-41a6-8750-a4fedfe9aca6
Career of Evil,https://commons.cwrc.ca/orlando:8c86e546-ac89-48be-b86f-00c6591ccc7a
Careers and Openings for Women,https://commons.cwrc.ca/orlando:8bc3bb42-9989-47a1-816f-33e18b7f70af
Cargo of Eagles,https://commons.cwrc.ca/orlando:f9df92e4-1f06-46f0-b1d0-43acf667d2e4
Carlyle's House and Other Sketches,https://commons.cwrc.ca/orlando:f952bc1a-c794-4611-9369-25b45e051fc7
Carmina Crucis,https://commons.cwrc.ca/orlando:f3640d6a-902b-4ef4-8ce7-15e34e669244
Carnival in Martinique,https://commons.cwrc.ca/orlando:13c8861e-a0d3-4557-9047-2db0f33b98e6
Caroline England,https://commons.cwrc.ca/orlando:e8cd3e52-0176-4d95-a573-9532fb80ef25
Carr,https://commons.cwrc.ca/orlando:34a09f42-0952-4da5-bb71-ea5d9a901101
Carrie's War,https://commons.cwrc.ca/orlando:bc0345b0-eee3-48b9-8d0f-4c06ed191059
Carrington: Letters and Extracts from her Diaries,https://commons.cwrc.ca/orlando:bd730a65-541d-45e8-8ff8-b06998f27bf2
"Carry On, Understudies",https://commons.cwrc.ca/orlando:4da5cf95-43cb-4444-912e-986b0bf520ca
Cassandra and Other Selections From Suggestions For Thought,https://commons.cwrc.ca/orlando:5c861227-4e0c-456a-b51d-43a0e80cf58a
Castle Blair,https://commons.cwrc.ca/orlando:ba9651dc-7362-42a1-8784-043dbf922ada
Castle Dor,https://commons.cwrc.ca/orlando:c762052f-c7a8-4d3a-9597-ba4580e6b274
Castle Rackrent,https://commons.cwrc.ca/orlando:83500703-4372-4f25-a53a-1f395da1a0fb
Castles in Spain,https://commons.cwrc.ca/orlando:0a0ef13f-7cdd-499e-b7e5-d55fce98a30d
Casualties of Peace,https://commons.cwrc.ca/orlando:3585939a-c08c-4479-b518-9c26229012ee
Cat - in - the - Manger,https://commons.cwrc.ca/orlando:c7425ab7-14d7-4f11-b8bf-204e8dd87360
Cat's Eye,https://commons.cwrc.ca/orlando:ba94c5ab-830e-46e6-aa15-081daed42973
Catalogue of . . . Star-Clusters and Nebulae,https://commons.cwrc.ca/orlando:92003bcc-d5c8-4def-897e-7ca34d300e0e
Catalogue of Stars,https://commons.cwrc.ca/orlando:d6895dca-5464-44e0-9163-db7547c54bef
Catchwords and Claptrap,https://commons.cwrc.ca/orlando:49bd48df-fa5a-4b91-bbc3-5e096ea60a51
Caterpillars of the Commonwealth Unite!,https://commons.cwrc.ca/orlando:06576eb3-430e-4cfe-9709-6ad09b1e7d44
Catherine Cookson Country,https://commons.cwrc.ca/orlando:69d7b1c5-48ce-4a61-82f0-69e2c19ca650
Catholic Tales and Christian Songs,https://commons.cwrc.ca/orlando:475c2b7a-ebe3-4202-a78a-b785380669ab
Cats and My Camera,https://commons.cwrc.ca/orlando:16c414b6-fb13-4b25-93f0-6b3d37dcf599
Caught,https://commons.cwrc.ca/orlando:20961ce5-4562-4b8a-a7a7-78b95000bdd4
Causae et curae,https://commons.cwrc.ca/orlando:f976ca86-8bc0-43b3-b29b-b7f1917f51ea
Cavalry Life,https://commons.cwrc.ca/orlando:9213752c-fcc2-4a89-b6d9-b89320441840
CCXI Sociable Letters,https://commons.cwrc.ca/orlando:23d92b35-e091-47d5-8a7a-e7e80d3cf3a0
"Cecil; or, The Adventures of a Coxcomb",https://commons.cwrc.ca/orlando:0230a972-9b4b-45de-b2d5-b2e3e0e771eb
Cecilia,https://commons.cwrc.ca/orlando:f981506e-8f12-4b0c-8b33-d9bfa697e9c5
Cecilia's Choice,https://commons.cwrc.ca/orlando:3f9132c7-82fd-4f92-a88d-39e0363d4459
Celebrations and Elegies,https://commons.cwrc.ca/orlando:a7e33e80-daf5-4e62-a8cd-b348473a7e11
Celia,https://commons.cwrc.ca/orlando:85e08a96-0fc8-4122-baa2-345a5266d69b
Celia in Search of a Husband,https://commons.cwrc.ca/orlando:83431609-9478-4bcb-9b82-392e1550cb69
Celibacy v. Marriage,https://commons.cwrc.ca/orlando:1b6f9684-c313-4418-bacf-4eda245d6651
Centennial Biographic Sketch of Charles Cowden-Clarke,https://commons.cwrc.ca/orlando:195e2d53-256d-4c92-8d4b-5d17cbcb3fb6
Cervantes,https://commons.cwrc.ca/orlando:f4e2dfd8-d927-4ef4-8be8-b31f75af7e42
Chalanta Nirman,https://commons.cwrc.ca/orlando:8c204923-e7e8-487f-9e2f-3f8f947ff979
Chalcot Crescent,https://commons.cwrc.ca/orlando:50f139ee-b0fa-488c-be25-40bd8d59886a
Challenge,https://commons.cwrc.ca/orlando:10c6e6db-a41a-4021-abfc-155c8020e48b
Challenge to Clarissa,https://commons.cwrc.ca/orlando:c739e86d-03e5-4b07-a1e8-c57feaf721c1
Chance,https://commons.cwrc.ca/orlando:d09e90d8-e5bd-48be-a7b1-3349736d2cbe
Chandos,https://commons.cwrc.ca/orlando:3330cb56-5994-41a7-99ea-0b78dea0be84
Change,https://commons.cwrc.ca/orlando:cb5a89f7-7bc4-45aa-b56f-18ab63e05003
Changes and Chances,https://commons.cwrc.ca/orlando:e80b589a-7b9c-45a4-bfb3-90c7522bb821
Changing Babies and Other Stories,https://commons.cwrc.ca/orlando:7cab064e-48b6-4551-b627-d4075d8bb300
Chapters From a Life,https://commons.cwrc.ca/orlando:93f26dca-0117-4bc3-a7b5-8b43f023c89b
Chapters from Some Memoirs,https://commons.cwrc.ca/orlando:95d0344d-b642-45ac-ba41-e8b3003e1191
Charades for Home Acting,https://commons.cwrc.ca/orlando:e597102c-5a44-4634-98b7-037b301de763
Charles Rex,https://commons.cwrc.ca/orlando:d076707f-6395-4eb4-bce0-8471dc32cf32
Charles the First,https://commons.cwrc.ca/orlando:97f77c9d-e531-4656-bdb0-f512f7643249
Charlie Seymour,https://commons.cwrc.ca/orlando:cf570b12-c1c1-4c71-addc-86cde7f8b69a
Charlotte Mew and Her Friends,https://commons.cwrc.ca/orlando:7c710312-e802-4a2f-bb48-00b3f6b8d1e3
Charlotte to Werther. A Poetical Epistle,https://commons.cwrc.ca/orlando:a3d7c125-7ff6-4684-8271-e6dd18c0bc87
Charlotte's Inheritance,https://commons.cwrc.ca/orlando:36106c84-6956-4d21-9973-9be06c582fe7
Chasing the Stars,https://commons.cwrc.ca/orlando:702c1c69-8de7-4f39-84dc-eee3a93eb035
"Chaste as Ice, Pure as Snow",https://commons.cwrc.ca/orlando:ad77fc36-804a-4b71-9835-09292cf360d9
Chatterton Square,https://commons.cwrc.ca/orlando:d3ef3395-9315-470a-812a-fb7e7bbf2e40
Cheerful Weather for the Wedding,https://commons.cwrc.ca/orlando:b2756273-afcd-4c81-ad14-6e79d02f4a6e
Cheerfulness Breaks In,https://commons.cwrc.ca/orlando:9defb328-4ca1-41c2-bfaf-237aa6832d07
Cheques for Authors,https://commons.cwrc.ca/orlando:78f930f3-62a6-4f45-a640-a0745c853adb
Chéri,https://commons.cwrc.ca/orlando:bcb1e4a3-9d55-41b5-853c-e863ee50e2dd
Cherrystones,https://commons.cwrc.ca/orlando:82455825-a36e-4be9-aa20-999964897055
Chess-Dream in a Garden,https://commons.cwrc.ca/orlando:c9d562db-bc64-49ce-b3e8-113a70a9abf9
Chetki,https://commons.cwrc.ca/orlando:fe3cc3d4-6c24-4b44-b286-c1de5e2614be
"Cheveley; or, The Man of Honour",https://commons.cwrc.ca/orlando:63325481-dde9-4f8c-8fa0-c6da47b1ff27
Child of Light: A Reassessment of Mary Wollstonecraft Shelley,https://commons.cwrc.ca/orlando:30a5f3c0-643f-44a0-aae7-df2cca696e5f
Child of the Sea and Other Poems,https://commons.cwrc.ca/orlando:e5d6a913-00d4-4bc3-838e-775060169cc5
Child Whispers,https://commons.cwrc.ca/orlando:1a9e4052-a1f7-433f-aaad-22b3b15ac416
Childe Harold's Pilgrimage,https://commons.cwrc.ca/orlando:eb52bfd9-cf08-4280-818a-248519e75a80
Childhood,https://commons.cwrc.ca/orlando:cec6aeb3-47f1-411f-b6fa-e0c2a106fdfd
Children in the Wood,https://commons.cwrc.ca/orlando:251db0ca-ffe2-44dd-b605-6df9f2c1fb30
Children of Circumstance,https://commons.cwrc.ca/orlando:40a710de-1770-43cc-9779-31c532fe7915
Children of No Man's Land,https://commons.cwrc.ca/orlando:f97487d5-b3c1-4479-9daa-adb3818b2c92
Children of the Earth,https://commons.cwrc.ca/orlando:f1bbbb5d-9683-45d0-b95f-76a1896001d0
Children's Books,https://commons.cwrc.ca/orlando:6da3ae97-2c4f-44b4-b1c0-8969642331db
Children's Poetry,https://commons.cwrc.ca/orlando:ad6b9667-1789-4cc5-8a72-6220017e785d
Chimæra,https://commons.cwrc.ca/orlando:810d1660-1692-4be3-a28b-b14228e7176b
China: Her Life and Her People,https://commons.cwrc.ca/orlando:db5191d6-788d-4799-84bd-0b316a7b837f
Chinese Puzzle,https://commons.cwrc.ca/orlando:d8d3930f-d5cd-4b07-afbe-819c232eae8d
Chloe Arguelle,https://commons.cwrc.ca/orlando:346e1632-3742-4c9f-91fe-33506939c670
Chopin's Letters,https://commons.cwrc.ca/orlando:d6d0035e-7d14-46b2-95c6-79e086f86ffa
Christian Morals,https://commons.cwrc.ca/orlando:206c8237-f762-41e4-a557-ed5d05b7f656
Christian Sanderson: A Poem,https://commons.cwrc.ca/orlando:d90a38bd-1d20-4ed1-8318-e7aeecdd0b67
Christian Uncertainties,https://commons.cwrc.ca/orlando:d156acf1-92eb-4780-a9a6-dda268cec975
Christian's Mistake,https://commons.cwrc.ca/orlando:3be532ab-5432-4db8-af3c-e94870488c55
"Christina, the Maid of the South Seas",https://commons.cwrc.ca/orlando:d86c4fb7-d3b9-4664-8658-3aaea54d769b
Christine,https://commons.cwrc.ca/orlando:13e6e2e2-ad16-4f56-9548-11d1bc43bb8e
Christmas at Old Court,https://commons.cwrc.ca/orlando:dfadf5a0-6e43-44ad-9e7e-bcfd9fbe1551
Christmas in Africa,https://commons.cwrc.ca/orlando:d1fc5c03-28d1-4bfb-b4f1-9ff4e49527af
Christmas Pudding,https://commons.cwrc.ca/orlando:fefc3b4d-7827-4320-8f7a-adccd1889076
Christopher and Columbus,https://commons.cwrc.ca/orlando:8689bed5-e9a1-42fd-b81f-e23118774d21
Christy Carew,https://commons.cwrc.ca/orlando:9c86211f-a3fd-49cf-bfa0-71339e988e32
Chronicles of a Schoolroom,https://commons.cwrc.ca/orlando:e229ee25-c168-4f7d-aac7-2c00e752e030
Chronicles of an Illustrious House,https://commons.cwrc.ca/orlando:47374569-bc01-4d64-b912-c7e01e7fdc19
Cinq petits dialogues grecs,https://commons.cwrc.ca/orlando:3601c089-eeb4-40b5-bafb-a8cd9799168e
"Circular sent to the Lords, previous to the Second Reading of the Bill for Ameliorating the Fate of Climbing Boys",https://commons.cwrc.ca/orlando:f922e2f8-96bd-40c4-82c9-4cb5e35eb315
Citoyenne Jacqueline,https://commons.cwrc.ca/orlando:61bf0c46-967e-439d-8dac-cdd5452af4a5
City Music,https://commons.cwrc.ca/orlando:701690f3-8c07-4e3c-8141-b4037ba9cb04
City of Illusions,https://commons.cwrc.ca/orlando:832d71e1-a552-4192-a96b-82d3750561fc
City of the Mind,https://commons.cwrc.ca/orlando:208aaaf4-a2ba-4618-a0f6-57e589cbeac6
Civil to Strangers and Other Writings,https://commons.cwrc.ca/orlando:b99fdad5-b811-420b-b23f-5b25b1382fd4
Clara Gazul,https://commons.cwrc.ca/orlando:752fceae-41ce-4526-ad07-cd9bab7d6bc5
Clarentine,https://commons.cwrc.ca/orlando:6c37c7a6-dd26-4cef-b3fa-9d415ea06065
Clarissa,https://commons.cwrc.ca/orlando:505e20f9-f296-4778-ae54-1ac9d695c113
Classics of the Macabre,https://commons.cwrc.ca/orlando:39291795-4a57-4afa-8b13-0bd9f35917dc
Claudine à l'école,https://commons.cwrc.ca/orlando:e3a8537c-3a6a-47b2-a2c0-6f09bc52a945
Claverhouse,https://commons.cwrc.ca/orlando:84509aeb-4232-4b68-9735-042dfcbd9d3a
Cleansed,https://commons.cwrc.ca/orlando:cd74d732-2800-40e2-ba6b-c7f01273a572
Clear Horizon,https://commons.cwrc.ca/orlando:c0d3495b-b7fa-42c3-945d-0e6f1126b90c
Clear Light of Day,https://commons.cwrc.ca/orlando:20a87e36-32e4-40fc-b2dc-4839a021b75b
Clemency Franklyn,https://commons.cwrc.ca/orlando:271d4f62-022b-4441-a7f6-1bc48f0429d7
Cleomelia,https://commons.cwrc.ca/orlando:fb6e1b6e-620c-492f-b4bf-8d095b9cc672
Cleopatra's Sister,https://commons.cwrc.ca/orlando:f81d3725-a179-4726-b6fa-c3824dad065b
Clermont,https://commons.cwrc.ca/orlando:4f6f1d9c-e6d5-428a-8cd5-90258f0b5252
Cleveden,https://commons.cwrc.ca/orlando:d4dd47ba-c3d3-44f4-9d36-11a63d7d237c
Clinical Lectures on Symbolism and Sublimation,https://commons.cwrc.ca/orlando:cb92a9f9-7b9d-4c52-91f1-6067ffe0a7c1
Clio,https://commons.cwrc.ca/orlando:cdb436e5-3a51-4d84-a9f8-453d567124af
Clock without Hands,https://commons.cwrc.ca/orlando:58e8a075-edd7-4074-873d-52837b38d595
Close to Home,https://commons.cwrc.ca/orlando:ceb60d68-7cb0-453f-9686-ba0612f42fbb
Closing,https://commons.cwrc.ca/orlando:5de0512b-e7ab-4fa9-87a1-4dbd5e2d9460
Cloud Cuckoo Land,https://commons.cwrc.ca/orlando:ebb5b2f2-b6ab-41de-9f79-f2d16c8b8533
Cloud Nine,https://commons.cwrc.ca/orlando:04457c03-1ad9-4488-84b7-7e060e1166f0
Cloudless May,https://commons.cwrc.ca/orlando:fd887c50-aa7a-465c-9f53-38175169a15f
Clowns' Houses,https://commons.cwrc.ca/orlando:77059fd8-8d2c-4694-ad95-45ce315f490b
Clutch of Constables,https://commons.cwrc.ca/orlando:0d823752-dfa5-460f-ba39-ffb132e7e93f
Cobbler's Dream,https://commons.cwrc.ca/orlando:95f15231-da8e-4216-95f0-51ab0f7fdb8b
Coelebs in Search of a Wife,https://commons.cwrc.ca/orlando:c5719143-a236-4add-a966-3281576e845a
Cold Comfort Farm,https://commons.cwrc.ca/orlando:0c0af574-8e73-4940-a838-ad41569f0261
Collected African Stories,https://commons.cwrc.ca/orlando:3411fc8d-6a19-4ba1-9282-be1eb2cdc50b
Collected Dramas,https://commons.cwrc.ca/orlando:3803d7ce-1537-4663-9c3d-4d350be7f2aa
Collected Impressions,https://commons.cwrc.ca/orlando:04719b11-a43a-430d-9b3f-33b363f53383
Collected Plays,https://commons.cwrc.ca/orlando:1bd28e9e-abbe-45cb-88a3-a683d9d59bfa
Collected Poems 1,https://commons.cwrc.ca/orlando:382c9361-e126-4e5c-a61d-8c5a29ac9bcc
Collected Poems 1950-2012,https://commons.cwrc.ca/orlando:7b2e05a1-0924-4059-afb5-e40566ea9f6e
Collected Poems 1967,https://commons.cwrc.ca/orlando:8ac5bb5e-32c7-4798-a8a0-cfc957cd2819
Collected Poems 1978-2003,https://commons.cwrc.ca/orlando:d14631bd-ab76-4b96-ac89-519b27cad250
Collected Poems and Prose,https://commons.cwrc.ca/orlando:3800ed1a-afed-43d4-9cf8-2ab57781abfb
Collected Poems and Translations,https://commons.cwrc.ca/orlando:d98b32a5-e2dd-4309-b968-35d1c1c6cdb5
"Collected Poems, 1955-1995",https://commons.cwrc.ca/orlando:d98e01d7-785b-4fcc-918f-929f13a28e6c
Collected Prose and Poems,https://commons.cwrc.ca/orlando:bc315406-4ec6-47a3-8ddd-eb8245bc4681
Collected Sonnets,https://commons.cwrc.ca/orlando:b2d729b0-f2a4-4f41-a25a-87def980ddb0
Colloquia Crucis,https://commons.cwrc.ca/orlando:4449fb66-e1da-49d2-9c20-01d107dd34d7
Colonel Blessington,https://commons.cwrc.ca/orlando:4d2e8455-ee6e-467f-a9c6-37a9b679c66b
Colonel Enderby's Wife. A Novel,https://commons.cwrc.ca/orlando:09a5a1ce-f218-4351-aee2-1ed74af116b2
Colonial Memories,https://commons.cwrc.ca/orlando:dbc2e416-f495-43dd-8a53-0aeaf7fb0584
Colour Blind,https://commons.cwrc.ca/orlando:1306efac-d440-4bfb-a128-dffa472d8827
Colour Scheme,https://commons.cwrc.ca/orlando:7af93f94-09f0-4df9-b171-87929f408a59
Columbine,https://commons.cwrc.ca/orlando:4aa34bba-6333-4cd3-8360-bf5d49f48612
Come and Find Me,https://commons.cwrc.ca/orlando:2ce4add1-f566-4670-97af-e32426033a9a
Come Back to Erin,https://commons.cwrc.ca/orlando:af6e5af2-d5d8-4a92-9fae-5fbf8a0d71e2
Come of Age,https://commons.cwrc.ca/orlando:3ccaf118-970e-45b1-ae5c-8e784f2cd458
"Come Wind, Come Weather",https://commons.cwrc.ca/orlando:09492672-4c1c-499e-830c-42845f9357ad
"Come, Tell Me How You Live",https://commons.cwrc.ca/orlando:575fc659-f73d-4889-a21c-2a2c2277d7fc
Cometh Up as a Flower,https://commons.cwrc.ca/orlando:0d1313d2-299b-4ebd-8f50-1e7ec42c4178
Coming of Age in Samoa,https://commons.cwrc.ca/orlando:2dbc23d2-e730-4c9d-a611-9eee3d1657ce
"Coming Out; and, The Field of the Forty Footsteps",https://commons.cwrc.ca/orlando:bcabd697-f505-4df9-9975-76570a9ece4e
Coming to Canada: Poems,https://commons.cwrc.ca/orlando:7c4b8f06-c889-42ce-86e5-308bc0aa417b
Command the Morning,https://commons.cwrc.ca/orlando:bdedac79-07ea-44b4-bfcc-6301cec9bfbd
Company Parade,https://commons.cwrc.ca/orlando:324e491a-eaf7-4517-b9df-01792e9d209c
Composition as Explanation,https://commons.cwrc.ca/orlando:eb0ae531-849e-4ffd-866c-555f2cd01197
Compulsory Heterosexuality and Lesbian Existence,https://commons.cwrc.ca/orlando:7039214c-6bdf-4440-8f9d-2388cec900f4
Concerning Children,https://commons.cwrc.ca/orlando:dbe0d69c-2691-4a58-981e-6f55d97b0cee
Concert Pitch,https://commons.cwrc.ca/orlando:91894fa7-725e-49dd-8ff2-2b01aabc6eee
Concluding,https://commons.cwrc.ca/orlando:6f0f0293-05fb-40fe-b0f7-5d2734dcb1df
Condoned,https://commons.cwrc.ca/orlando:90155aa4-17e5-44d5-b216-52275b654069
Conduct is Fate,https://commons.cwrc.ca/orlando:a510a66d-88fd-4a31-8bca-9892f26a2e5c
Conference at Cold Comfort Farm,https://commons.cwrc.ca/orlando:b971d795-e634-4c5f-8d79-75fa0dc9653a
Confessions and Impressions,https://commons.cwrc.ca/orlando:ff06e8ad-9966-4cad-bb9d-a3efb60c6a73
Confessions of the Nun of St. Omer,https://commons.cwrc.ca/orlando:c8863d3c-3ed8-4cb2-83d3-fde207bb043e
Conflict: Angora to Afghanistan,https://commons.cwrc.ca/orlando:a21720ad-c707-43f3-874a-d602f07a0d04
Consequently I Rejoice,https://commons.cwrc.ca/orlando:382ae7ea-bad3-408f-9a08-62251567f0a9
Considerations on the Causes of the High Price of Grain,https://commons.cwrc.ca/orlando:6cdfd65a-9b95-4c96-b988-30b3ca925ec9
Considérations sur les principaux événemens de la révolution françoise,https://commons.cwrc.ca/orlando:d0f34c21-bf00-4d82-9273-86dce42f6e19
Constance,https://commons.cwrc.ca/orlando:e88644a5-a71e-4473-b646-d6d4ba43ce9a
Consuelo,https://commons.cwrc.ca/orlando:768fffef-d903-47cc-a9a4-19a59f4a4fa9
Contemporaries and Snobs,https://commons.cwrc.ca/orlando:ebd6f6b3-62d0-45e0-bf8c-170bbd6b9067
Continuation of Early Lessons,https://commons.cwrc.ca/orlando:9db0b5d0-c7ae-4460-a8dc-30dbf3cc0acb
Contrast,https://commons.cwrc.ca/orlando:68bb04a1-d2c7-4a65-94d5-72d845a40353
Conundrum,https://commons.cwrc.ca/orlando:ec017630-62b7-4e4b-abe8-327cdd110cb8
Convalescent Conversations,https://commons.cwrc.ca/orlando:24ecc330-13ee-4f24-9f48-4ebcecbd1cad
Conversation at Midnight,https://commons.cwrc.ca/orlando:177b339c-4aa0-40cd-8743-cb745afdfc47
Conversation Piece,https://commons.cwrc.ca/orlando:955c59b2-5453-4a07-86e9-d99d052e74a0
Conversations on Chemistry,https://commons.cwrc.ca/orlando:5b93f48a-1c4c-44b3-bc20-3d1892940de7
Conversations on Early Education,https://commons.cwrc.ca/orlando:72c6569a-77e9-4eeb-800a-01c0ba33eae8
Conversations on Natural Philosophy,https://commons.cwrc.ca/orlando:62f4269c-419b-4666-bed8-a326105e591a
Conversations on Political Economy,https://commons.cwrc.ca/orlando:2efa9962-e0f8-4286-b04d-eb672ed230a2
Conversations on Vegetable Physiology,https://commons.cwrc.ca/orlando:46e089ee-ceaf-4282-a5e7-fdd09e59ec90
Conversations upon Comparative Chronology,https://commons.cwrc.ca/orlando:ea64f6af-aabf-4230-a158-6ed28a8ec5d9
Cool Repentance,https://commons.cwrc.ca/orlando:3a78b031-d46b-4ea5-8b9c-b52ceb5a8d80
Coole,https://commons.cwrc.ca/orlando:4c80ead3-2fc5-460c-8c00-335ff312280a
Copernicus in Italy,https://commons.cwrc.ca/orlando:6f311291-8f71-4969-a0aa-4c7c8a1d4ad1
"Cordelia; or, A Romance of Real Life",https://commons.cwrc.ca/orlando:e63b5743-0db6-44fc-99b8-0a210112878f
Corinne,https://commons.cwrc.ca/orlando:a4135386-f28d-4386-abc3-ee0b81efbbf9
Coromandel Sea Change,https://commons.cwrc.ca/orlando:a762b255-52a3-4680-b475-4a03f8a6486b
Coronation Everest,https://commons.cwrc.ca/orlando:d80a29cd-6155-4e7c-92db-46a414a2fa24
Coroner's Pidgin,https://commons.cwrc.ca/orlando:7433e314-5d66-4ac1-9f94-5d5a99c29647
Correspondences: A Family History in Letters,https://commons.cwrc.ca/orlando:771b5df6-0a39-49bb-9e99-9f7f7eed5f4c
Corrigan,https://commons.cwrc.ca/orlando:6867bb18-06e2-4c5d-a227-d47a742c1b35
Corydon,https://commons.cwrc.ca/orlando:90992cfa-41fb-4c3f-b120-255199a8a27b
Cot and Cradle Stories,https://commons.cwrc.ca/orlando:cf410393-4634-45a1-9b1b-55792a39cc44
Cotillion,https://commons.cwrc.ca/orlando:2f62bbac-de9c-40fa-9f4a-e5a8a73bcade
Cottage Biography,https://commons.cwrc.ca/orlando:f5740d84-c0cc-499b-b937-f32c69fe7309
Cottage Dialogues among the Irish Peasantry,https://commons.cwrc.ca/orlando:489fd5ff-bd1e-481a-a1c8-3de297831783
Countess Kate,https://commons.cwrc.ca/orlando:e9ffdcd4-02d2-4e5a-8556-1bdb5966887a
Country Conditions,https://commons.cwrc.ca/orlando:2dabdef7-fcb6-47e0-8843-e4590a29fd27
Country Dance,https://commons.cwrc.ca/orlando:c661d9d3-c035-4454-adf4-9510beb24d4a
Country Dealings,https://commons.cwrc.ca/orlando:6a1b48dc-807c-41e0-96f3-6544466b63a6
Country Girl,https://commons.cwrc.ca/orlando:381fc6fc-0fc1-4ef5-aee7-c18b641285be
Country Hoard,https://commons.cwrc.ca/orlando:b2020fd3-84c1-4f07-bd51-c743b71d3172
Country Notes in Wartime,https://commons.cwrc.ca/orlando:746013ea-a077-4978-8195-3e991de5bb59
Country Quarters,https://commons.cwrc.ca/orlando:6f7b1b07-2823-4c31-ab2b-31e3c26b9db4
Country Verse,https://commons.cwrc.ca/orlando:d3384b74-f8d7-43b0-9417-1cfe549dd929
Courage,https://commons.cwrc.ca/orlando:eea0eb73-54ba-432c-bfba-4d47bb6904c2
Court Poems,https://commons.cwrc.ca/orlando:ed2db1b1-36a5-44fa-8191-caa7319344a0
Cousin Philip,https://commons.cwrc.ca/orlando:2126e58d-465b-4366-bbbd-8b46b7df8aab
Cousin Rosamund,https://commons.cwrc.ca/orlando:0acc2994-ff94-489c-87d8-efba12f6b838
Covent Garden Drolery,https://commons.cwrc.ca/orlando:7ad542b8-a3c6-4a4f-afda-292859c5a40c
Cover Her Face,https://commons.cwrc.ca/orlando:bd91ab52-e5c7-4424-b5ce-19125bd69dcf
Crampton Hodnet,https://commons.cwrc.ca/orlando:a20d9197-6c8c-4338-a01d-8c97a18c19d8
Cranford,https://commons.cwrc.ca/orlando:d4865107-12ae-4964-8c51-9d9f93e01813
"Creation, A Poem",https://commons.cwrc.ca/orlando:3bb6ac58-b353-4de2-ae88-49290dd6f85e
Creatures and Emblems,https://commons.cwrc.ca/orlando:91d7d7ed-c293-45a7-b85e-4e4fe7d5917d
Creatures Great and Small,https://commons.cwrc.ca/orlando:858884ba-f773-434b-b97c-104593665f93
Creed,https://commons.cwrc.ca/orlando:fb26ec72-7871-4686-ba11-d5a09af1595b
Creole,https://commons.cwrc.ca/orlando:d6198442-fed0-464b-8c57-fc206d9c5b06
Crewe Train,https://commons.cwrc.ca/orlando:256602e4-f266-4822-98d3-a20dace7d428
Crises of the Republic,https://commons.cwrc.ca/orlando:0a2d3921-5481-4423-8304-cd41c9975372
Critical Studies,https://commons.cwrc.ca/orlando:39f02948-34b3-4b72-a0c6-008e3500358b
Crome Yellow,https://commons.cwrc.ca/orlando:f4144743-fd3d-4ab2-ad34-20aeb1bbdac9
Cromwell: Our Chief of Men,https://commons.cwrc.ca/orlando:417aa6b4-f86f-4293-b468-984686baabb6
Cross Currents,https://commons.cwrc.ca/orlando:78ecf6b7-3c3e-41b6-8220-1ae38c2694ee
Cross Roads,https://commons.cwrc.ca/orlando:c27f8591-c5f3-48ab-87d0-3bec32f3df52
Cross-in-Hand Farm,https://commons.cwrc.ca/orlando:abf4677f-5af3-4024-9fcc-2c639bfd49da
Crossing the Water,https://commons.cwrc.ca/orlando:dea0f941-d27a-4cf0-ad47-80d749cc010a
Crown of Aloes,https://commons.cwrc.ca/orlando:19c9932b-9fe0-4f7a-b923-4fe7c2947e18
Cruises & Caravans,https://commons.cwrc.ca/orlando:b95a7672-a898-4a16-8658-329ad87a363b
Crump Folk Going Home,https://commons.cwrc.ca/orlando:a54628a7-525a-4037-ba94-6a37584b5f7b
Crusoe's Daughter,https://commons.cwrc.ca/orlando:d287ef05-0d7a-4d5f-98e4-2ced312d4907
"Cry, the Peacock",https://commons.cwrc.ca/orlando:497bf72e-fa5d-406b-b371-54fba9e0e8b1
Crystal Gazer,https://commons.cwrc.ca/orlando:053ffb7c-ad80-4de2-930e-88853b126ba4
Cuchulain of Muirthemne,https://commons.cwrc.ca/orlando:62f46abb-8e5c-4c12-aac8-657272ad858d
Cuckoo Songs,https://commons.cwrc.ca/orlando:af213466-c988-478b-9084-3d5fc4dd96db
Cue the Battered Wife,https://commons.cwrc.ca/orlando:f81d4698-d199-4eb4-95be-860dfeba6c45
Cullum',https://commons.cwrc.ca/orlando:1f5ae1ce-b592-4944-9488-85c5c04943fb
Cupid in Clapham,https://commons.cwrc.ca/orlando:d68396f0-a247-4251-b3b8-fad507cdcbe1
Current Fiction,https://commons.cwrc.ca/orlando:058af0ab-d6bb-4eb7-a965-e71669d9ce70
Curriculum Vitae: Autobiography,https://commons.cwrc.ca/orlando:c31efd38-d51f-4eab-9ed8-1e4f3392a80e
Curtain: Poirot's Last Case,https://commons.cwrc.ca/orlando:4013cfa2-78f0-42f7-8d88-0928377d9e58
Cutlasses & Earrings,https://commons.cwrc.ca/orlando:7dccb0be-3922-4dc0-a75d-9278a6c13ff1
Da Capo and Other Tales,https://commons.cwrc.ca/orlando:ed86d873-a2b8-44a6-b32c-b3d6a85b62e8
Daddy Darwin's Dovecot,https://commons.cwrc.ca/orlando:0eb45a92-750d-4596-882d-b7574e3c4e07
"Daddy, We Hardly Knew You",https://commons.cwrc.ca/orlando:ba78163f-e98e-4711-bd8a-78ccb92f6ac2
Daddy's Girls,https://commons.cwrc.ca/orlando:d00ebecd-0949-4674-a675-8039278a6ffe
Daddy's Gone A-Hunting,https://commons.cwrc.ca/orlando:1e694c33-b267-443a-8087-7a4c94f2c586
Daisy Ashford: Her Book,https://commons.cwrc.ca/orlando:f5ab3a00-c0ef-4eb4-8089-f825c39aabe1
Daisy Burns,https://commons.cwrc.ca/orlando:99ba9464-c20f-48e0-bf75-6eaeafa29ecf
Daisy Miller,https://commons.cwrc.ca/orlando:b2193970-0c53-4d77-80ad-f18a213e582c
Dallas Galbraith,https://commons.cwrc.ca/orlando:ee6b7587-a408-4c5b-942a-c032d8e0e874
Dame Nature's Dumb Sermon,https://commons.cwrc.ca/orlando:c5b38212-f2d2-48dc-ba1b-511fc3f23016
Dames' Delight,https://commons.cwrc.ca/orlando:dcedaf10-ddbe-47a0-b1a4-d9d9687fde9c
Damocles,https://commons.cwrc.ca/orlando:5abe693b-475b-4452-965a-9507522065ad
Dance of the Happy Shades,https://commons.cwrc.ca/orlando:1626c622-ef28-4683-b19e-2f3a82721877
Dancing Girls and Other Stories,https://commons.cwrc.ca/orlando:7ae71882-3c69-4eaf-ba8a-2c76fb7fccc4
Dandy,https://commons.cwrc.ca/orlando:46e7f189-c00a-4707-9989-110896f0c9cc
Danesbury House,https://commons.cwrc.ca/orlando:73d7415a-3f70-4a3d-95e6-774f0a756b39
Danger Calling,https://commons.cwrc.ca/orlando:6269c28c-32da-4d60-bac4-0cc133506001
Dangers of Coquetry,https://commons.cwrc.ca/orlando:87429ab4-2b49-4bbb-82b6-d7a8d994cad7
"Daniel Dennison; and, The Cumberland Statesman",https://commons.cwrc.ca/orlando:42516ad6-8091-4a21-9794-40a9a05e4429
Daniel Deronda,https://commons.cwrc.ca/orlando:f7816d5f-afc4-4a45-9aee-2ce89299b2e6
Danish Massacre. An Historic Fact,https://commons.cwrc.ca/orlando:142ff0e7-4c9d-4ec1-bb12-231af03fc4fc
Danse Macabre,https://commons.cwrc.ca/orlando:1872e272-44c6-4a05-b9b7-332df2f73911
Dante,https://commons.cwrc.ca/orlando:4ac217d4-9725-4692-84d7-bbbfc5af9c48
Dante and Botticelli,https://commons.cwrc.ca/orlando:5e13b432-c957-489f-8393-e09a9626116e
Daphne,https://commons.cwrc.ca/orlando:27432a81-a3a4-4904-ae9c-39e52f57bd45
Daphne Du Maurier,https://commons.cwrc.ca/orlando:2475a748-3c1d-4937-b82d-30c003574145
Daphne in Fitzroy Street,https://commons.cwrc.ca/orlando:c55ff2c7-928b-4e40-a29b-dc09bcfa3dc1
Darcy's Utopia,https://commons.cwrc.ca/orlando:b6bfd695-3483-4e29-b231-a4d78b8d5de4
Darell Blake,https://commons.cwrc.ca/orlando:d7369475-b87a-49d8-8ce7-857be8279ffc
Dark Corners,https://commons.cwrc.ca/orlando:37eca35c-7e99-4daa-9627-b7415ae637fa
Dark Fields of the Republic,https://commons.cwrc.ca/orlando:c4c62680-d834-4338-82ff-218afda4b572
Dark Inheritance,https://commons.cwrc.ca/orlando:abadd510-adb5-40be-93c2-7276e9b51e7f
Dark of Day,https://commons.cwrc.ca/orlando:7856c158-2d85-46e1-9595-628fd53e6fd8
Darwin: A Life in Poems,https://commons.cwrc.ca/orlando:070d4c02-1905-499d-8908-20a033513ed3
Darwin's Moon,https://commons.cwrc.ca/orlando:c830749a-ef71-4569-849a-166f9f1cff02
"Darwinism in Morals, and Other Essays",https://commons.cwrc.ca/orlando:9947504c-d182-42d5-8d08-1b0337eb83ef
Daughter of France,https://commons.cwrc.ca/orlando:bf3d9149-4964-4a11-b27a-44ac6f624d74
Daughter of Jerusalem,https://commons.cwrc.ca/orlando:01ec4863-618f-4bbf-b81e-60c9fc9abbe5
Daughters,https://commons.cwrc.ca/orlando:6d862a13-6498-4c46-9389-619642282d44
Daughters of Passion,https://commons.cwrc.ca/orlando:41a5d645-2318-4aba-b6ec-d09c574f409c
Daughters of the House,https://commons.cwrc.ca/orlando:d72fe818-4470-4465-9aa1-c4d3cfb958ae
David and Jonathan on the Riviera,https://commons.cwrc.ca/orlando:696863f6-7335-4377-a1f5-84113ec4f7cd
David Jones: Solitary Perfectionist,https://commons.cwrc.ca/orlando:4aa1ebf1-e6e7-417f-877c-854c840fc7fb
David Lloyd's Last Will,https://commons.cwrc.ca/orlando:5dfc03ca-f0bc-4921-b37f-de1ab530a2a6
David Simple,https://commons.cwrc.ca/orlando:a9761bda-e981-4277-977a-acdd2ca731d4
Dawn Island,https://commons.cwrc.ca/orlando:0e91d2a5-dfe9-448a-baac-1848fb61c793
Dawn's Left Hand,https://commons.cwrc.ca/orlando:9b6b6cf5-9f88-4b0c-bc2c-73cae940a764
Daylife and Nightlife,https://commons.cwrc.ca/orlando:ab611796-6ada-4764-83d9-8ae256716f35
Daylight,https://commons.cwrc.ca/orlando:7c037fba-8a97-43a6-8b84-393b9241c149
Days,https://commons.cwrc.ca/orlando:f3923bce-94a5-4461-aea4-d27c87fc97ae
Dazzling Prospect,https://commons.cwrc.ca/orlando:43e884dc-57f9-4466-8a5a-2a347b834ea0
De Chirico's Threads,https://commons.cwrc.ca/orlando:ad15555a-7167-4812-ab92-cc0ac554598d
De Foix,https://commons.cwrc.ca/orlando:5d0b3710-3534-41db-8e0a-7e5a6b42e5ec
De l'Allemagne,https://commons.cwrc.ca/orlando:04014903-3c40-4491-9c39-52c989015c1a
De Montfort,https://commons.cwrc.ca/orlando:437f221c-5805-4632-9d22-796611e58e22
Dead Love Has Chains,https://commons.cwrc.ca/orlando:25ba24ec-ada8-491e-8c2b-d72c972dc03e
Dead Men's Dollars,https://commons.cwrc.ca/orlando:f87f88f8-8158-4174-b8f8-2691a3e37db4
Dead Pearls,https://commons.cwrc.ca/orlando:0d456159-adf9-4253-abc0-fa53f6628ef5
Dead Yesterday,https://commons.cwrc.ca/orlando:5f4abab2-db1b-4f16-a3f8-576b167c5fdc
Deadlock,https://commons.cwrc.ca/orlando:9b6c62b1-7a6f-4b69-bc09-fabca6e5eaec
Dear and Honoured Lady,https://commons.cwrc.ca/orlando:b226c5c1-a16f-4e57-9ec4-9279ca6dd819
Dear Doctor Lily,https://commons.cwrc.ca/orlando:0759f67e-f4ec-4527-82f0-8e83e2e67950
Dear Faustina,https://commons.cwrc.ca/orlando:755caf83-f305-4e77-a4ab-25d44eceb633
"Dear Ivy, Dear June: Letters from Beatrix Potter",https://commons.cwrc.ca/orlando:4955f2d5-85f2-41ed-afe0-8555bfc97254
Dear Life,https://commons.cwrc.ca/orlando:b8c13ad7-1c4d-4137-b52e-1480685a510e
Death and the Dancing Footman,https://commons.cwrc.ca/orlando:87cd6b18-8145-480a-833f-cd2a3e871ad0
Death and the Princess,https://commons.cwrc.ca/orlando:9d7ec3a5-42d9-44be-8a59-022ca3676364
Death at The Dog,https://commons.cwrc.ca/orlando:8b0629c5-aca1-4fc1-8799-58f578dbd51d
Death by Art Deco,https://commons.cwrc.ca/orlando:cb1af672-8ae0-4679-87b8-eedf183b55fa
Death Comes for the Archbishop,https://commons.cwrc.ca/orlando:39fbe4d2-9947-4816-acf0-54eeefc56ee6
Death Comes Staccato,https://commons.cwrc.ca/orlando:905ddfc4-08e4-4958-91bc-c6e2917ccecd
Death in Holy Orders,https://commons.cwrc.ca/orlando:f4a63433-b26e-4dee-99ea-6b58a118970c
Death in the Stocks,https://commons.cwrc.ca/orlando:05ab7143-920a-4346-8853-e9bfac04e8e6
Death of a Naturalist,https://commons.cwrc.ca/orlando:f3098817-b726-4b6d-aad7-feb60be02702
Death of a She Devil,https://commons.cwrc.ca/orlando:d967fc29-6acd-44da-8862-f06bad4da40a
Death of an Ex-Minister,https://commons.cwrc.ca/orlando:a6e265c3-e052-4c00-a5be-044f77ed2dab
Death of an Expert Witness,https://commons.cwrc.ca/orlando:547daba5-8695-48f9-ad53-4a6fdad6995e
Death of Felicity Taverner,https://commons.cwrc.ca/orlando:9612aaf3-42d9-4c50-8ac0-f97e0adb5944
Death's Master-peece,https://commons.cwrc.ca/orlando:54bfd8b5-4853-4efd-a05e-9635620d1081
Debatable Land,https://commons.cwrc.ca/orlando:4f95270e-dd04-4feb-962c-8f5b78bbb902
Debenham's Vow,https://commons.cwrc.ca/orlando:7ec307a9-55ca-46f1-833c-7bf208891af5
Deborah of Tod's,https://commons.cwrc.ca/orlando:0a7bc4f3-bac7-41df-9960-b7a9f29dd247
Deepdale Vicarage,https://commons.cwrc.ca/orlando:053ce4ec-515e-4d86-b49f-1d4faf11c68f
Deephaven,https://commons.cwrc.ca/orlando:44ccb6d0-0805-4ffb-b1bd-77e8dfbe4259
Deerbrook,https://commons.cwrc.ca/orlando:31eaddf9-08d7-453c-b2cb-b1d6fad77692
Defenders of the Faith,https://commons.cwrc.ca/orlando:14a4963f-b934-439e-bdd6-69f6f7187865
Defending Ancient Springs,https://commons.cwrc.ca/orlando:d3a14cba-3111-4f11-b8b5-d6f9a641b05f
Delia Blanchflower,https://commons.cwrc.ca/orlando:8a3c478f-37a5-4217-88e8-0c984f6eb740
Della vita di Giuseppe Mazzini,https://commons.cwrc.ca/orlando:2fa522d8-8ad3-42fd-9195-6666594cefe5
Delphine,https://commons.cwrc.ca/orlando:367c7cf4-fdc9-4e0e-a6c8-f4bb7babf25f
Delphos: the Future of International Language,https://commons.cwrc.ca/orlando:c36d4774-38ac-4dc1-b94c-dbb4b7f08bee
Delta Wedding,https://commons.cwrc.ca/orlando:2017b62d-d4dd-4482-93e2-cde6d737ce69
Demerara,https://commons.cwrc.ca/orlando:5f703674-5ed6-4f5c-ae55-921d02c6a053
Denise,https://commons.cwrc.ca/orlando:d56aac5d-d680-4a25-b7c4-191552dd6328
Denzil Place,https://commons.cwrc.ca/orlando:2adb3ae8-2b0e-40e2-a558-fa3799c61a6e
Departures and Arrivals,https://commons.cwrc.ca/orlando:53f25860-1e84-43aa-a01a-cb15fc5b747c
"Description of the House and Museum on the North Side of Lincoln's Inn Fields, the residence of Sir John Soane",https://commons.cwrc.ca/orlando:cff85da0-125a-4701-89ed-bf7a2891d0a9
Desirable Residence,https://commons.cwrc.ca/orlando:827d2df4-32fd-4dbf-91e5-27c0fe317855
Desmond,https://commons.cwrc.ca/orlando:cc508a53-694c-4574-8ef2-d147d41f8532
Despised and Rejected,https://commons.cwrc.ca/orlando:f11a8b66-45b3-4543-9819-bafc06959ba1
Destination Biafra,https://commons.cwrc.ca/orlando:b7509b4f-b19d-4c13-9ec9-53d2e27d2d90
Destination Unknown,https://commons.cwrc.ca/orlando:380c498b-3f65-43ec-bd99-5a44b719420d
Destiny,https://commons.cwrc.ca/orlando:3c7c7c43-e91b-4d38-80ea-a9e55a9c74bc
Detection Unlimited,https://commons.cwrc.ca/orlando:4dc453bb-f01c-4293-8ab4-28ad7349df6c
Detraction Displayed,https://commons.cwrc.ca/orlando:c812c993-849d-41f9-9bc5-bb5c76943288
Devereux,https://commons.cwrc.ca/orlando:03f9d3ed-6333-4106-95d4-2c79f910831e
Devereux Hall,https://commons.cwrc.ca/orlando:a723f188-adc2-4890-9415-084307bc2396
Devil by the Sea,https://commons.cwrc.ca/orlando:9cbf94da-e404-498e-aaca-c3903b02ff2c
Devon,https://commons.cwrc.ca/orlando:ff5850e4-7067-458f-b816-2495114be12d
Devoted Ladies,https://commons.cwrc.ca/orlando:a7377482-bac5-414f-87e5-c91f4d2b71a9
Devotional Exercises,https://commons.cwrc.ca/orlando:34bcf81f-3da4-40fd-91bc-a4be310c4856
Devotional Exercises Extracted from Bishop Patrick's Christian Sacrifice,https://commons.cwrc.ca/orlando:c8c78e37-cd26-4a3f-9d76-66f886285648
Devotions,https://commons.cwrc.ca/orlando:adf913f0-11ff-43bc-8e8e-b965636bee34
Devotions in the Ancient Way of Offices,https://commons.cwrc.ca/orlando:31e2ee80-17de-49d9-9b0c-0e343f566a0d
Devout Exercises of the Heart,https://commons.cwrc.ca/orlando:0f590e54-86fe-4af9-87d3-5903185d771d
Diana Mallory,https://commons.cwrc.ca/orlando:a590b9fc-1c19-4011-bbdd-0b54109b17e9
Diana of Dobson's,https://commons.cwrc.ca/orlando:d722baa7-eb6d-4fd4-9010-0dc1ae510861
Diana: The Portrait,https://commons.cwrc.ca/orlando:9f1eed4d-132c-420d-9a75-99de56b27834
Diaries 1915-1918,https://commons.cwrc.ca/orlando:bfb039e1-bb09-41fd-a52f-ebf5efdfc808
Diary,https://commons.cwrc.ca/orlando:036f5074-94c0-4dd9-92e2-25806a0dd382
Diary Illustrative of the Times of George the Fourth,https://commons.cwrc.ca/orlando:3cd2c35f-cd4a-4bfb-95b8-2be35f04f3f6
Diary of a Provincial Lady,https://commons.cwrc.ca/orlando:fcf91040-73d0-4304-ba6d-14ceef50533a
Diary of a Steak,https://commons.cwrc.ca/orlando:f540d1d3-5c8f-49ff-9b5e-787cd28fb62f
Diary of Mrs. Kitty Trevylyan,https://commons.cwrc.ca/orlando:71b74b6a-ba49-4498-8a77-b518e3f45bd3
Dickens' Dream Children,https://commons.cwrc.ca/orlando:9892d97d-5bf6-40a5-a0d2-abfa946fead4
Dieu Franchise Liberté: pétition pour l'abolition de la peine de mort,https://commons.cwrc.ca/orlando:b85e8be1-46fc-44b2-8000-5ac7a7affc2b
Different Days,https://commons.cwrc.ca/orlando:d2721343-d911-4425-8824-bba897e3f299
Dinarbas,https://commons.cwrc.ca/orlando:144d38af-a9bb-4976-8860-9890bffaac4c
Dionysius the Areopagite,https://commons.cwrc.ca/orlando:7bfd237d-dc39-4a63-ba62-e98342a7107c
Diplomatic Wives,https://commons.cwrc.ca/orlando:dbf4ac36-1b99-4c0b-93b8-b2db1bbeedde
Direct Dialling,https://commons.cwrc.ca/orlando:6b8d3be4-364b-4e85-a4b4-66974e453fa5
Directions for the Management of Silk-worms,https://commons.cwrc.ca/orlando:3ac3860b-f818-41d6-89c7-5776403041db
Discerner of Hearts,https://commons.cwrc.ca/orlando:abe0ac53-321a-45ec-a368-3386b9e40b32
Discipline,https://commons.cwrc.ca/orlando:146e73b3-dc4b-47cb-abcf-59cf69350d5b
Discords,https://commons.cwrc.ca/orlando:e7b99dbe-4dac-422a-a02c-5c8415962c68
Discours de la gloire,https://commons.cwrc.ca/orlando:1bc3d08b-62bc-41f7-b5ff-961aeb17499e
Disinheritance,https://commons.cwrc.ca/orlando:ca3e8a3e-1899-44f9-ab01-49060a87ab42
Dismas,https://commons.cwrc.ca/orlando:fe536067-6c0e-4c98-95c0-d3672e4f005f
"Disobedience; or, Mind What Mamma Says",https://commons.cwrc.ca/orlando:c0ac69eb-0e44-45e3-90a3-abb28f1dc26f
Dissertations and Discussions,https://commons.cwrc.ca/orlando:26e501ee-12b2-4117-a9b7-1c4115270ebd
Distinguished Villa,https://commons.cwrc.ca/orlando:a9f5b0a4-2924-4fe7-a5bc-bff58dad1282
Distressing Dialogues,https://commons.cwrc.ca/orlando:fdcc5832-39e7-4805-be2e-7785f2c13561
District and Circle,https://commons.cwrc.ca/orlando:81a3e8b7-6f14-4712-b7a0-13b67b7b7792
Disturbing Elements,https://commons.cwrc.ca/orlando:951cd9e4-87b2-49d9-a2b2-c3a1d23a8cff
Divine Poems and Essays on Various Subjects,https://commons.cwrc.ca/orlando:a652561f-ba54-48e3-9ee7-c43a1e59c877
Divine Songs and Meditacions,https://commons.cwrc.ca/orlando:bd4c365a-de32-4136-9ab1-4a5b0311ac31
Dix années d'exil,https://commons.cwrc.ca/orlando:16f31df4-2ead-46a2-9ee9-c67b6c51683f
Do Me a Favour,https://commons.cwrc.ca/orlando:b3d209fc-7b3d-45c3-94a3-97ffd3ea908a
Doctors of Philosophy,https://commons.cwrc.ca/orlando:1259a3fc-2587-47eb-b4ac-95ddfd33b03c
Domestic Life in England,https://commons.cwrc.ca/orlando:6c79c03a-c5b4-4f81-944d-ffa4f984ed83
Domestic Manners of the Americans,https://commons.cwrc.ca/orlando:4bf710a6-f7d7-466f-a36e-3571310dc8da
Domestic Residence in Switzerland,https://commons.cwrc.ca/orlando:24deb35a-1ee1-446b-95fd-bccd81a8ec83
Don John,https://commons.cwrc.ca/orlando:8e3a75f2-ad9a-4624-b28f-09c88ac6886a
Don't Look at Me Like That,https://commons.cwrc.ca/orlando:d78f42bd-c893-4f50-bc83-c073b97792f8
Don't Tell Alfred,https://commons.cwrc.ca/orlando:5a53011b-d1a9-423f-877d-58b630850b16
Don't Tell Timothy,https://commons.cwrc.ca/orlando:9c4ebd76-ecb3-4593-af46-898ec53e67fa
"Donalda, or The Witches of Glenshiel. A Caledonian Legend",https://commons.cwrc.ca/orlando:034a2542-5ae8-44ab-b004-7d0a5aae3c01
Donovan,https://commons.cwrc.ca/orlando:c92d85a7-6542-489c-972f-535c1d966654
Door into the Dark,https://commons.cwrc.ca/orlando:5af2f20d-03f9-49c5-ba83-d5873688e3ab
Doreen,https://commons.cwrc.ca/orlando:eb9ba5fc-7699-4e32-986a-427382aadcf2
Dormant,https://commons.cwrc.ca/orlando:bcd34ea6-3ac9-47fa-ac38-214a30cd8598
Doting,https://commons.cwrc.ca/orlando:681f525c-2de8-47f3-b234-b3ffc62c66fb
Double Cross,https://commons.cwrc.ca/orlando:5bdf0919-3e1b-499a-b6a8-803084686259
Double Persephone,https://commons.cwrc.ca/orlando:d4633025-985d-4ce7-87ae-601cf2c549c6
Double Vision,https://commons.cwrc.ca/orlando:0cbdd378-4c78-4aa3-8d29-5663c3b49d26
Down,https://commons.cwrc.ca/orlando:5a9f1529-4844-45a2-9f88-a45b75c79278
Down Among the Women,https://commons.cwrc.ca/orlando:6fb2659d-82e2-42bc-8f0f-21745f2ac547
Down Below,https://commons.cwrc.ca/orlando:a0836db1-4426-4a00-81d7-8e0165010944
Down by the River,https://commons.cwrc.ca/orlando:0e9eb3c9-f70d-44eb-b36b-51411c0676e8
Down South,https://commons.cwrc.ca/orlando:1254889a-5001-4da0-b314-4ea5bb76bdd2
Dr Clock's Last Case and Other Stories,https://commons.cwrc.ca/orlando:2712e518-6072-4221-bd6e-0d572989b19e
Dr. Gully,https://commons.cwrc.ca/orlando:d9d34be8-6ad8-4f72-951e-7fba48fc8eab
Dr. Vanhomrigh,https://commons.cwrc.ca/orlando:9a23a4dd-d5eb-4d88-9aba-4f3f98f2d14d
Dr. Vermont's Fantasy and Other Stories,https://commons.cwrc.ca/orlando:038a4d1b-4b8f-4fdf-bc5c-d334c2817818
Dragon Seed,https://commons.cwrc.ca/orlando:9fb669c9-16c1-44fb-92ed-72f43196f696
Dragon Talk,https://commons.cwrc.ca/orlando:4f644e04-b13b-4d32-8141-c36f4bd10f7c
Dramas,https://commons.cwrc.ca/orlando:beb3aa56-bdba-4e9a-b232-5361ee679733
Dramas in Miniature,https://commons.cwrc.ca/orlando:a1dd3e91-0b8d-47a3-96ee-b7fbc0e0870d
"Dramas, Translations and Occasional Poems",https://commons.cwrc.ca/orlando:e03d8cdb-45ed-4932-b27b-adc305876a4b
Dramatic Idyls,https://commons.cwrc.ca/orlando:a1a94782-d0fb-462c-b647-b1efc714d7b6
Dramatic Scenes from Real Life,https://commons.cwrc.ca/orlando:41a2e7a3-38f3-4164-980b-9b79da40846d
"Dramatic Scenes, Sonnets, and Other Poems",https://commons.cwrc.ca/orlando:81e80f15-188e-4d42-8b81-a64653130e42
Dramatic Studies,https://commons.cwrc.ca/orlando:35ca8f3d-78ca-4107-bcd6-1284cb4e2f65
Dramatis Personae,https://commons.cwrc.ca/orlando:4190f048-b33b-41c5-8cd0-befe7707a244
Drawing Ballerinas,https://commons.cwrc.ca/orlando:7b519c5d-efc0-4f73-a3b8-b7b64debdedb
Dreadnought,https://commons.cwrc.ca/orlando:d6ad4d9e-4997-4bf2-90dc-da49870b6f34
Dream Life and Real Life: A Little African Story,https://commons.cwrc.ca/orlando:140b8bef-01c9-48e5-872f-bd4f41ca1968
Dream-Songs for the Beloved,https://commons.cwrc.ca/orlando:edcec1e1-11f4-4ea3-8187-306c0a331699
Dreamers,https://commons.cwrc.ca/orlando:f314b731-4ace-4bd5-992c-caf59386f794
Dreaming Frankenstein and Collected Poems,https://commons.cwrc.ca/orlando:b1b1f96b-2b45-4956-ae04-62d4415b1d41
Dreams,https://commons.cwrc.ca/orlando:5e93bd6b-1404-4eb1-9dd5-f3efba3f66bc
Dreams Must Explain Themselves and Other Essays,https://commons.cwrc.ca/orlando:22bea01e-eb52-4d2b-a6f8-6267db9b4b8f
Dreams of Dead Women's Handbags,https://commons.cwrc.ca/orlando:4272502a-6c9d-443f-a8eb-a7d671fd82dc
Dreams to Sell,https://commons.cwrc.ca/orlando:c42b0f3c-10d3-4285-a6a4-0b136c0c3ed2
"Dreams, Like Heretics: New and Selected Poems",https://commons.cwrc.ca/orlando:1a0b5a24-2948-4531-8322-1e21e81c34ad
Driftwood from Scandinavia,https://commons.cwrc.ca/orlando:b49d27b8-fea7-4f62-935a-8fa7872cac48
Driving West: Poems,https://commons.cwrc.ca/orlando:866a9a09-a976-4beb-b7d7-c183f76f449b
Dry-Nursing in the Colonies,https://commons.cwrc.ca/orlando:94ad7d88-82b0-4a28-954a-4036567773df
Dubliners,https://commons.cwrc.ca/orlando:c8b57d4a-d439-45d2-b892-b95269ff8917
Duchess Agnes,https://commons.cwrc.ca/orlando:1508331d-2db3-49f3-b75f-ca957c66c930
Dudley,https://commons.cwrc.ca/orlando:54d173cf-357a-47dd-af6a-7d38021be18e
Duet in Discord,https://commons.cwrc.ca/orlando:c6a9c480-e272-458b-b502-6166e86cbd29
Dulcie Everton,https://commons.cwrc.ca/orlando:36e0af22-1a4d-4c60-853b-3d3cf0555451
Dunch,https://commons.cwrc.ca/orlando:58f4e123-8db7-49d6-b0be-648124f9e02c
During Mother's Absence,https://commons.cwrc.ca/orlando:fda7b980-5af5-4aba-bc23-d29fac65d9d7
"Dusa, Fish, Stas and Vi",https://commons.cwrc.ca/orlando:2bdb5c17-5dd7-47aa-8f48-081627cf0392
"Dusseldorf; or, The Fratricide",https://commons.cwrc.ca/orlando:9e61a507-486a-4e07-bf95-63a008a19820
"Dust Falls on Eugene Schlumburger; and, Toddler on the Run",https://commons.cwrc.ca/orlando:7dce2d42-8426-4885-badb-b9cf5f901eca
Dust in the Lion's Paw,https://commons.cwrc.ca/orlando:2643b73b-0a96-459e-b586-bd5f2a7c19c6
Dying to Better Themselves,https://commons.cwrc.ca/orlando:846d50de-7f4a-4448-b705-0bec129da12a
"Dying, in Other Words",https://commons.cwrc.ca/orlando:cae1805e-438c-4e37-be23-77c8695538df
Each His Own Wilderness,https://commons.cwrc.ca/orlando:3a81f356-8eb3-4d14-9b0b-e028c54c5bfb
Earl Goodwin,https://commons.cwrc.ca/orlando:987b601b-c8e4-4db1-9417-f415ad645641
Early Efforts,https://commons.cwrc.ca/orlando:eddd6dce-0177-4481-bb66-d59201291f80
Early Egyptian History for the Young,https://commons.cwrc.ca/orlando:7c0ba974-9614-484e-982e-e2671ed66e6d
Early in Orcadia,https://commons.cwrc.ca/orlando:d3cd53f5-d013-402c-b6ad-f87a1741cce1
Early Lessons,https://commons.cwrc.ca/orlando:94347922-ac48-4db5-995b-1cf702b310c0
Early Letters of Jane Welsh Carlyle,https://commons.cwrc.ca/orlando:b15707ce-481f-4f3c-943a-7518b66026b9
Early Light,https://commons.cwrc.ca/orlando:50ae4a15-d51b-4380-b4a0-dcde1c0ebb69
Early Poems,https://commons.cwrc.ca/orlando:b1c1163b-8fea-4536-a8ef-1eb90bff923a
Early Stories,https://commons.cwrc.ca/orlando:17efa746-3741-41cc-bb9d-269768b8d6ea
Earth Studies and other Voyages,https://commons.cwrc.ca/orlando:4a86c9cf-916a-4f1a-a3bf-1b55620889d4
East Africa,https://commons.cwrc.ca/orlando:6ec5ed7c-34de-43c1-8e7f-5533c80350f2
East Anglia,https://commons.cwrc.ca/orlando:bd89539e-d30b-4015-95ec-c36aaacd4438
East into Upper East: Plain Tales from New York and New Delhi,https://commons.cwrc.ca/orlando:2c7d825a-76cc-4a02-ba1d-00de1904f435
East Lynne,https://commons.cwrc.ca/orlando:e0c6e01e-8d38-4733-8f49-76f87ef002e1
East Wind: West Wind,https://commons.cwrc.ca/orlando:6abda267-0fae-4ba6-85ad-35e98416a6bc
"Easter in Palestine, 1921-1922",https://commons.cwrc.ca/orlando:4e3e8614-adca-4339-a6f4-98e901d3fc51
"Eastern Life, Present and Past",https://commons.cwrc.ca/orlando:21ca4489-4372-4f95-ac8d-8503ea8d2f03
Echo,https://commons.cwrc.ca/orlando:a41c782e-63a2-4ede-84ab-fce13c42dd3e
Echoes,https://commons.cwrc.ca/orlando:6451a58b-8ab1-4986-bc82-d3590b6b36c1
Echoes from the Macabre,https://commons.cwrc.ca/orlando:8a34f884-37f9-4b8c-bcab-65812915c026
Edith,https://commons.cwrc.ca/orlando:81bf5448-75ba-4bd2-9671-67aaa8a57719
"Edmund, the Exiled Prince, and Wallace, the Dauntless Chief",https://commons.cwrc.ca/orlando:2c5688cb-ece5-4a5d-bf33-db00df5d59d4
"Edwin, King of Northumberland: a story of the seventh century",https://commons.cwrc.ca/orlando:32ca1724-31b9-4d5d-b444-3f9d1c8aa508
Eglantine,https://commons.cwrc.ca/orlando:3ae6ff28-a7a8-457b-8d23-3d59698f9056
"Eglantine; or, The Family of Fortescue",https://commons.cwrc.ca/orlando:a3d436a1-7890-4676-b4e3-bbee041767d4
Egyptian Magic,https://commons.cwrc.ca/orlando:26e3ce8f-8dab-4d16-8bca-31b7fc4de6c1
Ehrengard,https://commons.cwrc.ca/orlando:3f25414a-88c1-4256-98b0-e206d0a13acd
Eichmann in Jerusalem,https://commons.cwrc.ca/orlando:56c69607-55f3-4fe7-befd-e20e21787abc
Eight Feet in the Andes,https://commons.cwrc.ca/orlando:5e998c92-bd76-4e6c-b80d-91bb33abe412
Eight Months on Ghazzah Street,https://commons.cwrc.ca/orlando:2c46f8e5-9d3d-4b95-84fe-12f461821974
Eight Years of Co-operative Shirtmaking,https://commons.cwrc.ca/orlando:316779ca-8531-4824-85c6-5a013a32112d
Eighteen Hundred and Eleven,https://commons.cwrc.ca/orlando:378d24c0-7f97-4d78-a25a-6ca1057cbe7a
Eighteenth Century Colour Prints,https://commons.cwrc.ca/orlando:d04d7223-daf3-4c94-aa52-569f13e17bda
Eighty in the Shade,https://commons.cwrc.ca/orlando:ed4dff11-060f-4296-b92a-43388c638392
Elders and Betters,https://commons.cwrc.ca/orlando:d541b134-6b4a-4729-99ec-658d585546e0
Eleanor,https://commons.cwrc.ca/orlando:0165d670-1329-4af6-9e08-c12d71b622d7
Eleanor's Victory,https://commons.cwrc.ca/orlando:6c7068ca-e2b5-42e0-befc-94ab5e6edf8c
Electroplating the Baby,https://commons.cwrc.ca/orlando:28b46e1b-6e84-45ad-8a16-a55133b86569
Elegiac Sonnets,https://commons.cwrc.ca/orlando:249fbac4-9a83-464f-a9a0-eaf46adffcf9
Elegies and Other Poems,https://commons.cwrc.ca/orlando:1f59ad85-413f-4225-a569-5ff3aca1a6a4
"Elegies, and other Small Poems",https://commons.cwrc.ca/orlando:011fb491-e78f-4858-824f-324a8e39e37f
Elegy,https://commons.cwrc.ca/orlando:ca668786-a65e-456a-b77d-1958a2e3f439
Elegy on Captain Cook,https://commons.cwrc.ca/orlando:d7ae69d4-431b-4f8c-a134-697c6a7ef635
Elegy on Dead Fashion,https://commons.cwrc.ca/orlando:f81720f9-b7fd-4a98-bfce-e9d75ab914aa
Elements of Morality,https://commons.cwrc.ca/orlando:67e57772-1269-43a6-9980-5e4345f27d10
Eleonora,https://commons.cwrc.ca/orlando:dcf87588-dcab-4cc4-b6ea-54e09e99020c
Eleven Poems,https://commons.cwrc.ca/orlando:54f48bb5-aea3-42f7-a88c-f1a16bdba9a0
Elfrida,https://commons.cwrc.ca/orlando:87b89d32-9d4a-4c1c-9bc6-0bbf833aef6d
Elgiva,https://commons.cwrc.ca/orlando:92685e86-e205-47dc-a57b-66d29dfa6d2d
Elinor Barley,https://commons.cwrc.ca/orlando:9f1ea00f-44ae-42e7-8355-aa693eb08606
Eliza Cook's Journal,https://commons.cwrc.ca/orlando:d1e89db6-22d7-41ea-908c-f7fa17cb1608
Eliza Stanhope,https://commons.cwrc.ca/orlando:24ab8675-d0c8-4970-ad16-222f5380c400
Eliza's Daughter,https://commons.cwrc.ca/orlando:2846e99f-64a6-4894-bd5b-6bfa495f0e3f
Elizabeth and her German Garden,https://commons.cwrc.ca/orlando:fd55d12b-23b6-4e60-975d-948e29048701
Elizabeth and Leicester,https://commons.cwrc.ca/orlando:d8a2a831-c316-4664-af54-97c82f35446d
Elizabeth Barrett Browning and her Poetry,https://commons.cwrc.ca/orlando:49c885a6-1deb-4c97-bfce-1d9192482c42
Elizabeth Bishop,https://commons.cwrc.ca/orlando:96b0a3a6-7bce-47de-94ce-684ecdb7b416
Elizabeth de Bruce,https://commons.cwrc.ca/orlando:ea6ca661-e795-4ef2-be70-915d461b2317
Elizabeth I: Collected Works,https://commons.cwrc.ca/orlando:4bd16cb6-69b1-427b-85de-93b7cf473524
Elizabeth of Bohemia,https://commons.cwrc.ca/orlando:2de41286-7131-442e-873c-8c5c75a76f22
Elizabeth the Great,https://commons.cwrc.ca/orlando:97166bfc-6502-4320-a903-eadb6880ea10
Elizabeth Visits America,https://commons.cwrc.ca/orlando:25a5c4c0-a449-4b6b-b0b0-8f151e17b1e9
Elle et lui,https://commons.cwrc.ca/orlando:a588180f-0418-4a4f-a2d1-4b3b436195d2
"Ellen Merton; or, The Pic-nic",https://commons.cwrc.ca/orlando:2cf61fc1-4e1a-4cdc-bafc-99adc00c0d8f
Ellen Woodley,https://commons.cwrc.ca/orlando:0750fb3d-62d1-4380-81c7-63a8068b137c
"Ellen, Countess of Castle Howel",https://commons.cwrc.ca/orlando:3c833ba9-e2d9-4071-a169-1c5533898cfd
Elliott,https://commons.cwrc.ca/orlando:2ba8a3df-1a32-4e52-b15b-907a1fa5d39b
Elster's Folly,https://commons.cwrc.ca/orlando:ff83da13-67bb-4af8-a91b-f8f3cfc83c8b
Emancipation,https://commons.cwrc.ca/orlando:acd68b7d-c95d-41fa-8f51-312b9d7f74a4
Emerald,https://commons.cwrc.ca/orlando:77d44ba8-8548-484b-b48b-0a79ef329022
Emergency in the Pyrenees,https://commons.cwrc.ca/orlando:7bee3de4-a9a7-4e47-8e11-3b6fc508fb9e
"Emigration and Transportation Relatively Considered; in a letter, dedicated, by permission, to Earl Grey",https://commons.cwrc.ca/orlando:ac7e4db5-8838-4122-ba67-fc765503feb7
Emigration as a Preventive Agency,https://commons.cwrc.ca/orlando:58b5c77f-a630-499f-ad48-46c2ce83f34f
Emilia Wyndham,https://commons.cwrc.ca/orlando:0173620c-2fef-485c-83b4-8720d36106f0
Emily Brontë,https://commons.cwrc.ca/orlando:5516987a-a8a5-4c25-aef1-72e393bf3e87
Emily Brontë: Her Life and Work,https://commons.cwrc.ca/orlando:98bc1947-6e77-4c0c-94aa-0b09b4f84066
Emily in Arlington Street,https://commons.cwrc.ca/orlando:3341b41d-ea52-481f-97dc-f5893c2afded
Emily of Lucerne,https://commons.cwrc.ca/orlando:a1d55602-cd77-4c1a-815e-60c20b82fc71
Emily of New Moon,https://commons.cwrc.ca/orlando:805e8bdd-59b8-405a-af16-4ae580137769
"Emily's Reward; or, The Holiday Trip to Paris",https://commons.cwrc.ca/orlando:c027cf00-f5b6-4f20-9d80-a48816c8e464
Emma Courtney,https://commons.cwrc.ca/orlando:79c1002e-cc2d-46a1-9351-3a1e339d8afa
Emma de Lissau,https://commons.cwrc.ca/orlando:b0203779-2f0f-4236-b6bc-95fa39aa0b0b
Emotional Moments,https://commons.cwrc.ca/orlando:aaad952b-45a0-4e0b-957c-363076faaee5
Enbury Heath,https://commons.cwrc.ca/orlando:10e72756-afdc-4160-a96d-45d761237b31
Enchanter's Nightshade,https://commons.cwrc.ca/orlando:2a1bda45-dce5-4f7a-8918-4b35fa324ea0
Encounters,https://commons.cwrc.ca/orlando:84dffd89-4f76-442b-94f3-81ca8d620732
End in Tears,https://commons.cwrc.ca/orlando:f1d415f9-73ab-4565-b25a-5900a580bfa0
End of Drought,https://commons.cwrc.ca/orlando:a4c052db-839d-4685-9e03-1abdec0b1103
End to Torment,https://commons.cwrc.ca/orlando:1f113473-0440-4b20-99ae-b9f15ee80822
Ending in Earnest,https://commons.cwrc.ca/orlando:dbd7f402-41fb-443e-b628-a7bff234fb50
Ends of the World,https://commons.cwrc.ca/orlando:73729b28-75b3-4286-bdbb-89dcc9532454
Enfranchisement of Women,https://commons.cwrc.ca/orlando:4d0be9d2-218a-46b8-adbe-824d7a36ee01
England and Her Soldiers,https://commons.cwrc.ca/orlando:5aa53121-cf1b-43ca-a9fd-10f73f761a06
England Series,https://commons.cwrc.ca/orlando:83b56f44-ff83-4388-8120-7db8619ba4ed
England. Poems from a School,https://commons.cwrc.ca/orlando:1bb2bf0a-07a1-4a8f-8581-d2dd57c038cc
England's Hour,https://commons.cwrc.ca/orlando:386eb53a-895a-4f4c-91be-aa8b72196360
English Country Houses,https://commons.cwrc.ca/orlando:0bda2472-ff3f-48ab-9940-b489af9fe6ff
English Diaries and Journals,https://commons.cwrc.ca/orlando:a66a1147-7259-4c61-ac81-b619d6d28142
English Hearts and English Hands,https://commons.cwrc.ca/orlando:b7f71617-10ed-4e70-b2d7-673e5aff5606
English Lakeland,https://commons.cwrc.ca/orlando:5d0dd674-6ab3-4a6b-8e35-4d2dc6db82dc
English Laws for Women in the Nineteenth Century,https://commons.cwrc.ca/orlando:c17eb958-bbc0-4919-a688-68b57388ac96
English Novelists,https://commons.cwrc.ca/orlando:c788ca47-663c-41c1-bcda-09c5b8f3d4ee
English Popular Preaching in the Fourteenth Century,https://commons.cwrc.ca/orlando:6c728fb3-4d9b-4412-975c-9061cf02a07c
English Women,https://commons.cwrc.ca/orlando:6287f5cd-8c29-4dfc-9515-5da05e59824c
Enid Bagnold's Autobiography (from 1889),https://commons.cwrc.ca/orlando:69fe7b62-fa2d-4b7c-9ac6-238e5c23665a
Enigma and Revelation in Renaissance English Literature,https://commons.cwrc.ca/orlando:547163b8-cd19-44a5-8759-e9b09afd0cd4
Enoch Roden's Training,https://commons.cwrc.ca/orlando:78d207ae-7c99-4c03-a75c-4b1a35063aaa
Enough of Green,https://commons.cwrc.ca/orlando:249539a2-ad35-493a-b7f8-f46a6f9b337b
Enter—Patricia,https://commons.cwrc.ca/orlando:0423e4a8-5775-4208-9a47-c7b8d16667b7
Entertaining Novels,https://commons.cwrc.ca/orlando:46ca05bc-6d8d-4ba2-8576-55379324d273
"Enthusiasm, and Other Poems",https://commons.cwrc.ca/orlando:3664e853-01de-403a-89a8-a8192de5aade
Entre Orient et Occident: De la singularité à la communauté,https://commons.cwrc.ca/orlando:0b95338e-5d1f-4a67-a2eb-c7589741500f
Environment,https://commons.cwrc.ca/orlando:1df44cae-e937-4eca-8e5f-bf75e384cce0
Ephemera,https://commons.cwrc.ca/orlando:7e5a8356-df9d-4f5a-b93f-eff9393fb8d8
Epigrams and Jingles,https://commons.cwrc.ca/orlando:3ebc7552-0107-4eae-a9b6-f613f6a4e47a
Epilegomena to the Study of Greek Religion,https://commons.cwrc.ca/orlando:75879f48-615f-44ca-8607-209801ba99b7
Epilogue to the Satires,https://commons.cwrc.ca/orlando:53c04a11-0958-4bf7-8440-2cb1a8522fcd
Epilogue: A Critical Summary,https://commons.cwrc.ca/orlando:6a65f75a-3514-470e-9627-9afd4dbcc23f
Epipsychidion,https://commons.cwrc.ca/orlando:b26b78f9-bb7a-447b-9cdc-534fdb975219
"Episodes in the Lives of Men, Women, and Lovers",https://commons.cwrc.ca/orlando:597216a5-94e7-483c-8aff-020e4be5d7cc
"Epistle to the Right Honourable Lady Aubrey Beauclerk, in memory of her Lord",https://commons.cwrc.ca/orlando:860b16f9-434e-4513-986b-ff0d98dd10a0
Epistles for the Ladies,https://commons.cwrc.ca/orlando:3e8df5a9-84bd-4427-a9a1-bcfbf3a12238
Epitaph,https://commons.cwrc.ca/orlando:36858d30-8272-4bf4-a3b0-7911ccaf31a2
Epitaph for Three Women,https://commons.cwrc.ca/orlando:335f1df9-19a5-4ed6-b3a6-e24b69422944
Epithalamium in honour of the marriage of their Royal Highnesses the Prince and Princess of Wales,https://commons.cwrc.ca/orlando:108f67d6-1ccb-4ca7-86a3-ff641c4f3704
Equal Pay and the Family: A Proposal for the National Endowment of Motherhood,https://commons.cwrc.ca/orlando:68dde6b8-3875-459f-9d1c-ad28d05c68b6
Equinox,https://commons.cwrc.ca/orlando:eff695ee-5a8e-40c4-b1f8-3fd3205d5579
Escape,https://commons.cwrc.ca/orlando:7c136d46-b991-4cd7-8158-cdc5d4035fab
Escape Me Never!,https://commons.cwrc.ca/orlando:65b0474e-8785-4a68-b2e6-34df4543d2b6
Esmond in India,https://commons.cwrc.ca/orlando:20703abb-2151-4eb1-930b-c516deee9713
Esques,https://commons.cwrc.ca/orlando:2b8e592e-f46d-4f55-bcaf-843b8af0b53c
Essai sur les fictions,https://commons.cwrc.ca/orlando:e7ac6eb3-e142-4bf7-96f5-4ac336ffc886
Essay on Irish Bulls,https://commons.cwrc.ca/orlando:fbb6c886-3547-4619-a5e5-53175334af72
Essay on Shakespear,https://commons.cwrc.ca/orlando:9e47c774-9bf2-40d9-b53c-899cf942d8e0
Essays Addressed to Young Married Women,https://commons.cwrc.ca/orlando:f16f27d9-6d5a-4be3-a39b-67edb91eb2e8
"Essays and Poems and Simplicity, A Comedy",https://commons.cwrc.ca/orlando:0a6841e5-d48a-4437-af52-bcb414297fac
"Essays from ""Blackwood""",https://commons.cwrc.ca/orlando:32f9f511-54a6-477f-a474-f47b43910236
Essays in Rhyme,https://commons.cwrc.ca/orlando:ada584e3-68f7-4f42-8f19-05739997e03c
Essays in Verse,https://commons.cwrc.ca/orlando:af9e7cbb-7c15-4d37-b0e6-95877eb97ff6
Essays on Friendship and Old-Age,https://commons.cwrc.ca/orlando:cbb616ce-3e1d-489f-ac06-a55eb5737f45
Essays on Professional Education,https://commons.cwrc.ca/orlando:62b21afb-ef5b-4b80-9cb9-f46b9a25f3a2
Essays on Social Subjects,https://commons.cwrc.ca/orlando:5b2f5056-afc5-4e06-8bf1-0351ff117165
Essays on the Art of Being Happy,https://commons.cwrc.ca/orlando:d6e9523a-e3ed-4b96-b23d-6ebdbe99edc0
"Essays on the Human Intellect, as constructed by God, and on Our Saviour, considered in His Character of Man",https://commons.cwrc.ca/orlando:7d7214b9-6be1-4401-b799-eab3406a9480
Essays on the Pursuits of Women,https://commons.cwrc.ca/orlando:94bab7e1-f984-41dc-853c-71e0ecf0f08c
Essays on Various Subjects,https://commons.cwrc.ca/orlando:20e07b0e-cf7f-45d8-9319-7b0d646dbd92
Essays on Woman's Work,https://commons.cwrc.ca/orlando:260ec4d4-1c7b-4f74-be99-fe0eb067a56f
"Essays on Women, Medicine and Health",https://commons.cwrc.ca/orlando:d37850f9-4242-4cd0-a45d-cc2510cceb20
Essays towards the History of Painting,https://commons.cwrc.ca/orlando:9b1a4cc6-18b5-437e-bce3-d3a1c078a3b4
Essential Essays,https://commons.cwrc.ca/orlando:c8a35351-c987-4ede-9142-c3c7170c8325
Estate of Justice,https://commons.cwrc.ca/orlando:5dcf6228-3692-48a8-8cdd-fb98fede4a1b
Esther West,https://commons.cwrc.ca/orlando:209f4189-52cc-4c79-bb40-5a0aae62a5cf
Et dukkehjem,https://commons.cwrc.ca/orlando:60155f02-93ba-46c4-905f-dfb23f0d16eb
Ethan Frome,https://commons.cwrc.ca/orlando:bcd207df-71ce-48dd-9080-4d9770f246db
Ethel Churchill,https://commons.cwrc.ca/orlando:a95db85c-a84d-4068-b34d-9fc971e7f6f1
Ethelinde,https://commons.cwrc.ca/orlando:fda2d1a2-93a3-4cd1-8b7c-ec03ef128099
Ethics for Unbelievers,https://commons.cwrc.ca/orlando:0a61d245-8924-47a0-9376-35b3aa6f8cfe
Ethics in Modern Art,https://commons.cwrc.ca/orlando:63bac746-5fce-415a-9de1-4907907949a6
Ethiopia: A Cultural History,https://commons.cwrc.ca/orlando:a75561fc-638a-4ef2-8a7a-66df41d18a2a
Ethique de la différence sexuelle,https://commons.cwrc.ca/orlando:8b347ddb-f922-4900-87ce-8c595f435f0f
Etiquette of Good Society,https://commons.cwrc.ca/orlando:456f32f0-852f-407c-aabc-f19c38971453
Etrangers à nous-mêmes,https://commons.cwrc.ca/orlando:37514c27-a739-4b77-a657-b328b0c58b79
Etre deux,https://commons.cwrc.ca/orlando:6bfd5ea3-ed37-4086-8421-60d614db0314
Eugene Aram,https://commons.cwrc.ca/orlando:1fb0e3fa-4662-48b5-ac13-1d2a8f3a33b1
Eugenia and Adelaide,https://commons.cwrc.ca/orlando:d16b3737-6ac6-4698-b317-937ad552aeea
Eukleria seu melioris partis electio,https://commons.cwrc.ca/orlando:c6b5c34e-e90f-4e95-908e-6ff60e2beb2d
Euphorion,https://commons.cwrc.ca/orlando:42729b93-dff6-4eaf-80db-a295df0ff0ad
Eva,https://commons.cwrc.ca/orlando:630bf267-3c21-4e90-a20b-27e644cdfe5a
"Eva Trout; or, Changing Scenes",https://commons.cwrc.ca/orlando:22afdc62-c13d-4bea-a9a7-6e097083081a
Eva's Fortunes,https://commons.cwrc.ca/orlando:d30aaccc-f389-4d1f-977b-23d03505e372
Evelina,https://commons.cwrc.ca/orlando:8ab6a2e4-0142-4539-bbc3-b115adcabb7c
Evening Hours,https://commons.cwrc.ca/orlando:e3167ee6-22bb-43c5-9ed6-742b077bc043
"Evening in Stepney, and Other Poems",https://commons.cwrc.ca/orlando:48d7b98e-bc16-4483-9249-a2fd87b2ea52
Everlasting Love and Other Songs of Salvation,https://commons.cwrc.ca/orlando:a54248df-e620-42e6-aa0b-0d6699d2d4b2
Every Day is Mother's Day,https://commons.cwrc.ca/orlando:aa581558-c0f9-41a3-9f82-2472dfcb6985
Every Light in the House Burnin',https://commons.cwrc.ca/orlando:b05cc9c8-7e8d-43a7-b125-1a861fe0e257
Every Move You Make,https://commons.cwrc.ca/orlando:66508144-79d6-4387-a535-96ebc2a7f6fd
Everyday Ecstasy,https://commons.cwrc.ca/orlando:d30f77ef-addc-4a15-9cba-7e7f52e956a6
"Everywoman's Right, Nobody's Victory",https://commons.cwrc.ca/orlando:2d0c68c9-51e5-4550-9eb1-0d61dc808335
Evesong,https://commons.cwrc.ca/orlando:91ec3c0b-780c-455b-ba42-40d91dbc7318
Evolution and the Religion of the Future,https://commons.cwrc.ca/orlando:a067e2fa-e62e-4d83-b8ba-d9741f118918
Exercises in Religious Knowledge,https://commons.cwrc.ca/orlando:362c7012-54f1-4550-aaf9-13b982d471f6
Existentialists and Mystics,https://commons.cwrc.ca/orlando:6b929466-a800-4eac-a7f7-1f53956b04ed
"Expeditions to Prussia and the Holy Land Made by Henry, Earl of Derby (afterwards King Henry IV)",https://commons.cwrc.ca/orlando:dae633f2-657e-4d43-ba9d-979ac2b30e0b
Experiences,https://commons.cwrc.ca/orlando:1e772e1f-c92a-4bdc-b46f-5f5a3daa2349
Experts Are Puzzled,https://commons.cwrc.ca/orlando:cd1baba1-9cf4-4c66-9848-649cc12a1ddc
Expletives Deleted,https://commons.cwrc.ca/orlando:1a28ed50-02cc-4d41-8cc6-cfc73592537b
Exposition of the Types and Antitypes of the Old and New Testament,https://commons.cwrc.ca/orlando:f2bc381e-6ac4-430e-bae6-28c36781bb97
Exposure,https://commons.cwrc.ca/orlando:0fe75381-9dd5-466b-a78a-63f00888dc49
Extending the Territory,https://commons.cwrc.ca/orlando:b9523a63-d8fa-41cb-ae55-258db0a3c823
Extracts and Original Anecdotes for the Improvement of Youth,https://commons.cwrc.ca/orlando:0004f9ce-4dfd-4174-b92d-8754501f6934
Extracts from Divers Ancient Testimonies of Friends and Others,https://commons.cwrc.ca/orlando:c1549c56-a4d8-433f-b519-5d8bd934c68f
Extracts from May Mission Speeches Delivered in London,https://commons.cwrc.ca/orlando:ad5609f1-5c48-4e64-8f1d-a2b12e8b24a6
Eyeless in Gaza,https://commons.cwrc.ca/orlando:c2c2ab66-eea8-4fcf-a0d2-0fb28f6f48ea
Faces of Day and Night,https://commons.cwrc.ca/orlando:381d2eca-55e6-4c34-9fa0-894a1b8f6c60
Factory Legislation for Women,https://commons.cwrc.ca/orlando:f5a18214-30a2-43f4-a6ec-69ccfa988034
Fair Exchange,https://commons.cwrc.ca/orlando:56b37035-2f5c-47ca-94b6-eeddb102196f
Fairies Afield,https://commons.cwrc.ca/orlando:847e3f4f-199f-4dff-97cb-cd3a1bc1cf45
Fairies and Enchanters,https://commons.cwrc.ca/orlando:f227ad4c-1d6a-4247-a841-5a93fec9d611
Fairy Know-a-Bit,https://commons.cwrc.ca/orlando:88b5c212-e74b-4ae4-9909-7216c9db8e0b
Fairy Tales,https://commons.cwrc.ca/orlando:8dc5ee6e-3bfe-467a-92b8-97a86bf59608
Fairy Tales in Verse,https://commons.cwrc.ca/orlando:87f2c0ed-3cf6-41d7-9afe-d0ca1d643c33
Fairy Water: A Christmas Story,https://commons.cwrc.ca/orlando:615b2f07-5f94-4037-9fb6-25ec4dc51939
Faith Fox: a Nativity,https://commons.cwrc.ca/orlando:b52912ac-ee2e-434f-98fb-c07b58e97fce
Faith Unwin's Ordeal,https://commons.cwrc.ca/orlando:f2f23aa0-73da-4514-90df-d57444ad6703
"Faithful Warnings, Expostulations and Exhortations, to the Several Professors of Christianity in England, as well those of the Highest as the Lowest Quality",https://commons.cwrc.ca/orlando:290062b5-a2db-4e50-a781-640b67265201
Falkland,https://commons.cwrc.ca/orlando:5a331ad7-af37-4c80-b30e-2d21c7d37689
Falkner,https://commons.cwrc.ca/orlando:d048c48f-05f0-48e7-91dd-c1141812d72f
Falling,https://commons.cwrc.ca/orlando:37c8fd4b-e46a-4897-9ac8-fb87d9f88d99
Falling Slowly,https://commons.cwrc.ca/orlando:370d981e-5cfe-4c9e-a091-f740df62d0a5
False Prophets and False Teachers Described,https://commons.cwrc.ca/orlando:e7c9ce72-fb4e-48dd-bbc5-792f20f5ed4f
False Relations,https://commons.cwrc.ca/orlando:1b10cba3-6499-4897-8a9d-1bb991a949a2
False Scent,https://commons.cwrc.ca/orlando:e4ff7fda-c1c5-4f4d-b7e2-37989096cceb
Falsehood Examined at the Bar of Truth,https://commons.cwrc.ca/orlando:23632928-71f2-4880-a0c9-21e5995b1807
Falsehoods and Facts about the Jews,https://commons.cwrc.ca/orlando:4ae76565-2187-4e8e-8b3e-020fbdbf7606
Falsely True,https://commons.cwrc.ca/orlando:930989ce-156f-43bd-b97e-ace23c8e58e6
Familiar Letters Addressed to Children and Young Persons of the Middle Ranks,https://commons.cwrc.ca/orlando:59ebf3a5-5961-49f9-80f1-f002d78555cd
Familiar Letters and Poems on Several Occasions,https://commons.cwrc.ca/orlando:0bb02d8d-a1d5-4a43-8414-c7c58299cfd9
Familiar Passions,https://commons.cwrc.ca/orlando:d9d40669-c9d6-46c2-bf5a-16b3ecbe0707
"Familiar Scenes, Histories, and Reflections",https://commons.cwrc.ca/orlando:345b4bdd-a04d-4069-8328-4af59f8b1f21
Familiar Spirits,https://commons.cwrc.ca/orlando:bf7f4677-70da-497f-a39e-0abe5a768c0c
Familiar Studies in Homer,https://commons.cwrc.ca/orlando:62a721b6-b08b-4401-bdb7-c7edbeba12d3
Family Adventures,https://commons.cwrc.ca/orlando:baf1e3ef-adc1-43b3-a01e-c9d51bd048f8
Family and Friends,https://commons.cwrc.ca/orlando:b6fd489c-3cd1-4141-9e3d-1f5e0fc7ea8f
Family from Vienna,https://commons.cwrc.ca/orlando:643aaff1-6ba7-4420-9eb8-00d889e361a5
Family History,https://commons.cwrc.ca/orlando:d7b89fd9-f68f-435d-a826-079259521a50
Family Maxims,https://commons.cwrc.ca/orlando:354198c8-71e0-44f1-92ea-9a86adc11a62
Family Money,https://commons.cwrc.ca/orlando:a2e2f4c9-90e6-457b-bb9f-46a85b7991b6
"Family Records; or, The Two Sisters",https://commons.cwrc.ca/orlando:cf3071ea-a74f-4c2c-8f27-2550151afecd
"Family Secrets, or, Hints to those who would Make Home Happy",https://commons.cwrc.ca/orlando:6f9cb563-c41b-484a-88ee-345e2dd69ff3
Fancy's Guerdon,https://commons.cwrc.ca/orlando:0888d160-f436-45ff-8976-ef1aa295afd3
Fanfare for Elizabeth,https://commons.cwrc.ca/orlando:715244cc-83bd-41ea-926e-29dfd06fa65d
Fanny Fairfield,https://commons.cwrc.ca/orlando:dfdc9305-3813-46bc-8eb3-98ad9b37bac0
Fanny: A Novel: In a Series of Letters,https://commons.cwrc.ca/orlando:f93ef34d-226a-4fb1-812b-05f0dde7e60f
Fanny's First Play,https://commons.cwrc.ca/orlando:773bcb93-b832-44f4-85aa-cb31ce0b63a7
Fantasia of the Unconscious,https://commons.cwrc.ca/orlando:c4a72e24-941e-4477-ab9f-7c553c7ebf97
Fantasias,https://commons.cwrc.ca/orlando:2c424b76-d475-43ce-9977-3ec0d1e44a52
"Fantastic Metamorphoses, Other Worlds",https://commons.cwrc.ca/orlando:b30728b9-4195-46fd-b1d3-e8c20152cbfa
Far Away,https://commons.cwrc.ca/orlando:a2487c5f-5e38-433d-aa13-5f2f7a200a89
Far Away and Long Ago,https://commons.cwrc.ca/orlando:5dbb40c6-18b8-4326-9627-aac409fa32af
Far Have I Travelled,https://commons.cwrc.ca/orlando:4c346562-f6fc-4eeb-a662-18d540d1d40a
Far North and Other Dark Tales,https://commons.cwrc.ca/orlando:d2a8e309-bb10-4036-bab5-60637193cbcc
Farewell Leicester Square,https://commons.cwrc.ca/orlando:66755026-4cbf-46cb-b10b-b494d85bc058
Farewell Tales,https://commons.cwrc.ca/orlando:0f8cf98c-1827-44e8-b726-8e770b3ae837
Farewell to Youth,https://commons.cwrc.ca/orlando:c14ec320-9821-4074-a672-871653fd8d8f
"Farewell, Spain",https://commons.cwrc.ca/orlando:58fc9172-1516-4bcb-9f73-fe8291f34b79
"Fashion, Power, Guilt, and the Charity of Families",https://commons.cwrc.ca/orlando:60ed7082-aca9-427e-9d98-4e73d61b5cde
"Fashionable Life; or, Paris and London",https://commons.cwrc.ca/orlando:81cb4a18-81b4-42a7-8076-c70da64e6758
Faster! Faster!,https://commons.cwrc.ca/orlando:78b30b7b-e3ea-415e-92b1-d8b1a38070b1
Fatal Friendship,https://commons.cwrc.ca/orlando:45d879d9-ff60-455a-8a2e-518617bc012b
Fatal Interview,https://commons.cwrc.ca/orlando:a642629d-bf1c-4c33-8b97-26c6309d5a57
Father and Daughter,https://commons.cwrc.ca/orlando:d4061ddf-d228-405c-8312-e90e49c72b26
Father Darcy,https://commons.cwrc.ca/orlando:8ce6ae4c-eccd-4920-8bd2-e42f0d18a8d8
Faustine,https://commons.cwrc.ca/orlando:dd471d28-b35e-4606-a7f1-e6dc80c25423
Feed the Brute,https://commons.cwrc.ca/orlando:40125506-cf89-45bb-b4b5-9a9f9dba065c
Feel Free,https://commons.cwrc.ca/orlando:9c67c860-3e04-41a8-bfdf-94de36159016
Felicia,https://commons.cwrc.ca/orlando:53063bfd-0907-451e-80c4-2d695d6f72be
Fellow Travellers,https://commons.cwrc.ca/orlando:0d7b751d-5673-4c1c-bd95-0758332aaa3d
Fellowship: Letters Addressed to My Sister Mourners,https://commons.cwrc.ca/orlando:6e2bf7a8-61b5-4853-84cd-d11df8410002
Felony,https://commons.cwrc.ca/orlando:83969e1d-b50b-4372-9f6f-f349de0c7c78
Female Desire,https://commons.cwrc.ca/orlando:f0c61fca-0a06-4095-af18-87e475b7fa93
Female Friends,https://commons.cwrc.ca/orlando:2923047e-ed43-4165-98d5-1bdef746a833
Female Pipings in Eden,https://commons.cwrc.ca/orlando:9e28370e-a587-4844-894c-32cd09de7f57
Feminine in the Church,https://commons.cwrc.ca/orlando:31558a3b-35a2-46f6-bb62-65da996cec2e
Feminism,https://commons.cwrc.ca/orlando:5cc844c6-19c9-4944-b0e7-cd96523e40da
Fen,https://commons.cwrc.ca/orlando:51bd192f-2984-4868-84e8-18b4e46b904a
Fenella Phizackerley,https://commons.cwrc.ca/orlando:ceeeda28-5601-4c6d-a409-005bb5e12811
Fenny,https://commons.cwrc.ca/orlando:89fc5c5b-d8d4-4e8a-8bce-520acb7fde56
Fenwick Houses,https://commons.cwrc.ca/orlando:a5a73514-694e-4a44-99ab-9b8eab66ebae
Fenwick's Career,https://commons.cwrc.ca/orlando:85d8336e-1afc-4698-a19a-30e463682390
Ferdinand and Ordella,https://commons.cwrc.ca/orlando:3d39980c-805e-4318-8552-4b84363beca1
Fern Leaves from Fanny's Portfolio,https://commons.cwrc.ca/orlando:7e062ac5-0dd6-4f76-9326-479166430b6b
Fern's Hollow,https://commons.cwrc.ca/orlando:877ef829-5495-4372-887a-e362f742abd3
Ferry over Jordan,https://commons.cwrc.ca/orlando:08035400-66d0-42c7-96c2-950e06d59f28
Fiction and the Reading Public,https://commons.cwrc.ca/orlando:c3f30525-c917-4ac9-92c0-e2154b60c68f
Fidelia to Sylvanus Urban,https://commons.cwrc.ca/orlando:e08d5d05-5315-47cb-9bf3-349cd15423b0
"Field Ambulance in Retreat: Via Dolorosa, Via Sacra",https://commons.cwrc.ca/orlando:141eab6a-31f2-4dd2-8d29-7db06cd9952a
Field Work,https://commons.cwrc.ca/orlando:36a9d32d-d7bf-49bf-ba06-6e6bd5b9d47d
Fields of Victory,https://commons.cwrc.ca/orlando:4579f5ce-aeef-4ee4-addb-aa09aa1d103c
Fiere,https://commons.cwrc.ca/orlando:7dc60878-eee9-4cf4-93be-631f7754eb55
"Fifteen Poems, from the French",https://commons.cwrc.ca/orlando:c714047b-6e76-437d-ba8d-7bfd75972e51
Fifteen Short Poems,https://commons.cwrc.ca/orlando:af5d070f-aefc-4a54-9911-cb463561b50f
Fifty Nursery Rhymes,https://commons.cwrc.ca/orlando:a9c7b75b-bd8c-48d3-939d-c189196ee7ad
Fighting Angel: Portrait of a Soul,https://commons.cwrc.ca/orlando:c08b4e7d-bac0-44e6-b9be-f80262f61862
Fighting the Air,https://commons.cwrc.ca/orlando:e44b3f1d-5554-4e99-93d3-ea7807ae6ea8
Filthy Lucre,https://commons.cwrc.ca/orlando:555e82ef-6eae-4669-b997-b3616f036a14
Final Demand,https://commons.cwrc.ca/orlando:eef4c237-fb0b-4b12-87e3-f8fe712a9805
Financial Philosophy,https://commons.cwrc.ca/orlando:9715910b-c065-498f-aec8-a28b1b3c27e0
Financial Sketches,https://commons.cwrc.ca/orlando:c5869e8b-dc1b-4b82-9a32-2ab2fe418051
Finding Food,https://commons.cwrc.ca/orlando:7e15a474-b305-41a3-9263-a0ade2dea4cf
Finnegans Wake,https://commons.cwrc.ca/orlando:fc80223b-bf0b-497c-8303-bd8437440cc8
Fire on the Mountain,https://commons.cwrc.ca/orlando:1be92af2-95cb-4e3d-8275-55b11f95505e
Fire-Side Scenes,https://commons.cwrc.ca/orlando:7727c307-dbb6-4010-ab53-d616cd916cea
"Fireside Thoughts, Ballads, Etc.",https://commons.cwrc.ca/orlando:df9ab1c6-2603-44d9-acb9-541fdf57300d
First and Second Love,https://commons.cwrc.ca/orlando:3534ae1d-3b20-446f-81ca-5af96eab074e
First and Second Poems 1912-1925,https://commons.cwrc.ca/orlando:846521dd-b28e-438d-9f85-e5c61b2cc82b
First Lessons in the Principles of Cooking,https://commons.cwrc.ca/orlando:67a6464a-006f-4e43-b6ae-3060a9233b14
First Poems,https://commons.cwrc.ca/orlando:7ddd3eff-d800-4137-bf29-1a61fd16680a
Five Children and It,https://commons.cwrc.ca/orlando:afa5b6bd-2ee1-459d-959e-e966d7eea837
Five Famous French Women,https://commons.cwrc.ca/orlando:874cb8f4-4122-49bc-9f28-dddd102aa452
Five Fields,https://commons.cwrc.ca/orlando:57274f06-67b9-42d9-b231-385d9a9fea68
"Five for Sorrow, Ten for Joy",https://commons.cwrc.ca/orlando:976730fa-0f1d-42ae-8c31-68c01b3018a0
Five Great Painters,https://commons.cwrc.ca/orlando:234f8241-94e2-4470-aff9-5c2ac1171744
Five Little Pigs,https://commons.cwrc.ca/orlando:e17e34ed-351d-4c44-bce7-0b5006b953b6
Five Looks at Elizabeth Bishop,https://commons.cwrc.ca/orlando:d9307945-f5f3-4e6e-9861-199ed2cb9d30
Five Men and a Swan,https://commons.cwrc.ca/orlando:e35d76b5-4a2f-4879-a6d4-1935b2be9170
"Five Old Friends; and, A Young Prince",https://commons.cwrc.ca/orlando:0bda8a24-c30f-40ec-86a3-7854bba003fd
Five Plays,https://commons.cwrc.ca/orlando:43e66550-3eed-4fef-a2ad-7407c9d8d057
Flame Tree,https://commons.cwrc.ca/orlando:65e806d8-c8dd-4b4d-a8f7-7aa7de2a5afb
Flesh and Blood,https://commons.cwrc.ca/orlando:d052ba9f-d587-4a2a-8ea3-2ee439cd26ee
Flesh and the Devil,https://commons.cwrc.ca/orlando:48941354-6b36-4c72-9c83-0648515a46b7
Flies in Amber,https://commons.cwrc.ca/orlando:c1a774a3-9081-49db-a1e3-5608163629c7
Flint and Feather,https://commons.cwrc.ca/orlando:c357d9e3-d59e-4e78-af3b-63ddc966dd88
Flirtation,https://commons.cwrc.ca/orlando:8f9a4748-e7b8-4b68-b64a-938ab0256a10
"Flitters, Tatters and the Counsellor",https://commons.cwrc.ca/orlando:7e5a67b8-2d9e-46ec-9138-f570497711a4
"Flitters, Tatters, and the Counsellor, and Other Sketches",https://commons.cwrc.ca/orlando:0ebb1b6e-dc24-4df6-ae96-4069c26c3ec3
Flora & Pomona's Fête,https://commons.cwrc.ca/orlando:036ac8af-42b7-458a-89fe-4ea4a314651c
"Flora Lyndsay; or, Passages in an Eventful Life",https://commons.cwrc.ca/orlando:7b709ae9-237f-4bab-b82f-eace7e163d39
Floral Symphony,https://commons.cwrc.ca/orlando:405489df-4691-423f-9658-886ba66628df
Florence Macarthy,https://commons.cwrc.ca/orlando:558d9825-0576-4303-8660-7768228f6d98
Florence Nightingale and the English Soldier,https://commons.cwrc.ca/orlando:fa793575-e775-47f8-a0ab-caef70237486
Florence Nightingale in Rome,https://commons.cwrc.ca/orlando:e64d902b-20b0-495d-9d0f-15084fdd38fc
Florence Nightingale to Her Nurses,https://commons.cwrc.ca/orlando:4499951d-229b-4e3c-82cb-365dba16073d
"Florence Upton, Painter",https://commons.cwrc.ca/orlando:64d8d6d9-7dcd-4fee-8dc4-865c500dc8d8
Flower and Weed,https://commons.cwrc.ca/orlando:a1da12df-07ab-4bf6-9b4b-833a000075c4
Flower Fables,https://commons.cwrc.ca/orlando:c2bb18ad-d573-4f95-ad01-b78149ca022a
Flowers and Fire,https://commons.cwrc.ca/orlando:3474ddab-80ce-4629-baae-cb2db12ac62d
Flowers for the Judge,https://commons.cwrc.ca/orlando:b34a7ccf-2426-4477-b17f-59981b1f14a0
Flowers of Fire,https://commons.cwrc.ca/orlando:6dc76cda-9911-490f-9457-62bf112ab9ec
Flowers of the Field,https://commons.cwrc.ca/orlando:d4f03aa0-1d9e-4345-b1d8-b7cf85df928a
Flowers of the Night,https://commons.cwrc.ca/orlando:19ea8ee3-1b7c-4151-91b5-e76341b463d1
Flowers on the Grass,https://commons.cwrc.ca/orlando:3c3c1caa-c911-4843-a858-298369d612fd
Fly Away Home. Stories,https://commons.cwrc.ca/orlando:82b7dd84-f09c-4bd3-b824-2714ab9a6792
Flying,https://commons.cwrc.ca/orlando:8803d848-e5d8-4a77-94c5-aa03aba54c72
Flying Leaves from East and West,https://commons.cwrc.ca/orlando:26ec0788-9d99-4ceb-92d2-845ab867c827
Foes in Law,https://commons.cwrc.ca/orlando:f7477155-28f5-4876-b19a-07ce92d3c43d
Folk Music,https://commons.cwrc.ca/orlando:a0b0a52a-f42c-4dd3-9971-a751040c21a9
"Folklore, Memoirs, and Other Writings",https://commons.cwrc.ca/orlando:38506344-1ee6-40a0-b268-7f3800ee6b7f
Folle-Farine,https://commons.cwrc.ca/orlando:9885a66c-2510-4bf6-a058-2df64e99c5fd
Follow My Leader,https://commons.cwrc.ca/orlando:baa41bb0-c070-4c97-b22d-b9dca2e9cf3a
Folly's Handbook,https://commons.cwrc.ca/orlando:c8ba6224-8105-4bd6-a82d-4b8215bf7e64
Fool's Sanctuary,https://commons.cwrc.ca/orlando:d4d24442-ebf1-4e12-bee6-3e8c9ffc5216
Foot Notes: Reflections on Travel Writing,https://commons.cwrc.ca/orlando:dca1c073-7ac6-4aef-8fce-0e228b762722
Footsteps in the Dark,https://commons.cwrc.ca/orlando:d568f0f8-0e93-4958-8746-5c156695a36a
For All That I Found There,https://commons.cwrc.ca/orlando:6a1fb8c8-09f6-4ce6-8718-1b348106d173
For Dick's Sake,https://commons.cwrc.ca/orlando:5f65ea79-cefa-4c6d-9988-0666633ed044
For Each and For All,https://commons.cwrc.ca/orlando:99cf023f-c191-453f-a3fd-18bd1a961b8e
For Love Alone,https://commons.cwrc.ca/orlando:60ec322b-5eba-4ae0-9511-09dac9783ccd
For Queen and Country: Britain in the Victorian Age,https://commons.cwrc.ca/orlando:ceb1d268-900c-4570-b42a-b80d75e35b7f
For the Sake of the Family,https://commons.cwrc.ca/orlando:5373e0c0-09cf-45ce-9829-5ad07fb79985
For Us in the Dark,https://commons.cwrc.ca/orlando:7f7b4b03-d42e-44d5-bd00-673258446af7
Forbidden Road—Kabul to Samarkand,https://commons.cwrc.ca/orlando:cf15c01e-8dd8-455e-9d0b-5f6b9defb14c
Foreigners,https://commons.cwrc.ca/orlando:7d4cb7d3-92d5-416b-8441-c1fa52f62c94
Forerunner,https://commons.cwrc.ca/orlando:ff1e9376-9e49-4ee7-885c-6c43fd8529fb
Forest and Game-Law Tales,https://commons.cwrc.ca/orlando:dad297d0-507b-4f09-8d4e-420915497574
Forever England: North and South,https://commons.cwrc.ca/orlando:7535aff5-ab9a-460c-ba82-62451b189987
Forget-Me-Not,https://commons.cwrc.ca/orlando:f3ff40c2-af56-4ae1-b5f4-ed3ab25b232a
Forget-Me-Nots,https://commons.cwrc.ca/orlando:33d10005-74e5-402a-8b3b-554b4a052b2f
Forgetting's No Excuse,https://commons.cwrc.ca/orlando:99d0aa7f-db8d-4c04-9e21-e1483e7ce07f
Forging a Bilingual Identity: A Writer's Testimony,https://commons.cwrc.ca/orlando:8b5d32b5-85be-4d1f-b712-5f4f317a56b8
Forks and Hope,https://commons.cwrc.ca/orlando:4d618813-f161-48e5-a2af-25f1c195eb5d
Fort of the Bear,https://commons.cwrc.ca/orlando:06c84911-2fb4-427b-96b2-fa7828133695
Forty Years On,https://commons.cwrc.ca/orlando:0674b75d-1467-4d9d-b23c-9013b12ad63e
Fossil Unicorn,https://commons.cwrc.ca/orlando:ab4ac681-69ab-41d5-b6d3-0816c76a8251
Four and A Half Dancing Men,https://commons.cwrc.ca/orlando:70c408c2-fcb0-4fa0-8a20-019e5e1a0245
Four Frightened People,https://commons.cwrc.ca/orlando:82946c5e-c35f-4d86-8961-00c64f32d2b3
Four Generations,https://commons.cwrc.ca/orlando:de01e151-9053-4656-8352-8da8bebad0c9
Four in Exile,https://commons.cwrc.ca/orlando:5abbffaf-2889-4c1b-99fd-539efe4573c6
Four Plays,https://commons.cwrc.ca/orlando:31357320-7b53-4a77-b232-5730ccd3ba77
Four Plays for Dancers,https://commons.cwrc.ca/orlando:cded7f4d-3822-48ae-8091-11da0002cf0c
Four Quartets,https://commons.cwrc.ca/orlando:8a7cf181-0124-4d75-a270-821666705328
Four Saints in Three Acts,https://commons.cwrc.ca/orlando:1b4dc7b3-399a-468b-b252-ba829a262fee
Four-Part Setting,https://commons.cwrc.ca/orlando:d35a4d13-871a-40af-abd6-f84ccc104c6b
"Four, Five, and Six by Tey",https://commons.cwrc.ca/orlando:f7c4a74e-e45a-4a95-bd56-d2a4c38deba1
Fourteen to Forty-Eight,https://commons.cwrc.ca/orlando:30f5aa33-f551-4393-8f05-08c4c7c8a731
Foxybaby,https://commons.cwrc.ca/orlando:987fbafc-880a-4602-8238-cefd04dd7bdc
"Fra Dolcino, and Other Poems",https://commons.cwrc.ca/orlando:d3b2453f-5e50-4490-a8cd-b7450579f107
Fracture: Adventures of a Broken Body,https://commons.cwrc.ca/orlando:f17d5840-c58c-4726-8900-492f7f6b8d06
Fragment of an 'Essay on Woman',https://commons.cwrc.ca/orlando:aa6def40-b325-48d0-8a6b-ba526f3c0090
Fragment of an Autobiography: Prelude to a Spring Clean,https://commons.cwrc.ca/orlando:fd077497-0f08-4cdf-b602-6f678a618f59
Framleigh Hall,https://commons.cwrc.ca/orlando:2c47af12-4308-4fcc-aa74-59da49197327
France,https://commons.cwrc.ca/orlando:612bf8ed-6815-4f11-bcf4-4b92e1bccf2e
Frances Trollope: Her Life and Literary Work from George III to Victoria,https://commons.cwrc.ca/orlando:36b0d82d-ff79-48a5-a4e6-a7f0f04b858b
Frances Waldeaux,https://commons.cwrc.ca/orlando:53979e8e-2a03-478c-8879-478472950fc6
Frances Willard: Her Life and Work,https://commons.cwrc.ca/orlando:1c14d3a6-d4f4-46de-a5bb-10094d490b49
Francis the First,https://commons.cwrc.ca/orlando:33f48e90-d2e9-4422-92d4-eb4bd087936c
Francis Thompson and Wilfrid Meynell: A Memoir,https://commons.cwrc.ca/orlando:c6e59b9b-23fa-4b81-b5fe-3d38bd609571
François le Champi,https://commons.cwrc.ca/orlando:a415f383-8ebb-4433-9674-9151dafb2203
François Villon,https://commons.cwrc.ca/orlando:0ac54a05-9c92-484d-8388-958a49fc6ba5
"Frank Sinclair's Wife, and Other Stories",https://commons.cwrc.ca/orlando:d61e0bae-8476-41ae-ae11-6910e35f9c23
Fraud,https://commons.cwrc.ca/orlando:1f45314c-7304-4064-b562-cedbc0f5b42c
Freddy Gets Married,https://commons.cwrc.ca/orlando:c1ac4e1c-c543-45b6-9f0b-f1915ee522ff
Frederick the Great,https://commons.cwrc.ca/orlando:e4b2a61d-1512-482e-94c8-a5c28c67e117
"Frederick, Duke of Brunswick-Lunenburgh",https://commons.cwrc.ca/orlando:8cfa7bab-3344-4e10-affa-e6e161253f41
Free Love and Other Stories,https://commons.cwrc.ca/orlando:c9eb1d83-e01d-43b8-aa67-1ee8366e957f
French Fireside Poetry,https://commons.cwrc.ca/orlando:1d0ec9c9-7a4f-4ef4-91cf-df5390f96021
French Leave,https://commons.cwrc.ca/orlando:832eb3e3-f976-4c6b-86c0-a9f1aa85c35f
French Life in Town and Country,https://commons.cwrc.ca/orlando:766a4294-daae-4d50-8679-c5a5bdfc637e
French Wines and Politics,https://commons.cwrc.ca/orlando:f91bb2cc-889e-4aa7-aea3-7d21bf5f185b
French Women of Letters,https://commons.cwrc.ca/orlando:9aa0a43a-ac5f-477b-912a-3e8a2b3d5b3d
Frenchman's Creek,https://commons.cwrc.ca/orlando:901e3c36-ace8-49af-9534-4f5443055616
Freshwater,https://commons.cwrc.ca/orlando:ace8e796-6a57-479e-ac5f-b04bc88529ea
Friday Nights,https://commons.cwrc.ca/orlando:d65133a3-4605-42d8-8f1b-982e3b88a848
Friday's Child,https://commons.cwrc.ca/orlando:44a07101-6529-4de8-a14c-887b8d43d15e
Friday's Footprint,https://commons.cwrc.ca/orlando:95bc681a-cdb5-4776-8910-0f496082e25f
Friend and Lover,https://commons.cwrc.ca/orlando:08ad25d8-0727-4124-840a-baeacc8bb5dd
Friend Monkey,https://commons.cwrc.ca/orlando:f233ad26-744c-4638-96de-dfabdaf072c9
Friend of My Youth,https://commons.cwrc.ca/orlando:010dc7fb-67ba-452d-bb75-17df6325aa9f
Friends and Heroes,https://commons.cwrc.ca/orlando:64a4f3e5-030a-4865-9d64-85f53ab209a2
Friends and Relations,https://commons.cwrc.ca/orlando:094e2dcd-f094-45ed-be46-4ae01dd7ddf6
Friends of Heraclitus,https://commons.cwrc.ca/orlando:f48b7793-69b1-4cfb-9869-b8b6abf60268
Friendship in Death,https://commons.cwrc.ca/orlando:7d6b612a-da0c-4bcb-81ad-9dbbf6596297
Frissure,https://commons.cwrc.ca/orlando:6d0edc5d-1459-4aac-a52c-f0f4a4589370
Frogs and Bulls. A Liliputian Piece,https://commons.cwrc.ca/orlando:390bb74c-5a23-48e1-99f2-a6c8382a09b7
From a Garret,https://commons.cwrc.ca/orlando:94f23ac5-ba57-4f13-adaa-2f8cffebd2c7
From Berlin to Heaven,https://commons.cwrc.ca/orlando:ab88fa3a-9a96-4de8-b95f-f4454730e5ac
From Doon with Death,https://commons.cwrc.ca/orlando:a841cd73-dc8d-43a6-8303-4726038cfeb8
From Dusk to Dawn,https://commons.cwrc.ca/orlando:54720995-2170-4650-bb58-98de82245d98
From Friend to Friend,https://commons.cwrc.ca/orlando:5aa22ea5-51c8-4649-93e3-bf926afb0d4b
From Me to You: Love Poems,https://commons.cwrc.ca/orlando:51f17774-ec8d-435b-b319-63aede3b4441
From Red Sea to Blue Nile: Abyssinian Adventures,https://commons.cwrc.ca/orlando:1c605464-14e5-4479-aa59-b7e606cdd9f6
From the Beast to the Blonde: On Fairy Tales and Their Tellers,https://commons.cwrc.ca/orlando:6b355333-d026-43af-ae42-15987dbe5f06
From the Five Rivers,https://commons.cwrc.ca/orlando:5a3f16f2-526e-4b21-8c2c-a52494eee7f4
From the Four Winds,https://commons.cwrc.ca/orlando:ea5797bf-f950-43e0-a9a7-bf6ed345982b
From the Heart,https://commons.cwrc.ca/orlando:4c2ed301-7486-410f-8df0-64728558d3f7
From the Other Side,https://commons.cwrc.ca/orlando:f32ba550-8b9e-4c1e-ab2e-bdd565a54290
From the Porch,https://commons.cwrc.ca/orlando:3853060b-319d-4443-a04a-6bb7f05fdfed
Frontier Wolf,https://commons.cwrc.ca/orlando:03f86432-6c7a-4c85-8d9b-9625f9f828a5
Frost in May,https://commons.cwrc.ca/orlando:479e6cee-9f32-47b8-8e21-151dfc807153
Frost on the Window and Other Poems,https://commons.cwrc.ca/orlando:91a37216-30d8-4689-8d1c-aedb443caf73
Frozen,https://commons.cwrc.ca/orlando:0ba0e525-b297-4096-9cf5-29d496c4cf0a
Fruen fra havet,https://commons.cwrc.ca/orlando:ddd46560-b793-4e5e-9b91-72a779f40e0f
Fruit of the Lemon,https://commons.cwrc.ca/orlando:bcecc2b2-9084-4b52-84d1-11891972e80c
Fruitcake,https://commons.cwrc.ca/orlando:fe03e9e9-a648-4550-8a9c-9511d9626730
Fugitive Colours,https://commons.cwrc.ca/orlando:61d4eb8b-24cd-421c-b637-7460a439c654
Fugitive Verses,https://commons.cwrc.ca/orlando:d8f8dc95-2cef-46cb-9f24-b05fec519ae9
Full and Frank: The Private Life of a Woman Novelist,https://commons.cwrc.ca/orlando:7ea6e795-c166-4907-a68f-f28503b9e62c
Full Circle,https://commons.cwrc.ca/orlando:eb65854f-7536-4305-88b8-d7562620cc04
Full Meridian,https://commons.cwrc.ca/orlando:6100ffcc-669d-4b34-9c7a-1c1bded9176d
Full Stop,https://commons.cwrc.ca/orlando:17e065f6-b006-40bb-9623-672d8f30a309
Funeral Games,https://commons.cwrc.ca/orlando:cf383d6d-6f6f-4282-8dd1-5740bbda1bba
Funeral March of a Marionette: Charlotte of Albany,https://commons.cwrc.ca/orlando:ffc5fbb5-26b5-4beb-82f3-28466b2f04c6
Further Papers on Dante,https://commons.cwrc.ca/orlando:3169949a-1006-41fb-9f9a-fba1e7f3fca1
Further Poems of Emily Dickinson withheld from publication by her sister Lavinia,https://commons.cwrc.ca/orlando:7ceed69b-a1b8-4595-bac7-93b102723282
Fusewire,https://commons.cwrc.ca/orlando:3174e871-faa1-44cf-9ec6-9666fdad78fe
Gabriel,https://commons.cwrc.ca/orlando:c5d23828-8f49-496f-8f53-6ca59327bd01
Gad's Hall,https://commons.cwrc.ca/orlando:94d638da-2361-4ee9-920b-2c5b52e97181
Games at Twilight,https://commons.cwrc.ca/orlando:15e2aac0-7b3f-4e7a-abff-e3b4e0a7c4ea
Gardeners and Astronomers,https://commons.cwrc.ca/orlando:ea96b869-03f5-4116-8e4f-0a4c1e721d31
Gardening for Ladies,https://commons.cwrc.ca/orlando:75c29eab-f7a6-4c7a-a4b2-78672cd49374
Garibaldi and Other Poems,https://commons.cwrc.ca/orlando:adbda35f-7c72-4808-abb7-b666026e7955
Gaston de Blondeville,https://commons.cwrc.ca/orlando:b6c659f2-1480-4023-9c2c-1fc7555234d0
Gather Together in My Name,https://commons.cwrc.ca/orlando:ffd54251-5d6e-48d6-a404-8798f7486c23
Gay Life,https://commons.cwrc.ca/orlando:475dfeae-fe71-49c1-bb42-c77c11576d4c
Gems of Beauty,https://commons.cwrc.ca/orlando:41f5e900-c259-4e9e-8015-0fd359f9af79
Gems Selected from the Poems of Caroline Bowles,https://commons.cwrc.ca/orlando:516a6c77-3325-46d2-bb14-17d162679c8a
General Crack,https://commons.cwrc.ca/orlando:f2c421ea-b88e-4acf-985d-ff5c5549f441
General Principles of Grammar,https://commons.cwrc.ca/orlando:b93450aa-d6b9-43c2-abeb-7c4ddaebcdfe
General Sketch of the History of Pantheism,https://commons.cwrc.ca/orlando:fca22550-0456-4343-b22a-b605cce9a620
Genesis: An Impression,https://commons.cwrc.ca/orlando:a7d97632-2349-475d-95c7-d34680d843ae
Genevieve,https://commons.cwrc.ca/orlando:b7fcb42e-4c0b-461e-a2b2-ab27d7a0e43f
"Genius and Fancy; or, Dramatic Sketches",https://commons.cwrc.ca/orlando:d1585769-edb0-4ac0-a65e-5433d3e5d6ff
"Genius and Fancy; or, Dramatic Sketches: with Other Poems on Various Subjects",https://commons.cwrc.ca/orlando:34cdf4d3-c8ef-458f-bdf9-679f187373a8
Gentleman and Ladies,https://commons.cwrc.ca/orlando:4c67006f-9e76-4fb8-9b5c-ec89e88a569c
Gentlemen of the South Sea Company,https://commons.cwrc.ca/orlando:f277a413-55e9-480e-8c09-c4d5e26eb85e
Genuine Fake: A Biography of Alan Watts,https://commons.cwrc.ca/orlando:68b409ab-8493-45bc-aae7-2da930f9a225
Genuine Poetical Compositions on Various Subjects,https://commons.cwrc.ca/orlando:f815c0a5-ebf1-45fb-96de-23c3c4c7f139
"Geoffrey Moncton; or, The Faithless Guardian",https://commons.cwrc.ca/orlando:04a84561-6983-4f93-a8e9-2ca3121d5c98
Geography III,https://commons.cwrc.ca/orlando:f33c2b46-b94d-4208-9933-62b45357d23b
George Beneath a Paper Moon,https://commons.cwrc.ca/orlando:32858a9a-551f-4f25-8de6-5bba400f5929
"George Eastmont, Wanderer",https://commons.cwrc.ca/orlando:28f282fa-76bb-46e5-bc03-97b256e44672
George Eliot,https://commons.cwrc.ca/orlando:481be9ac-a02c-4c30-be57-ea4ffbda7ad7
George Ivanovitch Gurdjieff,https://commons.cwrc.ca/orlando:a792c498-cb5e-43e2-be8f-80d3c5e13315
"George Leatrim; or, The Mother's Test",https://commons.cwrc.ca/orlando:97c07cc1-3b36-496b-ae55-5141ce0dea4f
George Steiner and the Greekness of Tragedy,https://commons.cwrc.ca/orlando:9703f196-a122-42dc-99c7-0a1442ce9b25
Gerald: A Portrait,https://commons.cwrc.ca/orlando:f17424fc-9e1f-4a1e-b1d5-80890486deb3
Geraldine Fauconberg,https://commons.cwrc.ca/orlando:af3911a3-0d1d-4e55-a5a1-bab9c4c40f4c
"Gerard's Monument, and Other Poems",https://commons.cwrc.ca/orlando:f9b9d6b6-12d5-492a-8c37-6043d81abd3e
Get a Life,https://commons.cwrc.ca/orlando:ded5c6cb-ec64-45d3-aa22-e13ad4e1b2b5
Get Ready for Battle,https://commons.cwrc.ca/orlando:674fd1d6-2b74-45bf-92ef-77e3c68ce9ea
Getting it Right,https://commons.cwrc.ca/orlando:22d2cf48-0865-4255-a047-4640ed1ca488
Ghastly Good Taste,https://commons.cwrc.ca/orlando:0f1d6fcb-1956-4b40-b998-b0d53b330f0e
Ghosts,https://commons.cwrc.ca/orlando:ea3a260f-effe-4d7f-adcc-4dca93acddc8
Gigi et Autres Nouvelles,https://commons.cwrc.ca/orlando:63540016-6155-4318-8203-d8edf897b797
Gingerbread,https://commons.cwrc.ca/orlando:d3527602-7ee8-422f-8ad5-44df76787e7f
Giovanni Bellini,https://commons.cwrc.ca/orlando:7cad880b-15e8-405b-ba04-925bb8fac167
Girl from the South,https://commons.cwrc.ca/orlando:c5956221-92ce-4b7a-bc80-615da78b50d0
Girl Meets Boy,https://commons.cwrc.ca/orlando:edf09b6c-6a52-4645-bc6d-65af533bce30
Girl Wonder and the Terrific Twins,https://commons.cwrc.ca/orlando:1bf68cf2-ddce-4e6f-8200-dbefc26773c2
"Girl, Balancing and Other Stories",https://commons.cwrc.ca/orlando:a3799283-8547-4849-bb8a-f345accc9543
"Girl, Woman, Other",https://commons.cwrc.ca/orlando:5ac7ad25-7ffe-408c-9b81-6250f13df5a1
Girls in Their Married Bliss,https://commons.cwrc.ca/orlando:20f2fc9d-661e-43a9-951c-44462a375fc9
Giuliano de' Medici,https://commons.cwrc.ca/orlando:ba6a6635-4789-427c-bea2-ffaa3e69b529
Give and Take,https://commons.cwrc.ca/orlando:8b7d6c60-758b-4067-91fd-8bcce75c504f
Give Yourself a Hug,https://commons.cwrc.ca/orlando:20206b43-1706-4cf0-8cdb-c04cf3191ad6
Glass Houses,https://commons.cwrc.ca/orlando:74a37ac1-f7df-402b-b723-e6125abe6177
Glass Wings,https://commons.cwrc.ca/orlando:7ee05eaa-54d6-4763-bde5-6be45f4ad99f
"Glass, Irony, and God",https://commons.cwrc.ca/orlando:21d53bd5-949c-43fc-a167-005d6418dc5e
Gleanings from an Old Portfolio,https://commons.cwrc.ca/orlando:7f4e012d-4c86-4cd9-9ae2-323572ee34a8
Gleanings from the Work of George Fox,https://commons.cwrc.ca/orlando:24b5824a-c79f-4ec5-9a11-4d18a4292c2d
Glenarvon,https://commons.cwrc.ca/orlando:45f9f670-1c1d-4480-8292-83e11c3c9caa
Glimpses of Christ,https://commons.cwrc.ca/orlando:5fb9cb22-e0a1-4696-ae9f-9a1bbdb1a07e
GM: Memories of George Moore,https://commons.cwrc.ca/orlando:103867ed-e439-4eef-b61e-cdaf7e6dc579
Go as You Please. Memories of People and Places,https://commons.cwrc.ca/orlando:842b4815-fea2-48ca-a8c1-7e29036dc2aa
Go Tell the Lemming,https://commons.cwrc.ca/orlando:5bdd9de6-2eb7-4c3f-9c0a-42a0ed028510
"Goblin Market, The Prince's Progress, and Other Poems",https://commons.cwrc.ca/orlando:3beba326-4a85-4c3a-b4bb-a0c5f7e718ac
God,https://commons.cwrc.ca/orlando:23474c4c-6401-40b1-93fd-1939cc452d60
God Help the Child,https://commons.cwrc.ca/orlando:8264745a-002d-49d2-8dcc-28da8fbba3d8
God on the Rocks,https://commons.cwrc.ca/orlando:ef7af2e2-6ba5-4200-ab06-ea9569da3c39
God Save the Green! A Few Words to the Irish People,https://commons.cwrc.ca/orlando:f1df2b2a-9b48-4711-afd4-ed76308e74a6
"God, An Untitled Story",https://commons.cwrc.ca/orlando:04321e84-325a-4ab5-89c6-0ac1fdc91db4
"God's Acre; or, Historical Notices relating to Churchyards",https://commons.cwrc.ca/orlando:4c1ac76b-a812-478b-959a-3f9168c835c0
God's Playthings,https://commons.cwrc.ca/orlando:81195afc-41f9-433b-b4ff-87023864fdc2
Godded and Codded,https://commons.cwrc.ca/orlando:10ab3700-8191-4fe1-b923-22e3207b9995
Going Back,https://commons.cwrc.ca/orlando:3d7ad472-b71d-4a6a-bc9c-41fd3421a749
Going Up to Sotheby's and Other Poems,https://commons.cwrc.ca/orlando:11c7180f-92dc-44cb-8605-cbfda2008b82
Going Wrong,https://commons.cwrc.ca/orlando:1a463a0a-242e-4f04-81b1-3e3d835421b0
Gold,https://commons.cwrc.ca/orlando:a7592817-94cc-43c6-b0e2-fecbdb303ed4
Gold Coast Customs,https://commons.cwrc.ca/orlando:5049a01a-bb99-4e05-9465-8bb80248d377
Golden Lads,https://commons.cwrc.ca/orlando:bdb739aa-d85b-4212-9ee7-f4de24a1713c
Golden Rules,https://commons.cwrc.ca/orlando:fcfb4409-4256-44e1-a0ca-998004a74164
Gollantz and Partners,https://commons.cwrc.ca/orlando:e35a2e46-a0fc-4fb8-8cd7-e560a3889c68
Gone Feral,https://commons.cwrc.ca/orlando:07a85412-3130-4a68-a0dc-82dae4312850
Gone to Earth,https://commons.cwrc.ca/orlando:e1feb26d-ff9e-4f11-b90d-f8b3296e5d55
Good Behaviour,https://commons.cwrc.ca/orlando:66d85aaa-7672-4995-9f7a-34d4b84c5ab9
Good Bones,https://commons.cwrc.ca/orlando:c35171fc-55c5-4db0-ac99-04899584d069
Good Citizens,https://commons.cwrc.ca/orlando:fd848d54-b778-4fda-8396-d7219eb3bd19
"Good Counsell, to the Petitioners for Presbyterian Government",https://commons.cwrc.ca/orlando:89822324-1e0c-4e58-8197-bfa1afa3ac16
Good Night Sweet Ladies,https://commons.cwrc.ca/orlando:a9bc2e87-1801-4f0d-851d-e3b27346118f
"Good Night Willie Lee, I'll See You in the Morning",https://commons.cwrc.ca/orlando:7ed395b3-bc56-4383-a59d-d271017aefe8
Good Old Anna,https://commons.cwrc.ca/orlando:5e7cc96b-2028-4a08-9b08-85bdcc0f641f
Good Things,https://commons.cwrc.ca/orlando:e50d2833-4e6c-49f4-b5d4-26f6d7548fde
"Good-bye, Sweetheart!",https://commons.cwrc.ca/orlando:e4b8efb9-11ef-4f94-8f51-fcf55d28fbe4
Gor Saga,https://commons.cwrc.ca/orlando:7aa99ef2-2b13-4509-bc95-8d45e06a585f
Gordon Judged out of His Own Mouth,https://commons.cwrc.ca/orlando:eae38f1e-2d9a-4afe-9a21-0406507e929f
Gospels of Anarchy,https://commons.cwrc.ca/orlando:000639da-0ca9-47bf-b595-fd815d8e66c2
Gossip from the Forest,https://commons.cwrc.ca/orlando:353d5920-1a5e-49d5-bafa-5043ef79bbcc
Government by Police,https://commons.cwrc.ca/orlando:20af2a59-9cef-4cde-9322-7671c8bda5f0
Grace,https://commons.cwrc.ca/orlando:b5842731-0f0a-4c3e-8d09-2f716717741d
Grace and Truth,https://commons.cwrc.ca/orlando:d15bcf8b-a491-4d52-880d-135c88bc0dfe
Grace Darling and her Islands,https://commons.cwrc.ca/orlando:da9d52f8-b2e7-4211-b70e-403394eff9c9
Grace Darling and her Times,https://commons.cwrc.ca/orlando:a5ab86ba-928a-4ccb-8041-e22631c7cdbb
"Grace, Child of the Gobi",https://commons.cwrc.ca/orlando:0e464a05-bc27-44c2-86ff-23683ed3c634
Grand Canyon,https://commons.cwrc.ca/orlando:0703bb5b-0d00-4cfe-b1d8-647d6f78d94f
Grand Man,https://commons.cwrc.ca/orlando:6e9f6247-6fb4-492a-add0-a8e5a11999d7
Grania,https://commons.cwrc.ca/orlando:5cfe22b0-9279-4158-9679-74a02459b29f
Granite,https://commons.cwrc.ca/orlando:c0b94780-3f14-4614-9f4a-eee4bea6be3f
Granite and Rainbow,https://commons.cwrc.ca/orlando:7c12b4df-1f20-480d-93d7-0ad530b34522
Granny Scarecrow,https://commons.cwrc.ca/orlando:646a19f4-80e2-4587-b86f-68066cc26fb8
Granny's Wonderful Chair,https://commons.cwrc.ca/orlando:652fd076-0406-44ab-8f0f-f78deeccfbec
Grantley Manor,https://commons.cwrc.ca/orlando:eb2014e0-8c36-4cf0-b5d6-5c99aa3544a1
Grasshopper,https://commons.cwrc.ca/orlando:9c939fac-a931-4da0-b5a5-1faa88ce4446
"Gratitude, and Other Tales",https://commons.cwrc.ca/orlando:d9e90550-e753-40a0-94bf-9e0e8675fd34
Grave Mistake,https://commons.cwrc.ca/orlando:16e8dbc5-5132-4d3f-90b1-f4636a1d84e3
Great Granny Webster,https://commons.cwrc.ca/orlando:e0a948a1-2027-4b0a-aa6d-234b5bdc7fae
Great Men of Yorkshire (West Riding),https://commons.cwrc.ca/orlando:92024529-29f5-49de-ad5d-190579168673
Great Moments in Aviation and Oranges Are Not the Only Fruit,https://commons.cwrc.ca/orlando:175fcdd1-0629-48a3-a777-30a21298fa1c
Great Tales of Horror,https://commons.cwrc.ca/orlando:fcde2f19-9e64-4257-9194-748abf5e9606
Green Apple Harvest,https://commons.cwrc.ca/orlando:02dccfe2-9a90-4ad1-bed2-0a0dd941eea6
Green Song and Other Poems,https://commons.cwrc.ca/orlando:f472f0f0-10cc-45e9-af5e-8183b6a7c72a
Greenbanks,https://commons.cwrc.ca/orlando:f7893c2b-7b49-4b4f-bab6-58d1af0261a2
Greenlow,https://commons.cwrc.ca/orlando:5c8c5e5e-9471-4ca5-bd6d-2509db672589
Greenmantle,https://commons.cwrc.ca/orlando:0e45e4c7-2a37-48fc-a844-c26255c4b9c7
"Gresford Vale, and Other Poems",https://commons.cwrc.ca/orlando:7003feb2-d6e7-4103-9e61-6175cc5ccc70
Grey Ghosts and Voices,https://commons.cwrc.ca/orlando:7f16a8b6-8a95-4ad5-a3d9-5378ae52e74c
Grey Mask,https://commons.cwrc.ca/orlando:f5b91487-f689-41fd-bd2f-5b6ac06d8571
Grey Wethers,https://commons.cwrc.ca/orlando:b9a7b9af-34c5-4542-886b-21fc826eb48d
Grim Tales,https://commons.cwrc.ca/orlando:cd0489a4-cc0b-4b2a-9ff5-8e8ef7223b41
Grimm Tales,https://commons.cwrc.ca/orlando:c459c657-86db-4a17-8b50-3fc04e577b48
Grizzly Trail,https://commons.cwrc.ca/orlando:c9d544aa-3f63-4fac-bddb-85a1ebaa9313
Grounds of Natural Philosophy,https://commons.cwrc.ca/orlando:54a3702d-d24d-4b53-8940-a22dc9aeb6f6
Growing Pains,https://commons.cwrc.ca/orlando:0996c01a-cdcb-4baf-abc2-101f6178dd19
Growing Rich,https://commons.cwrc.ca/orlando:87c12add-df37-41fe-8f43-0d39be20bc21
Growing-Points,https://commons.cwrc.ca/orlando:9cf7b59a-9738-4f03-a150-f135f17f2eb9
Guenever and the Looking Glass,https://commons.cwrc.ca/orlando:125dbc61-f545-440c-a67b-65c7228d80f7
Guillaume Apollinaire and the Cubist Life,https://commons.cwrc.ca/orlando:eaed2a84-6a14-473d-898f-e08788a68266
Gut Symmetries,https://commons.cwrc.ca/orlando:862572d4-4725-4134-9fb9-aa4da75f0379
Guy Domville,https://commons.cwrc.ca/orlando:92bac742-a13c-493c-b320-8090ab6c89bd
Gwendolen,https://commons.cwrc.ca/orlando:c5879f03-81de-4c59-b9e6-f80d412a0550
Gwendoline,https://commons.cwrc.ca/orlando:4110ac95-29ea-4d24-a167-60308be7cc84
Gypsy Afloat,https://commons.cwrc.ca/orlando:32022ae2-2136-4008-83ea-04d77a4ae20e
Gypsy in the Sun,https://commons.cwrc.ca/orlando:7ccd1b54-3046-4feb-a629-72dd8decac9f
"Gypsy, Gypsy",https://commons.cwrc.ca/orlando:0a4fe0f7-c269-4e92-845d-8e39cc0cfd9f
H.M.S. Beagle in South America,https://commons.cwrc.ca/orlando:7f976305-8f5e-4aae-8a55-903353da9daf
Habits of the House,https://commons.cwrc.ca/orlando:4076a1fb-5083-489a-9e1d-b31b642e23d6
Hackenfeller's Ape,https://commons.cwrc.ca/orlando:bd86edb8-549e-4c57-9981-89c1ce80ed16
Hacker,https://commons.cwrc.ca/orlando:2c62a1be-3d65-4a51-9a96-996a34ccbc5b
Had I a Thousand Lives,https://commons.cwrc.ca/orlando:3dcc52e4-fac0-409e-8211-5400372384b9
Hag-Seed,https://commons.cwrc.ca/orlando:441c65cf-b30b-4a1b-82b2-92e7dc3d8e17
Halfpenny House,https://commons.cwrc.ca/orlando:d11ae5c2-4a95-4520-81b1-b29779c1cf25
Hamilton,https://commons.cwrc.ca/orlando:176d0e03-1b3f-4d4b-9585-f6423b6d6eec
Hand in Glove,https://commons.cwrc.ca/orlando:2dc5c8ae-ec8f-4c5f-9ccb-546ef7f5fc38
"Handsome Phil, and Other Stories",https://commons.cwrc.ca/orlando:447c70e2-abaa-4a47-b6ff-d35324e6d969
Hangman's Holiday,https://commons.cwrc.ca/orlando:44cbb17c-3941-48a2-a9e2-be4ace9214bd
Hannah,https://commons.cwrc.ca/orlando:5f34fb6e-221b-47b0-95ee-7a3524d97b5f
Hannah More,https://commons.cwrc.ca/orlando:e8df7c24-22a1-45c8-8300-476d00d84508
Hannibal,https://commons.cwrc.ca/orlando:d9fc8a33-e53f-428a-979b-f0748cc5e2e7
Haply I May Remember,https://commons.cwrc.ca/orlando:2325389a-0eb0-4e3e-9895-1719cfdae7e7
Happiness and Other Stories,https://commons.cwrc.ca/orlando:78b73309-baf6-4afd-bb4b-8589d845b320
Happy Christmas,https://commons.cwrc.ca/orlando:962b8bb1-69fd-4a1b-81ca-29ac1ea8a1d8
Happy Days,https://commons.cwrc.ca/orlando:4a1d43bc-ca99-4127-be1b-359a1f60c4c9
"Happy Evenings; or, The Literary Institution at Home",https://commons.cwrc.ca/orlando:8a3ea3d0-a159-4fbf-a5c4-43b23608b6cb
Happy Ever After,https://commons.cwrc.ca/orlando:ad34ebee-097e-40e7-a8f0-6521aa02350e
Hard Road West: Alone on the California Trail,https://commons.cwrc.ca/orlando:9465c220-e71f-4a12-9a69-aa4a0a41a350
Harding's Luck,https://commons.cwrc.ca/orlando:afed6d9f-69f8-405c-876f-709b5629bc18
"Hargrave; or, The Adventures of a Man of Fashion",https://commons.cwrc.ca/orlando:5cfa92f8-53ce-4f78-98d4-85711c749d21
Harlequin Set. Holidays in Many Lands,https://commons.cwrc.ca/orlando:71073fdf-5af2-441c-a10d-28cd18294bed
Harm Done,https://commons.cwrc.ca/orlando:0abda9c9-6da9-4423-8251-bc06c149391b
Harnessing Peacocks,https://commons.cwrc.ca/orlando:cd20799d-2a9f-4495-a822-b529e344eb29
Harold's Leap,https://commons.cwrc.ca/orlando:57d2209e-0a2a-47b7-aea4-35f82921ff5f
Harriet,https://commons.cwrc.ca/orlando:574b7cc9-d670-48be-87c9-c0c2b340b9c0
Harriet Martineau: Selected Letters,https://commons.cwrc.ca/orlando:96e0a55c-bab1-467e-9493-d5b6778f0ad9
Harriet Said,https://commons.cwrc.ca/orlando:aedf1b31-73ce-4732-b05a-47bead531d98
"Harrington, A Tale; and, Ormond, A Tale",https://commons.cwrc.ca/orlando:2d8df2fc-84b5-4c50-aa89-476bbf37fbac
Harry Potter and the Goblet of Fire,https://commons.cwrc.ca/orlando:7c4b3bc6-31f5-4676-bad2-14636557b99f
Harry Potter and the Half-Blood Prince,https://commons.cwrc.ca/orlando:57e05bc8-8b22-43ba-a4ee-0961dc2d5086
Harry Potter and the Order of the Phoenix,https://commons.cwrc.ca/orlando:640ca515-0908-4709-9d4d-aed90fcdeda1
Harry Potter and the Philosopher's Stone,https://commons.cwrc.ca/orlando:4d414f51-a0dd-4262-920e-c8deb01dcc77
Harry Potter and the Prisoner of Azkaban,https://commons.cwrc.ca/orlando:d00d5086-db78-484a-ae33-3d29c9fd4a94
"Hartly House, Calcutta",https://commons.cwrc.ca/orlando:bef20a97-e81c-4791-9d29-163c191d17bf
Harvest,https://commons.cwrc.ca/orlando:d89ce15f-99c8-4459-bd69-977e9a1339f6
"Hateship, Friendship, Courtship, Loveship, Marriage: Stories",https://commons.cwrc.ca/orlando:7ecc2f81-37d2-4d60-b762-7e4da8c8a08d
Hath the Rain a Father?,https://commons.cwrc.ca/orlando:2bec4a7e-3b92-49f8-b8ac-cddfcd6adde2
Haunted House,https://commons.cwrc.ca/orlando:7ad54385-1608-471b-bcdc-99a91f3ae47d
Have His Carcase,https://commons.cwrc.ca/orlando:66ac1e28-41cf-493b-8274-fd4a34d430eb
Have the Men Had Enough?,https://commons.cwrc.ca/orlando:85619c54-9dc0-4aaa-8338-98d270129342
Havergal's Psalmody and Century of Chants,https://commons.cwrc.ca/orlando:22dfd7b1-7fbe-4ce1-9875-8918161ed9e1
Haworth of the Brontës,https://commons.cwrc.ca/orlando:dd5d1703-52fd-4281-ad75-1491ef68306e
Haworth's,https://commons.cwrc.ca/orlando:f687153a-bc77-4276-b9d7-843929c8439b
He Brings Great News,https://commons.cwrc.ca/orlando:35ef7cc6-4114-46b9-b510-6ad29a4b405c
He Knew He Was Right,https://commons.cwrc.ca/orlando:ea148830-75b8-4784-8d79-9eedf983626d
He Learnt about Women,https://commons.cwrc.ca/orlando:f3234842-0925-4398-b72a-1f8be3dd1bb4
Head Above Water,https://commons.cwrc.ca/orlando:f34a6275-13f6-4193-a400-ceb3ca96cd13
Healey,https://commons.cwrc.ca/orlando:49d7e75a-d108-441c-a756-9a1832b371c7
Health Lectures for Indian Villages,https://commons.cwrc.ca/orlando:5965254e-4613-4eeb-9103-186f961cee25
Health Teaching in Towns and Villages: Rural Hygiene,https://commons.cwrc.ca/orlando:4cba6d85-8094-4e0b-8c85-9eca34c27c7f
"Health, Husbandry and Handicraft",https://commons.cwrc.ca/orlando:cfee517f-9ec7-4869-95fc-d71eec3b9b48
Heart of a City,https://commons.cwrc.ca/orlando:69401e3f-d6b9-46cb-8e62-2f600a7b0923
Heart of a Stranger,https://commons.cwrc.ca/orlando:20efa8f5-0a64-44b1-9c4e-981bf7419fc9
Heartbreak Hotel,https://commons.cwrc.ca/orlando:c3d2e909-45f9-4a39-839a-05b9853d19e8
"Hearts in Mortmain; and, Cornelia",https://commons.cwrc.ca/orlando:5cb947b2-3f95-4373-914c-589ab2f9bb75
Hearts of Controversy,https://commons.cwrc.ca/orlando:0e6d0174-41a4-4f84-9c5c-fbe7563c1daa
Heartstones,https://commons.cwrc.ca/orlando:acbe52c5-d1c5-445b-b54d-8db914b2334d
Heat and Dust,https://commons.cwrc.ca/orlando:8f0c6ee7-94a4-4613-892e-e17ebbe6312d
Heat Wave,https://commons.cwrc.ca/orlando:6483b077-cb69-4c3a-bcbc-6822a204c338
Heaven Realiz'd,https://commons.cwrc.ca/orlando:a60ad6bf-e566-4dfd-b9e3-5970dcf11e27
Hedda Gabler,https://commons.cwrc.ca/orlando:21724316-2e35-4985-bc1b-1035b3aef1d1
Hedylus,https://commons.cwrc.ca/orlando:8778a8dd-ab02-4a35-83a1-8b02198b5c92
Heights and Depths,https://commons.cwrc.ca/orlando:bee8d743-75a2-4599-aff5-36e537442e85
Helbeck of Bannisdale,https://commons.cwrc.ca/orlando:dc0208ef-a39c-4e78-9ae0-93d191941c8b
Held in Bondage,https://commons.cwrc.ca/orlando:4a3c66aa-3712-4dab-8538-9fdf687ad040
Helen,https://commons.cwrc.ca/orlando:7c214164-c378-4e21-bb9a-8b7aab958db9
Helen & Felicia,https://commons.cwrc.ca/orlando:a918c9c6-0a1e-42fa-82d8-835e69c579f6
Helen Fleetwood,https://commons.cwrc.ca/orlando:246b9621-d0a1-4191-946f-d1ce889e3ed6
Helen Huddleson,https://commons.cwrc.ca/orlando:d94360f5-f0e2-4035-8315-0543dd2d829c
Helen in Egypt,https://commons.cwrc.ca/orlando:e998f5c5-bab3-427d-b59e-ae1f1b4dec94
Helen in Love,https://commons.cwrc.ca/orlando:b9ac67be-219e-48e8-ad07-e2d5af14ce3b
Helen Sinclair,https://commons.cwrc.ca/orlando:34c7982d-f7a1-47f5-a8d8-9c8617702339
Helen Stanley,https://commons.cwrc.ca/orlando:e02cce82-0d2f-47ae-a001-e85a51bbfde9
Helen's Ordeal,https://commons.cwrc.ca/orlando:2c53f0f1-8036-47c8-85f0-b113ef8c8d73
Helena,https://commons.cwrc.ca/orlando:22b01163-7072-4220-b25b-597f812b89e0
Helianthus,https://commons.cwrc.ca/orlando:28a23919-3716-490d-b1d3-d4df36e9646c
Heligoland,https://commons.cwrc.ca/orlando:2386f373-bd23-4e09-9270-2125133e4d1d
"Heliodora, and Other Poems",https://commons.cwrc.ca/orlando:2cd9777c-d864-4bba-a892-b7eae2123ff6
Hellenics,https://commons.cwrc.ca/orlando:b645f95d-e1d1-4b59-9e30-3cc70874657e
Henrietta Maria,https://commons.cwrc.ca/orlando:fed1a713-1df8-499b-8f77-957de05bda68
Henry and Cato,https://commons.cwrc.ca/orlando:9bfb0726-89d4-47ad-a44e-a745521e2ad6
Henry Dunbar,https://commons.cwrc.ca/orlando:1fc9a528-f612-4f61-bbc6-05a615192f89
Henry James,https://commons.cwrc.ca/orlando:af7b1429-fef1-445d-bbeb-a548518db388
Henry-Music,https://commons.cwrc.ca/orlando:ed978351-26c2-42b4-a880-83b2c80d3b24
Her Book: Poems 1988-1998,https://commons.cwrc.ca/orlando:00ba21e6-7246-4187-9e51-d68c3be44882
Her Dearest Foe,https://commons.cwrc.ca/orlando:08cd94db-d75e-4880-878a-530ab7a4de95
Her Father's Name,https://commons.cwrc.ca/orlando:860a51e2-f78b-4718-9c15-aa4ec6ef2b08
Her Sailor Love,https://commons.cwrc.ca/orlando:47d9edc6-ba7b-46c3-950a-37fe2acebb40
Here and Now,https://commons.cwrc.ca/orlando:96b5647d-f1b4-42a5-9c21-6240a6c62393
Here and There in Italy and Over the Border,https://commons.cwrc.ca/orlando:54e36e2b-7f43-4919-af63-60035bf9e7d6
Here Today,https://commons.cwrc.ca/orlando:17997d17-56b5-4725-ab4e-c8abc03bcf39
Here Too is Valour,https://commons.cwrc.ca/orlando:cf5d97e0-f34a-45a0-9021-d9dec219fde3
Heritage,https://commons.cwrc.ca/orlando:6cb6b120-d146-45b1-9579-035d69181a24
Herland,https://commons.cwrc.ca/orlando:5cf828b7-c0da-4325-883c-823f77dd9fe0
Hermetic Definition,https://commons.cwrc.ca/orlando:67fb2574-1ee5-4c0d-8d98-5580d8540854
Hero Harold,https://commons.cwrc.ca/orlando:15f3ea9c-603d-4ea2-9beb-ea2dea48a897
Herod and Mariamne,https://commons.cwrc.ca/orlando:a8548823-e81a-4b08-8f07-179ea5dbee5b
Heroes and Villains,https://commons.cwrc.ca/orlando:64f41970-d6c2-4ff7-aa3d-390ca24ce24c
Herself,https://commons.cwrc.ca/orlando:bde60b52-f7d7-4028-a596-e91457a8e71d
"Hester Lilly, and Other Stories",https://commons.cwrc.ca/orlando:1fda2afa-8e83-4899-89e8-c61111d61686
Hester: A Story of Contemporary Life,https://commons.cwrc.ca/orlando:2d3c70a1-6a20-4ff1-a455-6e97b7a12011
Hex,https://commons.cwrc.ca/orlando:8ee897c2-fa2f-465b-95b2-7d4132ee35e6
Hidden Lives,https://commons.cwrc.ca/orlando:ae9a78e3-e88c-43b7-87ff-7212a7b01143
Hide My Eyes,https://commons.cwrc.ca/orlando:1954e45d-5bda-40d3-aa57-9c6029997a6d
High Rising,https://commons.cwrc.ca/orlando:95ecdf57-8ffe-47cf-8604-6b2f37c7e0c7
High Table,https://commons.cwrc.ca/orlando:2b890d64-5684-4dcc-a0d6-1cad5c98e46d
High Tide in the Garden,https://commons.cwrc.ca/orlando:acc1a37c-1dda-40dc-9480-da556297acfe
High Wages,https://commons.cwrc.ca/orlando:4368b0bf-fdec-4d5a-ba6b-e88e04fcaf9e
High Windows,https://commons.cwrc.ca/orlando:554e85fb-47e4-427d-9e9c-82e9f8fe0c82
Highland Fling,https://commons.cwrc.ca/orlando:9e642138-001a-4f95-a289-2db9a70aa890
Hijack,https://commons.cwrc.ca/orlando:17192ca0-2cdb-42d9-9d45-22515e310e46
"Hill and Valley, or Wales and the Welsh",https://commons.cwrc.ca/orlando:fe5499d9-9f8b-4d25-b51a-4c31c85f8e53
Hints on the Modern Governess System,https://commons.cwrc.ca/orlando:0d2fe414-0c61-4e2e-9c9b-42a04db69074
Hints to the Colored People of the North,https://commons.cwrc.ca/orlando:9ce278f2-95df-458b-a751-c8666fa9be1b
Hints Towards Forming the Character of a Young Princess,https://commons.cwrc.ca/orlando:f37172c1-7284-4502-88ed-0dd295d4a15a
His Besetting Sin,https://commons.cwrc.ca/orlando:27b48cb5-254c-4331-8a96-d355a19998df
His Honour and a Lady,https://commons.cwrc.ca/orlando:99a832b8-7d92-45aa-bc05-b76028c65079
His Last Card,https://commons.cwrc.ca/orlando:c0c474e1-b08f-4899-9cdf-5ccf007473b8
His Next of Kin,https://commons.cwrc.ca/orlando:5a15327c-a4ef-4016-a5b4-297f54333542
Histoire de ma vie,https://commons.cwrc.ca/orlando:589bc550-8dc7-49f8-af78-16a59ccbca18
Histoire de Madame Henriette d'Angleterre,https://commons.cwrc.ca/orlando:d66202c5-182d-4fdd-8df9-f822dcda464a
Histoires d'amour,https://commons.cwrc.ca/orlando:83484800-d7be-481d-b21c-9c15fbc53139
Historic Nuns,https://commons.cwrc.ca/orlando:270eb6c1-360b-44d4-96f1-456fc66820ae
Historical Characters of the Reign of Queen Anne,https://commons.cwrc.ca/orlando:9720c520-76d3-45bb-a77b-6cffd4e1e788
Historical Sketches of the Reign of George II,https://commons.cwrc.ca/orlando:3c322247-b2a7-44e1-a661-d48b967bed74
History of Anthony Waring,https://commons.cwrc.ca/orlando:b830a046-c096-40f4-bfce-6918547bab2e
History of Brazil,https://commons.cwrc.ca/orlando:c6faae85-ea12-4525-83e2-099b5644ba63
History of Christian Names,https://commons.cwrc.ca/orlando:fc040805-ed68-4b52-b71b-08f94519959b
History of the Jews in England,https://commons.cwrc.ca/orlando:b2c127a8-8c95-426c-aa59-05cfa8b115b7
"History of the Rise, Progress and Termination of the American Revolution",https://commons.cwrc.ca/orlando:23914995-434d-4b43-995c-7a434260836f
History of the Zulu War and Its Origin,https://commons.cwrc.ca/orlando:69b18d3e-a3cd-4adf-862e-64de123070fe
Hoard,https://commons.cwrc.ca/orlando:262ce19b-394b-4434-a304-21b79e51cfaf
Hodgson's Universal Valentine Writer for the Current Year,https://commons.cwrc.ca/orlando:b9b121c4-7cd9-4e3f-941e-db58dbed3a7a
Hold Fast By Your Sundays,https://commons.cwrc.ca/orlando:986215ce-3464-499e-a305-83fda6578261
Holding Pattern,https://commons.cwrc.ca/orlando:217c413f-c311-4bec-ab3a-db0a3a11a38f
Holidays in Eastern France,https://commons.cwrc.ca/orlando:ce348d47-bb24-4666-b19e-21ff39d381fc
Hollywood,https://commons.cwrc.ca/orlando:eba6fb1b-bcda-4b33-9abc-b01c7644f826
Holman Hunt,https://commons.cwrc.ca/orlando:56f3d685-eaa5-4772-802e-9a278f948d7c
Homage to Catalonia,https://commons.cwrc.ca/orlando:d8485fb0-b613-4fd2-b9c5-5f3192df6fbc
Home,https://commons.cwrc.ca/orlando:8c0a5d14-9464-4e3c-b793-5835fa0e6200
Home for the Holidays,https://commons.cwrc.ca/orlando:b15c8097-7044-4fee-b988-2b95e860f564
Home Influence,https://commons.cwrc.ca/orlando:3f27dd6a-dbf3-43c0-bb36-3387d065d160
Home Sketches and Foreign Recollections,https://commons.cwrc.ca/orlando:3137da3d-238d-477f-bab1-c0abd353ee0b
Home Thoughts and Home Scenes,https://commons.cwrc.ca/orlando:490d18f2-8876-4fab-bd05-7f22faf213c3
Home Truths,https://commons.cwrc.ca/orlando:089d4017-e5ea-435b-860b-f653adb18d2f
Homecoming,https://commons.cwrc.ca/orlando:b6a1abd5-cc97-42ea-8951-08868492e83d
Homely Ballads for the Working Man's Fireside,https://commons.cwrc.ca/orlando:c6f29042-d908-435f-91eb-21e8cd36bde0
Homing In: Selected Local Poems,https://commons.cwrc.ca/orlando:916cc695-8bf9-454b-9498-8225b0ab17d3
Honey,https://commons.cwrc.ca/orlando:f91fec30-63a3-4dec-b1d0-4caf74039b8b
Honeyball Farm,https://commons.cwrc.ca/orlando:5a70e351-300e-410a-8c8e-7dae07405bf3
Honeycomb,https://commons.cwrc.ca/orlando:a6d13843-bff6-4d39-b35e-3584c828fb7b
Hoodie,https://commons.cwrc.ca/orlando:14410537-4dbf-4e5f-8196-ce00bece9353
Hope Against Hope and Other Stories,https://commons.cwrc.ca/orlando:37380c39-ac9b-4add-98e2-a8a1acbb1367
Hope Leslie,https://commons.cwrc.ca/orlando:6ce18f2e-eeb5-4017-9315-a0c5e06ec191
Hopkins: Nature and Human Nature,https://commons.cwrc.ca/orlando:5aa2abea-f1cf-4219-a07a-0e8d6f7fdb32
Horace,https://commons.cwrc.ca/orlando:46f4624d-c852-4dc0-8ded-fb8d238018a6
"Hortensia; or, The Distressed Wife",https://commons.cwrc.ca/orlando:c0bfdc44-18c3-48c8-a674-bfe3c453bf35
Hospital Sketches,https://commons.cwrc.ca/orlando:7b3e1577-4258-407c-a476-f0305ae5b281
Hospital Statistics,https://commons.cwrc.ca/orlando:9e898ce2-da41-45f8-a03b-ca0c92baf597
Hot Water Man,https://commons.cwrc.ca/orlando:9698af46-aebd-4d19-a777-ad37c88f3a78
Hotel de Dream,https://commons.cwrc.ca/orlando:f22407d6-e295-41fc-91fb-10c0efebd0b9
Hotel du Lac,https://commons.cwrc.ca/orlando:1a8c648c-eb6c-450f-83a8-da81ff1da9f0
Hotel World,https://commons.cwrc.ca/orlando:704edf26-e460-4837-8547-946b1d9917db
"Hours of Affluence, and Days of Indigence",https://commons.cwrc.ca/orlando:148c2dbf-88dc-41c2-8466-a9acea3c726e
House of All Nations,https://commons.cwrc.ca/orlando:db319679-0236-4530-b915-104c35a1548d
House of Changes,https://commons.cwrc.ca/orlando:e4bdc64d-60d3-4cb6-8e58-08270c4c0734
House of Orphans,https://commons.cwrc.ca/orlando:43373992-dd59-4781-ad9f-93e540b86d65
House of Splendid Isolation,https://commons.cwrc.ca/orlando:04c4ea02-9b4a-42e9-a072-7fa044f2c6e8
Household Education,https://commons.cwrc.ca/orlando:5375aa2a-598f-4477-b7f1-8f4040c2da0a
Household Words,https://commons.cwrc.ca/orlando:4d2a4ea9-77e6-4b0e-b297-fcab8006988c
Houses and History,https://commons.cwrc.ca/orlando:e164057d-7705-4220-9e91-db39707e34f3
Housespy,https://commons.cwrc.ca/orlando:d0c005bd-3eec-4baf-8fbf-a15d24dd1de3
How and Why,https://commons.cwrc.ca/orlando:ce115dd5-532b-40ef-89e6-5e4150c4c4e1
How Do I Love Thee,https://commons.cwrc.ca/orlando:a6e00eab-aa89-4059-bfe2-81f1e7dc14a2
How do you Pronounce Nulliparous?,https://commons.cwrc.ca/orlando:73b5a185-2d9d-4ee3-8b49-66652ad5c6d9
"How I Became a Holy Mother, and Other Stories",https://commons.cwrc.ca/orlando:625aeef1-5c34-459d-9651-bbc64d40762a
How I Grew,https://commons.cwrc.ca/orlando:425b1b73-14b2-467b-8db3-f53c154bdd37
How It All Began,https://commons.cwrc.ca/orlando:08fc513b-8e9d-497c-a930-5b1c4c5e3974
How May I Speak in My Own Voice? Language and the Forbidden,https://commons.cwrc.ca/orlando:7d383479-0e17-4787-8870-91bb2664a32e
How People May Live and Not Die in India,https://commons.cwrc.ca/orlando:8bbd77cf-2e75-4822-b6ce-7809e8f3ae58
How the Labourer Lives,https://commons.cwrc.ca/orlando:4965d03b-d642-4074-b230-05caaf857996
How the Vote Was Won,https://commons.cwrc.ca/orlando:cdb34018-9071-4b7d-8121-1c145631c116
How To Be Both,https://commons.cwrc.ca/orlando:6d970c3f-6147-4df4-9f27-76a72cfd1f39
How to Grow Food,https://commons.cwrc.ca/orlando:7be1b39c-b95e-4ea4-964a-445ce7c3d363
How to Measure a Cow,https://commons.cwrc.ca/orlando:7316e676-5119-48b7-a7ff-a1228be62d8d
How to Observe. Morals and Manners,https://commons.cwrc.ca/orlando:f0577277-ac3b-43ed-9803-0ac46ae7120a
How to Provide for Superfluous Women,https://commons.cwrc.ca/orlando:16e99515-2f0d-4ec0-962e-3b6cfee3bc25
Howards End,https://commons.cwrc.ca/orlando:71a4f495-cfaa-4929-b646-4596a4250f3f
Hugh Selwyn Mauberley,https://commons.cwrc.ca/orlando:6529fc07-4f41-4302-9775-cd3c301a7c7d
Human Chain,https://commons.cwrc.ca/orlando:5f0bb17c-6120-4601-8754-1063d56011f4
Human Voices,https://commons.cwrc.ca/orlando:5579e741-d3c2-42aa-8326-0acc98a7143d
Humiliation with Honour,https://commons.cwrc.ca/orlando:15b98a12-19d7-42da-a90c-66794f43ba82
Humility,https://commons.cwrc.ca/orlando:27ae358b-4438-4b38-ba33-ccb27394d7cb
Humming Bird,https://commons.cwrc.ca/orlando:5691b5fe-a5d6-4cd9-8fa7-7a262c6dccdf
Hungarian Tales,https://commons.cwrc.ca/orlando:3c31dd87-3d23-4000-ad16-1507ee2cc709
Hunger,https://commons.cwrc.ca/orlando:78897166-eb38-4274-a196-b65fd508004a
"Huntsman, What Quarry?",https://commons.cwrc.ca/orlando:ac384965-1e7b-4872-8d6a-9eb4200a578f
Hurrish,https://commons.cwrc.ca/orlando:79697fa5-a158-42f6-b04d-117b8923dad5
Hymen,https://commons.cwrc.ca/orlando:30c6b3c6-4916-4344-8c34-98a690abd9c7
Hymns and Anthems,https://commons.cwrc.ca/orlando:70c33100-cd43-470a-bcb3-b77131138468
Hymns and Fireside Verses,https://commons.cwrc.ca/orlando:c48671df-4599-4b50-90b6-6bbcf9748751
Hymns and Meditations,https://commons.cwrc.ca/orlando:5d0fce28-2748-4702-96a7-36bf3f5329c5
Hymns and Poems,https://commons.cwrc.ca/orlando:5195f739-89d1-4d9b-a37b-42f775d8f633
Hymns and Songs for the Christian Church and Poems,https://commons.cwrc.ca/orlando:bb2464cc-09ff-4aa4-b878-69846c48b7a4
Hymns for Infant Minds,https://commons.cwrc.ca/orlando:52846cfe-365f-45c6-bdd2-03a4086fac79
Hymns for Little Children,https://commons.cwrc.ca/orlando:9478562f-78f8-412c-a1c6-4b5214e5734b
Hymns in Prose for Children,https://commons.cwrc.ca/orlando:4cea2197-c691-4b47-9f67-bb96e7946f82
I Came Out of France,https://commons.cwrc.ca/orlando:a2eaff62-2b3f-4458-ba6a-d1a9a164f8f1
I Find Four People,https://commons.cwrc.ca/orlando:d80ac32d-8ef4-45fe-a7f5-b3cc9d172fdf
"I Go by Sea, I Go by Land",https://commons.cwrc.ca/orlando:0cce44c6-ca8c-4c13-9239-05ffc5728313
i is a long memoried woman,https://commons.cwrc.ca/orlando:73c5f914-c3fb-49f0-b54b-0bbee47a6444
I Know My Own Heart,https://commons.cwrc.ca/orlando:c08d2ded-7948-4c47-9856-79bd64b68084
I Love My Love,https://commons.cwrc.ca/orlando:a5b71849-1ce3-49ce-a7a6-ef8b4bec3896
I Love Myself When I Am Laughing . . . And Then Again When I Am Looking Mean and Impressive: A Zora Neale Hurston Reader,https://commons.cwrc.ca/orlando:50fd1439-abc0-4720-8e78-6968bcf63454
I Ordered a Table for Six,https://commons.cwrc.ca/orlando:45038d89-f3ca-487d-bdc0-994c316dd274
I Pose,https://commons.cwrc.ca/orlando:46e58c34-98a5-4a5b-9b99-18a60627329a
I Seek the Miraculous,https://commons.cwrc.ca/orlando:ba5b0776-cd2a-40e9-8e0a-18d9bfacb6ad
I Sent a Letter to My Love,https://commons.cwrc.ca/orlando:fe5d1686-892b-4d17-a93f-5d2659d9ee20
I Should Have Been a Hornby Train,https://commons.cwrc.ca/orlando:ccd27bc3-5b36-443c-90c6-3935e34fc9ac
I Too Am Here: Selections from the Letters of Jane Welsh Carlyle,https://commons.cwrc.ca/orlando:92150e9d-e7c6-454b-b998-1f3d34d6c83c
I Want to Go to Moscow,https://commons.cwrc.ca/orlando:fb684220-a69d-427f-8efd-27d90d5be72d
I Watched the Heavens,https://commons.cwrc.ca/orlando:ef1ab160-38f5-492c-9baa-efa65fc756bf
"I, Too, Have Lived in Arcadia",https://commons.cwrc.ca/orlando:ef3bfba1-52eb-4f31-8085-aae6b5326616
I'll Never Be Young Again,https://commons.cwrc.ca/orlando:d985d64f-2ecc-4316-b4e2-6501d988a856
I'm Starved for You,https://commons.cwrc.ca/orlando:9735f590-60a4-4717-8431-80e39046b50d
I'm the King of the Castle,https://commons.cwrc.ca/orlando:b404cc2c-8202-43a9-9d8e-6c8b187c71c5
Ianthé,https://commons.cwrc.ca/orlando:8ad7c39c-737b-4f90-8f51-91327a0c4b91
"Ibrahim, The Thirteenth Emperour of the Turks",https://commons.cwrc.ca/orlando:426db960-22e1-47bc-8fdc-9dce76bfc85c
Ice,https://commons.cwrc.ca/orlando:e8fe6665-4f73-4a03-a979-a780fe2cc71d
Ice Cream,https://commons.cwrc.ca/orlando:e2740122-367b-4714-8d83-b955ae30a00b
Ice Road,https://commons.cwrc.ca/orlando:938d2f38-6156-4c62-b174-78e1f09138da
Id's Hospit,https://commons.cwrc.ca/orlando:2505d5f6-d59e-4220-a7b0-9df1010dc6ae
Ida,https://commons.cwrc.ca/orlando:64489734-8394-43be-91d9-da30835ccfbb
Ida Craven,https://commons.cwrc.ca/orlando:04da6b8f-b96c-431f-b572-a6007589d93f
Idalia,https://commons.cwrc.ca/orlando:276a743f-0126-4490-a7bc-5a6ca429e75a
Idle Tales,https://commons.cwrc.ca/orlando:03437153-27a9-4c09-af24-a54996698dae
Idols in the Heart,https://commons.cwrc.ca/orlando:5dbb7245-c4d1-4151-96ba-233b1e76af9a
Idols of Clay,https://commons.cwrc.ca/orlando:ec5767eb-f964-4d0a-a82f-7e7ccd25d5f5
IDP,https://commons.cwrc.ca/orlando:25b67b31-9ecb-4ad6-baea-2ebdf7d52997
Idylls of Womanhood,https://commons.cwrc.ca/orlando:9b6e0c5a-a469-4e93-8a1e-7711220f14d7
If I Don't Know,https://commons.cwrc.ca/orlando:a8f627e6-01a5-46c7-b123-160f48da9e06
Ignatia,https://commons.cwrc.ca/orlando:548eecde-0056-4077-bf55-1ef975cbbbce
Illumination and Night Glare,https://commons.cwrc.ca/orlando:68f7c2e3-d6a0-45dd-bfca-bdb3775adfaa
Illuminations,https://commons.cwrc.ca/orlando:8bc74b28-92a5-401b-8e2c-b9229e7f8748
"Illustrations of Lying, in all its Branches",https://commons.cwrc.ca/orlando:33f78ef1-b6d9-451e-a403-97a7424469cf
Illustrations of Political Economy,https://commons.cwrc.ca/orlando:e6850dc8-0777-45f4-abd5-8e9ff2ef3c42
Illustrious Irishwomen,https://commons.cwrc.ca/orlando:faaf8644-7f68-4411-b0c5-2459f6614529
Illyrian Spring,https://commons.cwrc.ca/orlando:d96330c3-06cd-4f49-a500-cb7ecd3011a5
Images of Africa,https://commons.cwrc.ca/orlando:7ced4130-5d41-41fa-a4ee-67db25e9746f
Imaginary Letters,https://commons.cwrc.ca/orlando:887a1815-ea52-4805-8376-ba774624b5c1
Imagined Corners,https://commons.cwrc.ca/orlando:87c12b4e-a6e3-49d0-a2fa-42f30cb79f64
Imagined Selves,https://commons.cwrc.ca/orlando:ab5b1a61-7996-44b7-bd13-4e3ce0b9ae1b
Impartial Reflections on the Present Situation of the Queen of France,https://commons.cwrc.ca/orlando:95467acb-4ba3-443e-a15d-f60cec57c566
Imperial Palace,https://commons.cwrc.ca/orlando:4cbcd0bb-cb73-4383-bc1b-0affdbd1198f
Imperial Woman,https://commons.cwrc.ca/orlando:0db124f5-f6f1-40f3-ad59-08d7991af6c2
Impossible Saints,https://commons.cwrc.ca/orlando:c70b6f03-d3c8-4d2f-b98a-b4b82d7fefd0
Impressions of Theophrastus Such,https://commons.cwrc.ca/orlando:2288e8e1-6949-4c53-b9bd-db09cb75d807
Impressions that Remained,https://commons.cwrc.ca/orlando:2e55086d-092f-4a65-845e-97eb2b0eca22
In a Café,https://commons.cwrc.ca/orlando:091f84d7-da69-46f9-9baf-b8640fb0e1d8
In a Dark Wood,https://commons.cwrc.ca/orlando:e29cdb61-a40c-4341-854c-ff6cbc081867
In a Day,https://commons.cwrc.ca/orlando:7ca457c0-de55-417e-a6fe-67a1999369d2
In a German Pension,https://commons.cwrc.ca/orlando:a69cb7ad-954d-4589-a1ca-758b42f7cdc6
In a Green Eye,https://commons.cwrc.ca/orlando:b854960a-c285-4b58-921e-95e6dfbb6419
In a Green Shade,https://commons.cwrc.ca/orlando:1b3f1206-782b-4c1d-8be1-fdfda4f70213
In a Summer Season,https://commons.cwrc.ca/orlando:7b73a5d6-f6c0-4c9b-953c-85daf74b7a81
In a Time of Violence,https://commons.cwrc.ca/orlando:c2db3350-0f95-43b4-8a8b-a64ca831f3f8
In a Walled Garden,https://commons.cwrc.ca/orlando:e3e271a9-ed73-4c17-a31e-264f5242adb9
In America To-Day,https://commons.cwrc.ca/orlando:2d4cd7e3-c759-4a25-9df5-57760c55ef10
In Chancery,https://commons.cwrc.ca/orlando:f8954c33-055c-465d-923d-99969bf9e5d1
In Colston's Days,https://commons.cwrc.ca/orlando:2fd6136f-d951-4e70-94fd-44608487a522
In Connection with the De Willoughby Claim,https://commons.cwrc.ca/orlando:1f58566e-7b19-4f81-b5ec-14853c8d5083
In Custody,https://commons.cwrc.ca/orlando:7519ac27-c467-4de5-8e49-1aca4bfcf03c
In Cyclops' Cave,https://commons.cwrc.ca/orlando:2a231584-1055-494d-aeb2-de8044dffd4c
In Defence of Children,https://commons.cwrc.ca/orlando:50fefcd8-73e6-4759-89af-327dc0e7833d
In Duty Bound,https://commons.cwrc.ca/orlando:50a8b5d2-1f84-4d43-81d2-a19e15e60686
In Ethiopia with a Mule,https://commons.cwrc.ca/orlando:4fab9bc9-4591-4d4c-92e4-0c0fb552a023
In Exchange for a Soul,https://commons.cwrc.ca/orlando:df4fa7c0-7696-4305-8e9a-277c21ed89fb
In Fifty Years,https://commons.cwrc.ca/orlando:3e15a2f6-0506-4225-aa3a-6f22b4d694ca
In Her Own Image,https://commons.cwrc.ca/orlando:a3a781ff-4735-4ac8-a9af-1a452ce806a2
In His Own Hand,https://commons.cwrc.ca/orlando:b673dec2-75ac-4a0d-8874-0ca65fc5a194
In Memoriam,https://commons.cwrc.ca/orlando:0401d8c4-c82c-4fe7-9b1e-a06a4eee38a9
In Memoriam: Harriet Meuricoffre,https://commons.cwrc.ca/orlando:427f3672-6244-421c-bc33-4a4ecc30b560
In Noah's Ark,https://commons.cwrc.ca/orlando:4ab8a010-16cd-40ce-84c1-1da0118987e6
In Old Madras,https://commons.cwrc.ca/orlando:340cf6f3-daa7-4d19-bfb0-0cbe8729969f
In Other Worlds: SF and the Human Imagination,https://commons.cwrc.ca/orlando:42f6ec55-6758-4f19-9c08-4ef5c4288df0
In Search of Love and Beauty,https://commons.cwrc.ca/orlando:5a1b89e6-25be-4fa2-8b13-543d34a26674
In Spite of All,https://commons.cwrc.ca/orlando:6f97a4ba-c02a-4967-a14a-e4014ae83aab
In That Sense You Touched It,https://commons.cwrc.ca/orlando:a0f9df64-ddd6-48a2-aa9d-8b1037bdda4a
In the Dark,https://commons.cwrc.ca/orlando:d5f89abc-3794-4dfd-9565-fb84359d3abf
In the East Country with Sir Thomas Browne,https://commons.cwrc.ca/orlando:cdff7fbb-1fe8-4245-9840-ce04f9d8438e
In the Forest,https://commons.cwrc.ca/orlando:d71a14a9-ab94-4d78-8940-e13d345cdea3
In the Guardianship of God,https://commons.cwrc.ca/orlando:6c08621d-f07b-4814-880d-e6f51ce18898
In the Land of Misfortune,https://commons.cwrc.ca/orlando:5315d31c-0de4-4644-a116-ba6b72ef1abe
In the Long Run,https://commons.cwrc.ca/orlando:1d30ade8-a610-4323-95fd-43989876baf7
In the Meantime,https://commons.cwrc.ca/orlando:2b7fbf7a-2492-4d45-8ef2-b4260d05b256
In the Middle of the Fields and Other Stories,https://commons.cwrc.ca/orlando:1f8fb262-6e92-4d2a-958e-1af8f3239d4d
In the Mountains,https://commons.cwrc.ca/orlando:aa1f8c23-e27f-47d7-bf72-01455f2e040f
In the Orchard—Poems with Birds,https://commons.cwrc.ca/orlando:05a94ad5-acb2-4044-ab35-157e76e19260
In the Red Kitchen,https://commons.cwrc.ca/orlando:7201dbba-819e-4347-9105-80c6e75901c4
In the Second Year,https://commons.cwrc.ca/orlando:93d69927-b2a9-40e7-9526-be0669ae65bc
In the Seven Woods,https://commons.cwrc.ca/orlando:238005ca-a882-4d6c-b606-b9496ea82fa7
In the Shadow of the Glen,https://commons.cwrc.ca/orlando:6dc58f61-8764-4808-a04d-280be24ae89f
In the Skin House,https://commons.cwrc.ca/orlando:d649bf9d-da0a-44f6-9430-c2aabef9414b
In the Springtime of the Year,https://commons.cwrc.ca/orlando:cd0f130a-c252-4ffb-a528-62e25f4e7af1
In the Teeth of the Evidence,https://commons.cwrc.ca/orlando:a2d17deb-19ca-4f18-9653-6cd6789cb984
"In the Trades, the Tropics, and the Roaring Forties",https://commons.cwrc.ca/orlando:37a89d16-9492-40bd-a7c1-8e0ac4605331
In the Women's Prison,https://commons.cwrc.ca/orlando:288816c5-b5d1-4e81-bb0e-5a6656416c78
In This Our World,https://commons.cwrc.ca/orlando:90208cc7-ba87-43e5-95fa-2c0c7cabdb7c
In Transit,https://commons.cwrc.ca/orlando:4ac63437-c2c5-4239-8a5f-8bc4fce8a8ea
In Varying Moods,https://commons.cwrc.ca/orlando:540924ea-1d84-4fa6-82f8-160ae4f520f8
"In War Time, Poems",https://commons.cwrc.ca/orlando:a41b910c-2d0d-4003-a6a5-15046a469143
In Your Blossoming Flower-Garden,https://commons.cwrc.ca/orlando:cb0a7e17-7842-4436-be8f-69ca91730a90
In Your Garden,https://commons.cwrc.ca/orlando:19c77c50-d231-4313-b542-449ec48bbb67
In Your Garden Again,https://commons.cwrc.ca/orlando:02cadcba-e0d3-4cca-9d65-bcd7d1b91869
Ina,https://commons.cwrc.ca/orlando:a7fa9bec-4d64-40e1-b002-75b73fe0e18f
Incidents from Phippy's Schooldays,https://commons.cwrc.ca/orlando:d1af4bd3-8517-4591-8733-fad3bf5d20bf
Incidents in the Life of a Slave Girl,https://commons.cwrc.ca/orlando:8d9d52f4-13a9-4841-9f56-fccd6153bd98
Incidents in the Rue Laugier,https://commons.cwrc.ca/orlando:8527293d-813d-4476-9660-c270f22ffda9
Incidents Involving Warmth,https://commons.cwrc.ca/orlando:318dd60d-d81c-42ed-9fba-3eb99ff550ff
Independence,https://commons.cwrc.ca/orlando:12d83d10-92d7-4efa-9e15-765261cd087a
Index Radiographia,https://commons.cwrc.ca/orlando:325c337d-aaba-405d-b2a7-515dd4e1a51c
India and the Earthly Paradise,https://commons.cwrc.ca/orlando:56a48d50-ee5e-4f45-b56a-ba0a39380cfc
India of the Princes,https://commons.cwrc.ca/orlando:6ff116f8-2225-4cc1-962c-a68e68c2821e
India Seen Afar,https://commons.cwrc.ca/orlando:74b56c07-6e6f-489c-b971-7c8bc40cc0f0
Indian Love,https://commons.cwrc.ca/orlando:5f546728-0ae8-45a2-8f62-cf8d710da24e
Indian Snapshots,https://commons.cwrc.ca/orlando:cd0d531a-ef26-4ba1-a102-68b032a1c992
Indiana,https://commons.cwrc.ca/orlando:61fc245d-f97b-4432-8c87-7e22b09f3eb0
"Indigo; or, Mapping the Waters",https://commons.cwrc.ca/orlando:fd2173b5-197c-41dd-9e50-01e29e3a9c3a
Indissoluble Matrimony,https://commons.cwrc.ca/orlando:4c3a2ad6-d943-4c51-b70a-228efd00a8d8
Indolence: A Poem,https://commons.cwrc.ca/orlando:2f2a23de-586b-4d5b-8d89-2d365b72869f
Induction and Deduction,https://commons.cwrc.ca/orlando:c0ae1513-9b4d-4630-afd5-2e1216c26001
Industrial Women and How to Help Them,https://commons.cwrc.ca/orlando:f5e77e54-3978-4738-9e7d-2ee1fc631210
indwelling,https://commons.cwrc.ca/orlando:f302044f-e211-4a3b-adfd-83306d9955ce
Inez de Castro,https://commons.cwrc.ca/orlando:4c026717-209b-41fb-b315-fbe6844bcb85
Infant Seamstresses,https://commons.cwrc.ca/orlando:de5fc3a2-7679-4d07-8dbd-99f13d3c377b
Infatuation,https://commons.cwrc.ca/orlando:406cb290-580e-4671-b2a8-63623a2bf72c
Inheritance,https://commons.cwrc.ca/orlando:df689c44-8332-4f10-a032-91eb84d12ac6
Injury Time,https://commons.cwrc.ca/orlando:96fd8819-e321-49a1-beab-b37b8bfc359a
Innocence,https://commons.cwrc.ca/orlando:a786a2d8-82d2-4301-90ff-f5792f969674
Innocent Blood,https://commons.cwrc.ca/orlando:31fa6ca0-05d3-434f-a7af-b97d6c0bec8d
Instead of a Letter,https://commons.cwrc.ca/orlando:c983c7d6-d0d8-40b5-bd12-105d2c6bf99c
Instead of the Thorn,https://commons.cwrc.ca/orlando:cd1139a8-e6a5-4963-b00f-4b17b4ace9ef
Instructions for Playing on the Musical Glasses,https://commons.cwrc.ca/orlando:3b0f4487-6f5e-4598-8877-38d2c53ac651
Instructive Anecdotes for Youth,https://commons.cwrc.ca/orlando:1b0e57a3-0dbc-434f-b2e2-ff2c7bdfb39d
"Instructive Hints, in Easy Lessons for Children",https://commons.cwrc.ca/orlando:df667361-1be6-4be4-af4d-64c3c3199e3f
Integrity,https://commons.cwrc.ca/orlando:cd3042e2-e51a-40ac-9923-dac7017b8dae
Intellectual Education and Its Influence on the Character and Happiness of Women,https://commons.cwrc.ca/orlando:9c7f7e50-e617-4a56-a6f6-35554291f673
Interference,https://commons.cwrc.ca/orlando:522532f1-9b45-4ea4-8a72-394866d0887c
Interim,https://commons.cwrc.ca/orlando:9e338e93-f5ce-4cb8-a02f-dd5ddd922c19
Interlunar,https://commons.cwrc.ca/orlando:3e13580a-637d-4bbf-a6e8-13c4bb7167c6
Internal Revelation the Source of Saving Knowledge,https://commons.cwrc.ca/orlando:b8254083-5412-40fe-9b35-e2199e0d83af
Interplay,https://commons.cwrc.ca/orlando:968b4b7e-2354-4d3d-8f5e-3cba41fd6026
Into the Dangerous World: Some Reflections on Childhood and its Costs,https://commons.cwrc.ca/orlando:742f564a-65b8-4b21-b24a-6f88f7d7c9de
Introductory Essay,https://commons.cwrc.ca/orlando:a4f54b8d-3071-4a61-a5e2-af3e48899682
Introductory Papers on Dante,https://commons.cwrc.ca/orlando:c88dbad4-fad7-4234-bc03-d61c9e943003
Introductory Studies in Greek Art,https://commons.cwrc.ca/orlando:6fa3f0a4-f7df-471d-8017-0dba8d4c7ab0
Invisible Author: Last Essays,https://commons.cwrc.ca/orlando:b1f9bc2c-9698-4e42-85b8-038833e5cf03
Invitation to the Waltz,https://commons.cwrc.ca/orlando:c282323c-22b3-4188-befa-c95200b5db54
Ione,https://commons.cwrc.ca/orlando:9cd3bc28-b3de-49ba-a12b-4cf8d6c1062c
Ionia: A Quest,https://commons.cwrc.ca/orlando:fe0131a8-2d0a-4434-bd74-e59fcdfaa35c
Ireland,https://commons.cwrc.ca/orlando:79f04092-4235-4560-ad47-d520584bcf0a
Ireland's Crisis,https://commons.cwrc.ca/orlando:48036128-6a10-40c3-9901-fb3d8d2c25f1
Irene Iddesleigh,https://commons.cwrc.ca/orlando:fe67fcce-6c55-48f2-a005-1195f2da1d09
Irish Folk-History Plays,https://commons.cwrc.ca/orlando:743ed61b-55c4-4b77-ada6-294db5c78065
Irish History for English Readers,https://commons.cwrc.ca/orlando:9e5a568a-0afd-414c-90ab-1b6d6c5b49ad
Irish Housekeeping and Irish Customs in the Last Century,https://commons.cwrc.ca/orlando:a76e4306-5ece-402b-b9d5-5c6d7d5fa3b4
Irish Poems,https://commons.cwrc.ca/orlando:41ab3224-dacc-4ad6-a326-6dd12ff06aa2
Irish Stories,https://commons.cwrc.ca/orlando:8f36dd79-7009-406f-ad34-b5f7e968be17
"Irish Stories, Humorous and Tragic",https://commons.cwrc.ca/orlando:ee2b6faf-7fd4-402a-9a39-daa24d291ffd
Irish Women: Image and Achievement,https://commons.cwrc.ca/orlando:6fe198e7-4304-4986-a8c1-dfab7ca65e9b
Irremediable,https://commons.cwrc.ca/orlando:f7c9d963-c343-4248-bb12-33e1ba9eb11f
Irresistibly,https://commons.cwrc.ca/orlando:961fcc0a-2761-4c6c-8afd-6c9c8a9ba3f9
Is an International Language Possible?,https://commons.cwrc.ca/orlando:5307d40a-7b13-4cdf-a790-52d78aad6626
Is She a Lady? A Problem in Autobiography,https://commons.cwrc.ca/orlando:085b88ff-a072-4560-9748-af2a0d858ccc
Is the Exercise of the Suffrage Unfeminine?,https://commons.cwrc.ca/orlando:8ee5b708-cefe-4f3a-8a81-751802d56810
Is There Anything You Want?,https://commons.cwrc.ca/orlando:36130981-fa16-48d7-9ad0-f24ba58f5373
Is Woman's Place in the Home?,https://commons.cwrc.ca/orlando:ffa95fc2-bed1-472b-8a77-b4255d65466d
Isabella,https://commons.cwrc.ca/orlando:3472d78f-d154-4b3c-9cb4-e30942bcd1c3
Isabella. An Orphan Jilted,https://commons.cwrc.ca/orlando:10de896a-b9ae-43b0-8046-f94e0b064b2a
Iseulte,https://commons.cwrc.ca/orlando:8de394c0-ab3a-4095-b1e4-99af71b019a1
Ishmael,https://commons.cwrc.ca/orlando:f5aedaab-5fda-4217-956f-ace4eae770c1
Island Magic,https://commons.cwrc.ca/orlando:bc957f9f-251e-4ff6-aa42-b8d15157a1a0
Islands in the Sun,https://commons.cwrc.ca/orlando:f0d4d2bb-583e-43bf-8e25-1bfdc6cfd118
Ismay's Children,https://commons.cwrc.ca/orlando:4ff39a13-0338-422b-bba2-cdfb9942ce07
Isola,https://commons.cwrc.ca/orlando:e033b61d-78c3-454a-858d-097262a76b99
It Ends with Revelations,https://commons.cwrc.ca/orlando:bfd7b0e7-4b21-491b-8e0c-f311ddff6000
It's a Bigger Life,https://commons.cwrc.ca/orlando:dfe3ea54-ba53-48f8-b073-b828cf66f152
Italian Peepshow,https://commons.cwrc.ca/orlando:1fc113da-622e-4b04-bb67-d7ef36fcf965
Italian Stories,https://commons.cwrc.ca/orlando:99757238-d636-497c-a613-41365f20f468
Italian Vengeance and English Forbearance. A Romance,https://commons.cwrc.ca/orlando:89fbe1b7-6755-495b-97b6-627290c86994
"Italics: Brief Notes on Politics, People, and Places in Italy, in 1864",https://commons.cwrc.ca/orlando:3bb08ad3-c887-4a39-b5f5-a44dc08c3b56
Italy,https://commons.cwrc.ca/orlando:a48e827c-0fee-4bcc-81b6-3e8b36848be0
Iva Kildare,https://commons.cwrc.ca/orlando:c7ae2c73-a606-4b14-aedc-39710af12813
Ivanhoe,https://commons.cwrc.ca/orlando:fa94be7f-d715-4275-9f24-dd7f351163b1
Ivy Leaves,https://commons.cwrc.ca/orlando:3369f8e0-a74e-4e8d-97b6-edc6d234e486
IX. Poems by V.,https://commons.cwrc.ca/orlando:34e20d4b-1ab4-42a1-8001-01e25ba8230e
"Izra, A Child of Solitude",https://commons.cwrc.ca/orlando:aac2b7b4-2fcf-4efc-8e85-9bd042ef8647
J. A. Dominique Ingres,https://commons.cwrc.ca/orlando:8c59ec18-e57b-476a-968f-ac0ac3b4ba47
J'aime à toi: esquisse d'une félicité dans l'histoire,https://commons.cwrc.ca/orlando:9d067a8d-c3a7-4e17-a00b-fe76db06abad
Jack Frost and Betty Snow,https://commons.cwrc.ca/orlando:3e9a0f89-5b69-4ba5-a61f-4ee2548d545e
Jack Raymond,https://commons.cwrc.ca/orlando:27989c98-ea48-4fd0-a5cf-88f9b6cfb79f
Jackson's Dilemma,https://commons.cwrc.ca/orlando:686972a2-4f79-4910-ad83-17da3d845dc7
Jacob Ussher,https://commons.cwrc.ca/orlando:0d1cc238-f190-4f82-8b90-cfd7f10bae8b
Jacob's Room,https://commons.cwrc.ca/orlando:e2cf6219-8ea7-4903-bb03-482dfde18c1c
Jacques,https://commons.cwrc.ca/orlando:3e3162b1-977d-45b1-ac41-853c83f3c9a2
Jacta Alea Est,https://commons.cwrc.ca/orlando:e8624a3b-7d41-4d85-9470-0c1af17f4ecb
Jamaica Inn,https://commons.cwrc.ca/orlando:f4e0e088-ed34-45e4-89b8-8048729d7f39
"James Hepburn, Free Church Minister",https://commons.cwrc.ca/orlando:63fa21d1-02ac-4d10-8df2-40ba70c50c7b
James Joyce,https://commons.cwrc.ca/orlando:6578f8cc-6049-448f-859b-c6627056f5c8
Jamesie,https://commons.cwrc.ca/orlando:d1d0b229-512b-449b-a10c-f1343e82a737
Jane,https://commons.cwrc.ca/orlando:b1dee355-dca7-4c6d-b6fd-94a1dc5f9aca
Jane and Prudence,https://commons.cwrc.ca/orlando:4556583d-1692-457c-b0fe-a74ff3fe3001
Jane Austen and Her Works,https://commons.cwrc.ca/orlando:ab2124ef-c0c4-4891-b31e-facb2fdb6942
"Jane Austen, 1775-1817",https://commons.cwrc.ca/orlando:c4aca2c0-f50b-4546-8044-f0b59bbcaf43
Jane Eyre,https://commons.cwrc.ca/orlando:2801dd89-7791-4f8b-a0a7-57e115af1113
Jane Welsh Carlyle: A New Selection of Her Letters,https://commons.cwrc.ca/orlando:c7bd3c69-d75d-44c4-8c2a-069a8ac83903
"Jane Welsh Carlyle: Letters to Her Family, 1839-1863",https://commons.cwrc.ca/orlando:8d5c7dcd-2319-47f4-9d5a-da6426cc7f7a
Janet Doncaster,https://commons.cwrc.ca/orlando:7bf03d72-8912-40db-9229-35351e70c2ca
"Janet, One of Many",https://commons.cwrc.ca/orlando:226eb108-25c3-42f3-9160-3a3c1e576637
Janet's Home,https://commons.cwrc.ca/orlando:76fa538e-e6d0-4ed9-b26f-23d1f6544c82
Jaquelina of Hainault: an Historical Novel,https://commons.cwrc.ca/orlando:d0190b89-1840-45b6-bee7-1096f19b99d2
Jasmine Leigh,https://commons.cwrc.ca/orlando:7542763d-99d2-49e2-81c7-ec8f7f526308
Jazz,https://commons.cwrc.ca/orlando:8f08a032-36ab-43bb-a23e-f1339926d17f
Je me souviens,https://commons.cwrc.ca/orlando:5dbbe46b-0997-4e1f-aba4-b15572b3027d
Je ne parle pas français,https://commons.cwrc.ca/orlando:82c8dc9f-62ee-4f20-a799-902c3bf8125d
"Je, tu, nous: pour une culture de la différence",https://commons.cwrc.ca/orlando:f43da01a-5320-4e18-8e00-084d71c426f4
Jeanne d'Arc; Her Life and Death,https://commons.cwrc.ca/orlando:17af855b-eddf-452c-8fda-3252ee7671e5
Jefferson's Garden,https://commons.cwrc.ca/orlando:ee7592ff-7abe-4c42-b741-40b4c1f9b6c5
Jemima Shore's First Case and Other Stories,https://commons.cwrc.ca/orlando:937581de-5218-411b-8439-8cf90aabdee9
Jenny Wren,https://commons.cwrc.ca/orlando:e67ce9e3-bc8a-4d95-b1e4-cb135a268117
Jericho,https://commons.cwrc.ca/orlando:ba9f0a5f-c20a-46a8-82da-5945fb2aa38d
Jerusalem the Golden,https://commons.cwrc.ca/orlando:55981d16-9997-47bc-b816-264bff975c9e
"Jesse, Kohl, and Sterling on Russia",https://commons.cwrc.ca/orlando:b27f3978-787c-4e43-aeef-b5fa7db5b01b
Jessica's First Prayer,https://commons.cwrc.ca/orlando:3c0f8811-0350-466d-b429-3ad3e9b55b53
Jessie Phillips,https://commons.cwrc.ca/orlando:de163fda-c68c-49bb-a29e-ad5cca87afd3
Jezebel,https://commons.cwrc.ca/orlando:5c7dfedc-8503-49eb-829c-a71c58cb0ae8
Jig-Saw,https://commons.cwrc.ca/orlando:d4c46fe2-65d6-4edf-8fbf-39fea9732dea
Jigsaw,https://commons.cwrc.ca/orlando:6f8934c5-5279-403c-b4fe-0b08de740358
Jill and Jack,https://commons.cwrc.ca/orlando:9466c2ae-62e6-4613-9714-93dea0dca526
Jinny Blake,https://commons.cwrc.ca/orlando:d1b5ea25-85f5-40b3-b6ac-5bae842cb462
Joan of Arc,https://commons.cwrc.ca/orlando:a0f05ad9-495a-44ec-9fb9-489474e1b98c
"Joan of Arc and the Times of Charles the Seventh, King of France",https://commons.cwrc.ca/orlando:b394c384-a260-4877-819f-1d423e1e4c67
Joan of Arc: The Image of Female Heroism,https://commons.cwrc.ca/orlando:60907cd3-425d-46b3-8d8c-bff41ad39c86
Joan the Maid,https://commons.cwrc.ca/orlando:fe337591-ca98-4c8d-ad18-ba84b877c484
Joanna Godden,https://commons.cwrc.ca/orlando:eeeea6d7-c1d7-4c55-ac98-6258e5ceb2e7
Jocelyn,https://commons.cwrc.ca/orlando:829857a4-bd46-44e9-a4dc-8d7b289d37ee
Jock with Mousie,https://commons.cwrc.ca/orlando:232108e4-b472-46dc-a02f-98d180ac55ed
Johanna,https://commons.cwrc.ca/orlando:35e4a90a-29c8-4041-a103-4a9c7a8029bb
John Austen and the Inseparables,https://commons.cwrc.ca/orlando:cf95c88a-0e26-48ac-ad9e-e4c29fff1094
John Gabriel Borkman,https://commons.cwrc.ca/orlando:b847f1d7-d8d5-4112-9840-3a9ce0c4a261
John Greswold,https://commons.cwrc.ca/orlando:94e65906-2964-4b50-b160-c93ae63aabdf
John Hopkins's Notions on Political Economy,https://commons.cwrc.ca/orlando:843b873b-7559-4403-9415-cddc1624d3ef
John Marchmont's Legacy,https://commons.cwrc.ca/orlando:6193b1a1-9af2-4b6b-8b5a-cb8c1c22d0b3
John Masefield,https://commons.cwrc.ca/orlando:6fbd57ce-af76-42d5-b1cb-638ed2bc0697
John Ruskin,https://commons.cwrc.ca/orlando:88818502-ca32-4e49-bd99-66cabc528a38
John Stuart Mill,https://commons.cwrc.ca/orlando:a56fb049-ea9c-4965-a6b0-5c4c8afda52d
John Wesley and the Evangelical Reaction of the Eighteenth Century,https://commons.cwrc.ca/orlando:f0275ffb-4214-4ca2-9725-3bdf1a77ce17
Johnny Delaney,https://commons.cwrc.ca/orlando:9dc53511-8b77-4487-be3b-db8ee1d8f003
Johnny Panic and the Bible of Dreams,https://commons.cwrc.ca/orlando:073ea4c5-297c-4df0-8946-2d3f57f2a7ba
Joining Charles and Other Stories,https://commons.cwrc.ca/orlando:28960527-b8e2-4da3-9d5b-052709b03dd5
Jonah's Gourd Vine,https://commons.cwrc.ca/orlando:450fa1b6-dee9-41fa-8049-a6454647951e
Jonas Sylvester,https://commons.cwrc.ca/orlando:445e0086-9513-4915-a733-02a6125f0f49
"Joscelina; or, The Rewards of Benevolence",https://commons.cwrc.ca/orlando:770b1841-8b0a-42d5-9436-47eb80c0eeb6
Joseph,https://commons.cwrc.ca/orlando:fdd4acbe-72a5-4312-96b0-fc9d6ec9deab
Joseph in Jeopardy,https://commons.cwrc.ca/orlando:bd27cc93-5b31-43bf-b1a4-c029f703fa39
Joseph Lister,https://commons.cwrc.ca/orlando:7fc37564-1cc3-42e5-87a1-4fea64f69718
Josephine E. Butler: An Autobiographical Memoir,https://commons.cwrc.ca/orlando:419685c5-5e7e-4b5b-aa71-d86e84dc9161
"Josephine, Empress of France",https://commons.cwrc.ca/orlando:ef039fd1-1492-4501-8677-2ea9c77d1161
Joshua Haggard's Daughter,https://commons.cwrc.ca/orlando:caa4e525-4960-433f-ad9e-2ac935624250
Jottings from My Journal,https://commons.cwrc.ca/orlando:4b0ab3ec-bfcc-4940-b0f7-75fc637a030d
Journal of a Residence in India,https://commons.cwrc.ca/orlando:8a4908bd-0f14-4115-a5b1-4a0369863880
Journal of a Residence on a Georgian Plantation in 1838-1839,https://commons.cwrc.ca/orlando:c547b939-2c35-48d5-be38-fa670c986c22
Journal of Emily Shore,https://commons.cwrc.ca/orlando:a98e72da-d4ab-44c9-91e0-36b7feef392a
Journal of F.A. Butler,https://commons.cwrc.ca/orlando:6edb1deb-d1e6-45d7-adef-91943a3c7491
Journal of Katherine Mansfield,https://commons.cwrc.ca/orlando:a7a4eb8e-8d14-4537-a12b-967f229dce59
Journal of My Life during the French Revolution,https://commons.cwrc.ca/orlando:56c7feb3-44f7-47fd-ba41-ce04f22a6886
Journal of the Heart,https://commons.cwrc.ca/orlando:e94ce79c-8225-4c7b-99c2-00371668c69c
Journals,https://commons.cwrc.ca/orlando:e6c784a4-9a5c-41ef-8b96-21438b79a68e
Journals and Letters,https://commons.cwrc.ca/orlando:9e8b09d6-3b21-46dc-90c8-26c612f82809
Journey through the Crimea to Constantinople,https://commons.cwrc.ca/orlando:fac5cf1f-68fb-45af-bdd2-c94b300e7e49
Journey to a War,https://commons.cwrc.ca/orlando:3953261b-3e1c-463b-b5bc-74612cce3e04
Journey to Nowhere,https://commons.cwrc.ca/orlando:711b1aa8-41d8-4118-b36b-dd8e3d9e92dd
Journey to Paradise,https://commons.cwrc.ca/orlando:6730cc8b-ca50-4481-8619-b6e9608d40a0
Journey with a Purpose,https://commons.cwrc.ca/orlando:7f3a7b87-08d8-4f01-9f44-3a9f7b5d67cc
Journeys in Persia and Kurdistan,https://commons.cwrc.ca/orlando:90f5e0bb-6a56-42e4-a8cf-8800eecb657d
Joy and Josephine,https://commons.cwrc.ca/orlando:0e486e14-2154-4902-857e-778da610895c
"Joy; or, The Light of Cold-Home Ford",https://commons.cwrc.ca/orlando:ab7ad59b-192a-4f27-aef0-0eee2c77a354
Judah's Lion,https://commons.cwrc.ca/orlando:564bc955-d33d-40d7-a5b4-15427f5fcaae
Judasland,https://commons.cwrc.ca/orlando:e9cadf79-4b86-4988-9d0e-d281499c0d8a
Jude the Obscure,https://commons.cwrc.ca/orlando:56c2ae0b-5bb0-412a-8d30-6c3fabb0940e
Julia,https://commons.cwrc.ca/orlando:c0311cd9-98fa-43d1-963e-caf9e6fa8d9f
"Julia and the Bazooka, and Other Stories",https://commons.cwrc.ca/orlando:2cee51d5-4cc5-400c-b6e5-156f426d5308
Julia de Gramont,https://commons.cwrc.ca/orlando:98c9a492-2b1d-4c29-a56c-851fac26a676
Julia Howard,https://commons.cwrc.ca/orlando:643a7a98-6237-42e6-9fc2-9a5dbeb57c7a
Julia in Ireland,https://commons.cwrc.ca/orlando:72d1fde1-5755-4b38-b468-ba3dd4b6875e
Julia: A Portrait of Julia Strachey,https://commons.cwrc.ca/orlando:af6172bc-802d-49af-8034-6f613dc5d7e0
Julian,https://commons.cwrc.ca/orlando:6f039168-bd52-49af-89b3-639e3a97a352
July's People,https://commons.cwrc.ca/orlando:8ffb038c-613d-4ccb-b9c6-788056869c27
Jupiter's Daughters,https://commons.cwrc.ca/orlando:eeb7e444-e5fd-40a3-a77f-d7d61dcacc41
Just,https://commons.cwrc.ca/orlando:cbdb054a-5786-4333-8682-3cc340bdbb30
Just After Midnight,https://commons.cwrc.ca/orlando:ec42b3a4-aeed-416d-9456-cc3261b63ff2
Just Like a Lady,https://commons.cwrc.ca/orlando:c048212b-7288-4b64-ac91-9f8983b4d230
Just Like the Resurrection,https://commons.cwrc.ca/orlando:9ef5b09c-821e-40d4-b708-eb59f27b5a59
Justice of the Heart,https://commons.cwrc.ca/orlando:460a13a0-1160-4cf4-b624-f82da4db2401
Justice Walk,https://commons.cwrc.ca/orlando:33834cb6-8e6d-460f-8433-3d51a3e19af9
Jutland,https://commons.cwrc.ca/orlando:c364c99f-8724-471b-9951-94c3197a58db
Jutland Cottage,https://commons.cwrc.ca/orlando:f1a72023-bcc4-41fc-99ca-ec952bcecb02
Juvenile Indiscretions,https://commons.cwrc.ca/orlando:373b8595-148f-42c9-8ae8-30bcd8239ecc
Kartography,https://commons.cwrc.ca/orlando:e5c57365-b6ba-4a9d-821d-30c3fb564dce
Kate and Emma,https://commons.cwrc.ca/orlando:c7b6ee05-97fd-4840-a87d-f9a5831fed73
Kate Hannigan,https://commons.cwrc.ca/orlando:8568c022-6668-4426-a00b-d0416a69b24c
Kate Vernon,https://commons.cwrc.ca/orlando:98325182-4bbe-4c9b-888d-8b2e5ace0c2b
Katharine Ashton,https://commons.cwrc.ca/orlando:aa5a9724-14b2-4484-b859-4b1acaf523b8
"Katharine, the Virgin Widow",https://commons.cwrc.ca/orlando:b5ba2f9c-1e00-43f7-82a8-fff896efbd90
Katherine Frensham,https://commons.cwrc.ca/orlando:f077db83-beed-49d6-a9a9-13bb2d9006ef
Kathleen,https://commons.cwrc.ca/orlando:023a2f94-422e-4d8a-a03f-f7dd6c484044
Katie Mulholland,https://commons.cwrc.ca/orlando:ed108a3e-4d68-4403-bcb8-b387408c5b49
Katie Roche,https://commons.cwrc.ca/orlando:5f0bf079-82c4-4394-91f8-8bfc20407805
Katie Stewart,https://commons.cwrc.ca/orlando:802e31c2-c34b-4cd6-80bf-b976dbb21c7b
Katty the Flash,https://commons.cwrc.ca/orlando:6bbe61ab-09bb-44e6-8e09-436d972a1141
Keep the Aspidistra Flying,https://commons.cwrc.ca/orlando:1d490a20-0983-4c1f-b101-1ea6d22c1bc7
Kehinde,https://commons.cwrc.ca/orlando:fdf1a93b-257e-480b-98e8-1d17ecd6a867
Kenilworth,https://commons.cwrc.ca/orlando:3d700972-9f5e-43da-a7ef-5a6e4299b0e1
Kew Gardens,https://commons.cwrc.ca/orlando:95e36cd3-c90d-4240-8955-2e00a20de10c
Khaki,https://commons.cwrc.ca/orlando:7c8de0e0-7a73-47a8-a6c1-5677c4e8d205
Kif,https://commons.cwrc.ca/orlando:247bf4cf-09dc-4d7e-b865-b5aee70a205b
Killer Dolphin,https://commons.cwrc.ca/orlando:d50bcd0b-117f-4788-a6e2-9f5d2af5343b
Kilmeny of the Orchard,https://commons.cwrc.ca/orlando:eeffc389-a01a-4116-8147-9cc2958cefb3
Kim,https://commons.cwrc.ca/orlando:51ec8cec-99fc-4c50-b896-ab093b80f009
Kincora,https://commons.cwrc.ca/orlando:0b55d744-562b-4dec-aeec-b9c8666fb7ca
Kindness to Animals,https://commons.cwrc.ca/orlando:ef61b5c4-b4b9-44a3-b6b4-4b19f949d2d8
King Arthur: Not a Love Story,https://commons.cwrc.ca/orlando:c1cf4f4f-3416-4510-b9b3-ebc35d7ac887
"King James VI of Scotland, I of England",https://commons.cwrc.ca/orlando:08aa60b2-ecff-410b-91f7-1e69c5a89b4e
"King O'Neil; or, The Irish Brigade",https://commons.cwrc.ca/orlando:3d6ec6f1-fea9-4060-953f-c7df6aa0c260
King-Errant,https://commons.cwrc.ca/orlando:5e72a731-aa91-4b47-91d1-372b83f2a3fb
King's Daughter,https://commons.cwrc.ca/orlando:9ee52a79-d28d-43e6-9e6d-8d166ac25166
Kingdom Come,https://commons.cwrc.ca/orlando:c069ab53-1373-49e7-992b-31c2f52cb6e3
Kingfishers Catch Fire,https://commons.cwrc.ca/orlando:c5f2e7f0-7e20-4c6f-a839-fb8f7098451b
Kingscote Essays and Poems,https://commons.cwrc.ca/orlando:7d9613d2-0b70-4e7b-b787-a59881e7f1c2
Kingscote Stories,https://commons.cwrc.ca/orlando:f0383371-fa62-4ca2-9976-49961e3ac905
Kirsteen: A Story of a Scotch Family Seventy Years Ago,https://commons.cwrc.ca/orlando:90d41ce9-5521-4544-87c6-cdf551dc2aac
Kirstie's Witnesses,https://commons.cwrc.ca/orlando:0f543d0d-963e-451b-9016-1de2af4d33fe
Kisses for Mayakovsky,https://commons.cwrc.ca/orlando:b14942a3-8446-4fae-af3b-3479516ad9d0
Kissing the Gunner's Daughter,https://commons.cwrc.ca/orlando:8cd1ca62-1cd9-48b4-bc35-47c275e0d318
Kissing the Rod,https://commons.cwrc.ca/orlando:3063fc67-a8df-4f1a-8824-b959ae75f981
Kitchen Fugue,https://commons.cwrc.ca/orlando:a9c2dc2f-4c43-4b5d-86e1-e7e78f86f614
Kith and Kin,https://commons.cwrc.ca/orlando:712064e9-3523-4739-8193-079ae1f7d960
Kitty,https://commons.cwrc.ca/orlando:183329e5-587c-4c9c-bd14-b54a3c1986e0
Kitty Costello,https://commons.cwrc.ca/orlando:cfd76102-bada-40bc-80e8-dc8550dfe4cf
Kitty Leslie at the Sea,https://commons.cwrc.ca/orlando:e6709e87-9608-417a-9867-311a112fd7f0
Kitty Tailleur,https://commons.cwrc.ca/orlando:69ab6ecb-bbed-421a-a692-9e4ec045e8f7
Knife Edge,https://commons.cwrc.ca/orlando:151e8bd6-a23c-4a7f-90d8-f6605822ce3f
Knight's Fee,https://commons.cwrc.ca/orlando:b33b25e7-83e9-4972-a433-1d5a711a9965
Knole and the Sackvilles,https://commons.cwrc.ca/orlando:f4f02374-e04a-4adf-aa99-c4883e8482d9
Konek Landing,https://commons.cwrc.ca/orlando:d9bff73c-326d-4736-992a-e691a446fd21
Krapp's Last Tape,https://commons.cwrc.ca/orlando:1c839624-aa68-4767-8f12-1d558f1f82be
L'Atalante,https://commons.cwrc.ca/orlando:d8a06527-5bcf-4ea9-b812-180a560a6abc
L'Entrave,https://commons.cwrc.ca/orlando:6e155b99-cca8-4848-972a-e61e7258b243
L'Entretien des Beaux Esprits,https://commons.cwrc.ca/orlando:cecf934c-9d33-4c42-a9b6-eb693abac7bd
L'heptameron,https://commons.cwrc.ca/orlando:de7745dc-acea-4653-b1e7-0d25e998ee86
L'Iliade d'Homère,https://commons.cwrc.ca/orlando:f7e147e2-373f-4706-9393-e2bf48f78887
L'Irlande Libre,https://commons.cwrc.ca/orlando:ecd65e08-2209-46a2-b452-1accf84c68bc
L'Odyssée d'Homère,https://commons.cwrc.ca/orlando:4a91ed4b-20f0-4f66-bc3f-e31fdba520c6
La belle France,https://commons.cwrc.ca/orlando:edf8e988-bada-4543-ae8d-82da8e2286c8
La comtesse de Rudolstadt,https://commons.cwrc.ca/orlando:9f520450-0038-4cf7-98ba-05fc85b5c9a3
La Dame ovale,https://commons.cwrc.ca/orlando:2ed8727f-90a9-4dd4-868f-bf02fc572287
La Démocratie anglaise en guerre,https://commons.cwrc.ca/orlando:2a57484d-b36c-4970-ab31-041f32e80a50
La famille du duc de Popoli,https://commons.cwrc.ca/orlando:bc488d56-548c-42fa-91ee-01b76fabfb15
La Jeune née,https://commons.cwrc.ca/orlando:9cd07e46-da6e-4929-a58c-6e2d6c8a8248
La Maison de Claudine,https://commons.cwrc.ca/orlando:c3d05b18-bede-4f8a-aeb8-5ef3dbc94a7e
La mare au diable,https://commons.cwrc.ca/orlando:b5010816-4e91-4a4e-bbe7-725669b0a5e8
La petite Fadette,https://commons.cwrc.ca/orlando:e1448d56-4122-4c40-be79-da2561492bf9
La petite Madelaine,https://commons.cwrc.ca/orlando:7ab99cf6-b98b-4ff5-b5a4-24de029347fc
La princesse de Clèves,https://commons.cwrc.ca/orlando:aebcf911-97a8-4927-866d-426224173e2d
La princesse de Montpensier,https://commons.cwrc.ca/orlando:d72e23bb-1156-4750-b15e-4d15af284f17
La Retraite Sentimentale,https://commons.cwrc.ca/orlando:853e71f0-1e59-4303-8e5f-93fbedb0d676
La Rire de la Méduse,https://commons.cwrc.ca/orlando:249f7314-5ac9-41cd-8cb7-856d2e5d6fa7
La Vagabonde,https://commons.cwrc.ca/orlando:405e4d02-ac3a-4503-997c-f0cdec79b3fb
Labour and Wait,https://commons.cwrc.ca/orlando:3da8fc34-256e-49f9-8451-1824d6face83
Lad's Love,https://commons.cwrc.ca/orlando:999987a6-d532-4ea9-85c5-7253f25a9309
Ladies Almanack,https://commons.cwrc.ca/orlando:cddb63e6-54a9-4594-a879-c74f95c60727
Ladies and Gentlemen in Victorian Fiction,https://commons.cwrc.ca/orlando:981e0d01-abae-44fe-85e6-0e3c6074cf19
"Ladies Home, 90, Harley Street",https://commons.cwrc.ca/orlando:fe58a385-93a8-430d-b297-cc3593e8ac47
Ladies' Bane,https://commons.cwrc.ca/orlando:8a0c20a1-f1d2-4921-8dc6-fbc76af1025e
Lady Anne Granard,https://commons.cwrc.ca/orlando:05089c13-22c7-427a-a2da-26f8b99d8106
Lady Audley's Secret,https://commons.cwrc.ca/orlando:705b8b21-2e50-4f42-81d7-d34708974b2d
Lady Betty,https://commons.cwrc.ca/orlando:46f33351-99c7-42a0-b356-4fbd40ba27d8
Lady Byron Vindicated,https://commons.cwrc.ca/orlando:0d0d8c6e-ba81-462f-9913-c83424a318f4
Lady Car; The Sequel of a Life,https://commons.cwrc.ca/orlando:c60b4612-f9c5-46b1-ac70-bbfc8a39e0a9
Lady Catherine's Necklace,https://commons.cwrc.ca/orlando:3ee35dc5-d9a6-4cad-a925-d727d36db366
Lady Chatterley's Confession,https://commons.cwrc.ca/orlando:2e3af85d-3b7d-49e2-ab5e-ad4c87d4ca2f
Lady Connie,https://commons.cwrc.ca/orlando:28ef11b7-7240-473b-9f63-c0f291068c48
Lady Geraldine's Speech,https://commons.cwrc.ca/orlando:f1615096-db40-4634-b5c9-95778e77b38e
"Lady Grace, and Other Stories",https://commons.cwrc.ca/orlando:4de08920-daae-497d-ba3a-db341c0037dd
Lady Gregory's Journals,https://commons.cwrc.ca/orlando:a4c88bdb-50fd-400c-89ff-d72a0f559586
Lady Gresham's Fête,https://commons.cwrc.ca/orlando:43ad6a2d-65ea-4e13-adf2-68731e42545a
"Lady Jane Grey; Inez, or, The Bride of Portugal",https://commons.cwrc.ca/orlando:b0b923f9-0304-4dac-aba8-dcfe1f4d33f5
Lady Maclairn,https://commons.cwrc.ca/orlando:2cb19ac4-7a0f-4704-86e5-f8c7fa74bfbb
Lady Mary Wortley Montagu and Her Times,https://commons.cwrc.ca/orlando:a8414369-fd94-4e84-8b4a-0b973811b4c7
Lady Molly of Scotland Yard,https://commons.cwrc.ca/orlando:fe33b8e6-09ec-4ee9-a664-9adeee0897f0
Lady Morgan's Memoirs,https://commons.cwrc.ca/orlando:6e0db9ab-9500-4e5c-b13b-6a5300614811
Lady of Quality,https://commons.cwrc.ca/orlando:ea9e3d6c-b897-4458-ac8a-198f8fbca91b
Lady Oracle,https://commons.cwrc.ca/orlando:39c3e9b9-45ff-465a-8eb0-c52c193e1de0
Lady Rose's Daughter,https://commons.cwrc.ca/orlando:ed1fc0bb-4bad-42d1-a8e8-672e3b9d728c
Lady Travellers,https://commons.cwrc.ca/orlando:d09f8c60-583c-434a-b731-c3f0228af7f6
Lady Wallace's Address to the Margate Volunteers,https://commons.cwrc.ca/orlando:667388e6-2e56-4e2d-a6d3-ec1a4354cf01
"Lady, What of Life?",https://commons.cwrc.ca/orlando:b204b9f9-73ba-46c1-86b3-d77ca910f211
Lady's Holm,https://commons.cwrc.ca/orlando:6d9af42d-3474-400b-8b71-7aa32b978d91
Lady's Maid,https://commons.cwrc.ca/orlando:8a65a9ef-fa0c-46bb-b9b9-2325cec48ea0
Lake and Labyrinth,https://commons.cwrc.ca/orlando:8e55e8cf-2ed5-437b-a81e-13ccee5729ce
Lament for Democracy,https://commons.cwrc.ca/orlando:84473c5c-63e7-4321-a190-f0c765df4396
Land from the Waters,https://commons.cwrc.ca/orlando:92298526-4d97-45dd-8a9a-40c5546210fd
Landlocked,https://commons.cwrc.ca/orlando:fe40d5ae-13c3-4f3a-ba37-7ac466c2d9ec
Landscape with Figures,https://commons.cwrc.ca/orlando:9c95b8a3-e60e-4f82-99c3-983d3204dfe3
Landscapes and Departures,https://commons.cwrc.ca/orlando:546e7e43-8c04-4306-84bf-df645a8497de
"Langston Hughes, American Poet",https://commons.cwrc.ca/orlando:80a6f6c6-973d-4eb4-8670-426d595484ef
Language and Materialism,https://commons.cwrc.ca/orlando:81e23426-5481-4180-ae79-3079e5e221a9
"Lapsed, But Not Lost",https://commons.cwrc.ca/orlando:575e0f64-6d32-49d7-a5a3-7181df88d4d4
Lara,https://commons.cwrc.ca/orlando:11b82b95-dd82-4ee6-b319-d91199366007
Lark Rise,https://commons.cwrc.ca/orlando:4302efac-a841-4460-a591-9937f4c22ff9
Lark Rise to Candleford,https://commons.cwrc.ca/orlando:66a6f27d-b305-4273-8532-334d85413edb
Larry's Party,https://commons.cwrc.ca/orlando:73acd7dc-6ba9-47b7-949e-fcac284ab4a8
Lasselia,https://commons.cwrc.ca/orlando:94db0a68-2acb-411e-8a88-30fe3834c99f
Last Chance Country: A Crime Novel,https://commons.cwrc.ca/orlando:ae516d21-03ce-48db-98ab-67036ee19a76
Last Friends,https://commons.cwrc.ca/orlando:de9fca3f-4881-4a7b-b661-ae50a011fc5f
Last Letters from Hav,https://commons.cwrc.ca/orlando:d8cc9926-d43e-4fd6-bc60-cf1ee78d9663
Last Movement,https://commons.cwrc.ca/orlando:3eeaf082-1f95-4807-9e11-09689fcd4cc9
Last Poems and Two Plays,https://commons.cwrc.ca/orlando:19de23ad-8a64-43f0-9285-835232b11536
Last Post,https://commons.cwrc.ca/orlando:92033fd9-c9f3-4b65-8612-9a6a83eb27fd
Last Tales,https://commons.cwrc.ca/orlando:6b01160c-aafc-4d40-bba0-70a52b3c3677
Last Words to Girls on Life in School and After School,https://commons.cwrc.ca/orlando:f7b8f01f-50bb-40b8-b963-dde7ddad55d5
Last Year When I Was Young,https://commons.cwrc.ca/orlando:18cb4a18-f17f-4488-a692-224b7626d8a3
Late and Soon,https://commons.cwrc.ca/orlando:ae6d8f95-1426-4b8e-b274-a8c09e0da0e9
Late in the Afternoon,https://commons.cwrc.ca/orlando:a5794a16-fb65-40ba-a5dc-a7b9238b9ed4
Late Songs,https://commons.cwrc.ca/orlando:7d753055-04f9-4b36-8d5d-f2835cc98b79
Later Lyrics,https://commons.cwrc.ca/orlando:a800afe8-73de-40e4-b8a0-5564072c7f15
"Later Poems: Selected and New, 1971-2012",https://commons.cwrc.ca/orlando:49a7646c-3bab-4d0e-9fce-81603635f7ab
Latter Howe,https://commons.cwrc.ca/orlando:9caf92cf-9406-4c95-b30f-a50d212072e0
Latterday Symphony,https://commons.cwrc.ca/orlando:84c782b7-51cf-4b98-b6e7-8b0e643c6f86
Laughing Gas and Safety Lamp,https://commons.cwrc.ca/orlando:01cad176-a50c-4cc5-a6c2-3c6efa9290da
Laughing Torso,https://commons.cwrc.ca/orlando:1da71694-0a8b-4fcd-894a-3f2079e6635d
Laura and Francisca,https://commons.cwrc.ca/orlando:706215a9-bc74-4456-bf7b-b453af723482
Lavinia,https://commons.cwrc.ca/orlando:852407ef-b888-4161-b181-a6f725ad1acf
Lawrence and Brett,https://commons.cwrc.ca/orlando:26596b07-564b-416d-9aa9-509fd547772b
Lays and Ballads from English History,https://commons.cwrc.ca/orlando:70f277d8-3d1e-46d2-b2a3-be009bad6a0d
Lays and Legends,https://commons.cwrc.ca/orlando:d7c7f4fd-5905-4ec0-9233-51712e2a4497
Lays and Legends Illustrative of English Life,https://commons.cwrc.ca/orlando:f3225d13-56cb-40e9-8dad-cb3ae1b13c21
Lays for the Dead,https://commons.cwrc.ca/orlando:b7832dd2-9ce1-434a-bf0f-8a154666345a
Lays of the 'True North' and Other Canadian Poems,https://commons.cwrc.ca/orlando:3c1eb99a-d1b1-42f6-833a-da8c5df0c922
Le Cornet acoustique,https://commons.cwrc.ca/orlando:3b36e570-bba6-496f-8b41-dc820dc0a7b2
Le deuxième sexe,https://commons.cwrc.ca/orlando:20d14ddd-67e3-4477-a04a-d660e5e3dd3a
Le journal de Mademoiselle d'Arvers,https://commons.cwrc.ca/orlando:5a764047-0afd-425a-adfc-9fc4152ed289
Le Langage des déments,https://commons.cwrc.ca/orlando:9437052c-7544-42e9-aa74-8ac5a70825c9
Le miroir de l'âme pécheresse,https://commons.cwrc.ca/orlando:10a21a1c-90b5-4666-b8e2-f40cf36c42cb
Le plus beau de toutes les fêtes,https://commons.cwrc.ca/orlando:0c133817-f55e-4a8f-a9b4-474566418d9b
Le puits de solitude,https://commons.cwrc.ca/orlando:58e50c17-bf35-448a-b5a1-523eeb349ce5
Le tour de France,https://commons.cwrc.ca/orlando:ea8b736f-537d-4daa-924b-d6b7a20a6dfd
Leader of the Band,https://commons.cwrc.ca/orlando:30bdd5c5-448f-4ffc-927c-6adc0e97e537
Leaflets,https://commons.cwrc.ca/orlando:de85722f-4625-4ddb-8404-e5b7a350295b
Learn to Love First,https://commons.cwrc.ca/orlando:dcff139a-724a-4575-b444-4c0caf5d7e38
Learning to Make an Oud in Nazareth,https://commons.cwrc.ca/orlando:81ff4944-857c-4d25-ab98-3dd07a0dfd96
Learning to Talk,https://commons.cwrc.ca/orlando:dc6d8c2a-6417-4b0e-885a-fb171ec9ecb4
Leaves from the Backwoods,https://commons.cwrc.ca/orlando:338048de-6f2f-42ff-b9cc-455286f69895
"Leaves from the Unpublished Journals, Letters and Poems of Charlotte Elliott",https://commons.cwrc.ca/orlando:61a77ae4-e5f8-4b91-ad84-3dbaf3076f0f
Lectures on Natural Philosophy,https://commons.cwrc.ca/orlando:a4dd282b-2ca0-4b93-a93a-2d1faafac3f7
Left to Themselves,https://commons.cwrc.ca/orlando:85638800-0e88-4a3d-9147-f1bd9aa30deb
Legacy of Love,https://commons.cwrc.ca/orlando:9d467d37-ef43-4325-87c6-036173ea251c
Legend,https://commons.cwrc.ca/orlando:9cf3ff21-24b4-46e6-9fbe-c138c1b7c7aa
Legends and Lyrics,https://commons.cwrc.ca/orlando:663fd6d9-c0ef-4522-90d8-4feae24daade
Legends of Vancouver,https://commons.cwrc.ca/orlando:a43e499d-763d-443d-885c-46a550469f80
Leisure Hours,https://commons.cwrc.ca/orlando:168aeac1-89d4-4f1b-a363-1dbb7569943b
Leisured Women,https://commons.cwrc.ca/orlando:74bce485-efaa-4bae-b0d3-604e028263de
"Leith Sands, and Other Short Plays",https://commons.cwrc.ca/orlando:eb99bc35-053c-4123-9eed-bc466cb1b0b8
Lélia,https://commons.cwrc.ca/orlando:ceac6047-543a-4252-a83a-9f310a556364
Leonora,https://commons.cwrc.ca/orlando:09bb65cd-578b-4d86-b688-8204fcbfb6e3
Leonore Stubbs,https://commons.cwrc.ca/orlando:0c71703e-929a-4a64-b1b0-269a7e63eae6
Les aventures d'une pièce de monnaie,https://commons.cwrc.ca/orlando:22c09e27-c246-4e3d-8ca1-62628bab0f1f
Les Exiléz de la Cour d'Auguste,https://commons.cwrc.ca/orlando:f494ffa3-80e4-469e-b796-69f9a87e5a51
Les faux-monnayeurs,https://commons.cwrc.ca/orlando:94c6f0da-4ef0-410c-bbab-ab450449724f
Les mandarins,https://commons.cwrc.ca/orlando:570ab8d4-d495-4185-827f-fe800b3885d2
Les nouvelles maladies de l'âme,https://commons.cwrc.ca/orlando:924f1854-ac52-4b0e-beb9-e3798b0bccbe
Les samouraïs,https://commons.cwrc.ca/orlando:2f09fcaa-592e-47fa-b2ec-cb1475168941
Les veillées du château,https://commons.cwrc.ca/orlando:439b01cb-98c5-4bb5-8426-61300597616b
Lesley's Guardians,https://commons.cwrc.ca/orlando:f74c8ccf-367d-48dd-b5e3-5420a37d3f67
Leslie Tyrrell,https://commons.cwrc.ca/orlando:09bfeb09-74e1-4aa3-bfca-a1ba6d9e75fe
Leslyn in London,https://commons.cwrc.ca/orlando:19c1668f-2947-4b57-a035-8652e9463d41
Less Than Angels,https://commons.cwrc.ca/orlando:cad5f44e-9f3c-475e-a258-ba782ea98575
Less than the Dust,https://commons.cwrc.ca/orlando:6f091c80-2118-4102-bbb1-30063bea8f33
Lessons for Children,https://commons.cwrc.ca/orlando:59f110e2-8671-40da-8818-7ebd0b287007
Let Me Alone,https://commons.cwrc.ca/orlando:89953ac1-a1cd-4675-8d01-d5c4a9b788df
Let Me Make Myself Plain: A Personal Anthology,https://commons.cwrc.ca/orlando:b12d4c37-8f4f-4d51-888c-fffe89f1a0c5
Let's Have Some Poetry!,https://commons.cwrc.ca/orlando:50cc0973-c7f2-4336-8822-c12095e1e0e2
Let's Pretend,https://commons.cwrc.ca/orlando:a79d8ac5-5ec8-4968-8686-6ad98cceb0e2
Lethal White,https://commons.cwrc.ca/orlando:c47062f5-2ca1-440d-a6c8-9767343e4e9f
Leto's Flight,https://commons.cwrc.ca/orlando:8fab412e-05b8-4ecb-9915-510a69d07107
Letter,https://commons.cwrc.ca/orlando:9ea16361-d036-45cc-9a64-53b69f7e4709
Letter from a Far Country,https://commons.cwrc.ca/orlando:6f14104b-e47f-4fca-8d8a-a568fd61df8f
Letter from England,https://commons.cwrc.ca/orlando:05bb1cb7-c9af-4ad0-81fe-fcf1d1b927c7
Letter from Paris,https://commons.cwrc.ca/orlando:1f5c04b7-9f67-40f6-9b2b-787dbbc7a6c9
Letter to a New-born Child,https://commons.cwrc.ca/orlando:4caddc5f-3591-441e-a3e0-fff81aec3fd3
Letter to a Parish Priest,https://commons.cwrc.ca/orlando:a03e3fb5-fe9e-4823-aa79-e7e5522d8f3b
Letter to a Sister,https://commons.cwrc.ca/orlando:308d67b7-c250-47fb-a3f8-de7808d0e958
Letter to be Sent by Air,https://commons.cwrc.ca/orlando:5a439005-7213-4782-b0f2-4e963b8afb99
Letter to Cardinal Wiseman,https://commons.cwrc.ca/orlando:2f9723cc-b2d0-49b2-b671-4121b5c10556
Letter to Sister Benedicta,https://commons.cwrc.ca/orlando:12c159d6-cf00-4a81-ace5-874fbaae0fe4
Letters Addressed to Two Young Married Ladies,https://commons.cwrc.ca/orlando:37ff2e2a-fe55-49cf-bb11-44f62d983d09
Letters and Memorials of Jane Welsh Carlyle,https://commons.cwrc.ca/orlando:80c2ce83-a9be-4ee8-9995-c1be89a8b642
Letters and Recollections of Mazzini,https://commons.cwrc.ca/orlando:5eff416b-1179-4b52-97f9-149c7ccad005
Letters Between Emilia and Harriet,https://commons.cwrc.ca/orlando:5fa963b4-c48c-46f3-a54d-dc43edc00f87
Letters Concerning the Love of God,https://commons.cwrc.ca/orlando:4c436176-39a9-48eb-afcf-0121ece2dc4a
Letters for Literary Ladies,https://commons.cwrc.ca/orlando:614cdd2c-1b88-4551-b99f-ba042b23a1e4
Letters from a Lady of Quality to a Chevalier,https://commons.cwrc.ca/orlando:d22abb1c-afb1-4694-8de8-f94fc732da06
Letters from a Modern Daughter to her Mother,https://commons.cwrc.ca/orlando:675c760b-d485-4d96-b735-42324da3279c
"Letters from Africa, 1914-1931",https://commons.cwrc.ca/orlando:1ddf60b7-9878-48ac-ba5f-fc119df7ea00
Letters from America,https://commons.cwrc.ca/orlando:33788cf2-25e7-4b60-8967-04e1e3820753
Letters from France Containing Many New Anecdotes,https://commons.cwrc.ca/orlando:6bb8b54b-dc5b-4ad9-a88f-433d60921c67
"Letters from France, Containing a Great Variety of Interesting and Original Information",https://commons.cwrc.ca/orlando:25e232c9-36c4-4d69-b550-920bfc5b1c71
Letters from Iceland,https://commons.cwrc.ca/orlando:c44c7c1c-8572-465b-8e9f-6bf4e4466bd4
Letters from India,https://commons.cwrc.ca/orlando:6e419781-1c45-499b-9256-48a5bdcdf50d
Letters from Ireland,https://commons.cwrc.ca/orlando:254755ce-3c5b-4922-bd87-71e86e0194e1
Letters from Italy,https://commons.cwrc.ca/orlando:8234849e-140f-4152-83e7-465a170be85b
Letters from New York,https://commons.cwrc.ca/orlando:8ac94259-6126-4059-b553-b831a4a1e5b0
Letters from New York: Second Series,https://commons.cwrc.ca/orlando:59f4faca-c93c-401b-9382-0027377f41e2
Letters from Spain and Barbary,https://commons.cwrc.ca/orlando:01edfff4-916f-4706-8c00-2201ef004a5c
Letters from Syria,https://commons.cwrc.ca/orlando:d8bba2bb-19e0-4a84-991d-f6818a8137e8
Letters from the Cape,https://commons.cwrc.ca/orlando:59b58c5a-0005-4acb-9f7e-2bef30d02a3e
Letters from the Duchess de Crui and Others,https://commons.cwrc.ca/orlando:800493ad-d040-4e13-bcc3-daa72e6fe488
"Letters from the Field, 1925-1975",https://commons.cwrc.ca/orlando:482dadc2-f86e-41da-b94d-3103e4a2c823
Letters from the Mountains,https://commons.cwrc.ca/orlando:da79a355-03bf-4467-86f8-11153045ab51
"Letters from the North Highlands, During the Summer 1816",https://commons.cwrc.ca/orlando:33d30f2d-4b92-473a-ad88-0b79218e52c8
Letters Moral and Entertaining,https://commons.cwrc.ca/orlando:5f387703-ffa0-4a4c-b655-1aaf137f1cc0
Letters of a Solitary Wanderer,https://commons.cwrc.ca/orlando:0bf8ddda-eccb-4c47-ad46-7470d1596eeb
Letters of Advice from a Mother to her Son,https://commons.cwrc.ca/orlando:fe8eff7c-a4f5-4cc3-8302-5e7423fc3983
Letters of Anne Thackeray Ritchie,https://commons.cwrc.ca/orlando:68f58554-05a1-4122-b3f3-5412d71d49da
Letters of John Henry Newman: A Selection,https://commons.cwrc.ca/orlando:128d8387-9d24-4d40-b1bf-f460ab24dcdb
Letters of Lady Louisa Stuart to Miss Louisa Clinton,https://commons.cwrc.ca/orlando:5b5db336-8012-40a4-aecb-21acc80ca28c
Letters of Life,https://commons.cwrc.ca/orlando:6d047340-36f0-4174-8be3-6857c84154b6
"Letters of Mary, Queen of Scots",https://commons.cwrc.ca/orlando:624fa1f3-088f-4e7a-96d0-aa4a937666fb
Letters of Miss Riversdale,https://commons.cwrc.ca/orlando:38a16169-2ac8-40ce-b713-9985903e4012
Letters on Education,https://commons.cwrc.ca/orlando:18359a17-ab24-4178-b0da-63c7d2a83e69
Letters on India,https://commons.cwrc.ca/orlando:22d08e9d-11c1-42f1-8a1e-9c8609a40c4f
Letters on Mesmerism,https://commons.cwrc.ca/orlando:a6b3e2d4-d96a-405e-8a76-11f0281c8ddc
Letters to a Sister,https://commons.cwrc.ca/orlando:52fc1b4f-65be-41ea-b82d-70c7595f5a9d
Letters to a Young Lady,https://commons.cwrc.ca/orlando:dc19ce89-3dc5-448a-9a96-1a51685e7dcf
Letters to Alice: On First Reading Jane Austen,https://commons.cwrc.ca/orlando:f8f53280-40bd-4600-ba46-fa2e1e60fe2d
Letters to an Enthusiast,https://commons.cwrc.ca/orlando:a514ac81-ff59-4653-ba2e-7d21998a101f
Letters to Guy,https://commons.cwrc.ca/orlando:005fb278-0585-4eed-9884-2798a033417d
Letters to the Mob,https://commons.cwrc.ca/orlando:576037c3-b6e9-4b19-943e-1767d2b92195
Letters Written by Mrs. Manley,https://commons.cwrc.ca/orlando:0a25d5b9-ee59-45e8-8aaf-c9c847e48124
"Letters Written in France, in the Summer 1790, to a Friend in England",https://commons.cwrc.ca/orlando:f955b121-bb4d-4ade-9459-a4eac6c03df7
Lettice,https://commons.cwrc.ca/orlando:fdae9032-fe0b-4df0-9abb-12a0a7662ea4
Lettice Delmer,https://commons.cwrc.ca/orlando:5d76a84b-5353-46aa-8505-711f7f9c2d6b
Lettre ouverte à Harlem Désir,https://commons.cwrc.ca/orlando:42e7337a-54d4-448e-a33c-d7c52a97826b
Lettres d'une Péruvienne,https://commons.cwrc.ca/orlando:6da56527-05c3-4189-95b1-823b20aec526
Lettres sur les ouvrages et le caractère de J.-J. Rousseau,https://commons.cwrc.ca/orlando:1acc0375-cf43-461d-bce5-9982c8612179
Lewis Percy,https://commons.cwrc.ca/orlando:11b8732e-6850-41c7-8cff-5dd9aa155951
Libbie Marsh's Three Eras,https://commons.cwrc.ca/orlando:f4eb418c-ce51-4352-9a68-4922e410cf8e
Liber divinorum operum,https://commons.cwrc.ca/orlando:475593cb-cd29-4b15-acf4-e9074fa6d2d7
Liberty Lyrics,https://commons.cwrc.ca/orlando:0b1f9c0b-95a0-40c3-abf8-e7bc86f22d3c
Liberty versus Equality,https://commons.cwrc.ca/orlando:9acdaee8-30a0-4a83-aed8-c93ba052fd42
Life and Its Lessons,https://commons.cwrc.ca/orlando:b5810e72-9b4b-49ee-a31d-30fed5317fd2
Life Before Man,https://commons.cwrc.ca/orlando:dfbff0e0-078d-4d59-b2a7-80d76a326918
Life by Drowning,https://commons.cwrc.ca/orlando:12616f19-bae7-45d2-a413-5b2b98a68ce0
Life Class,https://commons.cwrc.ca/orlando:f1c3d7a7-6ea1-443d-b0cb-09df77be80b9
Life Errant,https://commons.cwrc.ca/orlando:f7fcf131-93b7-4aa9-ba6a-5367f9d45e9a
Life Force,https://commons.cwrc.ca/orlando:0bf505ce-eab0-4338-b6ef-0c995bce96a8
Life in the Garden,https://commons.cwrc.ca/orlando:6162a8f3-7749-467e-943e-a1a6c7b7715f
Life in the Sick-Room,https://commons.cwrc.ca/orlando:853b673e-60c4-4cc2-b7d9-6ecbc685ef35
Life Mask,https://commons.cwrc.ca/orlando:f90129da-3bd8-4747-9393-cdc65cf66485
Life Mosaic,https://commons.cwrc.ca/orlando:c41747f7-695e-4939-a5e0-94b88de4c523
Life of Carsten Niebuhr,https://commons.cwrc.ca/orlando:371944bf-e59f-4196-9559-f3e515f34562
Life of Her Majesty Queen Victoria,https://commons.cwrc.ca/orlando:21784650-e3f7-4d43-a4be-c617c3774033
Life of Mary Anne Schimmelpenninck,https://commons.cwrc.ca/orlando:8d0c1c48-25c8-4f8d-854a-eb15ffb99e1e
Life or Death in India,https://commons.cwrc.ca/orlando:3cd21912-8057-4e54-8eac-0e4906513bf6
Life Sentence,https://commons.cwrc.ca/orlando:2a79714d-26a3-47e7-92d7-693843e06a07
Life Story,https://commons.cwrc.ca/orlando:d795db69-a6c8-4287-aee7-23af33e12547
Life the Accuser,https://commons.cwrc.ca/orlando:b30e1dbc-2aee-4c74-bd40-fb274257313d
Life with the Ladies of Llangollen,https://commons.cwrc.ca/orlando:c26eb5c5-5555-4d97-af41-ed52f8c36bb7
"Life, End Of",https://commons.cwrc.ca/orlando:67ac7333-4db5-45af-b0a9-b10d1a71763c
"Life, the Interpreter",https://commons.cwrc.ca/orlando:64da8443-5a44-4c50-b1e6-4f334131b34f
Life's Aftermath,https://commons.cwrc.ca/orlando:c95beeea-9eea-4fcf-a5f5-d02dae9c9b6b
Life's Shop Window,https://commons.cwrc.ca/orlando:b92e3527-fc04-487a-a6e8-cb35addbd7c9
Light,https://commons.cwrc.ca/orlando:9ac3a5b7-d547-4885-86b7-d1fb293521ca
"Light and Darkness; or, The Mysteries of Life",https://commons.cwrc.ca/orlando:6012fa0f-3216-4bae-9523-e504d25ffb59
Light and Shade,https://commons.cwrc.ca/orlando:3462e18d-2e20-45f0-a005-416a10d33754
Light Years,https://commons.cwrc.ca/orlando:0989e2f6-b93b-4072-aa75-2c7e30d52ad3
Lightyear,https://commons.cwrc.ca/orlando:94298c11-1b25-4f2b-807f-4322d1fc110f
Like and Unlike,https://commons.cwrc.ca/orlando:1f706e0c-19f4-4885-8615-cd981a1d97c4
"Like Birds, Like Fishes, and Other Stories",https://commons.cwrc.ca/orlando:1c6d5011-26f0-452d-90cf-87febc7c7282
Like Ships Upon the Sea,https://commons.cwrc.ca/orlando:9e17f36d-4a03-4915-aeaa-652fe73e5d1e
Lil,https://commons.cwrc.ca/orlando:fa7ff885-3410-4e09-a5cd-54582e29e449
Lil Lorimer,https://commons.cwrc.ca/orlando:44cec73c-9e33-482d-b847-85fc42a799c0
Lilian's Golden Hours,https://commons.cwrc.ca/orlando:2ae7b971-456d-4d48-a4a7-4cfe7ff99806
Limbo,https://commons.cwrc.ca/orlando:e9954ea9-e20e-4961-8df6-932bec4373db
Linden Rise,https://commons.cwrc.ca/orlando:ee71ac24-9305-468d-acda-f9e232a509c5
Lines and Leaves,https://commons.cwrc.ca/orlando:45c01e09-3bf8-4eb5-b8eb-227202a38c37
Lines on the Death of Sir Walter Scott,https://commons.cwrc.ca/orlando:6c873a56-6385-4634-9ec3-3cefd386b124
Linked Lives,https://commons.cwrc.ca/orlando:3a4c09f9-389a-4398-a363-1bf59fe258f7
Links in the Chain of Life,https://commons.cwrc.ca/orlando:f7b3b63c-1153-424e-89bf-838fe6ac22e6
Linny Lockwood,https://commons.cwrc.ca/orlando:c2026ddc-3edd-443e-8665-3c755a19a980
Lintel,https://commons.cwrc.ca/orlando:13b76d9c-2634-44d7-9d0d-3d1379e1f761
Lion-Hearted,https://commons.cwrc.ca/orlando:9e3c3f4a-59c4-4717-8862-d3a9b5e00481
Listening to Collared Doves,https://commons.cwrc.ca/orlando:2e771fef-4e80-4267-9d68-3e666ce64725
Literature and Science,https://commons.cwrc.ca/orlando:9c810ffc-6605-4690-83b4-12d7f9fe4958
Little Ann and Other Poems,https://commons.cwrc.ca/orlando:6ba89dc0-cfbb-43a5-a270-b95dd3d2dcf9
Little Bird Red and Little Bird Blue,https://commons.cwrc.ca/orlando:0ee2c2bd-a461-40a6-991b-0d0cab3a3845
Little Boy Lost,https://commons.cwrc.ca/orlando:d120c55a-d154-4ab1-94ea-d2af2edaa827
Little Dorrit,https://commons.cwrc.ca/orlando:6b8f749d-8140-4fe9-9fa9-aefbb4312c24
Little England,https://commons.cwrc.ca/orlando:1e4e9d60-485f-49e9-9adf-492ef5175b39
Little Henry and His Bearer,https://commons.cwrc.ca/orlando:60dc7582-8e83-4cb9-85ee-adacffb551fe
Little Lord Fauntleroy,https://commons.cwrc.ca/orlando:9ea770b3-7c09-4f57-819b-05fc37e55d2b
Little Memoirs of the Eighteenth Century,https://commons.cwrc.ca/orlando:6c47c583-36a7-4d2b-b8e2-a987a56f4f27
Little Memoirs of the Nineteenth Century,https://commons.cwrc.ca/orlando:0a9b9601-4f80-4f25-9ee8-8933decf2e0c
Little Mirrors,https://commons.cwrc.ca/orlando:cfbec8b3-ce18-412e-9b5f-d0b7c240a431
Little Pillows,https://commons.cwrc.ca/orlando:fe5b6df2-b07e-429f-837a-7431755056fd
Little Plays for Children,https://commons.cwrc.ca/orlando:c47f631b-2ca2-44f3-9b21-146a7318c629
Little Plays for Little People,https://commons.cwrc.ca/orlando:4cef8d1b-0649-46b0-9491-413deea08a34
Little Red Riding Hood in Kerry,https://commons.cwrc.ca/orlando:9f12c1d5-b7ff-4aef-b4f7-f72961cdbe44
Little Scholars,https://commons.cwrc.ca/orlando:1b6596a5-837f-43c1-be56-078331dd8830
Little Wanderlin,https://commons.cwrc.ca/orlando:7a9aafad-1e63-42e0-91be-c606d44264a8
Live as Family,https://commons.cwrc.ca/orlando:46b4a4db-d5e0-41f4-a325-3f7363eb8fa4
Live or Die,https://commons.cwrc.ca/orlando:c8d73f09-de28-4c9b-a211-ad8c57138de4
Lives of Girls and Women,https://commons.cwrc.ca/orlando:079eff28-f544-4336-9322-a9dca26db2db
Lives of the Bachelor Kings of England,https://commons.cwrc.ca/orlando:b90bc51b-543d-4cde-8ec2-c0fa1a906cb1
Lives of the English Poets,https://commons.cwrc.ca/orlando:5617d700-4c26-4ad2-a62e-298ba2a64de3
Lives of the Queens of England,https://commons.cwrc.ca/orlando:4a3edb5a-193b-46d8-a051-a223668fbf19
Lives of the Tudor Princesses,https://commons.cwrc.ca/orlando:39f60420-4689-4b27-9d21-252c83106678
Lives of Vasco Nunez de Balboa and Francisco Pizarro,https://commons.cwrc.ca/orlando:9cf942ef-5652-42be-98fa-076fe6758ec3
Lives of Wives,https://commons.cwrc.ca/orlando:37d469e5-0b26-4abd-bbf3-79ecf89217c6
Living,https://commons.cwrc.ca/orlando:73e1624e-611b-4e2d-9638-adca91646232
Living Alone,https://commons.cwrc.ca/orlando:79bafcd0-84c1-4c17-978b-4d2f672283fa
"Living by the Word: Selected Writings, 1973-1987",https://commons.cwrc.ca/orlando:eb8dfd90-ec87-47c2-b7ed-773e2f440641
Living on Yesterday,https://commons.cwrc.ca/orlando:c5f722a3-aff4-465a-b5bc-1c9cecf2f7d6
Livonian Tales,https://commons.cwrc.ca/orlando:1c172616-1e8a-4415-9c40-858316012a58
Lizzie Lothian,https://commons.cwrc.ca/orlando:fcb5b4bd-96eb-4f68-9917-4b2705c5fb0c
Lizzie Siddall: Her Journal,https://commons.cwrc.ca/orlando:cf14c8c1-5ef5-431d-904e-11c7eb1ddf09
"Llangollen Vale, with Other Poems",https://commons.cwrc.ca/orlando:4b99297d-ba77-4559-9343-2e3bc731cb59
Lob Lie-by-the-Fire,https://commons.cwrc.ca/orlando:d517d6f5-af8a-4f6f-ac95-f248ffcdfef9
Lobster Quadrille,https://commons.cwrc.ca/orlando:86f8e2aa-4fe4-4ef7-ab61-b53dfd947274
Lodore,https://commons.cwrc.ca/orlando:58edcf22-6164-4854-b8a1-d2699c50d24e
Logie Town,https://commons.cwrc.ca/orlando:f494ad0a-bcac-44c5-bbd9-0a9b2957202b
Loitering with Intent,https://commons.cwrc.ca/orlando:6eb95746-27d7-4ede-9c80-cc58f5ce3ce7
Lolly Willowes,https://commons.cwrc.ca/orlando:1362e9a4-5d96-49c6-888a-433211c62faa
London,https://commons.cwrc.ca/orlando:085ae03f-21fd-406d-ba69-bafd4a02486f
London Calling,https://commons.cwrc.ca/orlando:e1d5d3fc-54c5-48f4-9d3d-a2b96c09010e
London Consequences,https://commons.cwrc.ca/orlando:113a274d-9335-4935-836e-9502b5b3d3c0
London Has a Garden,https://commons.cwrc.ca/orlando:8203e92f-fbd3-48b2-90a2-20752fe33e09
London Pride,https://commons.cwrc.ca/orlando:f41e361f-f59f-4c82-b9ce-8519d7ccc3ba
London War Notes 1939-1945,https://commons.cwrc.ca/orlando:e9ded8b7-5712-415c-9484-1d632a1c881e
Lonesome Road,https://commons.cwrc.ca/orlando:817fe0da-1b02-411e-b2bb-c802c5692a95
Long Ago When I Was Young,https://commons.cwrc.ca/orlando:88df5031-324f-49c1-abf0-86d83e281ac1
Long Distance,https://commons.cwrc.ca/orlando:613b8750-c1cb-4b49-83a9-fc0bf5c44257
Look At Me,https://commons.cwrc.ca/orlando:4ca56c4a-97d4-44a3-bdb3-1c483a10908e
Look Back in Gender,https://commons.cwrc.ca/orlando:6c89c88c-e0dc-47b1-b136-c47afd093d36
Look Back with Gratitude,https://commons.cwrc.ca/orlando:7d02124a-a14a-43dc-8fa5-8e49ad993baa
Look Before You Leap',https://commons.cwrc.ca/orlando:f855ba25-eb2e-4443-ad48-9eee80558396
Look to the Lady,https://commons.cwrc.ca/orlando:003ddd03-370b-495c-8bcd-ffffe7484cda
"Look, No Hands!",https://commons.cwrc.ca/orlando:6e5cbe8b-200d-47d8-bfa6-570f9db7edef
Looking Back,https://commons.cwrc.ca/orlando:a611f7e0-e0c2-4202-b864-ad49d8537595
Looking for Trouble,https://commons.cwrc.ca/orlando:d64f60c1-ca87-45d5-bd77-65fe5fbe7681
Lord Amherst and the British Advance Eastwards to Burma,https://commons.cwrc.ca/orlando:01ee230b-0f8f-4e72-9ea6-fc9878b767a5
Lord Brackenbury,https://commons.cwrc.ca/orlando:988b133b-18d1-4020-8885-49bc43f18a8e
Lord Jim,https://commons.cwrc.ca/orlando:86886938-25c1-4168-9d9a-ae924845eb64
Lord Raingo,https://commons.cwrc.ca/orlando:bac25ce4-4244-483e-8c5a-bbe105eeedfe
Lords and Ladies,https://commons.cwrc.ca/orlando:2135ed2d-024d-42ce-9177-f6ac49e28a38
Losing Battles,https://commons.cwrc.ca/orlando:20289932-0d2f-4b2c-90e1-89d0d865228a
Lost and Saved,https://commons.cwrc.ca/orlando:43e10071-1e6c-48dd-a54d-663777546095
Lost and Won,https://commons.cwrc.ca/orlando:20f8efa1-2493-421b-912c-5a7bb16ff005
Lost Children,https://commons.cwrc.ca/orlando:ec08cafa-77bd-431d-9dc8-29b05e2fc557
Lost Lane,https://commons.cwrc.ca/orlando:24290ed7-e424-4d04-b655-767319b0e636
Lost Rose and Other Stories,https://commons.cwrc.ca/orlando:6e841e98-c74e-43d7-8373-fba7183637e5
Lou-Lou,https://commons.cwrc.ca/orlando:347f228d-1068-434b-baee-4ddd6065a4a9
"Louis the Fourteenth, and the Court of France in the Seventeenth Century",https://commons.cwrc.ca/orlando:2e1f2af2-6d45-4aeb-99a6-c7a937185c0b
Louisa,https://commons.cwrc.ca/orlando:0b6002ec-0a2d-4efa-b169-f008673f7b90
Louisa May Alcott Unmasked: Collected Thrillers,https://commons.cwrc.ca/orlando:e08510d2-e6a3-411d-9234-cf511f1a10dd
Louisa. A Novel,https://commons.cwrc.ca/orlando:1368f0dc-77df-4918-a0da-ade5bb2b6381
Love Affair,https://commons.cwrc.ca/orlando:5c9f0646-2945-49d3-b699-4182925e5f8b
Love and a Birdcage,https://commons.cwrc.ca/orlando:3cc90b1c-1ec3-4f2d-8d36-e440923ec13d
Love and his Mask,https://commons.cwrc.ca/orlando:947c1036-8b82-46f7-be5c-4321f83f1d00
"Love as Love, Death as Death",https://commons.cwrc.ca/orlando:f3c8d61b-dded-41f1-8060-685bfe600d08
Love at Second Sight,https://commons.cwrc.ca/orlando:eacd177b-aebc-466d-a76d-e239c74aef38
Love Child,https://commons.cwrc.ca/orlando:6df7ba21-f421-44be-ba81-61e9e1494499
Love Comes Unseen,https://commons.cwrc.ca/orlando:b95a770c-4b1a-40d6-b6e8-b68317e89b59
Love in the Kingdom of Oil,https://commons.cwrc.ca/orlando:ed8a7eba-93c7-470c-a7a3-eb2edf91db65
Love in Winter,https://commons.cwrc.ca/orlando:c46179f6-9803-4117-9708-bb3baf72d17e
Love Intrigues,https://commons.cwrc.ca/orlando:4cd2ab11-6057-4ef1-80be-8c82bcc24858
Love Letters of a Japanese,https://commons.cwrc.ca/orlando:66ebfabb-a044-4368-904b-66b6809ff5fd
Love of Fat Men,https://commons.cwrc.ca/orlando:42da8102-3a29-425d-bc22-56d80cb7c908
Love of Ireland,https://commons.cwrc.ca/orlando:73efd439-5d4a-42b0-8726-ef8ac63fca60
Love on the Supertax,https://commons.cwrc.ca/orlando:2a9596a3-9f73-4de5-a016-d81128bd9f54
Love Works Wonders,https://commons.cwrc.ca/orlando:5b8ed7b6-da0a-404c-9d6e-11bf0f3aa124
"Love, the Pilgrim",https://commons.cwrc.ca/orlando:3f01b8a5-75bc-41c3-8130-51fb2383ed6a
Love's Creation,https://commons.cwrc.ca/orlando:3950e7e5-cada-47b8-b62a-05117e4c7789
Love's Martyr,https://commons.cwrc.ca/orlando:24aefcad-aec8-47d0-a5b7-61856f8a4cf8
Love's Sacrifice,https://commons.cwrc.ca/orlando:a632a91f-1b7b-4ce1-a191-dc08db9b9daf
Love's Shadow,https://commons.cwrc.ca/orlando:fe92622c-df60-4856-be2e-f8e9bd02110c
Lover and Husband,https://commons.cwrc.ca/orlando:3fcb5481-0036-4003-a17e-432725738739
Lover or Friend?,https://commons.cwrc.ca/orlando:d214716b-2e65-443d-954d-b71aa2648afe
Lovers All Untrue,https://commons.cwrc.ca/orlando:457a1b04-4bc6-4f9c-a65b-fa30f30d7ef4
Lovers and Friends,https://commons.cwrc.ca/orlando:4854b667-ee69-47c0-9355-58e58832257b
Loving and Giving,https://commons.cwrc.ca/orlando:7faad91f-aef2-4dc8-b82e-d4b05e8d84df
Loving Brecht,https://commons.cwrc.ca/orlando:1a144f28-3224-4215-9c5a-3d710e3f4f12
Loving Memory,https://commons.cwrc.ca/orlando:85fbc00a-55c1-428f-b6d7-f6a51485716f
Loyalties,https://commons.cwrc.ca/orlando:2b7f2136-88ca-43bd-9b13-f44d15128f60
Lu of the Ranges,https://commons.cwrc.ca/orlando:c2a05003-0ce8-4a0d-8d1a-d19d982b6707
Lucidities,https://commons.cwrc.ca/orlando:8fdaa425-3864-4ad8-95d5-faa2c1331e85
Lucilio Vanini: His Life and Philosophy,https://commons.cwrc.ca/orlando:e7513efa-c654-40ed-a33c-2892d17a5c5e
Lucy Carmichael,https://commons.cwrc.ca/orlando:953e8e38-29f3-400c-b9f8-356e74abd5e3
Lucy Gayheart,https://commons.cwrc.ca/orlando:4497659a-dd01-4dec-a4ad-c84194b79031
"Lucy Raymond; or, The Children's Watchword",https://commons.cwrc.ca/orlando:d723f9ca-670f-4909-bc86-253a5d437d7c
Ludo and the Star Horse,https://commons.cwrc.ca/orlando:1c01bdd4-1f47-4c06-8683-df655d2aa083
Lunar Baedecker,https://commons.cwrc.ca/orlando:7ba0fd73-13ea-4746-8634-3ff397901e0b
Lussington Abbey,https://commons.cwrc.ca/orlando:cc2b837c-9c69-4fab-bb14-b5731cbf7935
Lyell on the Antiquity of Man,https://commons.cwrc.ca/orlando:d648e7cb-79f4-4ac5-b947-28de9e23f012
Lying Awake,https://commons.cwrc.ca/orlando:21d1894b-0ec5-41e8-a462-1d0cd1a6bdee
Lyra Australis,https://commons.cwrc.ca/orlando:2e9fcb3c-01e8-4693-893f-f721083dded3
Lyrical and Other Poems,https://commons.cwrc.ca/orlando:9fd6497b-4fcb-4713-9f84-9a85f3c1ec84
Lyrical Tales,https://commons.cwrc.ca/orlando:02dddd4a-bbc8-40fd-ae25-23e4c0598792
Lyrics,https://commons.cwrc.ca/orlando:6c7dba61-2f96-41d2-b88b-4d1a82beaa6c
Lyrics and Miscellaneous Poems,https://commons.cwrc.ca/orlando:9bd43cb1-2f84-4b48-b88d-48d6f9a51c09
Lyrics for the Dog Hour,https://commons.cwrc.ca/orlando:057d7cb0-6051-4492-b031-90abc0fb9cf6
Mabel,https://commons.cwrc.ca/orlando:47e76155-a3dd-4949-8fd9-4f42312cb8d5
Mabel's Curse!,https://commons.cwrc.ca/orlando:6407ed7e-f099-4ba0-97a1-f3038b682548
Mabel's Progress,https://commons.cwrc.ca/orlando:d5fe22ab-36bb-4de8-b60e-ea417af32498
Madame Adastra,https://commons.cwrc.ca/orlando:44dd1c20-5106-4440-afc3-e5b2dc33d3e1
Madame de Sévigné,https://commons.cwrc.ca/orlando:3c1198de-4d44-4c14-964f-3a0ab31e4be1
Madame de Treymes,https://commons.cwrc.ca/orlando:fef7eb82-2be8-4d5f-9f28-8477a3300c4d
Madame Leroux,https://commons.cwrc.ca/orlando:b34285de-b8f1-4041-b03b-3790e251b459
Madame Roland,https://commons.cwrc.ca/orlando:4b5acfc3-41da-4714-9ab5-27e13ade18a2
Madame Serpent,https://commons.cwrc.ca/orlando:510b641a-851a-41cf-9042-8debf5cadc99
Madame Sousatzka,https://commons.cwrc.ca/orlando:c7f4fb9a-03ba-4bf7-a20a-e2dae9f47229
Madeleine,https://commons.cwrc.ca/orlando:1c31e452-e083-4280-a405-40a479c6d78d
Madeleine Graham,https://commons.cwrc.ca/orlando:d034f65c-2bfc-4f00-82b9-85bc1da2e239
Madeline,https://commons.cwrc.ca/orlando:2274ede7-4491-4b7a-a719-8c2b85e18f96
"Madeline; or, The Castle of Montgomery",https://commons.cwrc.ca/orlando:5c283967-6f18-456f-b0a0-e7ae4aa9b1d2
Madeline's Birthday,https://commons.cwrc.ca/orlando:357fad47-c18b-408b-bdd0-26eac739e1d4
Mademoiselle La Quintinie,https://commons.cwrc.ca/orlando:766aa31b-bdc5-4035-89dd-7de9e2b56674
Madge Dunraven,https://commons.cwrc.ca/orlando:625f3842-312b-4cb5-b436-e890fc9b6990
Madoc,https://commons.cwrc.ca/orlando:ed6fe2f6-93fe-4e77-9bd8-b8c3983083de
Maelcho,https://commons.cwrc.ca/orlando:5cb1a458-603b-40fc-b394-2845c71a7180
Magdalen Hepburn: A Story of the Scottish Reformation,https://commons.cwrc.ca/orlando:484bc009-57da-4043-9771-f84d7c98f24a
Maggie Steele's Diary,https://commons.cwrc.ca/orlando:72f272bb-92b8-4eaa-8e1e-b118204ca0cc
Magic and the Magician,https://commons.cwrc.ca/orlando:4e220308-0134-4fc2-b041-280513c1a42a
Magic Casements,https://commons.cwrc.ca/orlando:85269c49-57b4-4517-ae3d-dc13ad134a3d
"Maids As They Are Not, and Wives As They Are",https://commons.cwrc.ca/orlando:79190291-3f3c-4591-888f-7cf67f185103
Mainstone's Housekeeper,https://commons.cwrc.ca/orlando:a02b113d-ebc1-416d-a9ef-f8ab8120df1b
Making Babies,https://commons.cwrc.ca/orlando:9e4e99ca-4ba6-453c-8073-69b8e54c29a9
Making the Beds for the Dead,https://commons.cwrc.ca/orlando:9695a857-61c0-4d6b-adb8-b624521dedd1
Malice Defeated,https://commons.cwrc.ca/orlando:6c858df5-ae05-4f12-b584-db49a2aaf0e7
"Malvern; or, The Three Marriages",https://commons.cwrc.ca/orlando:6d05ae3c-b53e-4dd8-a23e-51f8c4257cf1
Mamma's Music Lessons,https://commons.cwrc.ca/orlando:c296c48f-b465-4e81-9bc7-f2461f2dd2cd
Man,https://commons.cwrc.ca/orlando:4883b600-0a3e-474b-ab3c-36c869db3b7f
Man and Wife,https://commons.cwrc.ca/orlando:1c026c1d-3307-4e9b-9c39-de56bdaa754e
Man in the Cellar,https://commons.cwrc.ca/orlando:1731bd3f-dae2-45ad-99dd-7442473a85b8
Man Overboard,https://commons.cwrc.ca/orlando:01e50c6f-4383-4d5d-a118-703ba14165f5
"Man, Other Poems, and a Preface",https://commons.cwrc.ca/orlando:bfff88bc-6e07-4934-9ef9-1f14ef872c12
Managing Monsters: Six Myths of Our Time,https://commons.cwrc.ca/orlando:d659678d-bcd4-4216-a9a5-492be0060824
Manhold,https://commons.cwrc.ca/orlando:91e4f56d-5265-4ecd-bca8-ea75158265d2
Manners for Men,https://commons.cwrc.ca/orlando:6db0971d-4257-4d85-9e42-f9b0f68b817f
Manners for Women,https://commons.cwrc.ca/orlando:e279974a-4d0f-44de-9dab-8ca19be898c0
Manservant and Maidservant,https://commons.cwrc.ca/orlando:d7c051c6-b4e4-433a-a040-4998458c3c1a
Mansfield Park,https://commons.cwrc.ca/orlando:1777731c-7ee0-46b3-bc77-d9d37c08518b
Mansion House of Liberty,https://commons.cwrc.ca/orlando:175029ee-bf00-4305-8b63-014d7385cab7
Mantrapped,https://commons.cwrc.ca/orlando:2b2a8861-db0f-450b-be89-a54bc0192487
Many are Called,https://commons.cwrc.ca/orlando:716a5a53-3638-4cac-a1c7-ab7ef66c0ff8
Many Voices,https://commons.cwrc.ca/orlando:ba13bb62-51a4-4aa1-afdc-774cd3da3292
Mar's White Witch,https://commons.cwrc.ca/orlando:8d7b04d7-64c2-47a3-b482-3b89c19d8930
"Marcelia; or, The Treacherous Friend",https://commons.cwrc.ca/orlando:db08655f-4a1a-4fe2-a44d-ab4bdb7ae07e
Marcella,https://commons.cwrc.ca/orlando:1b61ba04-3175-4789-88a9-e02e9e0da20b
Marching On,https://commons.cwrc.ca/orlando:0bc24c11-f0b9-40c1-bd0e-8d3e844c81d8
Marconi's Cottage,https://commons.cwrc.ca/orlando:efa092e6-6c89-48cc-9ad7-dbfc2b0a2553
Marcus Flaminius,https://commons.cwrc.ca/orlando:0074f203-7886-4eeb-8b7f-4ebf2089e260
Margaret and Her Bridesmaids,https://commons.cwrc.ca/orlando:2a317279-a8f8-4afb-989f-a8f319709ed1
Margaret Bondfield,https://commons.cwrc.ca/orlando:73b24bde-c0f6-490d-a95c-0c8d4782e6e6
"Margaret Drummond, Millionaire",https://commons.cwrc.ca/orlando:5781bc56-569a-47e9-aa57-0805ea4ca823
"Margaret of Angoulême, Queen of Navarre",https://commons.cwrc.ca/orlando:826840cc-e5fd-4fd6-972b-f545c7e3d681
Margaret of Anjou,https://commons.cwrc.ca/orlando:00017196-e5f8-49fe-b281-e758862e6807
Margaret Percival,https://commons.cwrc.ca/orlando:18976939-f4a8-4d3c-946b-d0ff116db938
Margarita,https://commons.cwrc.ca/orlando:d0da98ff-3e56-4a57-816b-026e857c86ff
Margret Howth,https://commons.cwrc.ca/orlando:00b5906d-a3ea-4206-bcfb-b31d809e26ed
Margret: A Twentieth Century Novel,https://commons.cwrc.ca/orlando:ef8c4d36-98d9-465f-ab54-c1791e1ea2b4
Maria Edgeworth,https://commons.cwrc.ca/orlando:514f9756-9b6b-4dc2-8bc1-9a84b591a140
Marian,https://commons.cwrc.ca/orlando:88e24b80-b6d8-453d-986b-2a25b124fd20
Marian Withers,https://commons.cwrc.ca/orlando:cc0f723e-8172-42a1-89c9-5aa980ead230
"Marian; or, A Young Maid's Fortunes",https://commons.cwrc.ca/orlando:a3310689-4c2b-480a-a824-cc04581ab7b7
Mariana,https://commons.cwrc.ca/orlando:1360a292-d3b3-45a3-8bcf-34f34e4d27e2
Marianna,https://commons.cwrc.ca/orlando:df442d45-2bbe-4601-b6a4-c1296bf2048e
Marie Antoinette: The Journey,https://commons.cwrc.ca/orlando:7ea5add9-112e-43e1-a3a3-98eb454c8f44
"Marion's Pilgrimage, A Fire-side Story, and Other Poems",https://commons.cwrc.ca/orlando:69cfbef5-df42-4f7a-b099-9f4077d39cc0
Marital Rites,https://commons.cwrc.ca/orlando:9662119d-ea81-45cc-b4c3-cea547c61e31
"Mark Hurdlestone, the Gold Worshipper",https://commons.cwrc.ca/orlando:16ee41ac-b922-4d2f-b666-853896d7cbd0
Marlene,https://commons.cwrc.ca/orlando:18325977-fbdd-431c-8ccd-bf7e6182f3b7
Marling Hall,https://commons.cwrc.ca/orlando:8af3298c-062e-4e30-b22c-655f62360f90
Marmion,https://commons.cwrc.ca/orlando:8ac5ff38-c146-4874-9636-5b76277fde5a
Marriage as a Trade,https://commons.cwrc.ca/orlando:f462b0e2-5010-4020-8eb8-2c995dc8a2af
Marriage Ode Royal,https://commons.cwrc.ca/orlando:d94efc74-9509-428e-b6a8-c9cfdc8498e7
Marriage: its Legal Preliminaries and Social Observances,https://commons.cwrc.ca/orlando:4ad6f8df-4abb-4270-8ccd-2b661ca980be
Marrying and Giving in Marriage,https://commons.cwrc.ca/orlando:0a6390a2-6a65-47ff-a58f-f33d53306caa
Marrying the Mistress,https://commons.cwrc.ca/orlando:a41b62e0-c8de-42d6-918c-023374edcd87
Martha,https://commons.cwrc.ca/orlando:1db70cdb-5b57-4a90-95d1-c94ccc71dc6a
Martha and Hanwell,https://commons.cwrc.ca/orlando:47d6e5bf-6eee-447a-9f57-c9d7a30a52ac
"Martha Brown, M.P.",https://commons.cwrc.ca/orlando:a64e9947-42fb-4fc0-93b4-43de63dffcfa
Martha Plover,https://commons.cwrc.ca/orlando:e7b45ddd-5dcb-4200-af0b-cc276f2cd57f
Martha Quest,https://commons.cwrc.ca/orlando:d037263d-8058-4eb8-bae0-286925ba0d8d
"Martin and Mansfeldt, or The Romance of Franconia",https://commons.cwrc.ca/orlando:ee2d5166-4e30-4fa3-b148-abf0a71f22b3
Martin Schüler,https://commons.cwrc.ca/orlando:db21d422-2ae5-48e1-9704-f41d42d13375
Maru,https://commons.cwrc.ca/orlando:0f35c43f-7368-45c1-97c0-90fc28aad83b
Mary,https://commons.cwrc.ca/orlando:325a568b-3c88-4b06-a8e3-47c6a5202338
Mary and her Cat,https://commons.cwrc.ca/orlando:731abebe-6eaa-42fe-a099-e2fb7ba6d1a1
Mary Anne,https://commons.cwrc.ca/orlando:7e556783-89ff-420a-a12a-41d2a05b00e9
Mary Barton,https://commons.cwrc.ca/orlando:a49e1a54-fc6d-405d-98a7-7068b74ba085
Mary Lavelle,https://commons.cwrc.ca/orlando:58cc2f5a-8ce7-453d-9c6a-e9179eb49abb
Mary Magdalene and Other Poems,https://commons.cwrc.ca/orlando:85d892fa-4545-4723-b9ca-7b4b0b20b6a0
Mary Mirrilees,https://commons.cwrc.ca/orlando:a58f26a7-046c-4350-a767-d2a6faabd1f5
Mary O'Grady,https://commons.cwrc.ca/orlando:f1979776-886f-4cd0-ba85-0cc31e0edb03
Mary Olivier: A Life,https://commons.cwrc.ca/orlando:24d08727-e26f-4b83-980e-3f8646743878
Mary Poppins,https://commons.cwrc.ca/orlando:36285990-02de-48c9-a5f9-2e556dff61b0
Mary Poppins and the House Next Door,https://commons.cwrc.ca/orlando:cd0631cc-0c1d-4c58-a14a-0649d1248fd2
Mary Poppins Comes Back,https://commons.cwrc.ca/orlando:8b5bc8f4-a687-4257-9f02-10b2704e55ba
Mary Poppins from A to Z,https://commons.cwrc.ca/orlando:1782cd4a-f10e-42d4-bca0-a386e546daab
Mary Poppins in Cherry Tree Lane,https://commons.cwrc.ca/orlando:2dc0bb0a-0c48-413b-90e3-99225e00a0f9
Mary Poppins in the Park,https://commons.cwrc.ca/orlando:690ad32e-5869-4793-af4c-f3d6fa9a1ac9
Mary Poppins Opens the Door,https://commons.cwrc.ca/orlando:51309cc0-7dbe-4788-bc85-8c2b6d9e17cf
"Mary, Queen of Scots",https://commons.cwrc.ca/orlando:252dbae1-99ca-4849-aa7e-97ebda1ffde2
Mary: A Fiction,https://commons.cwrc.ca/orlando:4a649295-a0d2-48f7-a55b-c617526263cb
Master Ben,https://commons.cwrc.ca/orlando:61c09bda-9aa0-45ff-ad32-e632f1cbe582
Master Georgie,https://commons.cwrc.ca/orlando:84f8e2a0-f691-4dc8-99b8-823fbdf4cb97
Master of Shadows,https://commons.cwrc.ca/orlando:a303fa0a-2651-4c1f-aef1-e5696ddad2f8
Master of the Moor,https://commons.cwrc.ca/orlando:aaf5ea27-c00d-46fe-9d09-10c06ba18e8a
Mate in Three,https://commons.cwrc.ca/orlando:0ca69be5-472c-42ca-89d9-6f1371539f84
Materfamilias,https://commons.cwrc.ca/orlando:94e05b25-a046-4d9f-acaf-a9fe956960ba
Maternal Solicitude for a Daughter's Best Interests,https://commons.cwrc.ca/orlando:4d042788-98a1-41a5-a781-3f9bf00b928a
Mathilda,https://commons.cwrc.ca/orlando:48699ed5-ff97-4102-96f9-0911bfedc68c
Matilda's Mistake,https://commons.cwrc.ca/orlando:c41c5646-480b-4ed1-a3ac-e018a4f4f74b
Matrimonial Speculations,https://commons.cwrc.ca/orlando:abb25a2c-8dd0-45be-b161-5d34aa5f965b
Matrix,https://commons.cwrc.ca/orlando:2347d110-d485-44e9-8a8c-9690cc47fce5
Mauprat,https://commons.cwrc.ca/orlando:2da4d938-8d3a-40f2-aa1b-716812b74d98
Maurice Guest,https://commons.cwrc.ca/orlando:61d1c620-0446-49e6-9f6d-b76385dbe2a6
Maurine,https://commons.cwrc.ca/orlando:4ff10e6a-a1a0-4bd1-873c-9e4f3ab0f218
May It Please Your Lordships,https://commons.cwrc.ca/orlando:58d5b0ba-1703-476a-a06d-4543227347e2
McLuhan and the Future of Literature,https://commons.cwrc.ca/orlando:b1c5f8ac-a58f-4cc0-934c-a4452c874a38
Me Again,https://commons.cwrc.ca/orlando:3910750d-2bf1-4791-b5c7-af4452f4bd56
Me—and the Stags,https://commons.cwrc.ca/orlando:efa97220-afba-4261-8b3f-9b9f44eda13a
Me—in War Time,https://commons.cwrc.ca/orlando:ed36050b-b4d3-4cab-b14e-86fa46a6a035
Me—Thinking Things Over,https://commons.cwrc.ca/orlando:9fb1068d-4af9-4dd6-9260-4160b114ff9b
Me: A Chronicle about Other People,https://commons.cwrc.ca/orlando:e31da750-1796-4b22-8822-bc84225e0c20
Mean Time,https://commons.cwrc.ca/orlando:709eb966-092a-45d3-98a6-9773152c39e6
Medical Education of Women in Great Britain and Ireland,https://commons.cwrc.ca/orlando:36b8288e-9101-4c6a-b6e2-5c03009e5f1e
Medical Women,https://commons.cwrc.ca/orlando:54d70d37-17ca-46fa-9c99-e29853582399
Medical Women in Fiction,https://commons.cwrc.ca/orlando:c7661e15-ff6b-4f17-bd3e-4b5039c3a60e
Medical Women: Two Essays,https://commons.cwrc.ca/orlando:37584156-ee86-4c2f-a0d9-c313f1dcdf4c
Meditations Upon the Seven Gifts of the Holy Spirit,https://commons.cwrc.ca/orlando:ddac6373-6a03-479f-94d8-2b875983a495
Medusa and Other Poems,https://commons.cwrc.ca/orlando:4801f2c5-0317-4d51-a389-89673ca74ba9
"Medusa, and Other Tales",https://commons.cwrc.ca/orlando:7c3e2f39-cd17-4b84-8a82-e0b67897b28c
Meeting Midnight,https://commons.cwrc.ca/orlando:84eb48a0-e52a-4f65-ad0c-9205b354cb01
Meeting the English,https://commons.cwrc.ca/orlando:6304cb2a-495f-4176-9a55-b57b6d6f4fb5
"Melchior's Dream, and Other Tales",https://commons.cwrc.ca/orlando:c476c88f-9d8a-4cfc-a5df-b973de24f087
Melesina Trench: Poems and Letters from her Journal,https://commons.cwrc.ca/orlando:c3d51873-3f22-43ca-851a-4dfe38b8be3d
Memento Mori,https://commons.cwrc.ca/orlando:7039825a-536b-452f-b124-3e33e38ec599
Memoir and Correspondence of Mrs. Grant of Laggan,https://commons.cwrc.ca/orlando:d4c9d353-88e6-43d8-a329-6aa68316a602
Memoir of Count de Montalembert: A Chapter of Recent French History,https://commons.cwrc.ca/orlando:b439b551-b9a4-489d-96ee-7e3bb761e68a
Memoir of Dr. George Logan of Stenton,https://commons.cwrc.ca/orlando:300474a2-29c8-4f4f-b187-3cb727014227
Memoir of John Grey of Dilston,https://commons.cwrc.ca/orlando:0a1d7e77-6dcf-4ff7-bb7c-0779f131101a
"Memoir of Joseph Tuckerman, D.D., of Boston (U.S.)",https://commons.cwrc.ca/orlando:394f267d-375e-4e45-bc95-2949fe0146cc
"Memoir of the late Mrs. Henrietta Fordyce, relict of James Fordyce D.D.",https://commons.cwrc.ca/orlando:5efb3168-cf4a-4d9a-8f57-a6bb2bd73685
"Memoir of the Life of Laurence Oliphant and of Alice Oliphant, His Wife",https://commons.cwrc.ca/orlando:358cd0ae-5185-47a7-b29d-79a41edec97b
"Memoire of Frances, Lady Douglas",https://commons.cwrc.ca/orlando:9667f162-b9f6-4fe7-abe3-bf3c99f43277
Mémoires d'une jeune fille rangée,https://commons.cwrc.ca/orlando:a83de11b-aebf-4086-b54c-3b3c0fb50b29
Memoirs and Essays,https://commons.cwrc.ca/orlando:40da5d49-2f1f-4323-92f6-4f13faf78ef4
Memoirs from the Women's Prison,https://commons.cwrc.ca/orlando:470f0de4-e262-46aa-8e7a-a5ad5e5e4fe1
Memoirs of a Baroness,https://commons.cwrc.ca/orlando:5849ac7b-07e5-499b-bad9-0c4e7e18570b
Memoirs of a Highland Lady,https://commons.cwrc.ca/orlando:68538bdb-d0cb-4dc1-910a-bdc72c4f4904
Memoirs of a Man of Honour,https://commons.cwrc.ca/orlando:7dbefb57-8823-4b78-b691-73fc87fbdb50
Memoirs of a Muscovite,https://commons.cwrc.ca/orlando:199af2a5-98d5-41b1-b37c-f7b4d9cd45be
"Memoirs of a Peeress; or, The Days of Fox",https://commons.cwrc.ca/orlando:89026867-4e0c-424d-b38c-0aa4b0313b34
Memoirs of a Spacewoman,https://commons.cwrc.ca/orlando:54d3f90e-6672-4fbc-974f-c10b115b728e
Memoirs of a Woman Doctor,https://commons.cwrc.ca/orlando:71eabbd6-aa34-4913-877e-e76bf0e598c7
Memoirs of an American Lady,https://commons.cwrc.ca/orlando:d901d522-0013-4589-9d5c-2078ebfb3417
Memoirs of an Armchair,https://commons.cwrc.ca/orlando:07a62118-c24d-4b99-81df-5d0bc65dd34b
Memoirs of an Author,https://commons.cwrc.ca/orlando:e5136a7c-875b-46bf-b3d7-aff1b94495c0
Memoirs of Ancient Chivalry,https://commons.cwrc.ca/orlando:0cc7cfb0-82be-48ae-a9ad-4d119678085b
Memoirs of Celebrated Female Sovereigns,https://commons.cwrc.ca/orlando:f3e7ad90-80fc-4b50-a545-41e7fd87abfd
Memoirs of Doctor Burney,https://commons.cwrc.ca/orlando:3572829e-d2da-4015-b09b-13acdc98aad4
Memoirs of Eminent Englishwomen,https://commons.cwrc.ca/orlando:7930d3f4-662d-407f-a5c5-17e0b531bed3
Memoirs of Harriette Wilson,https://commons.cwrc.ca/orlando:73fb8930-b0f9-4155-9692-4926c1e154da
Memoirs of Lady Fanshawe,https://commons.cwrc.ca/orlando:ca3f968b-b64a-453c-91c2-3246c0d6dc27
"Memoirs of Maria, Countess d'Alva",https://commons.cwrc.ca/orlando:1ec80d85-395e-43c5-9454-98f5608a626d
Memoirs of the Life of Colonel Hutchinson,https://commons.cwrc.ca/orlando:c21c2daf-befe-4cce-817c-d88f2081ac02
Memoirs of the Life of the Great Condé,https://commons.cwrc.ca/orlando:8089cd36-36bf-4015-9413-33e245ce11aa
"Memoirs of the Literary Ladies of England, from the Commencement of the Last Century",https://commons.cwrc.ca/orlando:3a6f59f2-de6e-46de-8571-1dd9c9610cd3
Memoirs of the Margravine of Anspach,https://commons.cwrc.ca/orlando:1bed91c8-db94-41a0-a5ca-9329901cc574
"Memoirs of the Rival Houses of York and Lancaster, Historical and Biographical",https://commons.cwrc.ca/orlando:5fcda350-5d8c-44f2-9b1a-b07d54a6e478
"Memoirs, Anecdotes, Facts and Opinions",https://commons.cwrc.ca/orlando:a25e9ba0-2818-41ba-bd0d-836d14138de9
"Memoirs, or Spiritual Exercises",https://commons.cwrc.ca/orlando:28c40f89-0cc8-4873-9123-57e515ab4b68
"Memoirs; or, Spiritual Exercises",https://commons.cwrc.ca/orlando:50f24bf7-0730-47e1-96f8-f449a9d66cc9
Memorandums of the Face of the Country in Switzerland,https://commons.cwrc.ca/orlando:f3095735-ee81-4c5b-b7cf-97f28971b6d0
Memorials of the Quick and the Dead,https://commons.cwrc.ca/orlando:ae11c76d-3706-4832-b361-cbfdb2ccd7ba
Memories of a Catholic Girlhood,https://commons.cwrc.ca/orlando:3d76691e-6f0b-4903-ab94-df88e738353a
Memories of Victorian London,https://commons.cwrc.ca/orlando:61632982-bfce-4611-8e61-37c8a3c0fd01
Memory in a House,https://commons.cwrc.ca/orlando:a0725ea0-c272-47ac-9678-b3e7a6a7f1ec
Memory's Pictures,https://commons.cwrc.ca/orlando:b2fc64cc-09fa-4e5e-a1f9-b38ecbfb7455
Men and Wives,https://commons.cwrc.ca/orlando:2f36bbb0-c13e-46e4-a5de-24948aacdd8e
Men and Women,https://commons.cwrc.ca/orlando:18c66e15-7af2-4541-89d9-76f131a56e1b
"Men and Women; or, Manorial Rights",https://commons.cwrc.ca/orlando:33d4bce2-35b2-4793-bf4c-80e0702fe24e
Men Are Unwise,https://commons.cwrc.ca/orlando:5ea0d3da-7808-43f7-ae62-64824ed7ed41
Men at Arms,https://commons.cwrc.ca/orlando:122234cb-8283-4cbb-9f6a-c4b0ca384de7
Men in Dark Times,https://commons.cwrc.ca/orlando:3fa954ed-b493-4412-a3d6-22f68f0a85f9
Men in the Off Hours,https://commons.cwrc.ca/orlando:4ea1e4dd-9a0f-4474-a3b3-81fc8a492d25
"Men, Women and Emotions",https://commons.cwrc.ca/orlando:8e8fb29e-5fe3-44c4-a856-bb7edb1a508c
"Men, Women, and Ghosts",https://commons.cwrc.ca/orlando:de2a7390-c8ea-4c11-bdc4-9bd006f98805
Mending Your Nerves,https://commons.cwrc.ca/orlando:db6a60bb-37fb-427b-9bc2-4207b196eca5
Méphis,https://commons.cwrc.ca/orlando:13fa54df-2f56-484c-8b9c-7cceb53343d1
Mer de Glace,https://commons.cwrc.ca/orlando:7c544139-df9f-4550-bc88-2370ce13218f
Mere Man,https://commons.cwrc.ca/orlando:9ac338a7-ba3a-4873-a9e1-8c0bfd8a31f8
Meredith,https://commons.cwrc.ca/orlando:3d80f240-519d-4cb8-8a35-559faebeb246
Merkland: A Story of Scottish Life,https://commons.cwrc.ca/orlando:dc1c3901-ff9c-4db9-b9db-2d25b3b5d1d7
Merton: A Biography,https://commons.cwrc.ca/orlando:f810f8cd-b5ec-4815-9ab9-fadc97166ab3
Mes Apprentissages,https://commons.cwrc.ca/orlando:75914812-53cb-4ef8-ba6f-9329dd60b8c2
Mesmerism: A Letter to Miss Martineau,https://commons.cwrc.ca/orlando:584168de-c694-49f3-8f81-b6e6c4c9cf65
Messalina of the Suburbs,https://commons.cwrc.ca/orlando:4b652152-e434-4dfe-afa0-bf72eadc5761
Metrical Legends,https://commons.cwrc.ca/orlando:f55c558d-9e38-42e7-9377-3dd52de404a4
Meurtre à Byzance,https://commons.cwrc.ca/orlando:5b017b9b-8252-422e-a520-b48fec79d8ce
Mia and Charlie,https://commons.cwrc.ca/orlando:5b82a214-9e3c-4d33-a844-ebdeb109fb47
Mice and Men,https://commons.cwrc.ca/orlando:b40500a6-cf69-4ad8-a890-46915f78ddf7
Michael Ferrys,https://commons.cwrc.ca/orlando:eef44ce1-2521-4ea9-aeaf-f91b6b9f8dce
Michael Robartes and the Dancer,https://commons.cwrc.ca/orlando:2ad1e23b-dd78-4b53-9f73-c40475fb3521
Michael the Miner,https://commons.cwrc.ca/orlando:5a95dbf6-4eea-41b2-8e8a-589e2814faa0
"Michael Villiers, Idealist and Other Poems",https://commons.cwrc.ca/orlando:806b14e7-c37a-482e-8c38-d23bb719fd44
Middlemarch,https://commons.cwrc.ca/orlando:d51d0ab8-2e8d-4713-a4b8-5f661af78764
Midsummer Holydays,https://commons.cwrc.ca/orlando:cdb07d2c-a7d9-480a-ac40-bb162367b7bc
Midsummer Night in the Workhouse,https://commons.cwrc.ca/orlando:84b16546-1168-41e4-996e-b05ebe79142f
Mignonette,https://commons.cwrc.ca/orlando:d8ca9750-a80c-4579-8c01-8dcbfe197cb6
Mildred,https://commons.cwrc.ca/orlando:ad97458b-70f7-4047-85a1-93573cd6216a
Mildred Arkell,https://commons.cwrc.ca/orlando:e98daab3-6f4d-4d74-80b4-f1f247460e78
Mile End,https://commons.cwrc.ca/orlando:8468a651-7515-48a8-b5ea-7fd7fc1af6f9
Milk and Honey,https://commons.cwrc.ca/orlando:7b9e6359-fe62-43be-95c8-0519abdcba09
Millenium Hall,https://commons.cwrc.ca/orlando:875dc2c3-aaaf-4eb7-818c-41db701fc169
Millicent Garrett Fawcett,https://commons.cwrc.ca/orlando:e4974966-eda3-42f5-9e53-2ddb2842aa22
Millicent Legh,https://commons.cwrc.ca/orlando:82fdda0a-ae7d-4d9f-b785-b9f342173427
Milton,https://commons.cwrc.ca/orlando:ffcc1b7b-8f63-40f4-a6e9-06ea42749672
Milton's God,https://commons.cwrc.ca/orlando:dab50068-1f04-46bb-ab73-9fd4678abd5f
Milwaukee,https://commons.cwrc.ca/orlando:1e36d462-c228-4344-98a3-42c35ab51f10
Minefield,https://commons.cwrc.ca/orlando:24c6b04d-5de4-43b8-95cf-4d11863610e3
Minimax,https://commons.cwrc.ca/orlando:49260c19-6a33-4069-96ee-46cd98646368
Minna Monte,https://commons.cwrc.ca/orlando:f5dab037-a5f6-4829-b20e-8e186bc9e19d
Minor Morals,https://commons.cwrc.ca/orlando:cde45c06-7f54-431f-8214-7a3f2ee7161a
Minstrelsy of the Scottish Border,https://commons.cwrc.ca/orlando:59971503-5f13-408e-9d4a-c1b207288b58
Minute by Glass Minute,https://commons.cwrc.ca/orlando:927af7fb-1c20-46c9-82f6-6439be0d0f70
Miriam,https://commons.cwrc.ca/orlando:036e3e4e-cc25-44a1-827d-f586b6913ef7
Miscelanea. Meditations. Memoratives,https://commons.cwrc.ca/orlando:9121dd74-32a6-4b84-8bb0-c4437bbd608b
Miscellaneous Plays,https://commons.cwrc.ca/orlando:eefa3576-87c3-4e51-8609-a7457ae9d9fd
Miscellaneous Poems and a Tragedy,https://commons.cwrc.ca/orlando:3f0455b8-8f05-40ce-b8bf-ea0189aa124c
"Miscellaneous poems, by Mary R. Stockdale: published at various times and collected in 1826",https://commons.cwrc.ca/orlando:44b83af5-cc1e-4341-bfe1-5d9e29cf33c5
Miscellanies,https://commons.cwrc.ca/orlando:cb83a20f-08f8-463a-b27c-c67692792a7e
Miscellany Poems on Several Subjects,https://commons.cwrc.ca/orlando:958ec76b-dac6-4435-a29f-93f298cf3dce
"Miscellany Poems, on Several Occasions",https://commons.cwrc.ca/orlando:1f305cf2-64b9-4f7b-b468-a499c065da6f
Miss Adele Amidst the Corsets,https://commons.cwrc.ca/orlando:c58658fd-38c7-4c76-bdd6-f375b53eb8d7
Miss Blake of Monkshalton,https://commons.cwrc.ca/orlando:57d2015e-1ef1-433f-bf88-353137eeb795
Miss Bretherton,https://commons.cwrc.ca/orlando:205b357c-1159-4956-bdde-503e5b1b78ec
Miss Bunting,https://commons.cwrc.ca/orlando:40265bcc-39f7-40ff-b504-df9b8623d7a0
Miss Chapman's Marriage Reform: A Criticism,https://commons.cwrc.ca/orlando:3053f65b-4704-4d0d-aad8-6cb9b9d5c875
Miss Herbert (the Suburban Wife),https://commons.cwrc.ca/orlando:e58a65f1-67b6-4e72-bc2b-87f906385794
Miss Linsey and Pa,https://commons.cwrc.ca/orlando:19bc0156-241d-48e0-850a-2b3b3d903129
Miss Marjoribanks,https://commons.cwrc.ca/orlando:2f2c0b6e-aa78-4839-a79e-1d3ece86a28c
Miss Martineau on Mesmerism,https://commons.cwrc.ca/orlando:beffe620-987b-4d95-ba58-58d5f4e1632a
Miss Meredith,https://commons.cwrc.ca/orlando:b1907ef5-5745-428b-bae2-7c6bfa6991db
"Miss Miles; or, A Tale of Yorkshire Life 60 Years Ago",https://commons.cwrc.ca/orlando:4844f7ce-e639-49f4-8d67-6ae419af822d
Miss Mole,https://commons.cwrc.ca/orlando:6d66b1df-1963-4b14-81b2-2b45d84b0d60
Miss Ogilvy Finds Herself,https://commons.cwrc.ca/orlando:845346d4-3966-454a-bdad-a34b59b07488
Miss Owen-Owen is At Home,https://commons.cwrc.ca/orlando:d5f56d90-dd57-40dd-a6d1-6c0564a2ac62
Miss Pardoe's Complete Works,https://commons.cwrc.ca/orlando:94063a6e-733c-4036-9b67-8b37af458773
Miss Peabody's Inheritance,https://commons.cwrc.ca/orlando:6a5fc359-e60f-4606-b6f8-a44bc893f69f
"Miss Pen and Her Niece; or, The Old Maid and the Young One",https://commons.cwrc.ca/orlando:079a66b9-6e72-4092-b361-2d3eff3f0046
Miss Pym Disposes,https://commons.cwrc.ca/orlando:44274315-71fb-41fd-b01e-e844e058dbd7
Miss Stuart's Legacy,https://commons.cwrc.ca/orlando:a7548238-43d1-4dc9-9314-9316449126c6
Missing',https://commons.cwrc.ca/orlando:f6531973-0290-4868-bf96-2d58676be5bd
Mistress and Maid,https://commons.cwrc.ca/orlando:be214d81-b7fc-4ea9-b572-16cf37ee9149
Mistress of Herself,https://commons.cwrc.ca/orlando:8df1055b-b826-462f-a3d4-07d54e474c09
Mistress of Mellyn,https://commons.cwrc.ca/orlando:18b420d1-ef9d-4467-b664-40824bb36b50
Misty Angel,https://commons.cwrc.ca/orlando:74457675-84d4-4af5-ab19-93da6498fef0
Moderation Truly Stated,https://commons.cwrc.ca/orlando:900b14cd-34ce-4687-8863-ad01bf036bf1
Modern Drama in Europe,https://commons.cwrc.ca/orlando:9a361cbb-9eef-4ae6-aad9-60cb6c42e37f
Modern Flirtations,https://commons.cwrc.ca/orlando:a4812b76-9981-43f8-9b01-92c41f9f8f81
Modern Instances,https://commons.cwrc.ca/orlando:33594594-c5c9-42c3-96d0-6de43599bd6f
Modern Love,https://commons.cwrc.ca/orlando:79a68ef0-5753-43cb-8bbc-51c7a47ddeca
Modern Painters,https://commons.cwrc.ca/orlando:b3efac11-4227-4097-9e10-7b4f4d4507fd
"Modern Seduction, or Innocence Betrayed",https://commons.cwrc.ca/orlando:c72cd9ab-b5f3-4ffc-810e-59aa82a794e5
Modern Society,https://commons.cwrc.ca/orlando:6cf80237-69f7-46a5-9bc6-a74ed8b3cd62
Modern Times,https://commons.cwrc.ca/orlando:b1540ed6-b7ff-421d-bd37-6583dd624287
Modern Woman: Her Intentions,https://commons.cwrc.ca/orlando:e1c38a45-cdea-47ac-86e8-b68d48982aa6
Mohawks,https://commons.cwrc.ca/orlando:94e6bb0f-d9df-40fd-8734-1f83a3c447f0
Molloy,https://commons.cwrc.ca/orlando:5ad7033e-b717-4b37-96af-fba6ed636cdc
Molly Montague's Love Story,https://commons.cwrc.ca/orlando:18d7eb54-7dcc-4792-be34-3c8e0e9ad03e
Mom & Me & Mom,https://commons.cwrc.ca/orlando:060758df-b9c8-40ce-a98f-cfa330bde588
Moment of Power,https://commons.cwrc.ca/orlando:d2f51145-cfac-4da6-bcbd-f9067a3efa7b
Monkey's Wedding,https://commons.cwrc.ca/orlando:445acb41-119b-415e-a4f5-dafc31caa228
Monmouth,https://commons.cwrc.ca/orlando:7df9c4f6-1a9c-461c-8c18-10a9bda2c0d4
Monochromes,https://commons.cwrc.ca/orlando:ab6991cd-e8e3-4a50-8793-9756ddb35228
Monody,https://commons.cwrc.ca/orlando:b8623f47-8688-48fc-9aa2-2724e3f44def
Monody to the Memory of Mrs. Byles,https://commons.cwrc.ca/orlando:a9952c60-1ccd-473b-914b-d07d0952790b
Monody to the Memory of Sir Joshua Reynolds,https://commons.cwrc.ca/orlando:be8c78e7-748e-4745-a1fc-245f11d3d944
Monody to the Memory of the Late Queen of France,https://commons.cwrc.ca/orlando:b462378d-ef72-49fe-b726-699872865262
Monologue. The Unthinkable,https://commons.cwrc.ca/orlando:87a686d0-56ad-4c4c-8677-4946b778d771
"Montgomery; or, Scenes in Wales",https://commons.cwrc.ca/orlando:1930753b-6fed-4ac7-9184-13a07c298692
Monuments and Maidens: The Allegory of the Female Form,https://commons.cwrc.ca/orlando:629562dd-547f-4625-9c61-a1b98ef7c004
Moon Tiger,https://commons.cwrc.ca/orlando:335770f7-9b63-46eb-8af5-a38ef777bc9a
Moon Wheels,https://commons.cwrc.ca/orlando:67f8382f-511e-485f-8d13-85669adc3fd9
Moon's Ottery,https://commons.cwrc.ca/orlando:a19b399d-eb33-4650-8d93-a81a97de51a3
Moonlight,https://commons.cwrc.ca/orlando:5b69397d-8354-4cb7-a8ac-d89c504bee3b
Moons and Winds of Araby,https://commons.cwrc.ca/orlando:441bdc51-48f4-456f-b84d-72167958afca
Moonshine and Magic,https://commons.cwrc.ca/orlando:2aff1f6b-f724-412c-8925-969334edafb3
Moor Fires,https://commons.cwrc.ca/orlando:51a273ce-84ee-4d69-8359-30b291d4ad6d
Mopsa the Fairy,https://commons.cwrc.ca/orlando:17995184-b0bd-45ae-8960-5343f9547443
Moral Disorder,https://commons.cwrc.ca/orlando:4743ece7-9f61-40f6-b510-a893981adebc
"Moral Heroism; or, The Trials and Triumphs of the Great and Good",https://commons.cwrc.ca/orlando:011ddba3-a1d4-4e48-8c11-759803eeac67
"Moral Pieces, in Prose and Verse",https://commons.cwrc.ca/orlando:f259c8f9-6574-46ed-89b6-55340c63c911
Moral Songs,https://commons.cwrc.ca/orlando:8efbc016-ea95-4522-924d-e24fcc8dbe7d
Moral Tales,https://commons.cwrc.ca/orlando:09aba33f-21c4-4139-863a-d9a9579de84c
Moral Tales for Young People,https://commons.cwrc.ca/orlando:c8b7cfc7-4d36-41a5-93b8-d67efaab116f
Morbid Symptoms,https://commons.cwrc.ca/orlando:62d7b7f2-674c-4c7c-b4b8-6a12e3d31a5f
More Ghosts!,https://commons.cwrc.ca/orlando:339409b9-d10a-4303-9040-93c324a7912c
More Tales of the Uneasy,https://commons.cwrc.ca/orlando:fdc58742-cc1f-4363-a968-ad7b839b9bbe
More Talk of Jane Austen,https://commons.cwrc.ca/orlando:158a379a-9151-4ea7-a474-e1b5707397d3
More than Coronets,https://commons.cwrc.ca/orlando:ac94ce5b-1df3-4a89-857c-34a3af35b880
More Women than Men,https://commons.cwrc.ca/orlando:4385b16f-e9ca-45a2-9a61-4b2c9d969d6d
More Work for the Undertaker,https://commons.cwrc.ca/orlando:69b824cd-53c9-481a-8d76-b85f18236151
Morley Roberts: The Last Eminent Victorian,https://commons.cwrc.ca/orlando:f7464623-2ad9-4bab-b3d4-10758611daa0
Morning and Cloud,https://commons.cwrc.ca/orlando:054f1af0-f428-4a22-9992-5ad1c9bfb2eb
Morning and Evening Hymns for a Week,https://commons.cwrc.ca/orlando:261ef0aa-3b9a-49a8-8c9f-7589f2dae381
Morning Glory,https://commons.cwrc.ca/orlando:ca7a62c0-21a5-4f89-acfc-1a36b00b85f9
Morning in the Burned House,https://commons.cwrc.ca/orlando:b62ac543-b7cb-497d-9631-0e9333795796
Morning on Rostrevor Mountains,https://commons.cwrc.ca/orlando:b576fa83-12db-4bdf-a2e9-8a37acc09ff6
Mornings' Amusements,https://commons.cwrc.ca/orlando:35c7dd33-7923-4511-b731-354b028b7b45
Mortal Coils,https://commons.cwrc.ca/orlando:5c4ffa78-53cf-4958-baa6-53ca9312593c
"Moscow, The Holy",https://commons.cwrc.ca/orlando:2f8142b0-d9c4-4db8-ad25-8a4897226138
"Moses, Man of the Mountain",https://commons.cwrc.ca/orlando:aad57363-1d0f-4971-975f-214d6ba8c5f2
Moses: A Story of the Nile,https://commons.cwrc.ca/orlando:86d94c4e-488a-46b7-a641-0d7f1fdbe9fd
"Moss Cliff Abbey; or, The Sepulchral Harmonist. A Mysterious Tale",https://commons.cwrc.ca/orlando:a8dd25ee-8222-40df-8db8-8f81647e9440
Moss Witch,https://commons.cwrc.ca/orlando:b67c8bd1-b89d-4c98-bc7c-f3e0a3ff3d55
Mother and Son,https://commons.cwrc.ca/orlando:e4f54107-bdd6-4344-b2c8-f76969a321cc
Mother Can You Hear Me?,https://commons.cwrc.ca/orlando:e4ce7a64-a755-4d46-897b-bd610ef7e970
Mother England,https://commons.cwrc.ca/orlando:20a49354-a276-40fb-93a1-5c18c9f74c64
Mother Ireland,https://commons.cwrc.ca/orlando:98431dbd-5c36-4424-9849-d356ee87e85e
Mother Molly,https://commons.cwrc.ca/orlando:3f0f87a6-a9e7-4327-979d-35309c7191ed
Mother of Five,https://commons.cwrc.ca/orlando:d159f554-bf32-4132-9dd5-4ba2c9bf6c6f
"Mother to Daughter, Daughter to Mother: A Daybook and Reader",https://commons.cwrc.ca/orlando:91e67762-8c36-495b-91da-e39521a179bf
Mother's Last Words,https://commons.cwrc.ca/orlando:7d1a7539-cce0-497d-80d3-d3f31565a755
Mothers and Daughters; A Tale of the Year 1830,https://commons.cwrc.ca/orlando:431a1276-b245-4528-a79a-1dd7f24ebfa3
Mothers and Fathers,https://commons.cwrc.ca/orlando:1e94fc8c-c29c-4366-990b-89c9eb462079
Mothers' Boys,https://commons.cwrc.ca/orlando:fdd77c2b-16fe-4317-941b-5ffc120aa535
Moths,https://commons.cwrc.ca/orlando:2a660e5c-43e0-40a0-81bf-ab55c73b6778
Mount Music,https://commons.cwrc.ca/orlando:e73b5fc0-26e3-4d62-975c-b7fbf3ac398a
Mount Sorel,https://commons.cwrc.ca/orlando:cd626859-86fd-4e4a-b454-80bf0c101dca
Mount Zion,https://commons.cwrc.ca/orlando:5e113dab-b718-499f-98a5-1db7ef8bdc99
Mountain Language,https://commons.cwrc.ca/orlando:e1b9edae-244b-4f98-aeeb-47e387211baf
Mourning Ruby,https://commons.cwrc.ca/orlando:7e57f371-c1af-4314-b63a-5f902dd57620
Mr Fox,https://commons.cwrc.ca/orlando:dd63b6d0-880c-4329-9d1a-962d1a948c74
Mr Loverman,https://commons.cwrc.ca/orlando:4af526f5-21a9-4bc0-ba29-405eaa7ab421
Mr Wrong,https://commons.cwrc.ca/orlando:57d4f7cf-7cf4-4ed0-aaae-c3c0ba0115ff
Mr. and Mrs. Asheton,https://commons.cwrc.ca/orlando:af4752b3-de09-4da8-83a2-8e7393189d8a
Mr. Bevan's Dream,https://commons.cwrc.ca/orlando:31a102f5-6a7f-45de-bbef-56784fb834a0
Mr. Butler's Ward,https://commons.cwrc.ca/orlando:01ad8758-2d67-4319-a63e-2bba778d89e1
"Mr. Dalton's Legatee, a Very Nice Woman",https://commons.cwrc.ca/orlando:4f7e1a9a-6d5e-4476-9794-6d0d1ec759f9
Mr. Fitzgerald's Marriage,https://commons.cwrc.ca/orlando:c6473226-3b75-412b-a577-13e0a9bd8914
Mr. Skeffington,https://commons.cwrc.ca/orlando:a3fa9b14-2dec-449c-a583-19b2e8757f27
Mr. Smith,https://commons.cwrc.ca/orlando:ce70d7bb-7a44-40e3-b3ac-230c86054ce1
Mr. Standfast,https://commons.cwrc.ca/orlando:cfbd39d6-98a0-423a-a060-5c6c61843a03
Mr. Wakefield's Crusade,https://commons.cwrc.ca/orlando:00f453f6-4c53-4d64-9146-6e5add07e7b7
Mrs Beer's House,https://commons.cwrc.ca/orlando:a1cc8c21-1904-4bbd-a64b-b545850da4d0
Mrs Grundy in Scotland,https://commons.cwrc.ca/orlando:933e4473-e491-467a-ada9-d5ba49849584
Mrs Leicester's School,https://commons.cwrc.ca/orlando:76d15730-19a0-4d88-940e-b4ced9341b9f
Mrs Ritchie,https://commons.cwrc.ca/orlando:3e5f8801-bd3a-4a39-9ffa-0beb84d49ddd
Mrs. Bligh,https://commons.cwrc.ca/orlando:b4a247ec-7742-40d7-9e42-daead99c99a3
Mrs. Butler's Appeal to the Women of America,https://commons.cwrc.ca/orlando:dfddd1a9-f9a2-4d02-af81-f14c2cb6f3c4
Mrs. Dalloway,https://commons.cwrc.ca/orlando:55eaee1e-4df7-40b5-b6af-28011a994210
Mrs. Dalloway in Bond Street,https://commons.cwrc.ca/orlando:c4a94b93-e65b-4abb-8cd6-091998c038e8
"Mrs. Delany (Mary Granville): A Memoir, 1700-1788",https://commons.cwrc.ca/orlando:b330f36a-eeee-4b50-bb6e-238c09604fa2
"Mrs. Ewing, Mrs. Molesworth, and Mrs. Hodgson Burnett",https://commons.cwrc.ca/orlando:3b0662a9-3cd2-4ceb-8759-7a6f411b81a1
Mrs. Frampton,https://commons.cwrc.ca/orlando:30b95e68-8598-4b73-b4f2-00bb6c36c22e
Mrs. Gailey,https://commons.cwrc.ca/orlando:7baecdab-c0a1-490d-beb6-462ee5861554
Mrs. Halliburton's Troubles,https://commons.cwrc.ca/orlando:e6264a2e-471e-4494-a6b9-b2de3af0a9b9
Mrs. Hammond's Children,https://commons.cwrc.ca/orlando:a60b0f8d-8ef7-463a-85bb-98f401e2e658
Mrs. James's Advice to all Printers in General,https://commons.cwrc.ca/orlando:726b9ad0-10e7-46c7-90e6-0cba5aff979f
Mrs. James's Advice to the Citizens of London,https://commons.cwrc.ca/orlando:05018a69-9372-4d8d-bee3-e57622c5e5e6
Mrs. James's Reasons that Printing may not be a Free-Trade,https://commons.cwrc.ca/orlando:3300714c-a37b-4773-b26e-9cff6f0e4cd0
"Mrs. Lorimer, a Sketch in Black and White",https://commons.cwrc.ca/orlando:173d41d4-d32f-46fe-8850-56dd93431e50
Mrs. Mainwaring's Journal,https://commons.cwrc.ca/orlando:2addcc48-c39b-4c59-82f4-877cfdafe403
"Mrs. Mathews; or, Family Mysteries",https://commons.cwrc.ca/orlando:c5cbda9c-9145-46a6-8dc9-91f104fb779c
Mrs. Miniver,https://commons.cwrc.ca/orlando:3d18d7ec-c509-40a2-8179-2b7ebb8ad269
Mrs. Overtheway's Remembrances,https://commons.cwrc.ca/orlando:e9dda3a9-6fad-4e9b-865f-3c82d760689b
Mrs. Reinhardt,https://commons.cwrc.ca/orlando:97ae22bc-33e4-4f92-8c42-349319b4cb15
Mrs. Shaws Innocency Restored,https://commons.cwrc.ca/orlando:1eead37d-6b16-4899-9167-b3cd6c58c327
Mucking Around: Five Continents Over Fifty Years,https://commons.cwrc.ca/orlando:931e9ca4-f64b-4c14-8ea1-b2557a5af143
Muddling Through in Madagascar,https://commons.cwrc.ca/orlando:ff875823-6ae0-4026-9255-5efc8e07862c
Mulberry Absences,https://commons.cwrc.ca/orlando:32778174-1f9b-4fd7-b671-34e22ab81d3a
Mules,https://commons.cwrc.ca/orlando:840e3a59-4ac9-46de-9073-c23bd5923e1c
Mules and Men,https://commons.cwrc.ca/orlando:8847ccb7-9fc2-4e4d-9147-66ea4478ce1b
Mum and Mr. Armitage,https://commons.cwrc.ca/orlando:b53f4148-8773-466c-8a9d-aaf963bb942f
Mundos,https://commons.cwrc.ca/orlando:09edac90-5a3e-4cde-b522-5cdb28c64753
Murder Being Once Done,https://commons.cwrc.ca/orlando:932fdb05-5490-494d-bc6a-f5cdba722b93
Murder in Estoril,https://commons.cwrc.ca/orlando:df16eeaa-d54b-48c1-a174-1776697cbf94
Murder in the Cathedral,https://commons.cwrc.ca/orlando:8b9aa026-07ca-4c8b-8824-5e67ef5ae2ad
Murder in the House of Commons,https://commons.cwrc.ca/orlando:af2239c8-a8ae-47a7-8722-d6468aae698d
Murder Included,https://commons.cwrc.ca/orlando:6027efd4-7ddb-4b4e-aa5c-ac54e2c3b482
Murder Most Royal,https://commons.cwrc.ca/orlando:a764168e-b815-4dee-91c2-6424243e2d9f
Murder on the Orient Express,https://commons.cwrc.ca/orlando:561246b9-78c0-4462-b4a9-2be2a300e944
Murder Will Out,https://commons.cwrc.ca/orlando:fa980f62-2f4c-402f-ae43-55b4b75b8368
Musa Virginea Græco-Latino-Gallica,https://commons.cwrc.ca/orlando:28d273b5-0325-473b-a665-6368fa95a5ea
Music,https://commons.cwrc.ca/orlando:ff03d46d-b9f7-4964-a31b-52c487460cff
Music and Silence,https://commons.cwrc.ca/orlando:abfe09d7-b7d9-40a6-8a6c-bce04a2e1161
Music Upstairs,https://commons.cwrc.ca/orlando:bc2c531c-66ef-4226-b544-fd89e5514f5f
My American,https://commons.cwrc.ca/orlando:b61b9f9f-732f-463c-8a91-15f989475a11
My Animal Life,https://commons.cwrc.ca/orlando:221d34f4-e933-44ac-8f28-7068225d272d
My Apprenticeship,https://commons.cwrc.ca/orlando:0ed25ad2-b7f4-4cee-947b-f8a12d7999c6
My Best Mary: The Selected Letters of Mary Wollstonecraft Shelley,https://commons.cwrc.ca/orlando:08369d38-b951-46fd-9ae7-e3897bd8872b
My Booke of Rememberance,https://commons.cwrc.ca/orlando:d85b6b4d-9787-4bb3-8fc0-d5fdea510e98
My Canadian Memories,https://commons.cwrc.ca/orlando:566b5159-2ae4-43e7-8e37-24b0a8d27121
My Cleaner,https://commons.cwrc.ca/orlando:c75a13b0-fc9f-4c36-9d35-9707453c7521
My Connaught Cousins,https://commons.cwrc.ca/orlando:1b8f5bb4-3e5f-4038-a88b-d250ddfc22b3
My Cousin Rachel,https://commons.cwrc.ca/orlando:2dad1dcd-3ce5-4e59-8881-3f6d21bf083e
My Darling Camel,https://commons.cwrc.ca/orlando:b3f8e44e-531c-456e-b967-9958c110a5d6
My Father's Moon,https://commons.cwrc.ca/orlando:280a441b-d142-4947-b8e4-c74c473e8cf9
My First Play,https://commons.cwrc.ca/orlando:fbe9faac-9381-4901-acb5-55e4e7451495
My Flirtations,https://commons.cwrc.ca/orlando:e86b73bd-05ed-45bd-ae6a-ce75cd9eed48
My Friend Says It's Bullet-proof,https://commons.cwrc.ca/orlando:7cd8a173-1579-4407-9161-7be6af0d00c6
My Husband Simon,https://commons.cwrc.ca/orlando:23160599-b355-4794-aed6-e4412f230ab5
My Ireland,https://commons.cwrc.ca/orlando:f7a65e86-1812-43c3-8e09-3232b5254d13
My Lady Green Sleeves,https://commons.cwrc.ca/orlando:7ef0a4db-8595-4cbb-a6c0-2ad5f9ad951c
My Lady Ludlow and Other Tales,https://commons.cwrc.ca/orlando:aa3c96a5-c029-4386-bca3-36325d9dcd25
My Lady's Slipper and Other Verses,https://commons.cwrc.ca/orlando:552ad247-56d9-47b2-8d05-c040ec304db6
My Life,https://commons.cwrc.ca/orlando:f72cee4c-06bf-471a-82d8-1bbb4746dbe3
My Life Asleep,https://commons.cwrc.ca/orlando:c50c82dc-fb41-44de-84bf-7680dbe60516
My Life in Houses,https://commons.cwrc.ca/orlando:7c8efb75-dd83-4085-b325-1f0adb413cfb
My Literary Life,https://commons.cwrc.ca/orlando:5e0f1ee8-a2d4-4cf7-b8d9-f72787f25ca9
My Lord John,https://commons.cwrc.ca/orlando:3ded57e6-dbf3-4dbe-a4a2-6561d2cbad14
My Mind and its Thoughts,https://commons.cwrc.ca/orlando:65dceab2-a08b-4768-9e03-67446b83505b
My Mission in Siberia; a Vindication,https://commons.cwrc.ca/orlando:cded9eaa-5bf6-4eb9-bc13-a8ff6006cc7b
My Mortal Enemy,https://commons.cwrc.ca/orlando:ff4099ff-fa5a-4aa0-ba27-6b720f15ba95
My Mother's House; and Sido,https://commons.cwrc.ca/orlando:8563b84a-5741-473f-bcab-f67a5df12b94
My Name was Martha: A Renaissance Woman's Autobiographical Poem,https://commons.cwrc.ca/orlando:cb622b34-770e-4c6b-acd8-6b796fb432aa
My Neighbour's Shoes,https://commons.cwrc.ca/orlando:329cc671-0a37-44b7-a64f-e57a015294f3
My Own Schooldays,https://commons.cwrc.ca/orlando:2396c08c-19e4-48e5-848c-0d60e9f73f68
My Part in a Changing World,https://commons.cwrc.ca/orlando:272b08d7-dd78-4433-ab18-86e0115c6d5f
My Path to Atheism,https://commons.cwrc.ca/orlando:a73cb827-bf64-48e0-ab3f-e6631dee6d24
"My Portrait Gallery, and Other Poems",https://commons.cwrc.ca/orlando:8b356bab-41c7-4fb4-8c34-83a89947e3de
My Silver Shoes,https://commons.cwrc.ca/orlando:e83050a3-1644-4161-8758-263ed184ab89
My Sister's Horse,https://commons.cwrc.ca/orlando:854b92fd-2393-4740-bd02-1381cb8614ab
My Turn to Make the Tea,https://commons.cwrc.ca/orlando:2c5f7568-56c8-42d2-aa5e-65667727e805
My Wallet of Photographs,https://commons.cwrc.ca/orlando:9ad2e999-ce39-4162-836e-401915cda3d2
Myself When Young,https://commons.cwrc.ca/orlando:bd9ad8a5-e95e-4efc-946e-4fe858fec494
Mysteries Elucidated,https://commons.cwrc.ca/orlando:21b3a910-d322-4705-9175-74abedb8c918
Mystery at Geneva,https://commons.cwrc.ca/orlando:11fa4fbf-a3c4-416f-8f2b-692f19d422e7
Myths of the Odyssey in Art and Literature,https://commons.cwrc.ca/orlando:b36c716a-dce0-4d20-8d8e-2df8821885af
Naira Power,https://commons.cwrc.ca/orlando:ab63f4ad-7773-477e-899d-c343a9ddc031
"Nakiketas, and Other Poems",https://commons.cwrc.ca/orlando:85f329c6-0e82-4bf7-9cb2-4a297614dde6
Nancy,https://commons.cwrc.ca/orlando:26fb2f6c-2c97-40a4-a861-ccdb78425c60
Naomi Godstone,https://commons.cwrc.ca/orlando:f8bcb892-c0e0-46ce-bee2-9e9540f6e815
Napoleon's Viceroy: Eugène de Beauharnais,https://commons.cwrc.ca/orlando:022b2209-45b4-4de7-a135-42a6c7f70fea
Når vi døde vågner,https://commons.cwrc.ca/orlando:c8705011-3f63-4f92-81d8-b32537aff59d
Narrative of a Residence in Ireland,https://commons.cwrc.ca/orlando:e551a8e1-90ce-4ba9-93b6-bbaf03c1c114
"Narrative of a Tour taken in the Year 1667, to La Grande Chartreuse and Alet, by dom Claude Lancelot",https://commons.cwrc.ca/orlando:36e4ef08-6d6e-43fe-8256-831fe9170c1b
"Narrative Poems on the Female Character, in the Various Relations of Human Life",https://commons.cwrc.ca/orlando:1cd47e75-b088-4313-8332-2098d1ce7a17
"National Lyrics, and Songs for Music",https://commons.cwrc.ca/orlando:23545336-4d60-44f8-9f56-a588a377879b
National Provincial,https://commons.cwrc.ca/orlando:75a592e4-e157-4ac8-b061-fa9db3906acc
National Velvet,https://commons.cwrc.ca/orlando:d646120c-bc85-4eec-94e5-929466e6de12
Nativity Play: A Christmas Musical,https://commons.cwrc.ca/orlando:8bdce309-c3d5-49e5-bbf7-01b2a45dd78c
Natural Chemistry,https://commons.cwrc.ca/orlando:6e61aff3-8417-4b51-a21a-f52b3be8894c
Natural Law: An Essay in Ethics,https://commons.cwrc.ca/orlando:2ba7e4a3-9520-487b-b4b4-81d3ff6551bd
Nature and Art,https://commons.cwrc.ca/orlando:cfc4edb0-5e2f-4a2c-9415-b0249c76b4fe
"Nature Matters: Journalism, The Environment and Everyday Life",https://commons.cwrc.ca/orlando:74686bdd-0391-41e5-9bf9-7233556af79e
"Nature, the Utility of Religion, and Theism",https://commons.cwrc.ca/orlando:efd0b507-2563-4392-af14-f309cde9e376
Natures Pictures Drawn by Fancies Pencil to the Life,https://commons.cwrc.ca/orlando:e50a9204-a588-4312-8e89-4a30566e550b
Neaptide,https://commons.cwrc.ca/orlando:e535f996-7053-448d-8566-35b60d1dfafb
Near Neighbours,https://commons.cwrc.ca/orlando:a564cb35-37c9-4072-b754-8b981496dc21
"Nearer, My God, to Thee",https://commons.cwrc.ca/orlando:d10db9ca-f48b-4e99-8290-f7f22bfdd2a4
Necropolis,https://commons.cwrc.ca/orlando:4a4e68c3-a94e-414f-885c-132acc6fe760
NEGRO,https://commons.cwrc.ca/orlando:6634d3a2-bb22-4d56-b024-1c5fc30ec274
Neither's the Man,https://commons.cwrc.ca/orlando:5fed4f04-5b4a-42f2-a5fb-a4db588dc69b
Nelly's Version,https://commons.cwrc.ca/orlando:33cd7483-f179-498b-91cd-63d9df3a0a3f
Nettie's Baby,https://commons.cwrc.ca/orlando:60995529-f186-484f-a207-a6debcaeb234
Never Far From Nowhere,https://commons.cwrc.ca/orlando:9a9f3b38-462e-41d6-891a-e512a208edcd
New and Selected Essays,https://commons.cwrc.ca/orlando:4b6a3810-ced3-4caa-a7d9-db546c6eecef
New and Selected Poems,https://commons.cwrc.ca/orlando:5629fc9a-6928-4271-b776-0d1044ca8991
New Atalantis,https://commons.cwrc.ca/orlando:2fc06338-51a1-4fbf-9769-648e977c8b9b
New Comedies,https://commons.cwrc.ca/orlando:c3b072e2-a7bd-4e90-8cb6-8be861732191
"New Echoes, and Other Poems",https://commons.cwrc.ca/orlando:eb48a277-5d7f-4f11-a9c1-fb45fb6d584f
New Ground: Kaffirland,https://commons.cwrc.ca/orlando:790d8114-6742-4319-99ca-41c236d85dff
New Poems,https://commons.cwrc.ca/orlando:712cf669-43cd-4015-a3be-1fdf8bf31273
New York City,https://commons.cwrc.ca/orlando:8bedecdc-9716-499a-a1cc-ed2db97dca9c
News from Parnassus,https://commons.cwrc.ca/orlando:19f8127b-d726-4cda-82dd-8b99c3730433
Next,https://commons.cwrc.ca/orlando:03dce2e0-1d3a-4d3b-b3f5-c680ada0f519
"Next to Nature, Art",https://commons.cwrc.ca/orlando:74bc4116-1911-45a3-9f1e-d64ab36e00fa
Niccolina Niccolini,https://commons.cwrc.ca/orlando:55c878b8-8d74-4efb-a45f-1ac2af9aa3a5
Nigeria,https://commons.cwrc.ca/orlando:d9101597-e94c-4185-9e74-0e60e927758e
Night and Day,https://commons.cwrc.ca/orlando:5d66c74e-40be-44de-a06a-608c152f4853
Night's Sunlight,https://commons.cwrc.ca/orlando:7193996c-a88c-4df6-a8fa-00f5496a520d
Nightingale Wood,https://commons.cwrc.ca/orlando:ee519261-a62e-4167-afba-d1ce6576f581
Nightwood,https://commons.cwrc.ca/orlando:04d98f49-f9f5-44aa-a65e-e9e318ba9084
Nine Canzonetts for Two Voices,https://commons.cwrc.ca/orlando:da9867e4-75a7-48db-b830-cddc56775039
Nine Coaches Waiting,https://commons.cwrc.ca/orlando:4988db45-d367-4e6f-b7ad-48c609c79595
Nine Lives,https://commons.cwrc.ca/orlando:4ccc5190-9c38-49a5-8d79-3addcee75f06
Nineteen Eighty-Four,https://commons.cwrc.ca/orlando:07899f30-af05-41ae-8626-72b334ebb506
Ninette,https://commons.cwrc.ca/orlando:ed29f698-8551-45dc-9d96-9176e0ec83eb
Ninfa Revisited,https://commons.cwrc.ca/orlando:63a71cba-c645-431d-9da1-2e01f9a453ed
No Country for Young Men,https://commons.cwrc.ca/orlando:79eb401b-54d3-408f-97eb-85f157523044
No Fond Return of Love,https://commons.cwrc.ca/orlando:04358eb0-9308-49b9-a5ba-b106e94f8e16
No Friend Like a Sister',https://commons.cwrc.ca/orlando:bdac88a0-442e-4b1c-9c8c-9a29d30e83e9
No Greater Love,https://commons.cwrc.ca/orlando:c51fd34a-09f4-408c-bfd2-d3825b72a71f
No Love Lost,https://commons.cwrc.ca/orlando:1d68b959-9df4-4c1a-a31a-65a1dc91f5cd
No Man's Land,https://commons.cwrc.ca/orlando:4f747770-1583-4b52-840a-69ad8080e1a2
No More Dying Then,https://commons.cwrc.ca/orlando:7e739e9d-0ea6-4413-9235-82c94767370d
No More Meadows,https://commons.cwrc.ca/orlando:1b884d97-f833-4b23-b041-e2dd540c57f4
No More Music,https://commons.cwrc.ca/orlando:512b0e27-8015-4d30-8e14-942b111a90d7
No More Parades,https://commons.cwrc.ca/orlando:d879b1e2-40cb-4a5c-8d78-bcb20d480d47
No Name,https://commons.cwrc.ca/orlando:75478aad-8b80-41b0-9d6a-46ea0ed19e3c
No Night Is Too Long,https://commons.cwrc.ca/orlando:bb381377-199f-4a64-8b56-987984755835
No Relations,https://commons.cwrc.ca/orlando:ca4c46f4-857d-40e4-b7f0-446da9b5e30f
No Signposts in the Sea,https://commons.cwrc.ca/orlando:6cbf1b24-bf94-4be4-8ad1-265cbcae57b2
No Votes for Women: A Reply to Some Recent Anti-suffrage Publications,https://commons.cwrc.ca/orlando:5ad8f4d9-d723-4715-9e60-9496481c6c7d
No Walls of Jasper,https://commons.cwrc.ca/orlando:eaa7e143-9d7e-4bbb-a6da-a2dd9da30273
Noah's Ark,https://commons.cwrc.ca/orlando:b82ad706-065c-4aa9-b308-1305c94c21f6
Noble in Reason,https://commons.cwrc.ca/orlando:b2e8cee2-a5d8-47cf-b85b-256d5bdb8fee
Noel Streatfeild's Christmas Stories,https://commons.cwrc.ca/orlando:212e7fd7-b9b5-4141-8205-3abbbac2ad03
Non-Combatants and Others,https://commons.cwrc.ca/orlando:0a8b9a78-62cc-44ae-b1d1-7d159a69d569
None to Accompany Me,https://commons.cwrc.ca/orlando:37de0bf7-939b-4c0b-a5e8-06e9297c9953
None Turn Back,https://commons.cwrc.ca/orlando:313597f3-38f7-43a7-abd6-79a488dd8afb
Nooks and Corners of Cornwall,https://commons.cwrc.ca/orlando:27854ecc-de87-4f5a-b4eb-87e916d2293a
Noonday,https://commons.cwrc.ca/orlando:75656a50-f369-4020-862e-6784bda10423
North and South,https://commons.cwrc.ca/orlando:976c1d53-1c30-43ed-b7ee-3ec4091e54d7
North Face,https://commons.cwrc.ca/orlando:8d17c2b4-cb1c-423b-9913-c631807337ed
Nostromo,https://commons.cwrc.ca/orlando:3164649e-6929-46b0-b51b-9d0f138e3875
Not After Midnight,https://commons.cwrc.ca/orlando:ceddf219-27c5-4ef8-bc63-0b2bc5ae8972
Not Easily Jealous,https://commons.cwrc.ca/orlando:12805941-aa9c-4524-8eb1-1fff194877fd
Not for the Night-Time,https://commons.cwrc.ca/orlando:644e11ad-468c-4e00-a5ca-4245ec9f577e
Not in the Flesh,https://commons.cwrc.ca/orlando:e8bfdd2b-2a36-4d63-911b-c43ebf593ea7
Not That Sort of Girl,https://commons.cwrc.ca/orlando:8104aac9-8049-41ad-bb01-8508f63bc10f
Not to Disturb,https://commons.cwrc.ca/orlando:ec2d83e6-d62c-4f91-baba-4fa8ddf5814b
Not Under Forty,https://commons.cwrc.ca/orlando:9e6c8658-de9b-41a6-b35f-7956d7f4a4c6
Not Waving but Drowning,https://commons.cwrc.ca/orlando:5ab052a3-995a-4049-a3bb-dea4dbd0b538
"Not Wisely, but Too Well",https://commons.cwrc.ca/orlando:d406586e-e7b7-4f5c-a3fe-e876e4baac11
Not Without Honour,https://commons.cwrc.ca/orlando:aa1776b4-7299-4fc7-939c-c362dc59dbfa
Note on the Aboriginal Races of Australia,https://commons.cwrc.ca/orlando:e7eec8df-32db-496d-8102-655bbc559307
Notes and Sketches of New South Wales,https://commons.cwrc.ca/orlando:ee180748-40d2-4310-b71e-694f8e7865db
Notes from the Front Line,https://commons.cwrc.ca/orlando:be242f85-43bc-423a-b8bb-a1725d465202
Notes of an Overland Journey Through France and Egypt to Bombay,https://commons.cwrc.ca/orlando:60005033-1682-4d79-b6d9-f3cdee0174c1
Notes on a Journey through Cilicia and Lycaonia,https://commons.cwrc.ca/orlando:4dfb3283-f851-4d1f-8ff3-a92337f8d36e
Notes on Causes of Deterioration of Race,https://commons.cwrc.ca/orlando:6ccca742-918a-4d8e-bb29-5afb2804b11c
"Notes on Men, Women, and Books",https://commons.cwrc.ca/orlando:c6d7ccf7-df1c-47dc-b4c8-624a2f49d240
Notes on Old Edinburgh,https://commons.cwrc.ca/orlando:a2882109-3c38-4728-93b4-0678fff687f1
Notes on the Last Cycle at Bayreuth,https://commons.cwrc.ca/orlando:5ae845ba-c568-4ed4-b976-950bda2433a7
Notes on the Way,https://commons.cwrc.ca/orlando:e26095d1-6fbf-4914-88b4-b3fde87ebb96
Notes on Thought and Vision,https://commons.cwrc.ca/orlando:1f0f15ee-7214-4523-8c5b-67170d71061f
Notes on Yucatan,https://commons.cwrc.ca/orlando:17f0c07f-578a-411c-a28f-e1c8aa00f5e5
Notes upon Some of Shakespeare's Plays,https://commons.cwrc.ca/orlando:8c38583d-e29e-458d-86e6-003dfd043fcf
Nothing Missing but the Samovar,https://commons.cwrc.ca/orlando:ca597a8a-abd9-4d00-803c-cb8b326f5292
Nothing So Blue,https://commons.cwrc.ca/orlando:179279fe-a3d2-4e5e-afd2-a77a80939146
Notions in Garrison,https://commons.cwrc.ca/orlando:50390cdf-783a-4ecc-9d12-749376a5643c
Noton Noton Pairaguli,https://commons.cwrc.ca/orlando:7cd27748-91cb-46cf-af91-964aab170438
Noughts and Crosses,https://commons.cwrc.ca/orlando:a6d83b0e-fed8-4b1d-9943-69140f4c4d78
Novels,https://commons.cwrc.ca/orlando:53b9b75f-3c9b-4144-8e55-e15b7c88fe69
Novels and Stories,https://commons.cwrc.ca/orlando:51437881-b9e6-45a2-ab8a-d7a436fcd997
Now Is the Time to Open Your Heart,https://commons.cwrc.ca/orlando:bd0dde67-d36a-49d9-9f69-b41115ee2cc9
Now or Never,https://commons.cwrc.ca/orlando:20812eb3-fd96-4631-ac67-1035f95dc4ae
Nowhere to Play,https://commons.cwrc.ca/orlando:cbf5871e-f910-4e0d-bde1-77440e398050
Nugae Canorae,https://commons.cwrc.ca/orlando:48714efb-558f-4077-aca9-71260ed85ae8
Nuns and Soldiers,https://commons.cwrc.ca/orlando:17aa3f4d-e106-426d-a091-78a9c390631c
Nursery Rhymes,https://commons.cwrc.ca/orlando:076d8b78-8161-401a-b197-73666b8c0352
Nursery Rhymes of London Town,https://commons.cwrc.ca/orlando:034c15e1-be52-41fd-8083-36ae65141409
NW,https://commons.cwrc.ca/orlando:574dfc57-ebf2-43cc-ba5a-fe54a2d61698
Nymph & Faun,https://commons.cwrc.ca/orlando:8942d017-bdb6-4aa6-8df4-728f0305615d
"O Dreams, O Destinations",https://commons.cwrc.ca/orlando:5150ed4f-89e6-4910-9a05-7bd0c3ed69a7
O Pioneers!,https://commons.cwrc.ca/orlando:b9d9f289-856d-48a7-a2cf-97fff0496fdc
Oberland,https://commons.cwrc.ca/orlando:0b0b22de-f57d-4c5e-841e-c80b4b3bd5f2
Objections to the Enfranchisement of Women Considered,https://commons.cwrc.ca/orlando:73803364-536e-48ec-a530-53253b0060f1
"Observations and Reflections Made in the Course of a Journey through France, Italy, and Germany",https://commons.cwrc.ca/orlando:e5ff0367-054b-4a0e-96e5-17ece51d47ea
Observations of a Clerk,https://commons.cwrc.ca/orlando:d50fb830-58af-4a56-88e2-1b44cc9cb09d
Observations on the Evidence Contained in the Stational Reports Submitted to Her by the Royal Commission on the Sanitary State of the Army in India,https://commons.cwrc.ca/orlando:e12f07de-3fa5-4dd2-a941-64c099d95abf
"Observations on the New Constitution, and on the Federal and State Conventions",https://commons.cwrc.ca/orlando:ab4189b6-fbef-45e0-9b8e-d86d943c0954
Observations on the Offensive and Injurious Effect of Corporal Punishment,https://commons.cwrc.ca/orlando:3ca46a32-cf96-4cb4-a956-95a93a095cd7
Occam's Razor,https://commons.cwrc.ca/orlando:bb307f5c-7aa5-4943-ba71-303cecfcc823
Occasion for Loving,https://commons.cwrc.ca/orlando:deff1b88-0dc5-4e9a-a92d-935b00d0d550
Occasional Thoughts in Reference to a Vertuous or Christian Life,https://commons.cwrc.ca/orlando:0a7a43a7-7c48-4b30-8d24-c176dad0e16e
Occult Chemistry,https://commons.cwrc.ca/orlando:75713a7b-1bd0-41d8-a4d5-cb4afe553f8b
Octavia,https://commons.cwrc.ca/orlando:2a92bb6a-0d36-46b1-a627-76d9f8553e92
Odd Woman Out,https://commons.cwrc.ca/orlando:dbe23f41-e352-4e0b-bc44-9ca15617ab54
Ode on the Coronation of His Most Gracious Majesty George the Fourth,https://commons.cwrc.ca/orlando:076c9797-4005-45ff-9c83-769827845af1
Ode to Dragon,https://commons.cwrc.ca/orlando:727439a3-91c4-48c8-9134-942f1702d674
Ode to Spring,https://commons.cwrc.ca/orlando:fb2a9152-c9a1-4556-92c0-5915b58022f1
Ode to the Harp of the Late Accomplished and Amiable Louisa Hanway,https://commons.cwrc.ca/orlando:70900f9f-55c0-4597-a8a6-fee64a2f6be9
Oedipe,https://commons.cwrc.ca/orlando:bb481563-724e-41ec-9713-0cfcfad58669
Of Love and Terror,https://commons.cwrc.ca/orlando:3c1434c2-f700-4a3c-abb7-804056d3adc9
Of Men and Women,https://commons.cwrc.ca/orlando:2d419877-ae1b-4197-a1c7-7f887e7ca059
Of Mice and Men,http://www.wikidata.org/entity/Q457977
Of Mutability,https://commons.cwrc.ca/orlando:13737c5f-4517-47e0-9f02-35803f018c18
Of the Markes of the Children of God,https://commons.cwrc.ca/orlando:e4ad085e-751f-4e5e-a08f-4e217c7f35cf
Of Woman Born,https://commons.cwrc.ca/orlando:713953f5-d1e4-403c-9a31-8f0098368e79
Off Colour,https://commons.cwrc.ca/orlando:ac80b245-ffee-4049-8028-79ddb15f60d9
Off the Skelligs,https://commons.cwrc.ca/orlando:c5de1dab-d3fb-4633-a41e-e1256c63f4c5
Offence: The Muslim Case,https://commons.cwrc.ca/orlando:7052ea1a-f0d8-4178-9385-2d2825b28aa8
Offshore,https://commons.cwrc.ca/orlando:86d895d2-41f2-4ae4-806e-465d759d6369
Oh! Foolish Kitty,https://commons.cwrc.ca/orlando:6d93c791-22ac-4e63-88db-d6d3919fe9a1
Old City Manners,https://commons.cwrc.ca/orlando:60fa143a-ae78-4acc-9c0c-7f57db9b4d72
Old Crow,https://commons.cwrc.ca/orlando:81d7b74d-4121-4914-9879-0ad3f266986f
Old Deccan Days,https://commons.cwrc.ca/orlando:4a41f7da-af21-41f9-8d91-00b5cb5339ce
Old Fashioned Fairy Tales,https://commons.cwrc.ca/orlando:cd0711a1-eb79-4651-94a3-13cafa69acb7
Old Filth,https://commons.cwrc.ca/orlando:aeb02673-0521-447b-a088-ec9ddd29a882
Old Friends with New Faces,https://commons.cwrc.ca/orlando:6056f752-f14b-4d93-b90d-71853105c0f2
Old Hesse,https://commons.cwrc.ca/orlando:8e59ae87-0b6e-4555-ba49-b3e4d455e723
Old Kensington,https://commons.cwrc.ca/orlando:eede52b8-5e7a-4b30-80e1-ba8ac235f8c2
Old Maids,https://commons.cwrc.ca/orlando:015430b8-a163-4b34-8c6f-db70795a9015
Old Mr. Tredgold: A Story of Two Sisters,https://commons.cwrc.ca/orlando:b636843e-87fe-4796-a769-b70be5a3e512
Old New York,https://commons.cwrc.ca/orlando:ecef0001-3343-4e5e-8d78-d5eb49fc23ea
Old Stories,https://commons.cwrc.ca/orlando:b582de18-3f89-4c1d-a0d5-8ca172e7b68e
Old Stories Versified,https://commons.cwrc.ca/orlando:f296b432-2f96-4c1f-837c-def31e0ce2a9
Old Times,https://commons.cwrc.ca/orlando:a97cab56-79fd-4121-800e-e31ab0d926be
Old Wine,https://commons.cwrc.ca/orlando:5f40bd92-a658-439e-9f29-cab4173bc223
Oldbury,https://commons.cwrc.ca/orlando:8b1fcfec-8928-402e-85d3-085518d2dde3
Oldtown Folks,https://commons.cwrc.ca/orlando:327119c4-c9d9-4520-9f3a-531918717e51
"Oleander, Jacaranda: A Childhood Perceived",https://commons.cwrc.ca/orlando:c1e902c9-0999-436f-af23-c42e2331fc06
Olive,https://commons.cwrc.ca/orlando:e212e9c2-0cb3-4390-82f7-8ac10ebe7460
Olive Latham,https://commons.cwrc.ca/orlando:bc6933a5-f341-4bca-93de-b78970cc0cd3
Olivia,https://commons.cwrc.ca/orlando:4d01e85f-0d7d-485c-99c7-5c02774c9c1f
"Olivia; or, Deserted Bride",https://commons.cwrc.ca/orlando:484bcf8c-6c87-4eb7-9b70-648d85b4e0c9
On a Calm Shore,https://commons.cwrc.ca/orlando:394d91fe-2887-4293-b89b-3795a5f69be2
On Baile's Strand,https://commons.cwrc.ca/orlando:40bea993-7a4c-4b7c-b14a-c432697e4bfc
On Ballycastle Beach,https://commons.cwrc.ca/orlando:203f757f-040f-45e7-9d6d-03a2fe8859e5
On Becoming a Fairy Godmother,https://commons.cwrc.ca/orlando:6931e3ac-f3b1-4545-bcca-530fcce18ce6
On Being Ill,https://commons.cwrc.ca/orlando:1f23d919-697f-4f23-b356-8258ab8313b3
On Cats,https://commons.cwrc.ca/orlando:64254a2d-53de-4ac1-a530-c5794dcc29d1
On Credit,https://commons.cwrc.ca/orlando:ec3ab0e8-5131-48be-8c21-de5d2134ddc5
On Gender and Writing,https://commons.cwrc.ca/orlando:43bcc542-ddd9-4690-8e8c-af1b7cb90592
On Indian Sanitation,https://commons.cwrc.ca/orlando:b0fd0584-2105-414f-98d8-c844a144d041
On Iniquity,https://commons.cwrc.ca/orlando:a90b98a0-2e3b-48c3-bc5f-602790c99d7b
On Liberty,https://commons.cwrc.ca/orlando:4d20f6b2-f813-4a25-8c00-319d07de56a8
On My Home Ground,https://commons.cwrc.ca/orlando:3569be5b-5da6-4240-a66c-ba1e0347efd9
On National Education,https://commons.cwrc.ca/orlando:49b4cc87-e9f4-41a6-b984-e5baacb3d91c
On Needle-Work,https://commons.cwrc.ca/orlando:9005876e-55af-46ac-9338-74c4471bcbc1
On Openings for Women in Library Work,https://commons.cwrc.ca/orlando:e65b9ff0-8377-4701-aad1-c382876b2146
On Poetry and Poets,https://commons.cwrc.ca/orlando:c3718c70-af78-4402-8bd9-77b30115ba35
On Rape,https://commons.cwrc.ca/orlando:987963a3-0c1b-4801-b547-b78f9699c028
On Rationalism,https://commons.cwrc.ca/orlando:8ca76a4e-78fc-4f9b-b89e-d3bec18b0804
On Secondary Instruction as Relating to Girls,https://commons.cwrc.ca/orlando:740ff02c-a533-43ed-afb1-7c9d0444dd96
On Some of the Drawbacks Connected with the Present Employment of Women,https://commons.cwrc.ca/orlando:4b5afe3b-4d2d-4c5d-9760-c9e31e40dab2
On the Bone,https://commons.cwrc.ca/orlando:5f70ad82-ea1c-41d2-986f-a8f19e9cb8a1
On the Brink,https://commons.cwrc.ca/orlando:a82320f5-932d-4595-849e-83bc05d31146
On the Choice of a Business,https://commons.cwrc.ca/orlando:9a6ded7f-c239-4810-b185-4ba82e74afbf
On the Deity of Jesus of Nazareth,https://commons.cwrc.ca/orlando:3b6a711d-b9a7-4b2d-9d3e-139030433b59
On the Edge of an Island,https://commons.cwrc.ca/orlando:84abd696-421a-49b6-b9e1-638404ef13de
On the Education of Girls with Reference to their Future Position,https://commons.cwrc.ca/orlando:54a8dc1a-1126-4961-bcb8-329cf8028c47
On the Education of the Imbecile,https://commons.cwrc.ca/orlando:02aa8b48-6762-4ea6-8537-d919799fcdee
On the Education of Women,https://commons.cwrc.ca/orlando:5e1c4e53-78c6-4e20-bb74-a1224d957586
On the Face of the Waters,https://commons.cwrc.ca/orlando:b00bd3e2-f904-466f-b822-8297bb4c6c6e
On the Fighting Line,https://commons.cwrc.ca/orlando:40e365a8-e4bf-4a1c-bbde-13272302eaa8
On the Late Persecution of the Protestants in the South of France,https://commons.cwrc.ca/orlando:db080e96-ab53-4a29-be44-d57e965b74dc
On the Makings of English Blank Verse,https://commons.cwrc.ca/orlando:d31aee73-fbe7-43f2-ab2c-55692b9e17d1
On the Neglected Centenary of Harriet Martineau,https://commons.cwrc.ca/orlando:3b697357-268e-4ec3-8ba5-f2176bc4e5f7
On the Obstacles to the Employment of Women,https://commons.cwrc.ca/orlando:915ab6c8-0624-444e-be0e-d204bfaa9498
On the Perimeter,https://commons.cwrc.ca/orlando:1657a146-415b-446c-94f6-d69c769ab058
On the Political Status of Women,https://commons.cwrc.ca/orlando:3927468f-40c7-49fa-949e-ad84b3cb2637
On the Position of Women in Italy,https://commons.cwrc.ca/orlando:91da503e-f18e-4542-9d95-64145573d9d2
"On the Prayers for the Fast Day, May, 1804",https://commons.cwrc.ca/orlando:c0b1b1c4-a5a8-4d72-b491-cf4c2a9d0bfd
"On the Principles of the Christian Religion, Addressed to her Daughter; and, On Theology",https://commons.cwrc.ca/orlando:d9a101e3-51bb-49a7-a9ed-600f8ec7cac9
On the Progress of Liberty of Thought during Queen Victoria's Reign,https://commons.cwrc.ca/orlando:f407b919-8f21-492b-8563-09266c4f6591
On the Side of the Angels,https://commons.cwrc.ca/orlando:e91f02d1-25a8-4d55-9202-7cde32f7ee98
On the Social Position of Governesses,https://commons.cwrc.ca/orlando:78611a2d-9e22-4d5c-9e15-288f88ddb164
On the State of Man Subsequent to the Promulgation of Christianity,https://commons.cwrc.ca/orlando:9979b137-f994-4eb7-ba28-bdbe21ef60f5
On the Threshold,https://commons.cwrc.ca/orlando:5dc135c2-6603-48e3-99cb-d13e0808459a
On the Wallaby through Victoria,https://commons.cwrc.ca/orlando:f0b5bdf4-86f5-484c-af50-470615573a7d
On the West Pier,https://commons.cwrc.ca/orlando:39305782-8d14-437f-83b0-1a3010ae5039
On Tuscan Hills and Venetian Waters,https://commons.cwrc.ca/orlando:fcf1e66f-c7d2-4b73-b055-0fa0801caa38
Once and Again,https://commons.cwrc.ca/orlando:f94483ec-dfe5-41b0-b70f-4623e55b5c02
Once Upon a Time. A Short History of Fairy Tale,https://commons.cwrc.ca/orlando:d90fdbc2-ef61-4772-84f5-973acb785a81
Once: Poems,https://commons.cwrc.ca/orlando:4317fc3c-e25d-4696-8531-260ab06bbee4
"One Across, Two Down",https://commons.cwrc.ca/orlando:21dc70ce-2e5f-40bb-815a-de130843d3a0
One Fine Day,https://commons.cwrc.ca/orlando:05ae2b15-6152-4ec4-bcb9-c70f44a28dee
One Foot in Laos,https://commons.cwrc.ca/orlando:b5984e07-04e5-4369-8a0c-cf8fe0096043
One of Ours,https://commons.cwrc.ca/orlando:5e1d3433-53cb-46f5-a1ab-b0a0c97d25ae
One of the Family,https://commons.cwrc.ca/orlando:9394756a-c61c-4553-b3d7-0e865970f828
One of the Spicers,https://commons.cwrc.ca/orlando:5007d9bc-0dbf-4d0c-9418-7c63e42101b3
One Pair of Feet,https://commons.cwrc.ca/orlando:f556c6fa-3c18-41fb-9a41-dcbde86c31ae
One Pair of Hands,https://commons.cwrc.ca/orlando:7b25dec4-846d-4cb9-a606-9789b3e81106
One Pretty Maid and Others,https://commons.cwrc.ca/orlando:6d46b58b-c175-452e-a698-8123ec37c136
One Sparkling Wave,https://commons.cwrc.ca/orlando:1a8755dd-cfa1-4044-8d59-7d50255a8593
"One Time, One Place",https://commons.cwrc.ca/orlando:5d8a9f3d-8e6c-49a6-876c-653f6506b678
One Under,https://commons.cwrc.ca/orlando:5db71edc-72e5-40e0-90cb-28f4d76c1bee
One Writer's Beginnings,https://commons.cwrc.ca/orlando:d5d4ec9b-19ab-4276-b9b4-4884ec001604
One-Way Song,https://commons.cwrc.ca/orlando:5adbed8c-a847-4718-b5ab-2144d789bc9a
Only the Governess,https://commons.cwrc.ca/orlando:51fae970-d3d6-4be8-8137-f1dbc104ab9d
Open House,https://commons.cwrc.ca/orlando:5192885b-18e9-42e7-a041-3d9369d78c35
Open the Door!,https://commons.cwrc.ca/orlando:81617872-9d72-4fa2-9b59-25d12795a9f1
Operation Gadgetman!,https://commons.cwrc.ca/orlando:2629c864-9ebb-4136-91bb-8f335026e73d
Ophelia,https://commons.cwrc.ca/orlando:ef5ec2ac-8a4d-400e-9a66-3d8fd45bc0eb
Ophelia and the Great Idea,https://commons.cwrc.ca/orlando:f101464d-7bd0-4c8b-8789-52391010d853
Opinions of Women on Women's Suffrage,https://commons.cwrc.ca/orlando:339ad56b-9bdf-4241-abd6-d89ee55b36b0
Opus 7,https://commons.cwrc.ca/orlando:1203c8ac-b8c4-4e9a-aec8-e85f50814dff
Oracle,https://commons.cwrc.ca/orlando:db2b9fc9-58dc-4c1e-9696-3e7154de0be4
Orange Lily,https://commons.cwrc.ca/orlando:033c63a9-fe26-4184-953b-74c9e083faa5
Oranges Are Not the Only Fruit,https://commons.cwrc.ca/orlando:c0098188-7d04-4171-869b-444a338ebc0c
Orchard and Vineyard,https://commons.cwrc.ca/orlando:fa54729d-11e4-4947-80d6-83fb8135f78c
Ordinary Families,https://commons.cwrc.ca/orlando:10c41f0c-2ba7-402f-b2a6-9edb0ab4aeb0
Organization Woman,https://commons.cwrc.ca/orlando:c456b5f9-3088-4851-b8c0-6391717946dd
"Oriental Scenes, Dramatic Sketches and Tales, with Other Poems",https://commons.cwrc.ca/orlando:33395284-0bee-4e96-b71d-4846789839bd
Origin and Progress of the French Revolution,https://commons.cwrc.ca/orlando:1e65c8d5-f630-416e-a472-31da61b69074
Original Letters from India,https://commons.cwrc.ca/orlando:494e5684-9529-42b6-857a-ce08998c0548
Original Poems,https://commons.cwrc.ca/orlando:ea393559-0b36-4294-b8d3-8c45e6ec95de
"Original Poems: Calculated to Improve the Mind of Youth, and Allure it to Virtue",https://commons.cwrc.ca/orlando:f8196b21-3669-4f8c-ad33-c50ae8f99ed1
Original Sin,https://commons.cwrc.ca/orlando:361175b2-0af8-4407-ac53-15d9b0e669ae
Original Stories from Real Life,https://commons.cwrc.ca/orlando:43ae0cb0-f938-4ea3-b3d6-964f203ccf66
Oriole's Daughter,https://commons.cwrc.ca/orlando:7e1eb044-9e99-4955-8165-c4e598f58ca3
Orlandino,https://commons.cwrc.ca/orlando:973de17d-77e9-4bec-8c6f-86d06731f196
Orlando,https://commons.cwrc.ca/orlando:58431039-924d-45f8-be20-342fad31cb0e
Oroonoko,https://commons.cwrc.ca/orlando:fd2f2828-9bf7-41f9-ae50-f2bd744ea9d0
Orphan Island,https://commons.cwrc.ca/orlando:47a9a9ac-555c-41b0-a616-7d040cf22eba
Orphans of the Heart,https://commons.cwrc.ca/orlando:86766005-c87e-46e0-a2af-4f713d41a43e
Orthodox,https://commons.cwrc.ca/orlando:6535c21f-f3a5-41a2-a7ea-da68ea2f7de4
Oryx and Crake,https://commons.cwrc.ca/orlando:b98d172c-f2c0-434b-a061-6d8ca3df54ba
Osmond: A Tale,https://commons.cwrc.ca/orlando:54c10fcd-e8f2-47f1-b87d-05769ec09068
Osnabrück,https://commons.cwrc.ca/orlando:97654bc2-44f0-4527-8157-fc808c9dac99
Other Lovers,https://commons.cwrc.ca/orlando:ff330864-a0a8-4e0e-ae28-b113c64b6d8e
Other Names,https://commons.cwrc.ca/orlando:499e23af-0bb5-4df6-ad79-ef6bd4ed25de
Other People's Children,https://commons.cwrc.ca/orlando:5723c7de-0f6a-4f15-910a-2d58b30612ad
Other Poems,https://commons.cwrc.ca/orlando:508bc172-f0ec-43c1-a003-68c81759c967
Other Stories and Other Stories,https://commons.cwrc.ca/orlando:f7984c54-5dcb-4966-989a-8cd582e5ab36
Ouâbi,https://commons.cwrc.ca/orlando:210d6c76-57da-4972-a774-9ac5028f5ef9
Our Catholic Heritage in English Literature,https://commons.cwrc.ca/orlando:83705106-4bd1-4b7d-9893-7a6e485b64a0
Our Christianity Tested by the Irish Question,https://commons.cwrc.ca/orlando:9ca0a2d1-cb0d-412f-aa15-e605ed5d6540
Our Convicts,https://commons.cwrc.ca/orlando:897e5d85-0fa7-4953-858e-f302d27fe197
Our Country's Good,https://commons.cwrc.ca/orlando:5621225a-96d0-41e3-9a95-e79866c7bd3d
Our Cousins in Ohio,https://commons.cwrc.ca/orlando:9183d510-1687-444c-90da-032db0c0a470
"Our Daily Bread and Fifty Recipes in Gilbertese, Ellice, and English",https://commons.cwrc.ca/orlando:654bf7f2-3064-4acf-8176-0a84963e48c1
Our Exploits at West Poley,https://commons.cwrc.ca/orlando:6129d15e-1e59-4efc-aeb0-c9778d88c765
Our Father,https://commons.cwrc.ca/orlando:2f35fb21-af0b-4483-b024-78ebf6f91a06
Our First Leader,https://commons.cwrc.ca/orlando:0a93a589-40f9-467c-8887-fee0ffae6035
Our Freedom and Its Results,https://commons.cwrc.ca/orlando:05ee805e-453e-4eeb-a704-fdaf155798db
Our Irish Theatre,https://commons.cwrc.ca/orlando:4744b8c2-0d0d-4321-9aa5-b096de1aee4d
Our Israeli Diary,https://commons.cwrc.ca/orlando:a2c68b1e-857e-4433-b928-893ba8259b5e
Our Partnership,https://commons.cwrc.ca/orlando:27b4463b-4b9c-4103-8155-8255f1db24eb
Our Plates and Dishes,https://commons.cwrc.ca/orlando:b50b7104-661b-4769-b3fc-791f557ae85d
Our Single Women,https://commons.cwrc.ca/orlando:a7d80ff0-5cf5-4a10-82ed-248358e13681
Our Superconscious Mind,https://commons.cwrc.ca/orlando:7ff817bd-1d94-4d32-b47b-ad50ac12a394
Our Treacherous Hearts,https://commons.cwrc.ca/orlando:9ba9fdb4-a2f7-4197-b85a-156c73a30d6a
Our Warrior Women,https://commons.cwrc.ca/orlando:723952da-4502-41c2-94fc-a562f037809a
Oursonette,https://commons.cwrc.ca/orlando:30a55936-73b2-4e1f-8413-b52b76e3c43c
Out,https://commons.cwrc.ca/orlando:21669ca8-fc61-4d18-b50c-ed7a41150b8b
Out in the Midday Sun,https://commons.cwrc.ca/orlando:e1cb474c-c2d8-4858-ad83-be7374417c5f
Out of a Book,https://commons.cwrc.ca/orlando:843394be-2fc7-405a-808e-9920431b5fff
Out of Africa,https://commons.cwrc.ca/orlando:cb5fe29c-1681-4d19-898f-530d0b06c056
Out of India: Selected Stories,https://commons.cwrc.ca/orlando:92853511-c5d7-4662-ab00-903e3780f207
Out of Step,https://commons.cwrc.ca/orlando:3e5dc79b-4a8d-4375-9189-ce2dd2f4f433
Out of the World,https://commons.cwrc.ca/orlando:92ddd8af-bd30-46fb-b1fa-205cbc08c639
Out of the Wreck I Rise,https://commons.cwrc.ca/orlando:def60af3-5948-4dca-95ef-4297555614aa
Outcast,https://commons.cwrc.ca/orlando:9d7c12d0-a84a-4ed9-9c56-72026502b498
Outside History,https://commons.cwrc.ca/orlando:18fe3810-09ad-478e-891a-c88a0a703f81
Outside Information,https://commons.cwrc.ca/orlando:5a09408b-8740-4709-bc0d-46667a1030b0
Over,https://commons.cwrc.ca/orlando:00d4c100-686b-4af1-a7af-08da6b712f5f
"Over the Andes, from the Argentine to Chile and Peru",https://commons.cwrc.ca/orlando:eb03cba8-d22e-443c-b910-b8432e8df967
Over the Frontier,https://commons.cwrc.ca/orlando:915fdcb6-b4ce-4ba7-a6d2-245cff18893d
Over the Mountains,https://commons.cwrc.ca/orlando:232e70d2-bae7-4f2d-b7ff-8c88dec50c85
Over the Roofs of the World,https://commons.cwrc.ca/orlando:60aaa695-f9f0-489f-be76-068c2705d0f3
Over the Water,https://commons.cwrc.ca/orlando:5b3d95ec-6db9-4296-bf6b-a51d2583520d
Over to Candleford,https://commons.cwrc.ca/orlando:ca2cd537-c553-4a4a-b133-16f9b969d117
"Overcoming Speechlessness: a Poet Encounters the Horror in Rwanda, Eastern Congo, and Palestine/Israel",https://commons.cwrc.ca/orlando:91201068-6c96-4b74-9788-015c864a9af7
Overdale,https://commons.cwrc.ca/orlando:8d3213b6-0bf6-47f7-9528-765f32f8916a
Overture to Death,https://commons.cwrc.ca/orlando:56917ec1-6e70-4917-80e4-6dc0eb439e12
Owen Tudor,https://commons.cwrc.ca/orlando:a852ecea-3d94-4288-8b27-b5846ca0d86a
Oxford,https://commons.cwrc.ca/orlando:79656acb-d97c-4674-92a1-32ad71f6a35f
Oxfordshire,https://commons.cwrc.ca/orlando:c1455510-6914-41aa-ad9c-aa9b7e047517
Pack My Bag: A Self-Portrait,https://commons.cwrc.ca/orlando:5742b129-3731-4e82-8833-a8f95e6b5362
Paint It Today,https://commons.cwrc.ca/orlando:e8ba7d05-8f8b-4ac4-a96d-9c5d2f4015bf
Paintings and Poems,https://commons.cwrc.ca/orlando:2a23ff10-b97f-43e6-a626-863d2c52cbae
Palace without Chairs,https://commons.cwrc.ca/orlando:9ed851e6-02f8-4815-be1c-41fdf436cc72
Palimpsest,https://commons.cwrc.ca/orlando:b915b6f6-427c-493f-a8ca-18763e1813c6
Palmyra,https://commons.cwrc.ca/orlando:1cb07269-de50-46a6-829e-f7470177ef2b
Pan-Worship and Other Poems,https://commons.cwrc.ca/orlando:438ac272-23e0-4a89-a081-51eb1c03d568
Pantomime,https://commons.cwrc.ca/orlando:48dfea43-6864-4e56-a6d8-848518709e12
Paper Houses,https://commons.cwrc.ca/orlando:e136ff51-88a7-4906-95f9-6762ea5fb699
Paper on the Study of Education as a Science,https://commons.cwrc.ca/orlando:b2b2be83-2d46-4b0e-92f1-d52d05a9284e
Papers for Thoughtful Girls,https://commons.cwrc.ca/orlando:d92c65c7-be7d-4cd2-b46a-f4e5487c48b7
Parables from Nature,https://commons.cwrc.ca/orlando:ac5b3533-a8a8-4d44-bb88-e1e182386181
Paracelsus,https://commons.cwrc.ca/orlando:7205381b-7660-42b0-8836-7d59fa7b492b
Paradise,https://commons.cwrc.ca/orlando:d2de2285-8f11-42da-82d4-384be8b954a7
Paraphrase on Oenone to Paris,https://commons.cwrc.ca/orlando:d0f00351-b674-41b7-9107-16021db9495e
Parents and Children,https://commons.cwrc.ca/orlando:3e7fb9e9-24b9-45d0-aad1-5fb005e1684e
Paris,https://commons.cwrc.ca/orlando:fcfd0cd0-6dd2-49c2-9e96-bc87b4849565
Paris 1900,https://commons.cwrc.ca/orlando:23fc4c4e-779b-41fe-bbfd-04524956ead9
Paris and the Parisians in 1835,https://commons.cwrc.ca/orlando:d82a379b-5290-463e-979f-b3737813e2ae
Paris Lions and London Tigers,https://commons.cwrc.ca/orlando:1f02b0a4-dcf8-4396-8312-6ea5ef7dfbcf
Parler n'est jamais neutre,https://commons.cwrc.ca/orlando:ac49e339-0840-40a0-b109-cf593bd6b697
Parliamentary Franchise for Women Ratepayers,https://commons.cwrc.ca/orlando:4fd65bf9-5f1c-4ca8-8954-c3a190b76efd
Parson Harding's Daughter,https://commons.cwrc.ca/orlando:8029fece-d400-4199-9545-19523bf13172
Part of the Furniture,https://commons.cwrc.ca/orlando:0f8bb988-ad65-44e4-b851-942bfad4ca4d
Part of the Scenery,https://commons.cwrc.ca/orlando:8e9ddd18-84a5-4b37-b3a9-c9db71424fca
Parthian Words,https://commons.cwrc.ca/orlando:b879efe0-f4c2-47db-83ac-4c19de676e36
Particularly Cats,https://commons.cwrc.ca/orlando:00da6bb5-0c41-4a7d-bc29-33fd52647213
Parties in Italy,https://commons.cwrc.ca/orlando:9de4acbd-0925-4b22-a149-262501bb1e4f
Partners Three,https://commons.cwrc.ca/orlando:c18629e0-0e8f-4f71-b39d-8ce4ed4c3714
Partnership,https://commons.cwrc.ca/orlando:b0dac7f5-39ed-4c63-bdcd-454be2d8c53a
Party Going,https://commons.cwrc.ca/orlando:fd13bd91-b546-4c2d-87bd-e164e7e430d6
Party Time,https://commons.cwrc.ca/orlando:389d2dfd-79f6-43b7-bd79-b8d0f790d336
Passages from My Autobiography,https://commons.cwrc.ca/orlando:1e2345a3-b9f9-4a63-b80e-f8f551321431
"Passages in the Life of Mrs. Margaret Maitland, of Sunnyside",https://commons.cwrc.ca/orlando:cb4b0515-5ea0-4206-af89-3a6823e9221a
Passenger to Teheran,https://commons.cwrc.ca/orlando:5712ecb4-5b71-4a8f-a816-bde922b59bcd
Passing On,https://commons.cwrc.ca/orlando:2fa611e0-88b9-4776-81dd-f8255f9407ce
Passions élémentaires,https://commons.cwrc.ca/orlando:874bc355-ceb8-4fcc-aba9-38bb6429bf8e
Past Hours,https://commons.cwrc.ca/orlando:3c250cb1-a82f-4732-afc9-5f15d9a287bf
Past Meridian,https://commons.cwrc.ca/orlando:4016613c-a2c0-4a2a-afdb-ca06acd6416d
Pastel,https://commons.cwrc.ca/orlando:b671f45b-2b85-4d19-a8cc-ad4206430147
Pastors and Masters,https://commons.cwrc.ca/orlando:c5fbc22a-ecbd-4133-9dae-fc22a86489d6
Patience,https://commons.cwrc.ca/orlando:13bf3311-3418-4ff7-b721-92cd7b54de24
Patience Holt,https://commons.cwrc.ca/orlando:d71c6349-a4fd-47ff-b57b-e626aefea29b
Patriarchal Times,https://commons.cwrc.ca/orlando:780375c7-402f-41ae-b0bd-452acda48c8f
Patricia Kemball,https://commons.cwrc.ca/orlando:db87e917-484d-469e-9a1d-7cc45ae98a29
Patriotic Songs,https://commons.cwrc.ca/orlando:6ecad5e9-5d23-4e66-a220-e28a8d5cf49d
Patronage,https://commons.cwrc.ca/orlando:121ee4ab-656b-43da-b208-2fb8ec583205
Patuffa,https://commons.cwrc.ca/orlando:90a66b4c-b794-4a64-bfd2-b12354406032
Paul and Virginia,https://commons.cwrc.ca/orlando:7515d975-e54b-492c-9fef-90a02534f802
Paul Clifford,https://commons.cwrc.ca/orlando:5b8ee6ad-eccb-48e7-a103-b0dc47197235
"Paul Durcan, Brendan Kennelly, Michael Longley, Medbh McGuckian",https://commons.cwrc.ca/orlando:88faba5b-08e8-4f8a-affd-4699f5d7b9b5
Paul Ferroll,https://commons.cwrc.ca/orlando:443282dc-a79d-474f-aa75-948285c7e09c
Paul Wynter's Sacrifice,https://commons.cwrc.ca/orlando:de66f269-6792-445d-943e-4c2f840816e3
Paula,https://commons.cwrc.ca/orlando:83cfa247-aae7-4e57-b6c0-d59a46f21e14
Pavements at Anderby,https://commons.cwrc.ca/orlando:3ce1395c-5968-487a-afc9-dc6092a22778
Pavilion of Women,https://commons.cwrc.ca/orlando:7488cd51-a37a-401c-8e36-ec5db5ec1833
Pax Britannica,https://commons.cwrc.ca/orlando:da9907ad-ef34-419b-a80e-f43c400ced33
Payment,https://commons.cwrc.ca/orlando:5808db5d-bc96-4109-9537-5d20c0cd0e5b
Peace Moves: Nuclear Protest in the 1980s,https://commons.cwrc.ca/orlando:de2bbc7b-95f5-45f2-9d6a-92fc385db467
Peacock and Vine. Fortuny and Morris in Life and at Work,https://commons.cwrc.ca/orlando:be6fe93a-b472-409c-ac7a-3cfd6e49ece8
"Pearls and Pebbles; or, Notes of an Old Naturalist",https://commons.cwrc.ca/orlando:c3668f72-3856-417f-afce-8e7c5cab05d7
Peer Gynt,https://commons.cwrc.ca/orlando:a2c13c30-dc1b-4690-a3db-cbf391299a20
Peeress and Player,https://commons.cwrc.ca/orlando:9b31f992-8b9a-4202-8dc5-4c9d23661015
Peking Picnic,https://commons.cwrc.ca/orlando:cfe261bc-959c-4bf6-8a0a-328ed0fed47a
Pelham,https://commons.cwrc.ca/orlando:554b78b7-ece4-4323-b955-f5afe9271efc
Pensées d'une Amazone,https://commons.cwrc.ca/orlando:2892d2ea-1f0b-4e7c-81e2-76d3bb2ee044
People You Love,https://commons.cwrc.ca/orlando:ded41ef4-ca94-4ce8-84fe-13426be1f75e
Peoples of the World,https://commons.cwrc.ca/orlando:1d1ce50d-23e7-481a-9280-fb731d4b5dbf
Pepita,https://commons.cwrc.ca/orlando:bae48316-c3b0-4ae3-8405-2b8a43069abf
Percy,https://commons.cwrc.ca/orlando:6e21531c-a3f5-4f79-8aca-77fa65346052
Perfect Days,https://commons.cwrc.ca/orlando:2bf286a7-16eb-4f75-9e3f-f8d2d4b9d2c1
Perfect Happiness,https://commons.cwrc.ca/orlando:1af3eecd-b486-49fb-8005-874c57f94e4f
Pericles,https://commons.cwrc.ca/orlando:dfb6547f-2489-4db2-8a6f-aba2587a6fb9
Perkin the Pedlar,https://commons.cwrc.ca/orlando:91a23e9a-9e49-4b69-beeb-7c77d1bc1c57
Permission to Resign,https://commons.cwrc.ca/orlando:0302988a-89b8-454d-8c09-024b7aa14be3
Persephone in Hades,https://commons.cwrc.ca/orlando:b1efcbc4-3fce-4d41-ae2d-71e07f62ba75
Perseus in the Wind,https://commons.cwrc.ca/orlando:ed3f1c90-4390-4baa-bb65-5f8d1ee613fb
"Personal Letter, With a Request for a Reply",https://commons.cwrc.ca/orlando:d4909ba1-b5c4-48b8-80a6-53fa607e1051
Personal Narrative of a Pilgrimage to El-Medinah and Meccah,https://commons.cwrc.ca/orlando:38f55c61-0d47-47eb-b49a-822bff8e5440
Personal Pleasures,https://commons.cwrc.ca/orlando:cd9afe6b-4913-4826-adca-0e6b732d951a
Personal Reminiscences of a Great Crusade,https://commons.cwrc.ca/orlando:7927e29e-63be-4a11-8093-3ed45246ab9a
"Personation; or, Fairly Taken In",https://commons.cwrc.ca/orlando:e35c3606-8766-4e63-93bb-c6c6f6f625ae
Personation. A Novel,https://commons.cwrc.ca/orlando:ea04128e-6fbd-4b89-b27a-61be0831b611
Peru,https://commons.cwrc.ca/orlando:7bc7e30a-bb06-4287-9181-db951971bdb4
Perverse and Foolish,https://commons.cwrc.ca/orlando:afde1005-c68e-4e93-99cd-b54fdc4b2490
Peter and Jane,https://commons.cwrc.ca/orlando:2d9a4094-c666-41f3-a4a8-40ee3416bf8e
Peter Scott: Painter and Naturalist,https://commons.cwrc.ca/orlando:f7be8d50-ec6a-4ebc-9835-f8ea213d5879
Peter's Mother,https://commons.cwrc.ca/orlando:365a6f0b-2ef2-4dc8-92b5-9ce80c8125d5
Pétition pour le rétablissement du divorce,https://commons.cwrc.ca/orlando:3f7240a3-4787-442f-aab6-22f3ae8cf554
Petticoat Government,https://commons.cwrc.ca/orlando:d50f3973-7135-4d07-aea8-7367be4f9128
Phantasmagoria,https://commons.cwrc.ca/orlando:b1386205-26a5-4d85-858d-5fcfd475ac7c
"Phantasmagoria; or, Sketches of Life and Literature",https://commons.cwrc.ca/orlando:f9ed471f-bb6c-42cc-ba34-168af0191978
Phantasmion,https://commons.cwrc.ca/orlando:faad5683-d144-49ca-b92a-4bc506891bf8
"Pharaohs, Fellahs and Explorers",https://commons.cwrc.ca/orlando:dff27d3d-63f5-478e-aecb-89de1f6444e8
Philosophical Theories and Philosophical Experience,https://commons.cwrc.ca/orlando:ac88be23-35e9-406f-9319-b3c976e0f940
Philosophicall Fancies,https://commons.cwrc.ca/orlando:61cbbd3e-472d-4c44-b643-0276808159db
Philosophy and Human Nature,https://commons.cwrc.ca/orlando:096a87e7-eded-4c51-9348-134e027ef5b1
Philothea,https://commons.cwrc.ca/orlando:0f8a8709-3eed-4ca9-862c-7958c9beb73e
"Phoebe, Junior: A Last Chronicle of Carlingford",https://commons.cwrc.ca/orlando:243131c5-16d9-4199-97db-cfdb50be4407
Phoebe's Mother,https://commons.cwrc.ca/orlando:9491e69e-164d-4d54-b5ab-60832acfab34
Photo-finish,https://commons.cwrc.ca/orlando:7261a32c-2f0a-47dc-9a39-77e3a9c88e35
Photographs of British Algae. Cyanotype Impressions,https://commons.cwrc.ca/orlando:81f90dc5-e140-4bd0-8c9e-296bdb0fe559
Photography,https://commons.cwrc.ca/orlando:f0b31460-f9a0-42e2-a5f3-4474c1c08019
Phrase Book,https://commons.cwrc.ca/orlando:6323d614-25ea-4849-98ca-10989f8c794f
Phyllis and Rosamond,https://commons.cwrc.ca/orlando:563a15fc-f5ed-42e2-a599-e6fd630c10b6
Physiognomy,https://commons.cwrc.ca/orlando:9feb7ed8-4478-4c52-9479-36ef738df428
Piaf,https://commons.cwrc.ca/orlando:35ff0878-7cc4-4585-b4c9-15156bac4dc1
Picasso,https://commons.cwrc.ca/orlando:e2cb2510-11b4-496e-bb35-9c5cca410efa
Picked Poems,https://commons.cwrc.ca/orlando:9d85d7f8-e6a3-4973-a85a-15d627e37b3c
Pictures and Ballads of London Life,https://commons.cwrc.ca/orlando:4f0768e2-479a-4dea-bf9b-897069ed22ed
Pictures from an Exhibition,https://commons.cwrc.ca/orlando:8bb52eda-6b88-4c51-8d97-147c4b8dddf8
Pictures of Private Life,https://commons.cwrc.ca/orlando:45883715-c462-4235-b4d9-7966d85a079a
Pigs in Clover,https://commons.cwrc.ca/orlando:8e21e8ec-5b68-426a-a175-22356279847d
Pilgrim from Paddington,https://commons.cwrc.ca/orlando:3edc8092-c4a0-475c-876d-6502c95f095c
Pilgrimage,https://commons.cwrc.ca/orlando:1ef64f1f-0923-40a1-b832-1abc9249aac4
Pimpernel and Rosemary,https://commons.cwrc.ca/orlando:c90a847d-7639-416b-b65d-a55c0f8f3e78
Pipers and a Dancer,https://commons.cwrc.ca/orlando:82dc02c1-daef-4064-bb72-88e4d9d3397c
Pique,https://commons.cwrc.ca/orlando:49427c24-3042-4792-844c-933e3cde3f4c
Pirates at Play,https://commons.cwrc.ca/orlando:96baa0f7-4226-4abc-8dd5-1b26ead0b13d
"Pistols for Two, and Other Stories",https://commons.cwrc.ca/orlando:14f787ec-1313-4b26-8456-8d668353d900
Pit Bull,https://commons.cwrc.ca/orlando:a2a17670-6d1f-44f1-a285-22f221a51a3d
Pizarro,https://commons.cwrc.ca/orlando:bb9b495e-95e7-4f33-bd68-84e65d1c754f
Plain Sense,https://commons.cwrc.ca/orlando:2aead528-aa99-4042-bbbd-cb8ac3441c5a
Plainer Still: A New Personal Anthology,https://commons.cwrc.ca/orlando:d201bbe4-06ad-4e30-972a-703bd93f1336
"Planet and Glow-Worm, a Book for the Sleepless",https://commons.cwrc.ca/orlando:14b130ed-a0da-4127-9c57-2626c2c4a2a4
Planet of Exile,https://commons.cwrc.ca/orlando:13b39224-fc07-45ea-9948-f7cdcd7b442e
Plash Mill: Poems,https://commons.cwrc.ca/orlando:566c4163-06b6-472c-9215-421bd0173d3d
Plato Park,https://commons.cwrc.ca/orlando:244377f6-9844-48d4-8214-6c345badeb57
Play with a Tiger,https://commons.cwrc.ca/orlando:79de9445-bfea-4498-b959-d2de583206a9
Playing Sardines,https://commons.cwrc.ca/orlando:665b88af-2a41-4b7f-a353-9f1ac1389fee
Playing the Game,https://commons.cwrc.ca/orlando:ca209096-de84-459d-a414-ff2251c0a217
Plays and Poems,https://commons.cwrc.ca/orlando:f5dee775-7a86-494b-a81d-78b01b73ddcf
Plays by Gordon Daviot,https://commons.cwrc.ca/orlando:9c95335c-56ff-49c8-9c76-e544af3ef6de
Plays on the Passions,https://commons.cwrc.ca/orlando:5e3db01e-703e-49cb-b3f7-057979c62c54
Plays Pleasant and Unpleasant,https://commons.cwrc.ca/orlando:6138ce2d-f20c-46f0-bc6f-4dcf5819a864
"Plays, 1",https://commons.cwrc.ca/orlando:96b255bc-1b43-4fca-ab85-8ae2ab6b92bb
"Plays, One",https://commons.cwrc.ca/orlando:b358c4c7-5075-4863-b14d-e006aa9f2530
Plays: One,https://commons.cwrc.ca/orlando:0dba25a4-e15a-44b4-a775-44eb3141225e
Plays: The Cid; The King and the Angel; Duke for a Day,https://commons.cwrc.ca/orlando:afb09822-3e17-4834-9354-2f91117ecc6a
Pleasure of Ruins,https://commons.cwrc.ca/orlando:56a7c0c7-b918-4c15-ad67-9d73c1e089dd
Pleasures of a Tangled Life,https://commons.cwrc.ca/orlando:8332eb07-c358-46fa-a0ee-a6269c7f4aa4
Plutarch's Lives Abridged,https://commons.cwrc.ca/orlando:7d9c5363-3247-49d4-8421-0c6d59328803
"Pocahontas, and Other Poems",https://commons.cwrc.ca/orlando:7965429d-b8e3-457b-8517-ab5a738d6afb
Pocomania,https://commons.cwrc.ca/orlando:c67e8647-9e45-4076-9648-335d80d1a007
Poems (two) 1925,https://commons.cwrc.ca/orlando:8453d9b1-8f92-47e1-88f1-af182bfcca37
Poems & poèmes,https://commons.cwrc.ca/orlando:127e5336-2daa-41ac-8737-566b2f943563
Poems 1955-2005,https://commons.cwrc.ca/orlando:75aa18e0-f192-41de-974f-8222f315410c
Poems and Ballads,https://commons.cwrc.ca/orlando:55af0033-25ff-477d-9f2e-bcdc4e9f747e
Poems and Drawings,https://commons.cwrc.ca/orlando:2605740e-73b9-4d7c-bc36-c7f56924c67d
Poems and Fancies,https://commons.cwrc.ca/orlando:c562e701-fa54-4cfe-8e41-e80c48b26cbb
Poems and Plays,https://commons.cwrc.ca/orlando:e0e9992a-f420-4f31-bbb0-d4dead2ea76a
Poems and Translations,https://commons.cwrc.ca/orlando:be6838ee-2678-43d5-a26e-baad92eb3f4c
Poems Before Congress,https://commons.cwrc.ca/orlando:622cc745-b8b5-4039-bdfb-1ba0c99aed7d
Poems by Claude Lake,https://commons.cwrc.ca/orlando:050d9aaa-7517-4601-a9b3-0afebc7ebaa7
Poems for My Children,https://commons.cwrc.ca/orlando:15c7bc33-4bfa-40b0-9e58-6f9a16b2d20f
Poems from Obscurity,https://commons.cwrc.ca/orlando:cf2e0b62-2810-42ce-93ec-81dbe5bce9d7
Poems from the Divan of Hafiz,https://commons.cwrc.ca/orlando:96448c6a-7c62-4c16-8c9a-e688b3811550
Poems from the North,https://commons.cwrc.ca/orlando:dcc72ec7-c32e-43a0-be7c-1a4dae3b3981
Poems from the Russian,https://commons.cwrc.ca/orlando:a96e00aa-fc1b-4267-b30a-bd83f0569c5a
Poems of Gerard Manley Hopkins,https://commons.cwrc.ca/orlando:cbb5646d-1564-43d9-9962-dffcf7330870
Poems of Passion,https://commons.cwrc.ca/orlando:4302ba35-2f5d-46d8-bea0-2d07030ee8b8
Poems of Pleasure,https://commons.cwrc.ca/orlando:e877a3e2-f91f-427e-8f6b-8f4c5c91e84f
Poems of Power,https://commons.cwrc.ca/orlando:d53a40be-82b0-4ceb-a356-e87be28bbfb6
Poems of Puncture,https://commons.cwrc.ca/orlando:162aeed7-9cf9-4180-8138-fe02c6ceb3b6
"Poems of Ten Years, 1924-1934",https://commons.cwrc.ca/orlando:bc8e348e-7586-42e7-927b-2c90dfc843c2
Poems of the Past and Present,https://commons.cwrc.ca/orlando:74525e3a-cedb-4faf-bb5d-fb7cd332a020
Poems of West and East,https://commons.cwrc.ca/orlando:5fb9f60e-e7ce-4584-abdf-a657f79f753f
Poems on Subjects Chiefly Devotional,https://commons.cwrc.ca/orlando:f6c74e23-1f6d-47a4-b8f4-391866ac94e3
"Poems on Subjects in the Old Testament: Part I: Genesis, Exodus, etc.",https://commons.cwrc.ca/orlando:bc4cf053-6025-4ff9-84c4-fba87b286102
Poems on the War,https://commons.cwrc.ca/orlando:68b21948-361a-4187-9e08-fcf832f3ac3a
Poems on Various Subjects and Occasions,https://commons.cwrc.ca/orlando:179b0fc2-5916-4f21-ad8c-fd4f59aeec37
"Poems on Various Subjects, Religious and Moral",https://commons.cwrc.ca/orlando:1074c50e-20d1-4729-aedb-86c4d3d2a520
Poems upon Particular Occasions,https://commons.cwrc.ca/orlando:b9bb05ce-575e-440e-a86b-b2c98b3260ec
Poems Written for a Child,https://commons.cwrc.ca/orlando:aa9405ce-eb30-4901-9694-81b046c65a4b
"Poems, Dramatic and Miscellaneous",https://commons.cwrc.ca/orlando:c56aa34c-ce69-4728-930b-be241099ad4b
"Poems, Legendary, Pathetic, and Descriptive",https://commons.cwrc.ca/orlando:8859e540-b38c-4422-bcaa-620f5aa36567
"Poems, Lyrics, and Sonnets",https://commons.cwrc.ca/orlando:e6bcc5a6-5120-4137-bde0-e8e241f7b696
"Poems, on Several Occasions",https://commons.cwrc.ca/orlando:7abfbcd2-6360-431b-8aa4-1c34bf7e07de
"Poems, Scots and English",https://commons.cwrc.ca/orlando:9864b313-06cc-40fc-a209-b3f070585855
Poems: 1960-2000,https://commons.cwrc.ca/orlando:a88feeee-7943-423c-875b-d74b39a1d843
Poems: A Joking Word,https://commons.cwrc.ca/orlando:a2b1611b-3561-415e-8748-108639ad4ce4
Poems: Consisting Principally of Ballads,https://commons.cwrc.ca/orlando:3415f978-9c22-4aeb-bfc9-efc373e5e462
Poems: North & South—A Cold Spring,https://commons.cwrc.ca/orlando:b1b4e5e7-7392-4bcf-aa17-c69753f2e1a1
Poet and Dancer,https://commons.cwrc.ca/orlando:2640d365-f783-4708-bf18-0a816ef96141
Poet: A Lying Word,https://commons.cwrc.ca/orlando:b516b32d-d1d0-42ed-b0cc-4e981084922f
Poetical Amusements at a Villa near Bath,https://commons.cwrc.ca/orlando:ad1c142f-e718-4189-9379-417ede331d75
Poetical Effusions,https://commons.cwrc.ca/orlando:17fd9192-5c58-46e6-a053-0b9970d5c4dd
Poetical Recreations,https://commons.cwrc.ca/orlando:e8e42dbd-88fe-443d-a52b-6369d5a510f8
Poetical Sketches,https://commons.cwrc.ca/orlando:642db60d-eef4-4677-a68f-a9461aa6c7cd
Poetry in Relation to Traditional Wisdom,https://commons.cwrc.ca/orlando:5b322f0c-eccb-4fa4-8e25-abd7f85ea30e
Poetry in the Dark Ages,https://commons.cwrc.ca/orlando:55488a59-ef3e-4aeb-95d0-abcc5ac6cd26
Poets and Dreamers,https://commons.cwrc.ca/orlando:bc0cbe86-0046-43a0-86bd-cc68d15c01b1
Poets the Interpreters of their Age,https://commons.cwrc.ca/orlando:8487d133-339d-4233-8dd6-e9c038954ae3
Point Counter Point,https://commons.cwrc.ca/orlando:cec60f34-be58-4bed-b9f1-4e0c721bf91b
Pointed Roofs,https://commons.cwrc.ca/orlando:e0d3856c-7e33-4ff1-b1e9-da2a9a683668
"Poland, Russia and the War",https://commons.cwrc.ca/orlando:20c26ed8-da7a-4b43-aedc-7e4e9c8eb669
Polaris,https://commons.cwrc.ca/orlando:622b1166-19f4-40ef-9a33-cc16570689ad
Police at the Funeral,https://commons.cwrc.ca/orlando:cbaa7dff-b412-4ab4-bb19-ff8bf4f34e27
Polish Tales,https://commons.cwrc.ca/orlando:de3c6066-3a20-44a0-b9e1-5d5c252c4299
Politeness a necessary auxiliary to knowledge and virtue,https://commons.cwrc.ca/orlando:1ed8933b-c808-414f-91e9-46b086619038
Political Death,https://commons.cwrc.ca/orlando:0905e7a6-dcf8-464b-bd5c-be0bfd74f304
Political Economy for Beginners,https://commons.cwrc.ca/orlando:27d50666-3963-4e68-b054-e6329f7a30c8
Pomfret Towers,https://commons.cwrc.ca/orlando:1a1636d3-a7cf-4deb-ba3f-7023b29a59df
Pompey,https://commons.cwrc.ca/orlando:a81b21ba-1e4c-444c-8562-7f109801129f
Poor Cow,https://commons.cwrc.ca/orlando:79efc125-e49a-4954-81ec-6ab4ce740aa6
Poor Laws and Paupers Illustrated,https://commons.cwrc.ca/orlando:44be8d97-3676-41fc-a2b2-44e299c3247d
Poor Max,https://commons.cwrc.ca/orlando:80545336-ae4d-4e9a-b06b-b6962edd40b9
Poor Miss Finch,https://commons.cwrc.ca/orlando:ab4878ac-c5a2-43ed-adf9-0686bec872f1
"Popish Legends, or, Bible Truths",https://commons.cwrc.ca/orlando:8d7699e1-804a-40ab-abc0-25e5b852aa05
Popular Tales,https://commons.cwrc.ca/orlando:48af97c7-3121-475c-8967-8236daf1cd63
Pornography and Obscenity,https://commons.cwrc.ca/orlando:bbd965fa-2630-4647-be6c-4581808dc67c
Porphyria,https://commons.cwrc.ca/orlando:85c2149f-2831-4e3d-aa05-9c08d98ede9d
Portobello,https://commons.cwrc.ca/orlando:5e5fb11a-3255-48d4-933b-210c63feca58
Portrait of a Parson,https://commons.cwrc.ca/orlando:08bf3a18-d277-44c0-90eb-88dbb4e5ff6c
Portrait of Barrie,https://commons.cwrc.ca/orlando:e6c0c922-2fbd-4aab-8622-ea36fa77b0c9
Portrait of Joanna,https://commons.cwrc.ca/orlando:99befdec-b886-4058-9bb3-f5e094ce0772
Portrait of My Lover as a Horse,https://commons.cwrc.ca/orlando:fa5a2b16-2f38-4e41-8d86-51f7ee2e11ec
Portrait of My Mother,https://commons.cwrc.ca/orlando:b046b5e8-5478-4a20-a7a5-7bb12321ff54
Portrait of Pascal,https://commons.cwrc.ca/orlando:bf826659-74ea-4ccf-84bf-0ecd1452e395
Portrait of the Artist,https://commons.cwrc.ca/orlando:d77a2b6d-46cf-4081-9021-2070ffd7b598
Portraits of the Princes and People of India,https://commons.cwrc.ca/orlando:0778f08e-a38b-468f-94dd-36fca3767500
Possessing the Secret of Joy,https://commons.cwrc.ca/orlando:3ee4fb9d-4e60-46fa-ae3a-14003212bbd2
Possession,https://commons.cwrc.ca/orlando:411959f5-072b-434c-ba3b-5f6815ee2fc3
Possessions,https://commons.cwrc.ca/orlando:33022ad1-dfc2-4ba7-aa04-5726089edb6a
Post-War British Drama: Looking Back in Gender,https://commons.cwrc.ca/orlando:bf5ff125-259a-459b-9070-a4bf508b6278
Postcards,https://commons.cwrc.ca/orlando:8fe120ba-58fe-448d-9c08-dac29e7f0def
Posthumous Works,https://commons.cwrc.ca/orlando:56efde8b-dfcb-4b7d-8428-b93175324b0f
Postscript,https://commons.cwrc.ca/orlando:32c065e5-0040-4511-89ee-bb695dbbc432
Potsherds,https://commons.cwrc.ca/orlando:7cae77a7-9a99-4094-afac-f5021fff9981
Potterism,https://commons.cwrc.ca/orlando:8e910020-855d-47f1-a4cf-2c8993e2b315
Practical Education,https://commons.cwrc.ca/orlando:4dedeee7-2801-4262-b607-979d2cec7e08
"Practical Piety; or, The Influence of the Religion of the Heart on the Conduct of Life",https://commons.cwrc.ca/orlando:5f6277c0-e3a3-4438-b23b-b930cd3273f2
Praises,https://commons.cwrc.ca/orlando:22c9e273-efe1-40d3-9055-0f12ec6320d4
Prancing Novelist,https://commons.cwrc.ca/orlando:262952c3-c935-42d7-9e08-e3be858f2d8a
Pray Do Not Venture,https://commons.cwrc.ca/orlando:236dcbd6-6590-45ac-a371-49bdf5909daa
Pray for the Wanderer,https://commons.cwrc.ca/orlando:886be675-fb39-427d-9aea-4c29c8f1c929
Precious Lives,https://commons.cwrc.ca/orlando:a6d8f1a4-3800-4267-8dbc-298b65547957
Predilections,https://commons.cwrc.ca/orlando:54230902-8725-4871-a333-f95e29d9a50a
Preface,https://commons.cwrc.ca/orlando:5fba5b63-254a-4b98-b70e-79fe56f72cc1
Preference. A Novel,https://commons.cwrc.ca/orlando:c75dad2f-8788-4926-9c59-82476a77d1b3
Preliminary Dissertation,https://commons.cwrc.ca/orlando:5921ef14-5336-4bdc-ac78-e350952f7a39
Prelude to Misadventure,https://commons.cwrc.ca/orlando:53e71b8f-4b3c-4ed0-8d05-49a5fd04c0a0
Preludes,https://commons.cwrc.ca/orlando:54a452eb-ee30-4f80-8aa7-deacb18ceff7
Presentation Parlour,https://commons.cwrc.ca/orlando:2642d00f-e8d3-4f61-ab5d-1ddbed92ce73
Presents for Good Boys,https://commons.cwrc.ca/orlando:30da6b56-05f9-459c-8725-a11110b7cb6e
Presents for Good Girls,https://commons.cwrc.ca/orlando:0c2c2308-9aca-4101-bd16-b0a596ced414
Press Conference,https://commons.cwrc.ca/orlando:0936c88f-c1b5-4af3-a47c-b4276142c96a
Prester John,https://commons.cwrc.ca/orlando:8bf5810e-1aef-4bd7-bb1b-f38972d5e405
"Pretty Lessons in Verse, for Good Children",https://commons.cwrc.ca/orlando:6890fc49-54ca-4141-b428-0ecb730590f7
Pretty Miss Bellew,https://commons.cwrc.ca/orlando:821e04e9-84c5-46e2-8971-28ba3d7b50c8
Pretty Miss Neville,https://commons.cwrc.ca/orlando:ddcd5272-ee95-4d68-90a1-5595bc679015
Pride and His Prisoners,https://commons.cwrc.ca/orlando:df4b8fa3-cd70-48e6-be27-b48011865df3
Pride and Prejudice,https://commons.cwrc.ca/orlando:2399b4bd-8fa3-42f5-af23-46b20e034ed1
Primitive Civilizations,https://commons.cwrc.ca/orlando:c2162429-7d03-4470-baeb-6198dcba6ca4
Prince Alberic and the Snake Lady,https://commons.cwrc.ca/orlando:e291de33-7efc-48b8-b6c6-db47b2bcd58b
Prince Charles Edward,https://commons.cwrc.ca/orlando:e444a870-015c-4f91-8099-c6312fe49454
Princess Amelia,https://commons.cwrc.ca/orlando:43c2ff41-4647-44fe-9e63-b563e6f7b9ca
Prison Letters of Countess Markievicz,https://commons.cwrc.ca/orlando:9485a7c5-32ef-4a5c-b792-98f09bd2c0bf
Prisoners of Necessity,https://commons.cwrc.ca/orlando:1537a656-79aa-4ca3-8013-280cf827e299
Prisons and Prisoners,https://commons.cwrc.ca/orlando:131e6b73-bf22-47c5-921b-b24dbed0b1d9
Private Fires,https://commons.cwrc.ca/orlando:243fc960-e2b7-4412-adb1-c66bbbb90d8d
Private Gollantz,https://commons.cwrc.ca/orlando:623c86bf-d27e-4fee-adbf-797db1b2889d
Private Papers,https://commons.cwrc.ca/orlando:f045e1ac-6218-4466-a9d2-d4af9f7c2967
Private Worlds,https://commons.cwrc.ca/orlando:4d83e43e-ed62-4692-8ee0-c30f15148f2e
Privileged Spectator,https://commons.cwrc.ca/orlando:39cfef37-a973-4344-bf0a-7439d4ead1e0
Pro & Con,https://commons.cwrc.ca/orlando:1645942a-48de-49a8-9f1b-63a3c3f70f62
Probation,https://commons.cwrc.ca/orlando:0b4075b1-080c-441b-b584-635d329c9d4e
Problems in Astrophysics,https://commons.cwrc.ca/orlando:2c5ac4f9-c507-4e9e-8a87-c660eef60642
Problems of Life and Mind,https://commons.cwrc.ca/orlando:77473ba0-3576-428d-9078-d023d622b705
Professed Cookery,https://commons.cwrc.ca/orlando:26c49c16-f918-4bfa-aef3-870b5db4e325
Progress of Stories,https://commons.cwrc.ca/orlando:bbdcff9e-427a-4b43-9003-46be75eca2b5
Prolegomena to the Study of Greek Religion,https://commons.cwrc.ca/orlando:402906fb-bfc9-4119-b216-e579d48b58b8
Prologue . . . written to be spoken before a play acted by children for the benefit of sick or forsaken children,https://commons.cwrc.ca/orlando:dbca0a51-9712-4008-b631-db4883338f5c
Promenades dans Londres,https://commons.cwrc.ca/orlando:a1387740-32c6-4b62-848f-303c9dfe2985
Prometheus Unbound,https://commons.cwrc.ca/orlando:a3a4de10-0a81-40c4-9f96-66fa4c0cfb13
Promise Not to Tell,https://commons.cwrc.ca/orlando:7ba5baf6-df2b-4264-921f-204d79d66d6d
Pronoun Envy: Literary Uses of Linguistic Gender,https://commons.cwrc.ca/orlando:91dddc16-706e-402e-9eca-187e1a25258b
"Prose and Poetry, on Religious, Moral and Entertaining Subjects",https://commons.cwrc.ca/orlando:7b3d119c-8815-475a-b3ca-76c1d5b5b4ef
Prose and Verse,https://commons.cwrc.ca/orlando:f69fa9e6-7fba-4aa2-9fb1-637945b64b1b
Proserpine,https://commons.cwrc.ca/orlando:4fee3468-1a47-49a4-8dcc-7aff079fa8c6
Protection of Women and Children in the Near East,https://commons.cwrc.ca/orlando:f1d74954-c5ca-468c-8fe5-d896bdf55f80
Providence,https://commons.cwrc.ca/orlando:d43ed4d7-3704-436c-a764-e4e595a29ab2
"Prufrock, and Other Observations: A Criticism",https://commons.cwrc.ca/orlando:1d514da1-260c-4b30-9192-9fc24d3edd78
Psalms according to the Authorized Version,https://commons.cwrc.ca/orlando:12f12b04-c657-443e-93fc-4fc124d63468
Psychoanalysis and the Unconscious,https://commons.cwrc.ca/orlando:72133352-0605-48fc-b1b1-79162937f1e9
Public Library and Other Stories,https://commons.cwrc.ca/orlando:b796a5ae-53f6-4644-b665-e88d90a66f35
Puck of Pook's Hill,https://commons.cwrc.ca/orlando:14d7c755-b710-4ff4-84af-1360ffbbc69d
Puffball,https://commons.cwrc.ca/orlando:a89fd349-340e-4786-8169-d7eca8b0eed6
"Pull Devil, Pull Baker",https://commons.cwrc.ca/orlando:d2632b2d-b175-4e26-9652-6d04c29d9640
Pullman,https://commons.cwrc.ca/orlando:fffedb94-afda-45ce-9f1c-a92988517494
Punchinello's Romance,https://commons.cwrc.ca/orlando:7d22cdbd-90d0-434a-8e59-684c66c8e517
Purely for Pleasure,https://commons.cwrc.ca/orlando:7147942f-8b18-44ec-af85-f741e5a8bd03
"Puritan's Progress, A Study of John Bunyan",https://commons.cwrc.ca/orlando:bd33ae94-0b32-4fe4-bee3-bb7742b14658
Purity of Heart,https://commons.cwrc.ca/orlando:5c921420-eadd-493c-b69e-1d0c7f668fe6
Purposes of Love,https://commons.cwrc.ca/orlando:08d81dca-c187-4661-8ebc-c73dd1663480
Pushkin,https://commons.cwrc.ca/orlando:6b9cd6c8-3b1a-430a-9b6d-b06fc40105c7
Pussy Owl,https://commons.cwrc.ca/orlando:94a29fa3-3aff-4166-a2bd-c0b1b63dafec
Put Off Thy Shoes,https://commons.cwrc.ca/orlando:f98caa41-09bd-4f24-88ba-8d9696c99f20
Put Out More Flags,https://commons.cwrc.ca/orlando:472ff398-3af8-4e9b-b3a3-44aaee3c09fe
Pygmalion,https://commons.cwrc.ca/orlando:192e0771-8f3e-4f2a-883f-3126e696a96b
Pylades and Corinna,https://commons.cwrc.ca/orlando:827636ee-50dc-4366-a8ed-af4969aad7d0
Quartet in Autumn,https://commons.cwrc.ca/orlando:b7eb8001-76bb-4393-a4e8-40173aec350c
Quartet in Heaven,https://commons.cwrc.ca/orlando:4156916e-facd-4941-b0a3-6f67608d4e05
"Quatrains, and Other Poems",https://commons.cwrc.ca/orlando:32dfb562-001e-410d-a968-3655b12cc254
"Queen Catharine; or, The Ruines of Love",https://commons.cwrc.ca/orlando:dae295bf-7cda-47b7-8be0-affd2a5453ef
Queen Christina,https://commons.cwrc.ca/orlando:09666d76-735e-4b8c-8f1e-a7fccfe6cc81
Queen Elizabeth: A Life of the Queen Mother,https://commons.cwrc.ca/orlando:3cf5ea22-ca27-4c46-acfd-6c67515a6f76
Queen in Waiting,https://commons.cwrc.ca/orlando:56217df6-e358-489a-a778-6e4e88f24e2f
Queen of Scots,https://commons.cwrc.ca/orlando:ade0593b-37e3-4428-89d0-4192a2a2cff3
Queen of Stones,https://commons.cwrc.ca/orlando:83d6c3c3-e253-44ab-9e04-0456c5c0653a
Queen Victoria from Her Birth to Her Bridal,https://commons.cwrc.ca/orlando:0939aea9-3911-41d1-80fe-bcf3a05f8800
Queen Victoria's Sketchbook,https://commons.cwrc.ca/orlando:d0035c2f-1d08-40da-99f2-6fd0619ca619
Queenie,https://commons.cwrc.ca/orlando:534c2600-81ab-4c72-82b7-3b7cf47b4867
Queens of Britain,https://commons.cwrc.ca/orlando:8cc05302-9b25-4a24-9210-82b873d70ef1
"Queerly Phrased: Language, Gender, and Sexuality",https://commons.cwrc.ca/orlando:17948bd2-8904-47d1-8ba0-148edee43e67
Quelques portraits-sonnets de femmes,https://commons.cwrc.ca/orlando:95d75ce5-851f-47d9-b1b3-0933187f5718
Quest,https://commons.cwrc.ca/orlando:30e75c2e-4aee-453b-bab9-4f83f3f400f8
Questions and Answers,https://commons.cwrc.ca/orlando:66a1df43-ae75-40c6-a174-845739d067b5
Questions and Answers for the Mendip Sunday Schools,https://commons.cwrc.ca/orlando:e9c6bc50-20b9-412a-99c9-ba3a5c2abaa8
Questions of Travel,https://commons.cwrc.ca/orlando:94950467-3d57-4d8a-8498-1d8620ddf0c1
Questions on the Principles of the Christian Religion,https://commons.cwrc.ca/orlando:6e5bdade-65cc-463f-a32d-08713207d0c1
Queuing for the Sun,https://commons.cwrc.ca/orlando:7a5ede19-6f1d-4d58-b54f-88fca2444a55
"Quid Pro Quo; or, The Day of Dupes",https://commons.cwrc.ca/orlando:5a2bff3d-d992-437a-9b06-397b4a2ca61c
Quiet as a Nun,https://commons.cwrc.ca/orlando:55715d23-7b62-4be9-ae38-33809850464c
Quiet Interior,https://commons.cwrc.ca/orlando:f5347b67-a85d-4fb4-88ef-3452541a2be3
Quite Early One Morning,https://commons.cwrc.ca/orlando:1c5cf5b0-c12b-45e0-b31f-dbb5b17d0c15
Quits,https://commons.cwrc.ca/orlando:acc3a203-c341-42ec-8c27-8c5ba3e8080d
Quorum,https://commons.cwrc.ca/orlando:1f0e61c2-f190-49c3-b592-f8bc496403a7
Rabboni,https://commons.cwrc.ca/orlando:199f8233-dc79-4d0c-8928-bdcf1bddbc48
Rabindranath o Victoria Ocampor Sandhaney,https://commons.cwrc.ca/orlando:57722205-e6d2-4327-83d3-fc57b99057f0
Rachel Gray,https://commons.cwrc.ca/orlando:2c62775c-a904-40b9-b9c8-ab085138340a
Radiant Motherhood,https://commons.cwrc.ca/orlando:3a40a7fc-aeb4-4da8-a307-c5d9fffc9ae2
"Radical, in Bonnet and Shawl: Four Political Lectures",https://commons.cwrc.ca/orlando:c1093be6-2019-4e2c-b4e5-5a58e7384859
Rag Rugs of England and America,https://commons.cwrc.ca/orlando:e98b863f-ed08-43dd-8629-a64016656e8d
Rage,https://commons.cwrc.ca/orlando:3468d9c6-04dd-4845-972b-04b4f3b59dd2
Rainbow,https://commons.cwrc.ca/orlando:cac4079b-a6c7-4161-b1ab-7e6f2f749dfc
Rainbows in Springtide,https://commons.cwrc.ca/orlando:2a21b86c-9499-4cb5-bd82-b552b4bba483
Rainsplitter in the Zodiac Garden,https://commons.cwrc.ca/orlando:61cfca3d-7131-437a-a5f4-afce25339cc4
"Rambles in Germany and Italy in 1840, 1842 and 1843",https://commons.cwrc.ca/orlando:56a7ab13-7fb4-4ca9-8d16-49f040d32073
Random Commentary,https://commons.cwrc.ca/orlando:4c993f00-6838-432e-85db-9d2ef4d1df3c
Rapture,https://commons.cwrc.ca/orlando:46ea8fcb-6116-4a7f-93d7-049b09046c00
Rational Meaning,https://commons.cwrc.ca/orlando:174d242a-474b-4ce5-8ee8-8f077bb35df2
Ravenscliffe,https://commons.cwrc.ca/orlando:b7697a99-ede2-49bf-a335-6e036391093a
Raymond and I,https://commons.cwrc.ca/orlando:67b3000f-addd-4458-bf06-db374988a056
Raymond's Heroine,https://commons.cwrc.ca/orlando:9432fe65-3035-4f6f-8f32-893fb4f53a23
"Reader, I Married Him",https://commons.cwrc.ca/orlando:4e7b1073-1383-4c56-b703-92453bf5598c
Reads,https://commons.cwrc.ca/orlando:952eb950-0b71-4f27-b723-4bd7659ee5a7
Realities,https://commons.cwrc.ca/orlando:492a0f80-8f17-4461-8c04-7dd84086ed46
Reality and Dreams,https://commons.cwrc.ca/orlando:8dbf1747-9258-4858-92c0-3607d292b495
Realms of Unknown Kings,https://commons.cwrc.ca/orlando:14a075f4-fb3e-40db-b806-31657b333379
Reaping the Whirlwind: A Story of Three Lives,https://commons.cwrc.ca/orlando:919cf5ea-a849-47e3-9240-9c8ff1dfa710
Reasons for National Penitence,https://commons.cwrc.ca/orlando:4566a896-8a59-4d9a-b88c-d4b8fdc8655d
Reasons for the Enfranchisement of Women,https://commons.cwrc.ca/orlando:419e9f00-ac9d-4b0e-b36f-e845090f5705
Reasons Why I Am a Catholic and Not a Roman Catholic,https://commons.cwrc.ca/orlando:1bc9cd43-f9b4-4729-83f7-91e2acd00de1
Rebecca,https://commons.cwrc.ca/orlando:973cfd52-a00f-470b-a46e-7d7087497cf4
Rebecca West,https://commons.cwrc.ca/orlando:375c4e9f-ddb3-43ad-9736-e825c7b634dd
Rebel Women,https://commons.cwrc.ca/orlando:6abba767-b6b3-4bd6-a67c-f1c255c2ab61
Rebuilding Coventry,https://commons.cwrc.ca/orlando:df3efbd1-0b69-4b8f-a62d-466466e80f7c
Recipes from an Old Farmhouse,https://commons.cwrc.ca/orlando:4afc1d7c-adf0-47a5-a4a3-b19591f62a8b
Reciprocal Duties of Parents and Children,https://commons.cwrc.ca/orlando:2fd524f0-a9d5-436a-84a1-02a011dd9f4c
Recitatif,https://commons.cwrc.ca/orlando:7078d27d-0f3a-421a-a432-7378bf20900c
"Recollections of a Literary Life; or, Books, Places and People",https://commons.cwrc.ca/orlando:3fad01d1-4b71-436c-8e15-8bf645fafdd5
Recollections of a Tour made in Scotland,https://commons.cwrc.ca/orlando:ca36aeef-686f-4760-afe5-014d3cebfa83
Recollections of Dr. Johnson,https://commons.cwrc.ca/orlando:60b07431-c67e-4277-881b-3f3b38a82bca
Recollections of George Butler,https://commons.cwrc.ca/orlando:c5d19aa2-46b0-49a1-93a2-510d7bf375c8
Recommended to Mercy,https://commons.cwrc.ca/orlando:ee0be355-8595-4dc2-bfb6-d9eb1f68449d
Record of a Girlhood,https://commons.cwrc.ca/orlando:8774e49a-0fe3-4189-af50-316887cab6de
Records of a Noble Family,https://commons.cwrc.ca/orlando:e83cf82b-b73a-47e2-902f-5287c9a2b108
Records of a Stormy Life,https://commons.cwrc.ca/orlando:423cf27d-f5f3-4176-b1c8-44cba50e7438
Records of Israel,https://commons.cwrc.ca/orlando:4ff43414-7617-4a29-83d9-7bbbd68b2cae
"Records of Tennyson, Ruskin, and Browning",https://commons.cwrc.ca/orlando:0739d0c2-b4e7-426d-ad32-b97865854c78
Records of the Life of the Rev. John Murray,https://commons.cwrc.ca/orlando:986a0a33-7c32-44bb-900a-15aacf723a13
Records of Woman,https://commons.cwrc.ca/orlando:768061b9-8e22-4e24-95c1-a3069de23de8
Recovering a Body,https://commons.cwrc.ca/orlando:3da799c3-cb4c-4f5a-8465-babd7fc3aa52
Red Doc&gt;,https://commons.cwrc.ca/orlando:f6e0d302-8bdf-4e23-bc3b-9752b5567f79
Red Dust,https://commons.cwrc.ca/orlando:0049a437-53b7-4f1b-aa66-93af47580a50
Red Dust Road,https://commons.cwrc.ca/orlando:5d86c8b3-7ec4-4054-ad86-642812e7d1a1
Red Heels,https://commons.cwrc.ca/orlando:b9cfe399-75b3-4fc4-abc9-668bfaf03856
Red Letter Days,https://commons.cwrc.ca/orlando:ec07f083-0163-4457-bd3e-288c1b26c4c0
Red Rowans,https://commons.cwrc.ca/orlando:62d70029-beb4-452e-82ac-f9460a40fde3
Red Sky at Morning,https://commons.cwrc.ca/orlando:73e84d24-c3aa-4110-8949-c5489e02da23
Red Strangers,https://commons.cwrc.ca/orlando:d43ba840-d78a-4528-b9fb-f8bf8b7dd27c
Red Tape,https://commons.cwrc.ca/orlando:3584d142-7823-47b4-ab15-ac0ad1dd93c0
Redeemed in Blood,https://commons.cwrc.ca/orlando:82be1ce3-937e-4745-b327-9c2a88b1545c
Redgrove's Wife,https://commons.cwrc.ca/orlando:cae433b9-5998-49de-b40a-ea207728e742
Redhill Rococo,https://commons.cwrc.ca/orlando:4a0f340e-1382-4eed-be60-21a04f0559bf
Redwing,https://commons.cwrc.ca/orlando:7e725d86-0737-454e-b1e5-bf04ebf0ae7c
Reflections in a Golden Eye,https://commons.cwrc.ca/orlando:415169f9-2628-47bf-96a4-cf1b2ac0a064
Reflections on Little Rock,https://commons.cwrc.ca/orlando:60cc2bad-0478-4f4c-ab34-fb6bce61a9e9
Reflections on the Death of Louis XVI,https://commons.cwrc.ca/orlando:18c0edac-7347-41ce-86d3-e3c2814372d3
Reflections on the Seven Days of the Week,https://commons.cwrc.ca/orlando:9d4feed6-a9ba-4674-bcfc-ad7903cc1955
Reflections upon the Litany of the Church of England,https://commons.cwrc.ca/orlando:b868237b-5918-4972-ad98-b9408f33946d
Réflexions morales de l'empereur Marc-Antonin,https://commons.cwrc.ca/orlando:f7ace87d-8bf8-44ad-a322-11f708b6e460
Réflexions sur le procès de la reine,https://commons.cwrc.ca/orlando:dbc663a1-bfca-403e-9f1e-084581fbaf62
Réflexions sur le suicide,https://commons.cwrc.ca/orlando:b86929c4-4dc5-4c15-a0a9-bcf0ece658c8
"Reformation; or, The Cousins",https://commons.cwrc.ca/orlando:229ea565-688d-4595-8a87-14a3aa0203ac
Regeneration,https://commons.cwrc.ca/orlando:a6495606-5ce7-4ecd-bff2-74c51f8bdf06
Regiment of Women,https://commons.cwrc.ca/orlando:3d6c5882-1a9d-40ae-8447-7c4525ac3684
Regimental Legends,https://commons.cwrc.ca/orlando:fc4dc153-bbb4-41eb-8efc-4977ee27a1bf
Region of Lutany,https://commons.cwrc.ca/orlando:ad80d965-481d-44dc-92b9-1847132f6aa9
Rehearsal for Death,https://commons.cwrc.ca/orlando:7e9f1d24-eac4-4a00-98f2-f1ff6219277a
Relationships,https://commons.cwrc.ca/orlando:eae7ec7b-af43-4baf-a391-259b91c2ce15
Relatively Norma,https://commons.cwrc.ca/orlando:06a66a86-26e0-46cf-a1a8-b055eb7524b6
Relearning the Alphabet,https://commons.cwrc.ca/orlando:20b88920-7f4a-4844-a414-468045e8bb37
Relève into Maquis,https://commons.cwrc.ca/orlando:fcede027-127b-419e-ac4c-673258283ead
Religious Education in State Schools,https://commons.cwrc.ca/orlando:2a9a9fcc-50b4-4ccd-adf8-e665529ef9f9
Religious Fanaticism: Extracts from the Papers of Hannah Whitall Smith,https://commons.cwrc.ca/orlando:d50c740e-6e84-480a-944e-b56d820882be
Religious Memoirs,https://commons.cwrc.ca/orlando:72588038-6b2b-4cba-9d44-c7c1e56b0d7d
Religious Thoughts,https://commons.cwrc.ca/orlando:0c42d62e-09ff-42ae-b137-36bcd51734f3
Remake,https://commons.cwrc.ca/orlando:36e186be-ad74-41d8-a94c-2edb8b62a0a4
Remarks on Mr. Fitzroy's Bill for the More Effectual Prevention of Assaults on Women and Children,https://commons.cwrc.ca/orlando:930eef09-cb77-40d2-9944-b586ace5638a
Remarks on the Athanasian Creed,https://commons.cwrc.ca/orlando:360e433a-560f-44e0-8005-f801c4467a5b
Remember Me,https://commons.cwrc.ca/orlando:1716786e-3152-486b-b052-664dbb5b3dcc
Remembering My Good Friends,https://commons.cwrc.ca/orlando:79fd8ab7-ce06-43ba-96de-3eeecb5be1c6
Remembrances of a Monthly Nurse,https://commons.cwrc.ca/orlando:28ad7929-8b15-4f95-a2a1-ff48a2e21a54
Reminiscences,https://commons.cwrc.ca/orlando:b259eee0-dec3-4e0c-bbd6-2ac75e5f4def
Reminiscences of a Gentlewoman of the Last Century,https://commons.cwrc.ca/orlando:977ce520-43c7-4a4b-b5f2-6f7109bbefca
Reminiscences of a Student's Life,https://commons.cwrc.ca/orlando:198bfbcc-161f-4a1d-b143-d3f3e8c0003a
Reminiscences of Thought and Feeling,https://commons.cwrc.ca/orlando:9eddd095-efb5-4505-94f1-76b3c707e515
Reminiscences: 1819-1899,https://commons.cwrc.ca/orlando:f277f527-7725-42c2-ac6b-e9678e9af23a
Renascence,https://commons.cwrc.ca/orlando:4c100b5c-eafa-4119-9b4d-fa3251e66267
Report of an Inquiry into the Conditions of Dock Labour at the Liverpool Docks,https://commons.cwrc.ca/orlando:434713a4-2e81-418a-9387-da7e921334c1
Report on a Recent Visit to the Colony of Sierra Leone,https://commons.cwrc.ca/orlando:dd3f0628-f40c-4847-8caa-ae347e688358
Requa,https://commons.cwrc.ca/orlando:0cff7e08-0b70-4b71-ae56-27e2ee641ec6
Requiem,https://commons.cwrc.ca/orlando:207af9b7-e57e-4d98-8950-967cb5dca0b4
"Required Writing: miscellaneous pieces, 1955-1982",https://commons.cwrc.ca/orlando:c80ae68f-139a-4691-8c0b-89f9b8490be6
"Researches, Concerning the Institutions and Monuments of the Ancient Inhabitants of America",https://commons.cwrc.ca/orlando:18200b31-82c8-4390-ad1f-dd13bca0db95
Restitution,https://commons.cwrc.ca/orlando:ceae19f5-486a-488f-934d-1cc10a465e72
Restoration,https://commons.cwrc.ca/orlando:901d7f03-1d33-4646-a212-67e005956b3c
Restored,https://commons.cwrc.ca/orlando:2d7b8b7c-f5c4-414b-82dc-20f7141f0b77
Retreat from Armageddon,https://commons.cwrc.ca/orlando:2e0bfb0c-d452-4a8a-aa11-7e5eda847214
Retribution,https://commons.cwrc.ca/orlando:a2c0ed4c-a023-4269-994c-f3ffcd635df0
Retrospect and Other Poems,https://commons.cwrc.ca/orlando:3ce20a17-8f9d-4ff1-aff7-490a3d99d265
Retrospect of Western Travel,https://commons.cwrc.ca/orlando:a62da70c-afb1-4b10-bc6a-5967ffc5ebda
"Return to Song, and Other Poems",https://commons.cwrc.ca/orlando:06abd3e8-78b0-497d-8fbe-dfbf987101de
Return to Spring,https://commons.cwrc.ca/orlando:5a3e67cf-3ce4-4dc1-8384-d4ec9ed414be
Return to Yesterday,https://commons.cwrc.ca/orlando:eced59ff-ea61-44f1-81dd-1ff097fdec05
Reuben Sachs,https://commons.cwrc.ca/orlando:815c5831-4ce1-4feb-8fb3-92de8e354d7b
Revelations of Divine Love,https://commons.cwrc.ca/orlando:e723d40f-24d1-4b9b-926b-4f0496a3f0c2
Reversals,https://commons.cwrc.ca/orlando:35992447-e76d-4dd1-b4a6-291acbc78eaf
Review of the Civil Administration of Mesopotamia,https://commons.cwrc.ca/orlando:ab7e1db0-1582-47be-a985-3fb316a2b165
Revolutionary Petunias and Other Poems,https://commons.cwrc.ca/orlando:33019839-090a-47c8-a0da-1d205f422575
Revolving Lights,https://commons.cwrc.ca/orlando:53d4e789-c848-496c-ad3a-3fc8753870bd
Rhode Island Blues,https://commons.cwrc.ca/orlando:3dbe9dc3-b749-4be6-b005-d40ca927a2ba
Rhymes and Legends,https://commons.cwrc.ca/orlando:231a2f64-3ca1-47e9-be2e-5ea76ccd75af
Rhymes for the Nursery,https://commons.cwrc.ca/orlando:fa507839-5f6a-496b-9b74-c745ae2d5575
Rich and Poor,https://commons.cwrc.ca/orlando:ac7c1f95-1769-4809-8022-547eb364fe1b
Rich Boys and Poor Boys,https://commons.cwrc.ca/orlando:cdf8147b-4b44-44ae-85c9-7f9773ff2771
Richard Dare,https://commons.cwrc.ca/orlando:304f1385-15c8-48be-8860-273bd52cecac
Richard Savage,https://commons.cwrc.ca/orlando:0dc8169f-4d4b-4272-bee1-786f8922cd88
Richelieu in Love,https://commons.cwrc.ca/orlando:3ac17996-e481-49b6-8e3f-24c2b4a47f42
Richmond and its Surrounding Scenery,https://commons.cwrc.ca/orlando:a4aca2a4-24ad-473b-ab6b-4182ee6afa83
Riding to the Tigris,https://commons.cwrc.ca/orlando:de9709f3-7c99-495e-8f5c-6ff03c47247d
Rienzi,https://commons.cwrc.ca/orlando:4b09264d-b4b8-4a04-9141-dae4530ce823
Right or Wrong,https://commons.cwrc.ca/orlando:2b1c1118-aa7b-4ffa-91c2-676eddc039ca
Ring in the New,https://commons.cwrc.ca/orlando:fde610b9-46b5-4f8f-88aa-a8c7c1216620
Ripley's Game,https://commons.cwrc.ca/orlando:d3ff491a-d1f3-491f-8e23-f7106f6958dd
Rites,https://commons.cwrc.ca/orlando:3cbe32d5-6e9f-40e5-8707-5fa6c239effa
River Holiday,https://commons.cwrc.ca/orlando:62d5c08c-f536-453d-bc24-c86ee405944b
Rivers of Time,https://commons.cwrc.ca/orlando:0413b85b-7572-487e-aee9-5cc687ca23f5
Road Rage,https://commons.cwrc.ca/orlando:2c286654-b44f-4946-ae3d-703d0137666b
Road Through the Woods,https://commons.cwrc.ca/orlando:76d6dfd1-faa9-4673-a6bd-3858bb420c13
Roaring Tower and Other Stories,https://commons.cwrc.ca/orlando:09a31ed3-34b3-4813-bee5-9a5134546bc7
Robert,https://commons.cwrc.ca/orlando:265edf6f-e686-49ea-b43f-ce8a326204f3
"Robert Holt's Illusion, and Other Stories",https://commons.cwrc.ca/orlando:9cac28aa-767b-4380-926b-eee973574367
Robin,https://commons.cwrc.ca/orlando:7abb850c-4f21-4c74-81e4-a07c4657d8ea
Robinson,https://commons.cwrc.ca/orlando:deaef332-bd7e-4106-9ee6-5cde3b028eeb
Rocannon's World,https://commons.cwrc.ca/orlando:31b39d5a-ece8-4f5a-9bc6-6fb72091a171
Roderick Hudson,https://commons.cwrc.ca/orlando:28ae92bc-ead6-46db-a1ed-fa148eb4d91a
Roger Fry,https://commons.cwrc.ca/orlando:bd7b618f-94e4-4b81-9f3a-c3f6fc079a5e
Roland Yorke,https://commons.cwrc.ca/orlando:8717f102-dd59-4e31-9194-4b96db103122
Romance,https://commons.cwrc.ca/orlando:92087be0-245d-4552-acf4-e991c943416a
Romance and Reality,https://commons.cwrc.ca/orlando:2a56b443-1ba0-4e30-814c-8dbcbc1f61bc
Romanticism and Its Discontents,https://commons.cwrc.ca/orlando:e17f9360-a286-4862-8c92-c42d72ec1146
Rome on the Euphrates,https://commons.cwrc.ca/orlando:d45ce24e-e234-4cf1-8a00-9c857002d725
Romola,https://commons.cwrc.ca/orlando:7eb6e511-8ca6-4dda-933a-dc8683c50e83
Rooney,https://commons.cwrc.ca/orlando:daa0d625-6500-48af-9116-86cdf40c491f
Root and Branch,https://commons.cwrc.ca/orlando:3f5dbfef-4e66-40f8-96a7-ceb5e8d84607
Rootedness: The Ancestor as Foundation,https://commons.cwrc.ca/orlando:eaf3103f-85cd-408a-b849-36d404bc8b56
Rosalind de Tracey,https://commons.cwrc.ca/orlando:8289f0a5-8f1a-4932-b4ae-3e115318777d
Rosamond Lehmann's Album,https://commons.cwrc.ca/orlando:1e4198ac-6258-4f85-a489-1e63171f3473
Rose Cottage,https://commons.cwrc.ca/orlando:09534320-d94f-4f66-8ea6-41326016c6b8
Rose et blanche,https://commons.cwrc.ca/orlando:c6c923ff-802b-4738-ab7e-6644064d3d29
Rosella,https://commons.cwrc.ca/orlando:68dd29f5-70b8-47d0-a240-f304513ea195
Rosewarn,https://commons.cwrc.ca/orlando:59fdf127-551a-4396-9d4f-c4bf11308aad
Rosie of the River,https://commons.cwrc.ca/orlando:9db3fd46-68e9-4f3c-9a29-2cda982c939d
Rosie. Scenes from a Vanished Life,https://commons.cwrc.ca/orlando:072015e1-bba1-48ac-85e1-1d5a3240ab5f
Rosina,https://commons.cwrc.ca/orlando:d163af5f-5fd4-481f-9886-3ef3a24fa469
Rosmersholm,https://commons.cwrc.ca/orlando:27f22679-7aa7-4a8d-b870-f53e7de42a0f
Rossetti: His Life and Works,https://commons.cwrc.ca/orlando:657eabf6-00c0-4b2a-b4c4-8f327889f745
Rough Justice,https://commons.cwrc.ca/orlando:1e8227aa-5f4e-42fc-bcf4-3bcb4e2691e2
Roughing It in the Bush,https://commons.cwrc.ca/orlando:976d4ff4-00ab-4127-bbc0-1a6d7049550b
Round the World to Wympland,https://commons.cwrc.ca/orlando:caa6e690-5fdf-4fab-854c-b76dbb19db08
Roxobel,https://commons.cwrc.ca/orlando:91c8d5f1-b7da-43b6-bc1d-2be5a28a4d58
Ruffian on the Stair,https://commons.cwrc.ca/orlando:d22c6b88-7e0c-47e6-bb66-088ef0c84147
Runaway,https://commons.cwrc.ca/orlando:eab7222d-2ff8-42b9-bb08-45767eb399c2
Rungli-Rungliot,https://commons.cwrc.ca/orlando:eb0b9962-1d34-4889-9216-fa93056ce951
Rupert Godwin,https://commons.cwrc.ca/orlando:4bc944ba-5a34-440f-8e17-6c31e7fd2419
Rustic Elegies,https://commons.cwrc.ca/orlando:da4e6c9d-b347-4ff3-85c6-939350aa993a
Rutherford and Son,https://commons.cwrc.ca/orlando:0215709c-f388-419a-8947-4f377294dd1b
"Ruthinglenne; or, The Critical Moment",https://commons.cwrc.ca/orlando:d884b342-56e7-469d-9ec5-72f74dc998aa
Ruysbroeck,https://commons.cwrc.ca/orlando:4dfb8b69-708c-4a95-a9c5-81d44c2e27ac
Ryder,https://commons.cwrc.ca/orlando:05dfca0d-d68d-42b4-a4d4-ef4c6b9f2c56
"Sabi Pas; or, I Don't Know",https://commons.cwrc.ca/orlando:073be7fc-3ead-439a-a8df-f623d3193633
Sabina,https://commons.cwrc.ca/orlando:804ec230-47dc-4bdb-814b-3f846d137d72
Saccharin Cyanide,https://commons.cwrc.ca/orlando:cd4927de-ee0d-4512-b9fc-49a7040ac268
Sacred and Legendary Art,https://commons.cwrc.ca/orlando:9e5b7dd8-7059-4f50-82b4-142797843106
Sacred Country,https://commons.cwrc.ca/orlando:6faea0e2-ab69-4e83-adf4-92094a444308
Sacred History,https://commons.cwrc.ca/orlando:3fcf91c2-d38f-4298-86cd-553b79dc8710
Sacred Poetry,https://commons.cwrc.ca/orlando:c9fefefa-37c4-4a34-9e65-415a1a7776e4
Sadler's Birthday,https://commons.cwrc.ca/orlando:b4206a7c-faf0-418f-9dc5-b1b0c620d2b0
Saffroned Bridesails,https://commons.cwrc.ca/orlando:a1347e8f-bde6-4822-8cb0-b5d3c1ea10ca
Sahib-log,https://commons.cwrc.ca/orlando:bc1b0fd4-4275-435b-8c75-def12566e478
Saint Catherine of Siena and Her Times,https://commons.cwrc.ca/orlando:2681b0a1-af80-481d-a99e-639b9aa140c7
Saint Joan of Arc,https://commons.cwrc.ca/orlando:65b0f9bf-a8e5-462c-a1c0-d93f2344057a
Saint Mochta and the Chapel of Kilmanhew,https://commons.cwrc.ca/orlando:f7ce5bc2-aa7e-4646-b091-6480fc41cb33
Saint Mungo's City,https://commons.cwrc.ca/orlando:c584dfe4-b9cb-4e5c-8f45-05516d202114
Saints and Sinners,https://commons.cwrc.ca/orlando:f62c2678-c30e-480f-9406-a2f93f4a9f06
Salad Days,https://commons.cwrc.ca/orlando:025a3ebd-d2c3-4c5a-b355-9926ea711294
Salem Witchcraft,https://commons.cwrc.ca/orlando:54563f26-d659-4b41-9ff7-88229ef77302
Salonika,https://commons.cwrc.ca/orlando:3ebe8de4-3dd0-4efc-9df8-ad870554a642
Salve Deus Rex Judaeorum,https://commons.cwrc.ca/orlando:aca23a3a-91d9-45a5-9a45-0963d58b174e
Samfundets støtter,https://commons.cwrc.ca/orlando:91e9488a-4174-4a7e-bed3-83014c8cef75
Samhain,https://commons.cwrc.ca/orlando:fa2bba93-99d7-491f-a117-77198fa459d9
Sanctuary,https://commons.cwrc.ca/orlando:55672707-54d3-4bb3-bfb1-5ec567a1f259
Sandgrain and Hourglass,https://commons.cwrc.ca/orlando:1ac31b36-f535-43c2-9d72-09695db4b0c7
Santo Sebastiano,https://commons.cwrc.ca/orlando:b6b765d1-08e2-48ba-a836-b776b661fcc9
Sapphira and the Slave Girl,https://commons.cwrc.ca/orlando:3dae3f42-2c58-4b32-9d9c-e28f94ceed27
Sappho and Phaon,https://commons.cwrc.ca/orlando:e4436944-933e-4c1a-8654-8a17170f34fe
Sara Coleridge and Henry Reed,https://commons.cwrc.ca/orlando:e9eb5c5f-3fe1-40a4-bad0-e2b6c5e15f2a
Sarah de Berenger,https://commons.cwrc.ca/orlando:7534c0b3-4f52-49bd-a3e5-07ee05669826
Sarah's Youth,https://commons.cwrc.ca/orlando:c26809ae-f7cb-46a9-98cd-a85da416577c
Satan Finds,https://commons.cwrc.ca/orlando:bb5625b2-185b-4b41-92ed-6ff94304b6a8
Satan his Methods and Malice Baffled,https://commons.cwrc.ca/orlando:7add82fc-f090-42e7-8d10-f96d0e9618ab
Saying Hello at the Station,https://commons.cwrc.ca/orlando:b91eed9b-e28e-42a6-b425-c5b88534e5fa
"Says She to her Neighbour, What?",https://commons.cwrc.ca/orlando:685fc0b9-248f-428b-9afc-30ebe57b342e
Scamp and I,https://commons.cwrc.ca/orlando:28c8ce7d-c2e1-4473-8f31-54a7a13976bb
Scarborough Fear,https://commons.cwrc.ca/orlando:7384931a-bf0a-4df3-a221-e1226dcc0c7c
Scenes and Stories of the Rhine,https://commons.cwrc.ca/orlando:ba8eadee-59e6-4ee8-bf70-d6a9b8cbe52e
Scenes from the Life of Cleopatra,https://commons.cwrc.ca/orlando:49b79093-62f5-4615-9fef-85c397a17b3e
Scenes of Clerical Life,https://commons.cwrc.ca/orlando:efb4ab1b-0bae-46df-a493-3a1c85e312ba
Scenes Originating in the Garden of Eden,https://commons.cwrc.ca/orlando:28f4da1d-1c9c-466e-9d99-71e237a4c69e
Scent of Cloves,https://commons.cwrc.ca/orlando:5e80c66f-a095-4e54-9a6a-e2555dcab4cb
Scholar gipsies,https://commons.cwrc.ca/orlando:0036509b-9463-475f-8e7d-907e1d2a8277
School for Love,https://commons.cwrc.ca/orlando:3366bcae-040a-4f81-97c8-204854b7e92c
Schools in Florence,https://commons.cwrc.ca/orlando:66780684-5a10-420a-bc03-1e0d330013c4
Scoop,https://commons.cwrc.ca/orlando:cf6f4491-2bc4-4150-9b3a-1451725f7baa
Scorpion,https://commons.cwrc.ca/orlando:f16e9fa0-29e6-4e48-8344-b3471700ceea
Scott of the Antarctic,https://commons.cwrc.ca/orlando:c46f521c-f10d-401f-88c9-b763534428c7
Scottish Law as it Affects Women,https://commons.cwrc.ca/orlando:49d7044c-8132-46f0-953e-d6004093c81c
Scottish Women in Bygone Days,https://commons.cwrc.ca/orlando:5ce16458-7185-4e75-96eb-c06f9229de29
Scripture-Prophecies Opened,https://commons.cwrc.ca/orlando:f710062c-6a49-411d-b4e2-f19739f08d8d
Sea Drift,https://commons.cwrc.ca/orlando:e5cc7cfa-e3b5-4a15-b6e8-1ec4e95c5ab2
Sea Garden,https://commons.cwrc.ca/orlando:a4915bbe-9938-4974-9f1c-71b3454516b6
Seadrift,https://commons.cwrc.ca/orlando:0ebf2efb-83ed-4699-a0f0-e8eb40ccc438
Search After Sunrise,https://commons.cwrc.ca/orlando:298b3f3f-f341-468f-b869-00148daa369c
Search for a Soul,https://commons.cwrc.ca/orlando:f63efd14-65dc-4ceb-bbe5-05a52b0c6d4e
Search Will Find It Out,https://commons.cwrc.ca/orlando:8eb6ed11-74fa-4827-9d5f-a7f2752a8787
Second April,https://commons.cwrc.ca/orlando:e52c46d5-51e2-4fa4-b62b-1c7b4427ec2f
Second Honeymoon,https://commons.cwrc.ca/orlando:ac8f8d60-7224-4e7a-bf09-cfb03293eb7e
Second Marriage,https://commons.cwrc.ca/orlando:c55defde-4dbd-4314-a54b-eaffb2c3f0a4
Second Thoughts,https://commons.cwrc.ca/orlando:c4b99c6d-2628-458e-b9ac-591c0b5289c1
Second-Class Citizen,https://commons.cwrc.ca/orlando:5cf51096-ffcf-489c-8bc5-a1363191a86a
Secondary Worlds,https://commons.cwrc.ca/orlando:02d0b2ae-df05-47c5-a9fa-f1228a0a87e0
Secresy,https://commons.cwrc.ca/orlando:6fc6fc26-07aa-4344-a0a2-ac21c8b4ba5c
Secret Bread,https://commons.cwrc.ca/orlando:9b144cb6-2181-4313-85d6-d9b43ea81976
"Secret Histories, Novels and Poems",https://commons.cwrc.ca/orlando:ffccf77d-f1b1-4338-9d8f-56276a9578c6
Secretly Armed,https://commons.cwrc.ca/orlando:63f5d922-5856-4821-b08d-b6094ca4ec92
Section: Rock-Drill,https://commons.cwrc.ca/orlando:671c4edf-3a4c-42de-ac8f-119760ca7339
Seducers in Ecuador,https://commons.cwrc.ca/orlando:c9be564d-3c38-4e08-a00e-441a17cf9753
Seeing Things,https://commons.cwrc.ca/orlando:53b3a61e-db26-4fae-af09-5db2fbd83306
Seesaw,https://commons.cwrc.ca/orlando:b0bd6e57-28ee-43a0-85a2-7af8f09d9780
Selah Harrison,https://commons.cwrc.ca/orlando:b1fa4aea-453c-40cf-b3e5-a8ba85907b4d
Select Memoirs of Port Royal,https://commons.cwrc.ca/orlando:efad6a0a-be3b-4092-a499-a3afe380a028
Select Moral Tales,https://commons.cwrc.ca/orlando:76a37c82-ad65-4dd3-9ee2-199735b75fcd
Selected Poems 1977-1992,https://commons.cwrc.ca/orlando:de2c695f-365d-42c4-a832-b96b2dee42f5
"Selected Poems from 'Verses, I-VI'",https://commons.cwrc.ca/orlando:e0198fd9-eb3a-4aea-a851-58a1b9d68fce
"Selected Poems, 1956-1986",https://commons.cwrc.ca/orlando:5b6774c7-ef30-414e-8384-549cfbe3d7ce
"Selected Poems, 1978-1994",https://commons.cwrc.ca/orlando:16b5043e-f7f1-46ee-ab03-87d3c3e926c6
"Selected Poems, 1980-1996",https://commons.cwrc.ca/orlando:6cf60721-a400-4791-a680-25a5c7d7cc46
Selected Poems: in Five Sets,https://commons.cwrc.ca/orlando:dd9cfe88-95bd-4743-9134-bda56c6168f5
Selections from the Greek Anthology,https://commons.cwrc.ca/orlando:31f351f3-7b0b-4a3c-92cb-4f455792e434
Selections from the Letters of Caroline Frances Cornwallis,https://commons.cwrc.ca/orlando:d181a4b8-a5d2-4e08-8b82-cf7f661b4104
Selections from the Old Testament,https://commons.cwrc.ca/orlando:26a44023-792a-4f5f-8d1a-e188c5c78781
Selections from the Poems of Dorothy Wellesley,https://commons.cwrc.ca/orlando:b4392196-9474-4d5b-b841-473ccc84ed43
Selections from the Verse of Augusta Webster,https://commons.cwrc.ca/orlando:2a4a1da8-ce9c-4a96-96d0-62ace8942f5d
Selections from the Works of Plato,https://commons.cwrc.ca/orlando:cef09553-7633-4d6c-93ca-bef8eecd0229
Self Condemned,https://commons.cwrc.ca/orlando:74133287-ab99-4f45-a35f-85cb06d6bf1e
Self into Song,https://commons.cwrc.ca/orlando:c56ad5b1-d72d-4ef1-8871-5ce9eec440f2
Self-Indulgence,https://commons.cwrc.ca/orlando:d1394274-4c7f-4af8-a3f1-c27b4a687f65
Sellcuts' Manager,https://commons.cwrc.ca/orlando:9264eb19-c0c3-4c59-94a3-2278c4f32958
Selling Manhattan,https://commons.cwrc.ca/orlando:c7d35d05-3fec-4235-811c-ce20e7589b38
Semeiotike: recherches pour une sémanalyse,https://commons.cwrc.ca/orlando:1f06e4de-b4a6-4ec0-aec4-2c604df58a57
Seneca Unmasqued,https://commons.cwrc.ca/orlando:371c44c7-d82d-49b8-8630-50acc79c2893
Senlis,https://commons.cwrc.ca/orlando:a1e55a51-2c25-4d7b-b63b-adc582a90614
Sense and Sensibility,https://commons.cwrc.ca/orlando:123386f0-75ac-47db-8be5-90c0e7e52b5d
September Tide,https://commons.cwrc.ca/orlando:ba89b76f-4686-451a-b973-dd6151b074ec
Seraph on the Suwanee,https://commons.cwrc.ca/orlando:598135bc-9a70-4688-8657-ce08e351903f
Serena Blandish,https://commons.cwrc.ca/orlando:5e0a68c7-541a-481f-a8fa-a910715987d6
Serious Concerns,https://commons.cwrc.ca/orlando:e4b18995-ef8e-41fc-87ac-0485232ecbbf
Serious Hysterics,https://commons.cwrc.ca/orlando:39d1f5dd-b1ec-4e76-b9c6-ce3821ac1744
Serious Money,https://commons.cwrc.ca/orlando:540d846f-6e99-4b7a-8890-3c9067212af4
Sermons,https://commons.cwrc.ca/orlando:a8ea829b-8a36-4eb4-bc78-90b9c2353bdc
Sermons of John Calvin,https://commons.cwrc.ca/orlando:e11fe21c-e28b-47ca-a91c-a4653d904d85
Sermons on the Doctrines and Duties of Christianity,https://commons.cwrc.ca/orlando:a4531e56-748d-4788-8569-2067c6ec2d89
Sermons on the Following Subjects,https://commons.cwrc.ca/orlando:ff6a018a-28b7-4b63-b051-493d8757b767
Sermons out of Church,https://commons.cwrc.ca/orlando:4bd80f02-90be-44a7-a278-8538e8f7a05a
Serowe: Village of the Rain Wind,https://commons.cwrc.ca/orlando:419fce55-399c-4c60-ba5f-2da8546231a3
Service to Empire,https://commons.cwrc.ca/orlando:a7234b30-dce2-40b8-80f5-a884c56240bf
Set in Authority,https://commons.cwrc.ca/orlando:66c157b7-2637-4b62-99bf-88b74428abe9
Set on Edge,https://commons.cwrc.ca/orlando:04366d09-21fb-4302-a625-e78298ef2b73
Settlements,https://commons.cwrc.ca/orlando:3bb09eb1-9710-4f37-85c7-d5cf501692c3
Seven for a Secret,https://commons.cwrc.ca/orlando:e5197ec1-3248-47e3-b92d-ba7b3ffb0883
Seven Gothic Tales,https://commons.cwrc.ca/orlando:1217d942-1e92-49e9-a71c-c6739b0b00df
Seven Poor Men of Sydney,https://commons.cwrc.ca/orlando:377d793b-bbfa-4d6b-b914-7cd92f5d269f
Seven Stories,https://commons.cwrc.ca/orlando:db952dc0-547c-43b9-adfe-6c42a163aae0
Seven Types of Ambiguity,https://commons.cwrc.ca/orlando:7de43db1-be53-40fe-9e0a-7d9a61230005
Seven Winters,https://commons.cwrc.ca/orlando:2d3108dc-6626-4eb1-8832-b851dd0ab2a9
Seven Years in the Wedded Life of a Roman Catholic,https://commons.cwrc.ca/orlando:28e08f1e-e808-4378-9cd8-8b68db1b265e
Seventy Years,https://commons.cwrc.ca/orlando:97846656-8ae7-4508-ab37-5fad263a9eda
Several Methods and Practises of Devotions,https://commons.cwrc.ca/orlando:5bf15107-32a2-48bd-aa1a-217da2594a6b
Several Occasions,https://commons.cwrc.ca/orlando:30861c4a-8e20-4c05-abe3-ed674ca66924
Several Perceptions,https://commons.cwrc.ca/orlando:51e9c4db-d60f-4c2f-be25-41edfa84a45b
Sex and Common Sense,https://commons.cwrc.ca/orlando:6019c0cd-4aba-4b47-ade5-6a6c8b7c6492
Sex and Temperament in Three Primitive Societies,https://commons.cwrc.ca/orlando:3079a2b8-9d88-45f9-81d7-0e7d5d3dce3e
"Sex, Gender and Society",https://commons.cwrc.ca/orlando:673206ff-6aa0-402e-ab41-8f6eec99878c
Sexes et genres à travers les langues,https://commons.cwrc.ca/orlando:4ba380ac-5241-4ff2-9583-9d1bd259e2ad
Sexes et parentés,https://commons.cwrc.ca/orlando:4cfef5cf-2b26-476a-aede-bc01a5ee408d
Sexing the Cherry,https://commons.cwrc.ca/orlando:2cd1de89-0699-47f7-a120-a6104c4b38e4
Shadow Baby,https://commons.cwrc.ca/orlando:72295978-b250-4a01-9893-99a7955e4284
Shadow Dance,https://commons.cwrc.ca/orlando:02a162ca-c28b-4ba5-afde-8abb56850809
"Shadows of Chrysanthemums, and Other Poems",https://commons.cwrc.ca/orlando:fe1cb4e2-92e6-4571-a8d8-2aa7d74ecef2
Shadows on the Grass,https://commons.cwrc.ca/orlando:cc84b9e7-61c3-4fbe-9d56-b63cd7ba88d1
Shadows on the Rock,https://commons.cwrc.ca/orlando:02af582b-0581-454e-a746-7643a5fdbc17
Shadowy Bricks,https://commons.cwrc.ca/orlando:5bfcd044-6931-400f-a223-c880df4389d7
Shaken by the Wind: A Story of Fanaticism,https://commons.cwrc.ca/orlando:cf2fa940-91e2-4c72-a7d1-e66b52d484b9
Shaken in the Wind,https://commons.cwrc.ca/orlando:fe568d7e-3bac-42a0-804a-553c41494f23
Shakespear Illustrated,https://commons.cwrc.ca/orlando:cf557512-5bda-41c8-94e5-76e64fe67f79
Shakespeare and Company,https://commons.cwrc.ca/orlando:b7e86fe3-3e1a-40ec-861b-731de99464b0
Shakespeare Sonnets,https://commons.cwrc.ca/orlando:52ebd7a9-9daf-4b44-95f4-162a170dd22f
Shakespeare's Family,https://commons.cwrc.ca/orlando:81294a65-8e8f-4a3e-92de-cedfeabfc008
Shakespeare's Industry,https://commons.cwrc.ca/orlando:9ffc3bbf-676e-4b92-908e-9e2caf2d1bc5
Shakespeare's Warwickshire Contemporaries,https://commons.cwrc.ca/orlando:78ffaae7-51f5-4407-bba5-8041750d6a7e
Shakespeare's Wife,https://commons.cwrc.ca/orlando:1933953f-af4b-4392-9425-1e3bc4b4752b
Shamrocks,https://commons.cwrc.ca/orlando:081ca350-1b7a-4e0c-b2c2-773dbd92623e
Shards of Memory,https://commons.cwrc.ca/orlando:96ae2854-beb3-456e-9bbf-f49ffff741e8
Sharing the World,https://commons.cwrc.ca/orlando:fc490fbd-63c7-45be-9139-a494084d2fbf
She Danced in the Ballet,https://commons.cwrc.ca/orlando:584d8427-28a2-436c-bb7e-bc210237664f
She Dwelt with Beauty,https://commons.cwrc.ca/orlando:b834cfa0-e848-4c4a-9a5f-a5e9e8d30da1
"She Ventures, and He Wins",https://commons.cwrc.ca/orlando:bca18b3d-5fb8-438a-8bc1-eba78291f47f
She Walks in Beauty,https://commons.cwrc.ca/orlando:0ba9824e-9fed-4b40-9e40-f4ce3aa6fc97
Shell,https://commons.cwrc.ca/orlando:17465fc0-dff0-4d45-923d-c04eeaeb5d72
Shells from the Sands of Time,https://commons.cwrc.ca/orlando:d342e30b-8c4b-4011-8228-160d3d97cf1c
Shelmalier,https://commons.cwrc.ca/orlando:1a9afa4d-a498-40c6-b674-6089452651b7
Shepherd's Trade,https://commons.cwrc.ca/orlando:3f9c3206-4172-41f2-803a-ee421680a2ab
Shepherds in Sackcloth,https://commons.cwrc.ca/orlando:8777348f-728e-4136-8dbc-cce2d70ce8e2
Sheridan,https://commons.cwrc.ca/orlando:318f2101-af88-42de-9a90-6040196119a3
Shikasta,https://commons.cwrc.ca/orlando:ebccd853-0d96-44c8-bb6c-4e757a36539e
Shikorbakor,https://commons.cwrc.ca/orlando:929c6a6e-9adc-485c-b625-237e14c6f2b1
Shire,https://commons.cwrc.ca/orlando:3ec189e8-bbec-49d8-ae05-b1ac78389fe9
Shirley,https://commons.cwrc.ca/orlando:602c7cb0-05ac-46c3-968f-8cd308a2834b
"Short Days, Long Shadows",https://commons.cwrc.ca/orlando:d58349f6-f744-4539-98cc-9bb62fdd95dd
Should Married Women Follow Professions?,https://commons.cwrc.ca/orlando:fc91b121-6645-41f7-8b34-5d8f0402f8b3
Showing the Flag: and Other Stories,https://commons.cwrc.ca/orlando:99aa221c-d2b4-4aa2-bc25-a0f896c09fed
Shroud for a Nightingale,https://commons.cwrc.ca/orlando:ddb87dd6-0a03-4382-9773-b46b4625da7d
Si le grain ne meurt,https://commons.cwrc.ca/orlando:0358222e-f963-4242-91ef-11248ce37630
Sibyls and Others,https://commons.cwrc.ca/orlando:5ef405d1-a3c1-4d83-8fa1-a0ad6472234a
Sibyls: A Book of Poems,https://commons.cwrc.ca/orlando:f19d7f56-b533-4245-891e-c812c83983b5
Sick Heart River,https://commons.cwrc.ca/orlando:dfbd240b-c113-4db6-be81-ad898db630f0
Sick-Nursing and Health-Nursing,https://commons.cwrc.ca/orlando:738e5fe5-ee4c-4480-a3b3-5e3d7094affd
Side Effects,https://commons.cwrc.ca/orlando:26baafb4-6544-47b1-ba84-9d5c07208c5d
Side-lights on the Georgian Period,https://commons.cwrc.ca/orlando:d8af941c-e2dd-4fbe-a71b-ab6af0055227
Sight for Sore Eyes,https://commons.cwrc.ca/orlando:a1a25fdd-ab8e-409e-b7ab-35693a7d0002
Silas Marner,https://commons.cwrc.ca/orlando:b729f5dc-930c-4d65-b732-dc0db5439516
Silences,https://commons.cwrc.ca/orlando:4569625c-6903-4348-bead-8ebed491b104
Silly Novels by Lady Novelists,https://commons.cwrc.ca/orlando:34508bad-5e18-442c-8d5d-55028b87939a
Silver Magic,https://commons.cwrc.ca/orlando:6aa5e7b5-a52b-4c6b-993d-c80987358f02
Silver Nutmeg,https://commons.cwrc.ca/orlando:23b586d8-d793-40b3-a2b4-c1c066710b36
Silver-Sand and Snow,https://commons.cwrc.ca/orlando:b21edf7f-6831-4822-9cc7-88656885526b
Silverland: A Winter Journey Beyond the Urals,https://commons.cwrc.ca/orlando:6e825569-7938-4b06-a1cb-ba3369652ec0
Similar Cases,https://commons.cwrc.ca/orlando:2bdef89a-5d07-4fb5-820c-97004d16b8cd
Simisola,https://commons.cwrc.ca/orlando:87595821-ecd7-40d9-ab52-6a6d123c4b03
Simon the Coldheart,https://commons.cwrc.ca/orlando:c1c09d6c-915a-44ea-883f-1926ed66a82a
"Simple Poems, on Simple Subjects",https://commons.cwrc.ca/orlando:96e9de60-f855-4825-80c7-1a04bd9324bb
Simple Tales,https://commons.cwrc.ca/orlando:12b0472c-2ede-4529-b9b9-e31356998b8b
Sinabada,https://commons.cwrc.ca/orlando:a8d8aff8-291a-4dbe-91d1-4ef5b826d07a
Sincerity,https://commons.cwrc.ca/orlando:39b34adf-c868-440e-9022-695881ac51fe
Sing for the Taxman,https://commons.cwrc.ca/orlando:04a48d9d-1e0c-4c7d-9c86-8a56eee27552
Singin' and Swingin' and Gettin' Merry Like Christmas,https://commons.cwrc.ca/orlando:27654190-136e-46f0-9adb-b110dc707122
Singing Waters,https://commons.cwrc.ca/orlando:2b82096e-1ae4-4343-beb7-e1615cca49a0
Singularly Deluded,https://commons.cwrc.ca/orlando:0ad64189-219b-41ba-bfe4-5692a6015ebc
Sinn Féin,https://commons.cwrc.ca/orlando:06f07f63-f802-483e-97d5-82604904ab7f
Sir Charles Grandison,https://commons.cwrc.ca/orlando:f7cbb432-2b39-48a2-adef-f2cce3a6f245
Sir Edward Seaward's Narrative of his Shipwreck,https://commons.cwrc.ca/orlando:c5c60ecd-e99e-4ed7-a81a-bf6d3e504fb1
Sir Elyot of the Woods,https://commons.cwrc.ca/orlando:1e2e208b-af51-4dee-9284-a48184935846
Sir George Tressady,https://commons.cwrc.ca/orlando:c738710c-a08e-4a9b-889a-010e4ae08e41
Sir Jasper's Tenant,https://commons.cwrc.ca/orlando:98e825de-ba39-44d9-8cea-b00c6d32f981
Sir or Madam,https://commons.cwrc.ca/orlando:de802943-bcb9-4ec9-b5f3-ff84a89d0cca
Sir Patient Fancy,https://commons.cwrc.ca/orlando:8f44e695-babd-4fdf-84a0-b18ed58c75ac
Sir Tom,https://commons.cwrc.ca/orlando:859c39d1-ea39-4cdc-8a01-6101c25b78d8
"Sir, My Lord Mayor and the Aldermen his Brethren",https://commons.cwrc.ca/orlando:fedf0491-dadc-4155-a3dd-3de10d9bc4d4
Sissinghurst,https://commons.cwrc.ca/orlando:700cf986-fafd-46a3-affa-6ca7e02c4f6f
Sister Anne,https://commons.cwrc.ca/orlando:b2d70841-5b78-4ee7-8c1b-96c414a28b55
Sister Invention,https://commons.cwrc.ca/orlando:89d96934-7695-4caa-8692-37dc5f02059a
Sisters,https://commons.cwrc.ca/orlando:242ac94f-cbd7-4547-bc53-cc861f6a52ed
Sisters and Strangers,https://commons.cwrc.ca/orlando:b80502c0-f410-42e3-b678-be27348a0103
Sisters of Charity,https://commons.cwrc.ca/orlando:37357029-3290-42b1-a3f3-b5def454c668
"Sisyphus: or, The Limits of Psychology",https://commons.cwrc.ca/orlando:56b42aab-9384-427d-94bd-f74fe094dbf2
Site of Ambush,https://commons.cwrc.ca/orlando:be3b3b13-ca8a-41e9-a852-4b1617ae340f
Six Criminal Women,https://commons.cwrc.ca/orlando:03fb382d-80c1-4c92-831d-58983e2a66af
Six Life Studies of Famous Women,https://commons.cwrc.ca/orlando:e4059cc3-2869-42cc-a6d9-501dbc62f0ad
Six Narrative Poems,https://commons.cwrc.ca/orlando:fad63a43-8917-4893-86d6-a9255e0dda61
Six Sermonicles,https://commons.cwrc.ca/orlando:2ac0a837-e24b-4a40-a179-f200c0bdd259
Six Stories and an Essay,https://commons.cwrc.ca/orlando:ee95ba5c-afda-458b-bb45-c0ca63ade9f5
"Sixteen Dead Men, and Other Poems of Easter Week",https://commons.cwrc.ca/orlando:3efd1a8c-410b-4270-9b34-f4acdb2088a8
Sketches and Fragments,https://commons.cwrc.ca/orlando:1483a1f5-369f-439f-a29f-2177ab45df3f
Sketches From Nature,https://commons.cwrc.ca/orlando:3a3ba363-adfa-4936-8e01-839efdce0665
Sketches from the Antique,https://commons.cwrc.ca/orlando:33036352-a6ca-4fec-9aa7-7f2a1a015634
Sketches of American Character,https://commons.cwrc.ca/orlando:fb3c73dd-bafc-4116-a572-0628ba991bb8
Sketches of English Character,https://commons.cwrc.ca/orlando:68b23d15-ba76-4ebd-83bc-3ef8c5235db6
Sketches of Geology,https://commons.cwrc.ca/orlando:1d102f7b-7e75-4d3a-bf14-e897bc0ec5f0
Sketches of Natural History,https://commons.cwrc.ca/orlando:b76aa68b-b6fa-4640-95ec-b89940769c7c
Sketches of the Lives and Writings of the Ladies of France,https://commons.cwrc.ca/orlando:6a538ec2-e621-4527-894d-8ec13a98f600
Sketches of the Physiology of Vegetable Life,https://commons.cwrc.ca/orlando:c3803a22-8403-4469-b5b0-c3adbf6aa6b5
Skirmishing,https://commons.cwrc.ca/orlando:d88032c2-a63f-4b9e-b7dd-e5a9e87c6d08
Slattern,https://commons.cwrc.ca/orlando:8ee68f32-7e49-4517-af66-b471e1b3f42e
Slaves in Algiers,https://commons.cwrc.ca/orlando:1e1577c6-4ee8-4dc7-b6a7-814d3c7c2c73
Slaves of the Lamp,https://commons.cwrc.ca/orlando:edb679f8-68ad-41b0-9450-40c591fef2e7
Sleep in Peace,https://commons.cwrc.ca/orlando:ea598a45-d771-4f8c-a6f7-2f0a2938d1b0
Sleeping Murder,https://commons.cwrc.ca/orlando:b538c708-bff1-4b2f-bc11-705e42a2f4fb
Slip-Shod Sibyls,https://commons.cwrc.ca/orlando:529cda05-8ab3-47bb-ba07-6ca7cbe6baac
Small Island,https://commons.cwrc.ca/orlando:901eb53f-b31e-4763-baa4-ab8fe6de2a42
Smile and Other Stories,https://commons.cwrc.ca/orlando:2e0c9b4f-9c34-4fa0-92e7-c49b88fb2da2
Smile Smile Smile Smile,https://commons.cwrc.ca/orlando:3802f22d-a8bb-4f2f-baba-651d02629973
Smoky-House,https://commons.cwrc.ca/orlando:ef250b66-7eae-4da5-a62e-1caebaff3cbf
Snapshots of a Daughter-in-Law,https://commons.cwrc.ca/orlando:40415108-0b72-46e3-8aeb-56ea81f5519e
Snare,https://commons.cwrc.ca/orlando:98c0fc38-4d5f-4cfd-b298-2ac9f8f9b1d3
Snow and Roses,https://commons.cwrc.ca/orlando:6c633c91-c5e7-4386-822a-f69c6fd0593f
"Snow Light, Water Light",https://commons.cwrc.ca/orlando:d221956a-6b4d-4f83-9de5-127107896e27
Snow on the Mountain,https://commons.cwrc.ca/orlando:2d59566d-6f21-4792-b671-2a58fd06ecb4
So I Have Thought of You,https://commons.cwrc.ca/orlando:109798eb-9460-4ad1-b972-9f485c4507f9
So Runs the World Away,https://commons.cwrc.ca/orlando:0e5208f3-e969-4bd5-aa2f-57f4441a41e2
Sober Advice from Horace,https://commons.cwrc.ca/orlando:a6aae9aa-df6a-4fd7-8ac2-b627df08a75d
Social Purity,https://commons.cwrc.ca/orlando:caf7cbfd-85fd-45b9-9240-0361c31ce503
Social Studies,https://commons.cwrc.ca/orlando:118c73c4-740e-443b-a06e-a45a24d7b479
Socialism and the Home,https://commons.cwrc.ca/orlando:bf980175-a9e5-46d1-968f-c8db5cc636fe
Socialism for Beginners,https://commons.cwrc.ca/orlando:06922217-86df-473b-a18f-118f34f5a3cb
Socialism for Children,https://commons.cwrc.ca/orlando:de84fa4f-6e42-45cb-aff9-181160c63cc8
Softcops,https://commons.cwrc.ca/orlando:2190c28b-7c5e-410a-a417-5946456d3ab8
Sojourner,https://commons.cwrc.ca/orlando:4de2f2b7-0882-49d6-8e38-759c420fa2fe
Solitary Hours,https://commons.cwrc.ca/orlando:086ab315-3881-4fa9-a473-c3bae841aabb
Solitude,https://commons.cwrc.ca/orlando:479469cd-de7c-448b-a898-6d64f0bbb9cf
Solution Three,https://commons.cwrc.ca/orlando:ca54a450-2035-4a4a-bea8-04330478d522
"Some Account of John, Duke of Argyll, and his Family",https://commons.cwrc.ca/orlando:050ff02e-2da4-49b8-9dcc-ab9318df60ac
Some American Recollections,https://commons.cwrc.ca/orlando:2c04bb2d-d964-4f95-b6ce-591f87534b6c
Some Are More Human Than Others: Sketch-Book,https://commons.cwrc.ca/orlando:7731b6eb-8a72-4c46-9724-de9c947e9216
Some Elderly People and their Young Friends,https://commons.cwrc.ca/orlando:9d185ae1-e320-47d5-8298-0a26659ad15d
Some Evolutional Aspects of the Woman Movement,https://commons.cwrc.ca/orlando:d963b628-1fdc-455c-8598-858a896bf09c
Some Memorials of God's Providences,https://commons.cwrc.ca/orlando:1ef27b89-cdd2-4a33-bde1-f87a6e17bc6b
Some Observations on the Art of Narrative,https://commons.cwrc.ca/orlando:0d16d15e-c9a9-41bb-a155-fd192ef4a989
Some of the Facts of the Women's Suffrage Question,https://commons.cwrc.ca/orlando:06f80004-d8d8-4c0c-9503-2cfeeba3f7b3
Some Particulars relating to the late Emperor Alexander,https://commons.cwrc.ca/orlando:958b4ec3-d29d-473f-93e5-bb62d98a6717
Some Passages from the Child-life of Lucy Meridyth,https://commons.cwrc.ca/orlando:15479b33-d17e-4cbb-aa04-933da6a2ce0c
Some Religious Elements in English Literature,https://commons.cwrc.ca/orlando:c721e984-3ef0-4128-8808-976794ebc577
Some Tame Gazelle,https://commons.cwrc.ca/orlando:783c91ff-9ce1-4966-a507-1c112b79953a
Some Unconscious Influences in the Theatre,https://commons.cwrc.ca/orlando:76c08d83-1df4-479d-ab4a-57ae67400122
Some Whims of Fate,https://commons.cwrc.ca/orlando:7d1275d3-1bc9-4502-9459-e63172f99772
"Some World Far From Ours; and, 'Stay, Corydon, Thou Swain'",https://commons.cwrc.ca/orlando:627a2657-e470-4750-8b34-b058ab5f9efe
Someone at a Distance,https://commons.cwrc.ca/orlando:be3d46aa-7ce5-4dad-81a4-ac826a985852
Somerset,https://commons.cwrc.ca/orlando:aa8122ac-fa7e-4a3a-8504-65348fa19415
Something Happened Yesterday,https://commons.cwrc.ca/orlando:4c80aaf5-451a-4f8e-8bc0-44f1e6bd30d2
Something in Disguise,https://commons.cwrc.ca/orlando:1a29799a-3395-4487-97fd-fbc97e928501
Something in Short,https://commons.cwrc.ca/orlando:8ebb1292-8d85-4e4f-9b95-90bfa34007ac
Something New,https://commons.cwrc.ca/orlando:3fbd10e5-916e-4fb1-835b-9caeb12df0db
Something Odd!,https://commons.cwrc.ca/orlando:e5b5a7f9-57d6-4c74-83e9-4c09a252c25b
Something of Myself,https://commons.cwrc.ca/orlando:2788142f-e1a7-4d80-9058-f13e0fdc6e1c
Something to Hide,https://commons.cwrc.ca/orlando:b87b6486-7d68-4d47-a031-e02a580887ef
Somewhere in Christendom,https://commons.cwrc.ca/orlando:f3ee4a4f-1109-4a0d-a0da-d4fac08221d3
Somewhere Like This,https://commons.cwrc.ca/orlando:3772279f-4810-41a8-be50-23033de6639f
Somewhere Towards the End,https://commons.cwrc.ca/orlando:c57c4d92-906d-42d0-9fc8-0d777db31bbd
Song for a Dark Queen,https://commons.cwrc.ca/orlando:a019a4dd-edaa-4244-91af-9b65af85966f
Song of the Boatwoman,https://commons.cwrc.ca/orlando:e9b98434-d282-48cb-ad83-d7e699958084
Songs and Sonnets,https://commons.cwrc.ca/orlando:0d535460-1f78-463d-9678-9e3d71a9fc7a
Songs from Dreamland,https://commons.cwrc.ca/orlando:20ecd712-1b9f-4d8b-9a9b-a69e9aca6b70
Songs in Minor Keys,https://commons.cwrc.ca/orlando:ccbd4b8b-fd28-47d5-b37e-090d3ee6fc34
Songs Late and Early,https://commons.cwrc.ca/orlando:b4464228-5f0a-4d6a-b172-2519885d91e2
Songs of a Stranger,https://commons.cwrc.ca/orlando:93f58a6a-94d1-40f2-a61a-71ec8ba90c37
Songs of a Woman,https://commons.cwrc.ca/orlando:0d0bd6e1-52b6-4a16-aef1-d3cbd1a376f1
"Songs of Childhood, and Other Verses",https://commons.cwrc.ca/orlando:478e1095-c9ca-41e8-91be-f57010f3993c
Songs of Consolation,https://commons.cwrc.ca/orlando:b7489e75-ba36-43ce-9c86-6eda769bf59a
Songs of Love and Empire,https://commons.cwrc.ca/orlando:407238e9-2145-4916-bc69-095c16d90ce6
Songs of the Red Dawn,https://commons.cwrc.ca/orlando:f5c0b980-841a-46cd-b4f4-faadbec32fa4
Songs of Three Counties and Other Poems,https://commons.cwrc.ca/orlando:18d17e9e-c618-4b9b-939a-5381509d4fb9
Songs of Womanhood,https://commons.cwrc.ca/orlando:c916f50b-fcb6-411c-96d3-392cd712399a
Songs Old and New,https://commons.cwrc.ca/orlando:1f93a00e-6e00-4fe0-98eb-5227346ef261
"Songs, Ballads, and a Garden Play",https://commons.cwrc.ca/orlando:c9f5c7f2-ab11-4577-8637-f99dbd088c6c
Sonnets and Metrical Tales,https://commons.cwrc.ca/orlando:69437818-aa1d-4d4b-87dd-755c86f49cd1
Sonnets and Other Poems,https://commons.cwrc.ca/orlando:0f66c03f-1bcd-4366-8ebd-440d5469eb2a
Sonnets and Songs,https://commons.cwrc.ca/orlando:4021ad28-b7bb-4548-9bd5-ad628556599a
Sonnets of Sorrow and Triumph,https://commons.cwrc.ca/orlando:266b9ee0-04e7-4db5-9427-c4e3b66832ce
Sonnets on Anglo-Saxon History,https://commons.cwrc.ca/orlando:3e6e9d69-fed2-47d4-8dcf-9123ebb3ac96
Sons and Lovers,https://commons.cwrc.ca/orlando:34d31995-f1a4-4ccd-b29e-36a8b2a9f8c2
Sons of Fire,https://commons.cwrc.ca/orlando:4d9f3111-503d-48ee-8590-834f19aa4659
Sons of Gentlemen,https://commons.cwrc.ca/orlando:f10af919-e99d-431d-be41-4bcd70a2b4c6
Sooner or Later,https://commons.cwrc.ca/orlando:969abdb0-5678-47a0-9616-a296b59447c0
Sophia,https://commons.cwrc.ca/orlando:481a164e-a138-4520-9744-9ce135d0ade1
Sordello,https://commons.cwrc.ca/orlando:a934d404-57a6-4fd9-be57-34f3b0d575fc
Sorrow on the Sea,https://commons.cwrc.ca/orlando:2f1317d0-05c1-4c1c-b6be-4f44da8a1163
Sortie de secours,https://commons.cwrc.ca/orlando:a4e68816-68de-4071-b6b9-98245ca0c4b4
Soul Tourists,https://commons.cwrc.ca/orlando:ee289465-14d1-484a-b2f3-f0c97bea5e75
Sound an Alarm in my Holy Mountain,https://commons.cwrc.ca/orlando:0f1a9c3a-816d-4bcd-b699-eb2621668ada
Soundings,https://commons.cwrc.ca/orlando:b5bcdb74-ebe8-4912-8cd3-cf85703791a0
South to Samarkand,https://commons.cwrc.ca/orlando:2b7bf4c3-744b-4ac7-b5a8-7cbb32eba0b1
Souvenirs de la révolution française,https://commons.cwrc.ca/orlando:139431ab-22d2-439f-bd78-3c1f4d283437
Sowers Not Reapers,https://commons.cwrc.ca/orlando:d7c5095c-8d3c-4362-8b31-f55813243df3
Sowing the Wind,https://commons.cwrc.ca/orlando:b03e9bb4-14e5-48b2-a65d-cb42485aecdd
Sown among Thorns,https://commons.cwrc.ca/orlando:8e81c04b-ba88-4988-a0eb-ffd32e5bb51c
Space Below My Feet,https://commons.cwrc.ca/orlando:e61cca06-3bb8-4634-8017-7cf5b946491e
Spaces I Inhabit,https://commons.cwrc.ca/orlando:c72fd0f7-e2b2-4018-9464-f8aa2606da6c
Speaking Likenesses,https://commons.cwrc.ca/orlando:3efe2445-f3c2-422a-8526-c42a468bfa65
Speaking of Stendhal,https://commons.cwrc.ca/orlando:f358365f-292a-4026-8504-4b615d991bcf
Specimens of the Later English Poets,https://commons.cwrc.ca/orlando:aa469a5f-0b2c-40da-a845-96812e1ccb68
Speculation,https://commons.cwrc.ca/orlando:a0d4729e-127d-4733-9639-aacd2f0494aa
Speculum de l'autre femme,https://commons.cwrc.ca/orlando:586460d3-a1b1-48e0-898c-2fc7f99bc891
Speeches and Writings of Sarojini Naidu,https://commons.cwrc.ca/orlando:4e99cbda-30bd-4ab7-98cf-fb6e5081b2bd
Speed the Plough and Other Stories,https://commons.cwrc.ca/orlando:7ae5790f-5da5-41c9-97db-8587cea6988f
Spell Land,https://commons.cwrc.ca/orlando:9c902a66-e826-4a47-80de-26b1da623445
Spiderweb,https://commons.cwrc.ca/orlando:ae95b121-f3b4-460d-918a-50ff820f2e7c
"Spiritualism, and the Age We Live In",https://commons.cwrc.ca/orlando:03b0c43a-468b-4983-a783-b72d141f46b8
Splash like Jesus,https://commons.cwrc.ca/orlando:6429c505-14c6-4809-9021-472e9a90af0d
Sprig Muslin,https://commons.cwrc.ca/orlando:f0397e2f-578e-46b5-a570-ab2a4ad09d95
Spring,https://commons.cwrc.ca/orlando:7a4b469f-afb6-459f-871d-d2bff2d5814c
Spring Comedies,https://commons.cwrc.ca/orlando:55a7ffaa-3bcb-494e-917e-8bc76a318cb7
Spring Meeting,https://commons.cwrc.ca/orlando:d060c349-a37c-488d-a95c-932669495a70
Spring Morning,https://commons.cwrc.ca/orlando:e0d97564-7485-484b-abc8-c16df585de2b
Spring Shall Plant,https://commons.cwrc.ca/orlando:54eaf684-73b7-429f-a8da-d6d58c3c3838
Squib,https://commons.cwrc.ca/orlando:2119e5b1-ef59-4cc7-9c03-6c6d769e529d
Squire Arden,https://commons.cwrc.ca/orlando:198237b1-ffc5-4541-ac5b-507f9d352a14
St. Augustine,https://commons.cwrc.ca/orlando:b3b1e3f1-5667-46ba-b030-cc34c486c9da
St. Martin's Eve,https://commons.cwrc.ca/orlando:7a4c99b7-61d0-443c-ad55-a9b017cf2c92
St. Ronan's Well,https://commons.cwrc.ca/orlando:0d45fcf3-5432-437e-a632-a0f55421ab24
St. Scandalbags,https://commons.cwrc.ca/orlando:8cf3e11d-b223-431e-98b5-dfcebb9c3f79
Stalky and Co.,https://commons.cwrc.ca/orlando:946ab749-0933-47e8-aa27-d1a8ae061f0a
Stand We at Last,https://commons.cwrc.ca/orlando:f6ea41b2-ec5c-40cb-b8db-e01abe1a274d
Standing Female Nude,https://commons.cwrc.ca/orlando:3c6220c2-0bff-4da5-9567-c3c0172ba313
Standing To,https://commons.cwrc.ca/orlando:27bcc76f-c73b-48ae-9660-75797528ab3c
Stanzas in Meditation,https://commons.cwrc.ca/orlando:8821ef5d-3584-4a83-b634-b52e45017cbe
Stars of the Desert,https://commons.cwrc.ca/orlando:31c98e9f-d96d-45c2-8a60-03c44ee6ba12
Station Amusements in New Zealand,https://commons.cwrc.ca/orlando:00cfd6ec-492a-4027-9c06-be0f19c75fa5
Station Island,https://commons.cwrc.ca/orlando:53615aa7-0f7c-4ce5-a9ba-71227fb26b7f
Statira,https://commons.cwrc.ca/orlando:35f8aed0-e63b-4029-96a9-1214a7c2bd40
Steffan Green,https://commons.cwrc.ca/orlando:a3714a29-99f0-4298-8164-abec1dc8f578
Stella and Other Poems,https://commons.cwrc.ca/orlando:e4bc494d-2614-41e1-ac46-c8a70d2ed927
Stella of the North,https://commons.cwrc.ca/orlando:957a41e4-2cee-4de4-9b53-b52ce42dc8f6
Stéphanie's Children,https://commons.cwrc.ca/orlando:38567002-3707-4362-a159-d2342cf3e443
Steyneville,https://commons.cwrc.ca/orlando:a3fbfa58-7652-40d5-b1a7-f1a7f9e523da
Still by Choice,https://commons.cwrc.ca/orlando:db638e39-1b6c-4c74-9f5a-58fffdeccedd
Still Life,https://commons.cwrc.ca/orlando:10cb4388-ca81-44fd-af39-e3ca5128b93e
"Stoklewath; or, The Cumbrian Village",https://commons.cwrc.ca/orlando:10cd538c-3b91-40c1-8a67-3f118749e7c4
Stolen,https://commons.cwrc.ca/orlando:fe04490b-9db9-4c08-8313-c9c0c9ebae37
Stone Mattress,https://commons.cwrc.ca/orlando:e0cc4eb1-21e8-4201-b3a3-0809d49f2b9b
Stories and Studies from the Chronicles and History of England,https://commons.cwrc.ca/orlando:3146de93-9a1c-4e11-b3a8-c792e5e38fa4
Stories for Children,https://commons.cwrc.ca/orlando:5dcc2786-cb74-4963-be51-6720c29b8fbe
Stories for Young Children,https://commons.cwrc.ca/orlando:f67270a5-4bb6-49c3-8c95-8def150d51a2
Stories from Garshin,https://commons.cwrc.ca/orlando:a99eee2d-7ed0-49fb-ad0b-8f361fb84111
Stories from the History of Italy,https://commons.cwrc.ca/orlando:5bf28730-0a9d-429c-b783-2956bfadc6e9
Stories of a Bride,https://commons.cwrc.ca/orlando:b4c8eebc-ab46-4620-89b4-ca66da0142b0
Stories of New France,https://commons.cwrc.ca/orlando:42fe4439-d37e-460a-904e-adbbb973a6d2
Stories of the Abbey Precincts,https://commons.cwrc.ca/orlando:2a4f643b-1249-4ab2-b88b-37cbd8124b0a
Stories of the Four Nations,https://commons.cwrc.ca/orlando:c43fe790-405d-45a7-99e5-c46e5bb97cad
Stories of the Governess,https://commons.cwrc.ca/orlando:17ce65a0-d87e-4ad5-98d5-99054dbb3b95
Stories of the Irish Peasantry,https://commons.cwrc.ca/orlando:9209d328-3935-4c2f-b853-b49b41d1d13b
Storm Bird,https://commons.cwrc.ca/orlando:c4b81eb5-63d0-4a48-8e70-3ec9bba11e18
Storm Drift,https://commons.cwrc.ca/orlando:18b1f654-22b4-4292-ad79-a94fef38fb6e
Strafford,https://commons.cwrc.ca/orlando:4c3d1efe-2a9a-4577-81f2-1f2d747f8310
Strange and Wonderful Newes from White-Hall,https://commons.cwrc.ca/orlando:d51438e5-901e-43f9-836d-dce7dc5982da
Strange Beginning,https://commons.cwrc.ca/orlando:5ac16fdc-9b70-4e11-8de4-381df52eec01
Strange Fruit,https://commons.cwrc.ca/orlando:d7635824-e7cc-4d86-a822-7ced3295dc97
Stranger in the Gallery,https://commons.cwrc.ca/orlando:8b439772-b2f2-43e3-9423-663786d38a2f
Strangers,https://commons.cwrc.ca/orlando:01872b68-0f84-46a5-898d-148f93d3a9af
Stratagems,https://commons.cwrc.ca/orlando:84f23a45-9319-49e7-9ed5-d40f74829be5
Strathmore,https://commons.cwrc.ca/orlando:11ad1e85-6974-4e2b-906d-f4aad5684acc
Straw Without Bricks,https://commons.cwrc.ca/orlando:159bf97f-09c4-4faa-be12-f8a2a6557616
Stray Leaves from Shady Places,https://commons.cwrc.ca/orlando:7e26e64f-436e-4b91-9435-0d5a76debb32
Streaks of Life,https://commons.cwrc.ca/orlando:52f77216-c208-474b-b385-859cd2af396e
Street Songs,https://commons.cwrc.ca/orlando:37ef818a-17b2-4d6c-a6c3-54317ea09c75
Strength in Weakness Manifest,https://commons.cwrc.ca/orlando:65033d73-fdb0-41dc-a39d-35eba0b72df5
Strictures on the Modern System of Female Education,https://commons.cwrc.ca/orlando:ede87770-1a1a-47a3-ae44-5ac081ab547e
Strife,https://commons.cwrc.ca/orlando:dd19a2bf-a1a7-4a35-adcc-1e12335faff9
Strike While the Iron is Hot,https://commons.cwrc.ca/orlando:f209dd5b-c6e6-4341-949d-f64571808ce0
Strong Poison,https://commons.cwrc.ca/orlando:09c27392-5df7-4023-a927-a70341c569ca
Studies in Classic American Literature,https://commons.cwrc.ca/orlando:938d5f08-8283-4bba-adfc-cd2ead438410
Studies in Little-Known Subjects,https://commons.cwrc.ca/orlando:d5a8db59-9d87-494a-9a11-9f851d96d2d3
Studies in Love and in Terror,https://commons.cwrc.ca/orlando:a0cdc428-d6d6-48a2-92ef-8f10c52861ee
Studies in Wives,https://commons.cwrc.ca/orlando:f5cf8f01-f496-4720-9d7d-95f3a91696af
"Studies of Plant Life in Canada; or, Gleanings from the Forest, Lake and Plain",https://commons.cwrc.ca/orlando:f0144668-f72b-4f31-9b74-27fd735cfa88
Study War No More,https://commons.cwrc.ca/orlando:f014ee9b-a4fe-4ee3-953d-71346e7c27e6
Stuffing,https://commons.cwrc.ca/orlando:fbae58fb-5d63-43ba-8c42-054c1abd8c9b
Subject Women,https://commons.cwrc.ca/orlando:d33e89c4-45b0-4972-a48e-6533c1845b1e
Sublunary,https://commons.cwrc.ca/orlando:7d37434f-35e6-4331-a914-59ff6c23912d
Subscript,https://commons.cwrc.ca/orlando:fb09ee89-0e87-4163-807b-b09721942b50
Such,https://commons.cwrc.ca/orlando:3a3ea4b7-6308-40fe-a433-f0bae3323eca
Such is Life,https://commons.cwrc.ca/orlando:1603fd00-a42b-48e2-b9da-e2d59b408c17
Sugar and Other Stories,https://commons.cwrc.ca/orlando:4ff43c0b-5bf7-4733-9259-c4c2583ac98b
Sugar-Paper Blue,https://commons.cwrc.ca/orlando:ca2275ba-e026-4518-993a-41ad56e23071
Suggestions on a System of Nursing for Hospitals in India,https://commons.cwrc.ca/orlando:881598df-e81b-48f9-98f2-0f9ab3cfc47a
Suggestions on Prison Discipline and Female Education in India,https://commons.cwrc.ca/orlando:2cedfd3b-eeaa-48a9-abe6-da6d306027fe
"Suggestions on the Subject of Providing, Training, and Organizing Nurses for the Sick Poor in Workhouse Infirmaries",https://commons.cwrc.ca/orlando:a916fe20-3b66-4026-b5d4-26bc18e2f866
Suggestions Towards the Future Government of India,https://commons.cwrc.ca/orlando:7d4a31b8-bcce-4ae3-b35b-fc937043c4c1
"Suki, A Little Tiger",https://commons.cwrc.ca/orlando:83f80f04-f1f1-489f-8ca7-accc72f70e2c
Sula,https://commons.cwrc.ca/orlando:89626435-d40d-4946-80e6-2bcd687085ed
"Summer in England, 1914",https://commons.cwrc.ca/orlando:c418d9d9-60fb-4992-b080-24171503b02f
Summer in the Country,https://commons.cwrc.ca/orlando:3f4cf48b-e103-4502-bcbe-07f770d2127e
"Summer on the Lakes, in 1843",https://commons.cwrc.ca/orlando:77b23652-ba6a-4d3d-82d9-ebff4e7b1cfa
Summer Sketches and Other Poems,https://commons.cwrc.ca/orlando:e0f98100-c52b-4385-9f83-487fbc22e580
Summer Snow,https://commons.cwrc.ca/orlando:51a43685-baa7-439f-8d43-3c999fddd5ad
Summer Will Show,https://commons.cwrc.ca/orlando:5335e09d-14cf-447c-97c4-69df60799c5c
Summer's Lease,https://commons.cwrc.ca/orlando:7bea1955-745b-4484-82ec-c395f5559a46
Summoned by Bells,https://commons.cwrc.ca/orlando:d1872311-8c0f-42c3-9795-a0fa07ad7fbb
"Sun Horse, Moon Horse",https://commons.cwrc.ca/orlando:23bf148e-34b2-41da-9856-6dc9bcf773ba
"Sun, Moon, and Stars",https://commons.cwrc.ca/orlando:06ebc70b-b8f4-47a1-a836-b26aafc79d0b
Sunday,https://commons.cwrc.ca/orlando:dc0cbe7c-63c7-454f-b9b5-f91595f04ec9
Sunday Best,https://commons.cwrc.ca/orlando:bb12590b-4c82-4970-94f5-9c419bb117d3
Sunflower,https://commons.cwrc.ca/orlando:d45617e5-a4ac-4692-a31d-e97bd8626a0b
Sunny Memories of Foreign Lands,https://commons.cwrc.ca/orlando:bbdda392-0dc1-46e8-ad18-b9001ace9f5f
Sunris,https://commons.cwrc.ca/orlando:eaa8f763-0885-4de1-a18a-3747c1a7b205
"Sunshine and Storm in the East; or, Cruises to Cyprus and Constantinople",https://commons.cwrc.ca/orlando:67d39947-24c8-40ac-970e-466ea916c24b
Surfacing,https://commons.cwrc.ca/orlando:1fd1132f-5d2c-4bc4-acda-4011ed6bae27
Surfeit of Lampreys,https://commons.cwrc.ca/orlando:5d15a5a2-d57a-407b-a968-8c064fabc284
Survival Count,https://commons.cwrc.ca/orlando:29e2b6df-157f-4fee-8837-58aef80cab50
Survivors in Mexico,https://commons.cwrc.ca/orlando:895c3344-e7f3-4ddc-ad52-c02c5a2bfd5b
Susanna Moodie: Voice and Vision,https://commons.cwrc.ca/orlando:3195696c-5878-4b18-b0a7-3dc050ff251e
Susanna's Apologie against the Elders,https://commons.cwrc.ca/orlando:5e2e5ef6-7c51-4a6e-9a98-33cd85c1a75a
Suspense,https://commons.cwrc.ca/orlando:474db7ee-1810-4a14-a24f-5240db3c5310
Sussex Gorse,https://commons.cwrc.ca/orlando:8ba19077-d780-4b12-935b-1bc385f6ab4c
Swallowing Geography,https://commons.cwrc.ca/orlando:35796dfb-333f-46ec-8936-e241553fa364
Swamp Angel,https://commons.cwrc.ca/orlando:7f52727d-e4bc-4a29-afe4-5c2738d031e5
Swan Song,https://commons.cwrc.ca/orlando:0a33c030-e9af-4aa8-8046-32b46c19da45
Sweated Industry and the Minimum Wage,https://commons.cwrc.ca/orlando:a782d911-807f-4381-89ec-0e84189dc14d
Sweet William,https://commons.cwrc.ca/orlando:fa717ee1-e9e3-4233-a8fc-601685a20bb6
Sweetly Sings the Donkey,https://commons.cwrc.ca/orlando:69fdcd2f-50d3-4414-8923-adfd5025d0e5
Swimming Home,https://commons.cwrc.ca/orlando:fa7919c2-c9d2-4551-b589-ebd8842ae9b6
Swing Time,https://commons.cwrc.ca/orlando:0e8e806a-c2a9-40b1-8d8c-d37b0cd69396
Sword Song,https://commons.cwrc.ca/orlando:015d5311-ca90-4cbc-8b01-62c8e92f62b8
Symphony for Full Orchestra,https://commons.cwrc.ca/orlando:6e248a79-1d75-44f1-b674-c396a5f5f613
Symposium,https://commons.cwrc.ca/orlando:3057e44a-675e-432f-953b-f6029b161fd7
"Ta-Re Wa-Loof, Ta-Re boo Juk-a. First Lessons in Jaloof",https://commons.cwrc.ca/orlando:2bead3bb-aef6-49ef-ba89-e47ace904292
Take Back Your Freedom,https://commons.cwrc.ca/orlando:e1b3f3ad-53cb-42f6-9a08-8df0bbf609b3
Taking a Liberty,https://commons.cwrc.ca/orlando:a718e12b-eacb-409b-8d81-8a446476ead4
Taking Breath,https://commons.cwrc.ca/orlando:e5fe74c3-4c74-4ed1-bbe0-2280c06e5e4b
Tales and Novels,https://commons.cwrc.ca/orlando:33fae3dd-b92e-4d38-8133-548670a39886
"Tales and Sketches of Christian Life, in Different Lands and Ages",https://commons.cwrc.ca/orlando:e9d4a100-6892-4715-be08-449c8400207c
"Tales Characteristic, Descriptive, and Allegorical",https://commons.cwrc.ca/orlando:66c497e0-2b40-47cc-adc5-3edcb6905eaa
Tales from Timbuktu,https://commons.cwrc.ca/orlando:b0836b0b-b178-4f49-a1f5-1cb6053bd3bb
Tales in Political Economy,https://commons.cwrc.ca/orlando:9ea4d1ed-ab81-42f2-bdc3-1710b2457822
Tales in Verse,https://commons.cwrc.ca/orlando:78555cc2-50e2-46ea-8acc-c3beb3e618a4
Tales of Fancy,https://commons.cwrc.ca/orlando:31bbe7e2-e38f-4934-9c09-e051477f9618
Tales of Fashionable Life,https://commons.cwrc.ca/orlando:a64e8915-c39a-4626-961f-c842d11ce170
Tales of Innocence and Experience. An Exploration,https://commons.cwrc.ca/orlando:fc2374d1-d526-43e4-827a-6f41cab64620
Tales of Jewish History,https://commons.cwrc.ca/orlando:2753dd81-287e-46b6-9bc2-559c6fffb6c1
Tales of Olden Time,https://commons.cwrc.ca/orlando:df244597-79da-4e2c-90e1-f94b1676f92a
Tales of Superstition and Chivalry,https://commons.cwrc.ca/orlando:9287c190-7d70-4477-b18d-435ecc09959c
Tales of the Factories,https://commons.cwrc.ca/orlando:c2d2000e-e910-44b9-b830-195964d2db25
Tales of the First French Revolution,https://commons.cwrc.ca/orlando:038355b8-a8ee-4fb2-9cc4-8f51d6ba26cc
Tales of the Heart,https://commons.cwrc.ca/orlando:fc1569ea-6ee5-4709-9be1-e3d4dee17067
Tales of the Imagination,https://commons.cwrc.ca/orlando:47c46356-8e11-4d7b-98d7-c2d393a1ad6e
Tales of the North Riding,https://commons.cwrc.ca/orlando:5fae7349-a5b8-425d-bc68-9d0c3fd94124
"Tales of the Peerage, and the Peasantry",https://commons.cwrc.ca/orlando:88f8dfa5-8fab-43b7-9f6b-1aa99c569426
Tales of the Pemberton Family,https://commons.cwrc.ca/orlando:5e43a4d8-1595-4550-9a81-19262b13f2b8
Tales of the Priory,https://commons.cwrc.ca/orlando:89e97f7f-a874-465d-b175-e32af288987a
Tales of Unrest,https://commons.cwrc.ca/orlando:98b3043e-f784-4ee4-a2f6-cc22cfe23a54
Tales of Woman's Trials,https://commons.cwrc.ca/orlando:36ed5f8f-ab48-44ed-ba86-6f221747b034
Tales Round a Winter Hearth,https://commons.cwrc.ca/orlando:9fcfaa70-ed3a-4f79-918b-eecd4e311819
Tales Told by Simpson,https://commons.cwrc.ca/orlando:d5c98710-12f8-4a74-b4ee-d6e240aefdab
"Tales, Letters, and other Pieces in Verse",https://commons.cwrc.ca/orlando:39f6412f-bc28-45f8-94db-50bf3ff8787b
Talking about Detective Fiction,https://commons.cwrc.ca/orlando:71911493-57a5-4831-97dd-a87996883914
Talking of Jane Austen,https://commons.cwrc.ca/orlando:d1c61414-bd40-4abc-bdcb-c769c215409b
Talking of Trees,https://commons.cwrc.ca/orlando:84575d96-1137-416d-a9ab-fa13377a675d
Talking to Strangers,https://commons.cwrc.ca/orlando:56fb7beb-dcf0-4bac-9550-fd811f73b571
Talking to the Dead,https://commons.cwrc.ca/orlando:52eb4729-844f-4783-9f50-ecc51c26ce2b
Tallulah Bankhead,https://commons.cwrc.ca/orlando:63b791ce-5d56-44dc-b5b3-7d090f780b60
Tamarisk Town,https://commons.cwrc.ca/orlando:b7127241-dc7c-4a71-b7c8-54311ac919ff
Tanglewreck,https://commons.cwrc.ca/orlando:d340f6a5-dc73-4bce-90f0-f6a5c6560039
Tar Baby,https://commons.cwrc.ca/orlando:3f772ff0-8ca4-44cc-8b65-b3d59a89b903
Tarantella,https://commons.cwrc.ca/orlando:aa6c207c-64a6-4813-ba98-d32fb74e9395
Tarr,https://commons.cwrc.ca/orlando:8e0124f1-a5d2-4f29-96c4-c3d73b577e24
Tasker Jevons: The Real Story,https://commons.cwrc.ca/orlando:bd462d8f-4fc5-4335-b3e1-c375abc71cbd
Tassell-Gentle,https://commons.cwrc.ca/orlando:e446fbb4-e1ed-43c2-8cb2-990ac7b63600
Taxing the Rain,https://commons.cwrc.ca/orlando:eeda1c98-fd7a-4a35-a60b-7ebacecea8e1
Tear his Head off his Shoulders,https://commons.cwrc.ca/orlando:641b39ce-3338-481b-a7a6-8219d13a79d0
Tehanu,https://commons.cwrc.ca/orlando:0d463b68-ce21-4a01-b262-0f1e433fc308
"Telephone Ringing in the Labyrinth, Poems 2004-2006",https://commons.cwrc.ca/orlando:c6ebc7c9-1f19-4147-899c-37a61f91ac34
Tell Me a Story,https://commons.cwrc.ca/orlando:769041c2-f696-4e5f-84be-71e041e4715e
Tell My Horse,https://commons.cwrc.ca/orlando:56d47269-76b4-4c25-ad0c-76d250b5ee8d
Telling Tales,https://commons.cwrc.ca/orlando:40d00f12-05b6-4687-bc87-1d22e7a9bab1
Temple of Flowers,https://commons.cwrc.ca/orlando:9ed1d6fc-30b6-4b24-b529-3a07d9e68f81
Temporal Powers,https://commons.cwrc.ca/orlando:71985012-49bb-4438-9ccb-e3b8d3e87c6c
Ten Days,https://commons.cwrc.ca/orlando:4c62c523-fe9c-4ae4-bda6-d6ab00d769f7
Ten Saints,https://commons.cwrc.ca/orlando:889809af-1c71-4760-a70d-95fb2360be44
"Ten Tiny Fingers, Nine Tiny Toes",https://commons.cwrc.ca/orlando:2c65db51-96a4-4b0d-ae3c-c224de09fcb3
Tender Advice,https://commons.cwrc.ca/orlando:13896f76-f9e1-41ec-80e8-3dea9108c333
Tender Buttons,https://commons.cwrc.ca/orlando:abb5f862-6b4b-460e-98f9-d7a950b36f09
Tender Only to One,https://commons.cwrc.ca/orlando:d3dabf82-e22e-4a9f-95aa-af9353e82d34
Tender Taxes,https://commons.cwrc.ca/orlando:fb9f03a2-6859-45bf-a73a-fee52f1430b6
Tenterhooks,https://commons.cwrc.ca/orlando:08d980fc-b570-49ae-b821-583523a5bb0a
Tents of Israel,https://commons.cwrc.ca/orlando:087e30ef-19db-47ec-b81d-8c3ea9984382
Terence,https://commons.cwrc.ca/orlando:e977daa7-b9bb-4e12-bbe6-b38e403e9d04
Teresina in America,https://commons.cwrc.ca/orlando:b765eed1-909b-4c7a-b5dc-c3112b8ba0a4
Testament of Youth,https://commons.cwrc.ca/orlando:9ec48563-4fe3-4395-b688-8ea82eb82f1c
Testimony Concerning Her Dear Husband,https://commons.cwrc.ca/orlando:0ce6e463-8b35-4a46-9d56-e795682b305c
Thackeray and His Daughter,https://commons.cwrc.ca/orlando:1cb47761-a5a9-4e13-82ec-518bc661ea77
Thaddeus of Warsaw,https://commons.cwrc.ca/orlando:9b0d5fdd-7ae2-4b28-be6a-09f115515fc7
Thalaba the Destroyer,https://commons.cwrc.ca/orlando:51fcb3fc-b443-4f94-bde8-bfe9fb765f72
Thames Portrait,https://commons.cwrc.ca/orlando:af18d4b4-90e3-4985-9e64-7d91dd579a79
Thank Heaven Fasting,https://commons.cwrc.ca/orlando:5a8ff747-a2d1-4973-8e5d-b37bdca04d26
That Distance Apart,https://commons.cwrc.ca/orlando:581298dd-973d-44d2-bef7-fc78321fbe05
That Lady,https://commons.cwrc.ca/orlando:9a85d3f1-daa6-407c-8d3d-56fa36bc2467
That Lass o' Lowrie's,https://commons.cwrc.ca/orlando:26cac9a1-0d6e-4ee1-af4b-3cdaf0a36eb4
That New Dress!,https://commons.cwrc.ca/orlando:08d800a1-6546-4e8c-9421-027eaba84d8a
That Unfortunate Marriage,https://commons.cwrc.ca/orlando:e41aeb9b-58ba-40a2-bd5e-01f79274a9ca
That Very Mab,https://commons.cwrc.ca/orlando:fa11d441-2ec3-4e63-a948-63041cb0bc74
That Wild Wheel,https://commons.cwrc.ca/orlando:ca62a0ec-a428-4700-a0cc-ea9dceb4d934
That's How It Was,https://commons.cwrc.ca/orlando:428c0b72-1bee-427f-bd45-fbdd89419b5c
The 'Berta Ruck' Birthday Book,https://commons.cwrc.ca/orlando:fea12f1e-8809-4f15-88f6-94ae7445ef09
The A. B. C. of Colonization,https://commons.cwrc.ca/orlando:27b91474-44e8-4cdf-810a-a608cdbf9c4a
The Abbess,https://commons.cwrc.ca/orlando:9f5e606d-70b8-480d-b923-a6bfca90355b
The Abbey of Clugny,https://commons.cwrc.ca/orlando:d4fd6b2f-1b2a-4040-9178-b9de03027933
The Abbey of St. Asaph,https://commons.cwrc.ca/orlando:74d80b1d-c4b5-4f86-95fd-36f7a96572e7
The ABC of Writing,https://commons.cwrc.ca/orlando:194ca1c2-8e60-457c-9bf5-8dd79f4e6c00
The Aboriginal Mother and Other Poems,https://commons.cwrc.ca/orlando:0cb2ae58-0f6f-49c8-ac2a-70cb164603cf
The Accolade,https://commons.cwrc.ca/orlando:1fa172a9-5911-4218-8f21-2b9bbce9d08f
The Accomplish'd Ladies Delight,https://commons.cwrc.ca/orlando:a5138152-70af-4624-851c-24ae448fd9c2
The Accumulation of Small Acts of Kindness,https://commons.cwrc.ca/orlando:6537ecb4-07f0-4137-95db-46a02124ac5b
The Achievements of the Genius of Scott,https://commons.cwrc.ca/orlando:e01fa813-05b1-4330-8b1d-c88b730b08b9
The Acorn and the Cup,https://commons.cwrc.ca/orlando:9ca5ab43-17b8-4653-b44a-5dcaa6195762
The Activities of Lavie Jutt,https://commons.cwrc.ca/orlando:480dbbeb-543a-4acc-981a-a0631cad38d5
The Addict,https://commons.cwrc.ca/orlando:5500e917-8d15-4213-ab62-24c745df4017
The Adulateur,https://commons.cwrc.ca/orlando:f6102e33-46de-4ce2-b07b-92c567fceb50
The Adventures of a Beauty,https://commons.cwrc.ca/orlando:e086e5b1-37e5-4e30-8073-14e7e4d06136
The Adventures of God in His Search for the Black Girl,https://commons.cwrc.ca/orlando:da2f1da8-9973-44bf-a0ed-4226230aacbb
The Adventures of Herr Baby,https://commons.cwrc.ca/orlando:8b40414f-2a94-4d0f-b655-8da69162700e
The Adventures of Mr. John Timothy Homespun in Switzerland,https://commons.cwrc.ca/orlando:b15442ee-22b7-4890-9348-2f670ad93c13
The Adventures of Rivella,https://commons.cwrc.ca/orlando:d7ef9cda-16be-4c40-85c4-fedb083c550f
The Adventures of Robina,https://commons.cwrc.ca/orlando:92b33482-fd93-4ec5-bc56-6a14147f9a20
The Adventures of Victor Allen,https://commons.cwrc.ca/orlando:c9b359bb-d4d9-4420-bd4c-10b43d862ecd
The Ænigma,https://commons.cwrc.ca/orlando:caa60460-45e9-4310-8d65-1238bc48e671
The Africans,https://commons.cwrc.ca/orlando:70b9164b-67c2-4dcb-8ab5-eacca59fb753
The Age of Innocence,https://commons.cwrc.ca/orlando:8ce84147-e3f2-4084-aa0b-adb633a83bd4
The Agnostic at Church,https://commons.cwrc.ca/orlando:9cbe472a-f991-4064-ae8d-54983f584dc5
The Agony Column,https://commons.cwrc.ca/orlando:aace66e0-a7f7-45f0-8c60-f37f9540400a
The Agreeable Caledonian,https://commons.cwrc.ca/orlando:5ce969da-4599-4b5a-a440-b2c277476217
The Air Mines of Mistila,https://commons.cwrc.ca/orlando:eaff0b94-e647-4301-ae14-1b6ecb855b38
The Alabaster Cup,https://commons.cwrc.ca/orlando:75b95505-9718-448f-bdcf-fed789444a63
The Albatross and Other Stories,https://commons.cwrc.ca/orlando:a3c1145d-b3bb-4ef3-ab6e-df1912c51fba
The Albertine Workout,https://commons.cwrc.ca/orlando:2bcf848c-f7d6-4ff9-8fd3-f8d8d3362d74
The Alleged Antagonism between Growth and Reproduction,https://commons.cwrc.ca/orlando:574a4583-8b8a-479d-853d-32548a83f952
The Allinghams,https://commons.cwrc.ca/orlando:35a86562-1c82-4cfc-9841-0e9b21c75118
The Altar of Honour,https://commons.cwrc.ca/orlando:d6eac709-be9a-4c98-8484-b7097157137e
The Altar-Piece,https://commons.cwrc.ca/orlando:a948a2c1-2c20-41b6-8dc1-29b64153f4a1
The Amateur Gardener's Calendar,https://commons.cwrc.ca/orlando:8cde2d6c-847c-457d-8d63-7c40ae38b6a2
The Ambassador,https://commons.cwrc.ca/orlando:cb55549d-4a67-4101-804a-6f7f8665ac5b
The Ambassadors,https://commons.cwrc.ca/orlando:d3230ecd-9ef3-4ffa-864e-19b57cd8a01a
The Amberstone Exit,https://commons.cwrc.ca/orlando:9d1a3c5b-72e8-4ac9-a031-ee6fa6d88795
The American Irish,https://commons.cwrc.ca/orlando:3081a55b-1d17-48ff-8974-464732450efa
The American Lover,https://commons.cwrc.ca/orlando:2f09d431-9cbf-470f-a8a7-51636e1a4ee1
The Amorous Prince,https://commons.cwrc.ca/orlando:f9d274e3-d68c-401c-acba-183959beb35c
The Angel in the Corner,https://commons.cwrc.ca/orlando:2b80f216-28d2-4c44-923b-9b7b073ca306
The Angel of the Assassination,https://commons.cwrc.ca/orlando:5c0c50ad-5f24-43fc-b9ea-2a49331b4923
The Angelic Avengers,https://commons.cwrc.ca/orlando:06c91eb8-707e-437a-b196-c583ffb46ac9
The Animals in That Country,https://commons.cwrc.ca/orlando:41070adf-20b0-4a66-9a45-a9daea189b2d
The Answer of Frances Anne Butler,https://commons.cwrc.ca/orlando:6b5f6f68-a8d8-4f15-8f2e-04427e60ee46
The Answer of the Lord to the Powers of Darkness,https://commons.cwrc.ca/orlando:48de4a3e-1c9f-4900-9be3-e004ac74095c
The Ante-Room,https://commons.cwrc.ca/orlando:0a6c75f5-1ead-4dca-945f-7a1e70180874
The Antiphon,https://commons.cwrc.ca/orlando:544a1f81-e566-4569-91e0-7ad65d93aa52
The Apes of God,https://commons.cwrc.ca/orlando:496f698c-cd01-43fd-a346-196ddcdce438
The Applause of Virtue,https://commons.cwrc.ca/orlando:5ed20eec-2c6b-44ed-8eb9-ec03e2559e26
The Apple,https://commons.cwrc.ca/orlando:16239900-3a12-4182-be78-5dc57b652cf5
The Apple Cart,https://commons.cwrc.ca/orlando:c568bddf-8500-4a6e-b949-90f762242e9c
The Application of Funds to the Education of Girls,https://commons.cwrc.ca/orlando:e86355d9-17e7-47d3-b4ee-7654b0410eb0
The April Baby's Book of Tunes,https://commons.cwrc.ca/orlando:2504879c-57ad-4e13-b615-178dd5c06ed2
The Arab of Mesopotamia,https://commons.cwrc.ca/orlando:813aad65-5bfd-41e7-9f55-ada2588bd63f
The Aran Islands,https://commons.cwrc.ca/orlando:8590213b-ffa8-42e5-ad5d-fb6b57642859
The Armfields' Animal-Book,https://commons.cwrc.ca/orlando:5bb4e49e-cb27-4938-a167-b5f45631b375
"The Arraignment, Tryal and Examination of Mary Moders, otherwise Stedman, now Carleton",https://commons.cwrc.ca/orlando:8c17993d-5d2b-4bd1-8f2c-ea97d0d7a21e
The Arrant Rover,https://commons.cwrc.ca/orlando:bd4c8527-2929-4ba8-8fb3-51ae79786131
The Art of Being a Parent,https://commons.cwrc.ca/orlando:082fe5a7-33be-4e85-9ddc-4a9172b690ae
The Art of Being a Woman,https://commons.cwrc.ca/orlando:05717330-1067-4abe-98d0-9f4c432781df
The Art of Being Ruled,https://commons.cwrc.ca/orlando:3eeab2ed-2255-49b3-bf1e-3cff67e0adda
The Art of Bergotte,https://commons.cwrc.ca/orlando:65594e4f-5735-44d5-a475-b8991de40145
The Art of Cookery,https://commons.cwrc.ca/orlando:fac1c78f-cf5b-4eb3-8579-bd96b3803880
The Art of Dress,https://commons.cwrc.ca/orlando:1f2c93f1-32e3-4932-a780-abd32f86a7b6
The Art of Fiction,https://commons.cwrc.ca/orlando:1f56e833-32d7-4a0b-9b63-b73d94936c17
The Art of Needlework from the Earliest Ages,https://commons.cwrc.ca/orlando:304a7284-42b0-47f5-9484-467b256884f7
The Art of Printing,https://commons.cwrc.ca/orlando:ee4635e8-a305-4418-8d21-3ea76c870b61
The Artifice,https://commons.cwrc.ca/orlando:c881b0fa-6883-410e-844e-bed2997e233d
The Artist's Widow,https://commons.cwrc.ca/orlando:290033c1-558e-4806-bb73-49f5f45194e1
The Ascent of Man,https://commons.cwrc.ca/orlando:ff74907d-b7d1-49bf-a18a-b2f0abb233ad
The Aspern Papers,https://commons.cwrc.ca/orlando:518b40d2-c446-456f-a391-e08317366897
The Assassination of Margaret Thatcher,https://commons.cwrc.ca/orlando:fd1659e7-1b15-4fea-b5c7-fa9b225943e6
The Astonishing Adventure of Jane Smith,https://commons.cwrc.ca/orlando:0b986872-a6a0-4e79-88a6-50acb62f2480
The Astonishing Island,https://commons.cwrc.ca/orlando:e247475a-89ff-41f5-a580-0b0d3ab03789
"The Athelings; or, The Three Gifts",https://commons.cwrc.ca/orlando:794afea6-c8fa-4db3-a799-7d87dd6a5fcf
The Atlantic Book of British and American Poetry,https://commons.cwrc.ca/orlando:593a1e07-ba42-4418-9477-9a48ede35c4e
The Atonement of Leam Dundas,https://commons.cwrc.ca/orlando:b731b992-ac52-43a6-887b-185b66641cef
The Auction,https://commons.cwrc.ca/orlando:6f534181-5dbc-441a-a275-72945fbaa51b
The Auspicious Day,https://commons.cwrc.ca/orlando:3ef27fb1-e7c9-4a64-a6f1-239a6f624372
The Austrian Officer at Work and at Play,https://commons.cwrc.ca/orlando:d72869ad-c567-4edd-9197-a429f10ad077
"The Autobiography and Correspondence of Mary Granville, Mrs. Delany",https://commons.cwrc.ca/orlando:81e006c8-a25e-4cdd-9315-3770ca069408
The Autobiography and Letters of Mrs. M. O. W. Oliphant,https://commons.cwrc.ca/orlando:5c827d7a-f06c-4a73-9c9f-69c1c6b31a45
The Autobiography of a Truth,https://commons.cwrc.ca/orlando:9b2a68f9-44e8-4439-a228-b17b88b47540
"The Autobiography of Anne, Lady Halkett",https://commons.cwrc.ca/orlando:109e4efa-0040-4f3a-98f1-fa99020f864b
The Autobiography of Christopher Kirkland,https://commons.cwrc.ca/orlando:3aaf7f91-c284-4ec0-aee3-b6d103849895
The Autograph Man,https://commons.cwrc.ca/orlando:95925ff7-77fe-4361-9c6e-0f30d4636fe8
The Awful Rowing Toward God,https://commons.cwrc.ca/orlando:39b98777-0909-4a3f-8f37-7511632aed6c
The Awkward Age,https://commons.cwrc.ca/orlando:26b7a3e5-4116-4e07-9f8a-5b7cc460b80c
The B File,https://commons.cwrc.ca/orlando:9778328c-e7ee-4924-8e8b-292dc22011e9
The Bachelor and the Married Man,https://commons.cwrc.ca/orlando:bafca206-fa9d-4ffe-88a3-75ea10fd8069
The Bachelor's Journal,https://commons.cwrc.ca/orlando:9a788703-aa44-4070-a970-be0e65e4f278
The Backwoods of Canada,https://commons.cwrc.ca/orlando:51623c8e-b5c6-4d43-88a3-ac1f6a0bd59d
The Bad Box,https://commons.cwrc.ca/orlando:c8d8bdab-91e4-47b6-8fb6-1ca20017aa94
The Balance of Comfort,https://commons.cwrc.ca/orlando:75cf67e7-7984-4d27-8f70-2a24da5c89f4
The Ballad and the Source,https://commons.cwrc.ca/orlando:a541e5ea-66ce-4afe-a911-95c83f75eb94
The Ballad of Peckham Rye,https://commons.cwrc.ca/orlando:a50049ee-3520-4df6-b0b2-89786b30f17e
The Ballad of Reading Gaol,https://commons.cwrc.ca/orlando:0444d328-ea33-4909-b00d-cccd835ba6a2
The Ballad of Sylvia and Ted,https://commons.cwrc.ca/orlando:f29fb9b4-0d31-47f4-be7e-a25a67d88db0
The Ballad of the Harp-Weaver,https://commons.cwrc.ca/orlando:00fd8423-e1cf-4326-b5d0-dac456124c88
The Ballad of the Sad Café,https://commons.cwrc.ca/orlando:b3f6cd0e-d38c-4fe6-9bc1-0ab812c802ac
The Ballet of the Nations,https://commons.cwrc.ca/orlando:b4ec3bdb-d7c0-40da-af2b-118e8dcdb4e9
The Baron of Falconberg,https://commons.cwrc.ca/orlando:2fba0735-e3ad-4726-8f45-07ecd4c21b10
The Barony,https://commons.cwrc.ca/orlando:64a684a3-a54d-4d0e-98d7-9f0a6faf0641
The Basset Table,https://commons.cwrc.ca/orlando:673f8bd0-2e30-4ed4-9bc9-7d51428814e9
The Battle for Christabel,https://commons.cwrc.ca/orlando:6e7bc528-0a57-43ff-be4d-bed280dba227
The Battle Lost and Won,https://commons.cwrc.ca/orlando:33b4a424-7b8e-4c8f-b2b4-039bafe4818c
The Battle of Marathon,https://commons.cwrc.ca/orlando:75a6f240-baa7-4d4c-81f1-179ca2f88320
The Battle of the Villa Fiorita,https://commons.cwrc.ca/orlando:7433b94f-77a4-4548-813c-fcea1d475bb6
The Bay of Angels,https://commons.cwrc.ca/orlando:c020394c-a589-4fee-b696-82afc6a87bb0
The Bazalgettes,https://commons.cwrc.ca/orlando:8c492cc8-d7e1-433f-bb34-fba9b99c4dc9
The Bearing of Religious Ideals on Social Reorganization,https://commons.cwrc.ca/orlando:0bdef9f8-76e9-4677-9c01-796737129aeb
"The Beau Defeated; or, The Lucky Younger Brother",https://commons.cwrc.ca/orlando:46f0a8b3-0cc1-4c48-ad9b-956c01534b11
The Beauties and the Furies,https://commons.cwrc.ca/orlando:6e7639d4-114d-4595-a25d-3310678ac765
The Beauties of the Court of King Charles the Second,https://commons.cwrc.ca/orlando:adf97ef0-60c9-4fb9-ac69-7b692b4662fe
The Beautiful Child,https://commons.cwrc.ca/orlando:b32e452c-e1ef-4a0d-a7c0-82a30feda0e1
The Beautiful Lady Craven,https://commons.cwrc.ca/orlando:2fe99079-97cd-4e26-9ea2-ce8b2ffd2306
The Beautiful Lie,https://commons.cwrc.ca/orlando:37cd75c7-483d-4e7c-8eae-a6016dd2e16e
The Beautiful Visit,https://commons.cwrc.ca/orlando:899a8893-62b6-418c-b745-9fbbfffd883c
The Becker Wives and Other Stories,https://commons.cwrc.ca/orlando:03e64946-7b43-48bd-b536-ec70e2d57a3b
The Beckoning Lady,https://commons.cwrc.ca/orlando:083be9f0-f012-428c-8b26-40396fd8c530
The Bed Book,https://commons.cwrc.ca/orlando:31208043-9f47-445e-b56f-3d9eee1a1b54
The Bee,https://commons.cwrc.ca/orlando:1c7d9539-8755-4f7d-970e-4f52fd002b63
The Bees,https://commons.cwrc.ca/orlando:5ad763c2-23a3-4f27-b0e2-46155a3e0fa5
The Beggar Boy,https://commons.cwrc.ca/orlando:47d79ad7-5886-4115-861a-ec640cd62513
The Beggar Girl and Her Benefactors,https://commons.cwrc.ca/orlando:bed48e75-9a7a-4e54-9f8e-e5aa9d6fef7d
The Beginning of Spring,https://commons.cwrc.ca/orlando:c1d2a25e-ffee-4209-9d00-e65462ed6db1
The Beginning Place,https://commons.cwrc.ca/orlando:d9e8015e-f702-4875-9cee-b9202d22ca2a
The Bell Jar,https://commons.cwrc.ca/orlando:14822b42-1cf7-41a8-99bc-9171730d6ccc
The Belle's Stratagem,https://commons.cwrc.ca/orlando:07ca5f90-a677-4111-bf2b-d57a7d2be23e
The Beloved Physician,https://commons.cwrc.ca/orlando:879d1142-2bd0-4050-92ff-750cfc8a0a6f
The Benefactress,https://commons.cwrc.ca/orlando:5d6e697d-4fad-4ae2-b99f-943ab1c69d24
The Bertram Family,https://commons.cwrc.ca/orlando:d801386e-b3a3-4bda-8392-4b5db10a4019
The Best Beast,https://commons.cwrc.ca/orlando:90b537ad-3009-428a-9419-82075f495ed6
The Best Man to Die,https://commons.cwrc.ca/orlando:eb71e788-0d01-48b4-864c-3780d3de1cee
The Best of Friends,https://commons.cwrc.ca/orlando:22673ebf-4d96-4da1-945b-48dc00a089d3
The Beth Book,https://commons.cwrc.ca/orlando:27a44a00-331a-4600-a8b5-d7b1f9e79b37
The Bible as Literature,https://commons.cwrc.ca/orlando:1963ffd4-c934-4930-b288-68076a2c911f
The Big Firm,https://commons.cwrc.ca/orlando:b44044c6-86bb-4890-80f5-4a43af6d65df
The Big House of Inver,https://commons.cwrc.ca/orlando:87639a20-2eb7-43d2-82fc-1a38da3ede10
The Billow and the Rock,https://commons.cwrc.ca/orlando:d9227286-1d1b-4880-b6e4-4887c8124601
The Bird of Night,https://commons.cwrc.ca/orlando:ce8a3af3-6e57-492d-91f1-4ef6675fd39d
The Bird of Time,https://commons.cwrc.ca/orlando:a198551d-dc5f-42ce-b4ff-f38976017033
The Birds Fall Down,https://commons.cwrc.ca/orlando:fe5360db-5fc7-47cd-bf40-c4b648d4ab1f
The Birds on the Trees,https://commons.cwrc.ca/orlando:afe87f66-eae7-4c97-9297-f31c3eeb3593
The Birth of Modern Italy,https://commons.cwrc.ca/orlando:c2d5f2cc-2583-4819-a4b9-bb661fa58967
The Birth-Day,https://commons.cwrc.ca/orlando:dee23e3b-8787-40ce-960c-b4060c19b140
The Birth-Day Gift,https://commons.cwrc.ca/orlando:4a811ba8-2be1-48d1-8ddc-dd48309cc945
The Birthday Party,https://commons.cwrc.ca/orlando:ef739242-36d8-48f1-b988-aafb320e612b
The Birthday Present,https://commons.cwrc.ca/orlando:bedef132-9005-4331-ac3a-4e1b368d7806
The Black Candle,https://commons.cwrc.ca/orlando:c2c3d38d-a791-4a06-b1a7-70a369a5b76d
The Black Laurel,https://commons.cwrc.ca/orlando:1f5cae92-0d77-4e3e-88fb-c19fbcd9f5e3
The Black Moth,https://commons.cwrc.ca/orlando:7ab67c55-a98d-4c8c-b84c-f277c36a89ee
The Black Prince,https://commons.cwrc.ca/orlando:f7510430-4bd0-4dbd-a027-df167d62482d
The Blind Assassin,https://commons.cwrc.ca/orlando:19d280a2-1a22-466d-b7e3-4b5fe2ea19d8
The Blind Marksman,https://commons.cwrc.ca/orlando:b2b58eb3-7343-4911-b219-54db52fc1660
"The Blinkin' o' the Fire, and Other Poems",https://commons.cwrc.ca/orlando:2e861a6d-2d52-4084-aafb-40c7fdad82a7
"The Blockheads; or, The Affrighted Officers",https://commons.cwrc.ca/orlando:0cc60449-839c-40b7-8f96-9a1c3dc6f96b
The Blood Doctor,https://commons.cwrc.ca/orlando:d068962a-8f1e-4153-a628-b6ab01a6a1d2
The Blood of the Martyrs,https://commons.cwrc.ca/orlando:1b58fc2b-df44-410a-bb4c-7c1001ad8461
The Blood of the Vampire,https://commons.cwrc.ca/orlando:8debfb7b-5383-44d5-892d-651ec0885d6d
The Bloodaxe Book of Contemporary Women Poets,https://commons.cwrc.ca/orlando:e054d641-99fa-4c14-88b3-249a1c813594
The Bloody Chamber,https://commons.cwrc.ca/orlando:f347430b-6da8-4719-bfa2-92426502514b
The Blue,https://commons.cwrc.ca/orlando:eea6c73a-81f4-472c-97ad-118144dab7d7
The Blue Belles of England,https://commons.cwrc.ca/orlando:4c3b00fc-dab0-4a36-a43d-fee0a9811ed9
The Blue Castle,https://commons.cwrc.ca/orlando:fbdff8f3-1e3a-4dac-a4a5-ba42845e8b23
The Blue Flower,https://commons.cwrc.ca/orlando:97f17c2f-e19a-44cf-9c03-d495638cf062
The Bluest Eye,https://commons.cwrc.ca/orlando:66e6fd9a-646e-408a-a988-4453e0efdffc
The Blunderer,https://commons.cwrc.ca/orlando:a85f1b6c-7534-4347-acaf-73d624efb3cd
"The Blush, and Other Stories",https://commons.cwrc.ca/orlando:0607fd35-cd58-4d0f-9e42-b7303e24be8f
The Boat Train: By Fifteen Travellers,https://commons.cwrc.ca/orlando:948b162d-626b-4cb0-ae2c-391d21f20791
The Body Politic,https://commons.cwrc.ca/orlando:a9d14bf5-3b57-4a55-9db9-65df5db09734
The Bond,https://commons.cwrc.ca/orlando:deefcbe9-ebba-492c-8091-68e7252dfe0e
The Bonniest Companie,https://commons.cwrc.ca/orlando:10446502-7342-46fd-883c-fae9ad554ea0
The Bonny Dawn,https://commons.cwrc.ca/orlando:cca32792-2029-4a95-815a-06511a6e55d1
The Book and the Brotherhood,https://commons.cwrc.ca/orlando:9d50e565-a130-43c3-9704-d9810c8f2250
The Book Boy,https://commons.cwrc.ca/orlando:9943c03d-01b3-4983-9d0d-2d09a8cdf24e
The Book of Flowers,https://commons.cwrc.ca/orlando:d505b652-6302-4547-93ce-d97bc081ecf2
The Book of Folly,https://commons.cwrc.ca/orlando:ebc6f5b2-7583-4346-96c2-fa899fe501ab
The Book of Gilly,https://commons.cwrc.ca/orlando:70e3b19b-93d4-4787-9fc0-a160cb45b729
The Book of Household Management,https://commons.cwrc.ca/orlando:f933b0e3-2905-4724-9719-66ddfe18556b
The Book of Mrs Noah,https://commons.cwrc.ca/orlando:ccab80ab-f110-4888-924f-f2737a11608d
The Book of the Angel,https://commons.cwrc.ca/orlando:54d6e08d-c76b-4565-8201-ae72d758a409
The Book of the Boudoir,https://commons.cwrc.ca/orlando:e52b180e-f2c5-4eaa-9116-0eaa2bfeb3c7
The Book of Wonders,https://commons.cwrc.ca/orlando:712d5a78-0415-4177-a736-3b61531187b1
The Bookshop,https://commons.cwrc.ca/orlando:237d4fe1-0ec4-4ab6-a957-e600f36da08a
The Bostonians,https://commons.cwrc.ca/orlando:61df6060-b397-4d8c-9098-38eb7a1a0d76
The Bottle Factory Outing,https://commons.cwrc.ca/orlando:26d2c57f-0d88-4e80-ab7c-a444a275f419
The Boundaries of Science,https://commons.cwrc.ca/orlando:4847795d-2c82-4000-be31-2b63dc22fbff
The Box Garden,https://commons.cwrc.ca/orlando:672a14da-e2cf-40ff-a169-ab3b496a2020
The Boy,https://commons.cwrc.ca/orlando:88b13c13-153d-4461-8621-97841a95c605
The Boy David,https://commons.cwrc.ca/orlando:11257a68-2b81-47b4-b56f-7e84518dea9c
The Boy in the Bush,https://commons.cwrc.ca/orlando:95a36927-2c72-4c33-afbc-ae297d1b8e67
The Boy Who Taught the Beekeeper to Read,https://commons.cwrc.ca/orlando:913d0a79-45cc-4e7e-aadd-dc190c904add
The Boys from Bluehill,https://commons.cwrc.ca/orlando:25fdf0f2-3200-4941-a66b-a9c1860e4fc4
The Brading Collection,https://commons.cwrc.ca/orlando:bc44fef0-5e80-459e-9bb6-8d2ac34a0e05
The Brandons,https://commons.cwrc.ca/orlando:53d86cea-5ea1-45e7-be09-0e0a69a19d6f
The Brazen Serpent,https://commons.cwrc.ca/orlando:3ce04a93-7656-46b5-a045-40cef51e535f
The Breach of Promise,https://commons.cwrc.ca/orlando:f19b61ee-55db-4d78-b3d1-6bb0212cd881
The Break of Day,https://commons.cwrc.ca/orlando:4b7e9c18-43eb-4014-8452-b545ff4ecc76
The Breaking Point,https://commons.cwrc.ca/orlando:a6519d81-0ef4-4589-a712-b5530d925d73
The Bride of Lammermoor,https://commons.cwrc.ca/orlando:129ed4b7-616d-4a4e-908a-bb4d9f4a938d
The Bride of Siena,https://commons.cwrc.ca/orlando:1e9147fe-16b1-4c86-9fed-de9103293d0b
The Bride of the Innisfallen,https://commons.cwrc.ca/orlando:b2c39d1c-431a-42ea-8df5-c3baa552f80c
The Bridesmaid,https://commons.cwrc.ca/orlando:10124a22-3d2b-430e-af53-eafd9d363224
"The Bridesmaid, Count Stephen, and Other Poems",https://commons.cwrc.ca/orlando:2b81921e-2d2a-4683-8285-b568cd6d2dfe
The Bridge Dividing,https://commons.cwrc.ca/orlando:0967bccb-60ba-463d-8cab-801236f4ea72
The Bridge of Kisses,https://commons.cwrc.ca/orlando:4a43ea8d-b18f-4125-80a3-013b8e0f4428
The Bridge of Wonder,https://commons.cwrc.ca/orlando:bc832080-9e58-4241-8b2d-2da9ea509f93
The Bright Prison,https://commons.cwrc.ca/orlando:8b11508c-79d5-44f3-98f3-262714f0fc40
The Brightening Cloud and Other Poems,https://commons.cwrc.ca/orlando:c18f56d3-8153-42b9-812e-abac1ef38fb4
The Brimstone Wedding,https://commons.cwrc.ca/orlando:859c3270-d0e5-4751-9041-ccc08c6f7b71
"The Bristol Heiress; or, The Errors of Education",https://commons.cwrc.ca/orlando:27f92e11-64dc-4a08-ab33-0c9a7e218d2a
The British South Africa Company,https://commons.cwrc.ca/orlando:370585f9-04a1-4994-81ad-dbf63f19d257
The Broad Arrow,https://commons.cwrc.ca/orlando:13be2ce9-12c6-4519-8794-34a8fbb4a438
The Broken Sword,https://commons.cwrc.ca/orlando:3e46e41b-a8f1-4207-8170-6558edf630d9
The Brontë Letters,https://commons.cwrc.ca/orlando:ce613d50-f16e-40dc-a2a9-2f745b68737b
The Brontës,https://commons.cwrc.ca/orlando:1e0be6e9-6a2f-458a-b572-943f293222c2
The Brothers,https://commons.cwrc.ca/orlando:63fa267e-16b1-4797-a5db-da6a5e9b23e1
The Brown Owl,https://commons.cwrc.ca/orlando:b4db576b-e733-4507-b224-e782f40312e6
"The Brownies, and Other Tales",https://commons.cwrc.ca/orlando:12299536-c9ac-42c5-8f4c-1532c37511da
The Buccaneer,https://commons.cwrc.ca/orlando:6426c748-73a2-4eff-afb6-d4b5d2db871d
The Buccaneers,https://commons.cwrc.ca/orlando:2f47c85d-6dd7-4861-8b56-853baf8ee891
The Budget of the Bubble Family,https://commons.cwrc.ca/orlando:3afa1067-22cf-4e33-814d-628e6d635263
The Bulgari Connection,https://commons.cwrc.ca/orlando:7e0e11de-5ac3-4a3b-a293-fd2683d7630d
The Bull Calves,https://commons.cwrc.ca/orlando:545a55d0-615a-4b85-af7d-b743ea945347
The Bull from the Sea,https://commons.cwrc.ca/orlando:f5c5ef47-1ecd-46fd-accb-d129932b5351
The Buried Stream,https://commons.cwrc.ca/orlando:5645d49c-ddae-445d-84e3-66f81450a871
The Burning Book,https://commons.cwrc.ca/orlando:4b3f511c-87bc-4215-92bb-803f1a4a94c4
The Burnish Family,https://commons.cwrc.ca/orlando:c5060d4d-de12-4c97-8491-35971cd42642
The Burnt Offering,https://commons.cwrc.ca/orlando:2b6d6720-8a90-4731-9af8-9ba7da7ee054
The Caged Lion,https://commons.cwrc.ca/orlando:45bbac01-0d69-45a3-a6d7-24bf500fbab2
The Camomile Lawn,https://commons.cwrc.ca/orlando:c1e388ff-a16f-4adf-82a5-8ee539b2ab4b
The Canadian Crusoes: A Tale of the Rice Lake Plains,https://commons.cwrc.ca/orlando:96034fbe-2be4-4f9b-afc4-820df1bc7280
The Cannibals,https://commons.cwrc.ca/orlando:38bf7f31-5b99-4c01-87ab-3efc53ea83eb
"The Canticle of the Rose / Selected Poems, 1920-1947",https://commons.cwrc.ca/orlando:1602a675-2d68-4f6c-96bb-060763ee0491
The Captive Maiden,https://commons.cwrc.ca/orlando:519b83bd-5c3d-4572-8350-7c66bf4ea3be
The Captive of Kensington Palace,https://commons.cwrc.ca/orlando:a1a58a7c-9772-4552-9454-bcffe4405995
The Captive of Sahara,https://commons.cwrc.ca/orlando:cc4c474d-b8aa-4554-94e1-0b2b57e37e70
The Captive Queen of Scots,https://commons.cwrc.ca/orlando:758c9128-597c-4c30-907b-7a8f4ee8fb14
The Captives in India,https://commons.cwrc.ca/orlando:3a31da67-5591-439a-89a7-c4ec05ed4f9b
The Caravaners,https://commons.cwrc.ca/orlando:e9be481d-46dd-4685-832e-da52ac124412
The Care of Infants: A Manual for Mothers and Nurses,https://commons.cwrc.ca/orlando:030d9a67-deda-41f4-8158-78f8261afd28
The Career Briefly Set Forth of Mr. Percy Prendergast Who Told the Truth,https://commons.cwrc.ca/orlando:0edf28a3-8469-4182-9f13-e7421677ab47
The Career of Candida,https://commons.cwrc.ca/orlando:18103252-8337-4f16-8717-62a765963405
The Career of Katherine Bush,https://commons.cwrc.ca/orlando:02a4b763-8241-428c-a214-e068fee029d2
The Careful Queen,https://commons.cwrc.ca/orlando:a5a5754e-2eb2-43a4-bab9-9a99962a91fb
The Caretaker,https://commons.cwrc.ca/orlando:d1d9cc35-fb6b-4ad9-9f23-955a79e1e9a4
The Carillon of Scarpa,https://commons.cwrc.ca/orlando:adb0cd1c-eb09-40b4-a15b-7cfde64c8255
The Carissima: A Modern Grotesque,https://commons.cwrc.ca/orlando:9fbeaf91-529d-4f73-a3f6-26b2f6399aa2
The Case Between a Father and his Children,https://commons.cwrc.ca/orlando:5b1f9210-7bfd-45b4-9173-afe209c47cce
The Case for Family Allowances,https://commons.cwrc.ca/orlando:5e64f56e-280b-44e5-b5bc-90520223cda7
The Case of Madam Mary Carleton,https://commons.cwrc.ca/orlando:5e126a44-dd70-41b1-8e6d-ab8693334b25
The Case of Richard Meynell,https://commons.cwrc.ca/orlando:df1679eb-6bea-4689-b182-79fe00f457d8
The Case of the Late Pig,https://commons.cwrc.ca/orlando:1fa89eb4-4345-4b69-a023-5c705d140475
The Case of the Modern Spinster,https://commons.cwrc.ca/orlando:c9658669-e1b1-409a-8385-d75ebf800c2e
The Case of William Smith,https://commons.cwrc.ca/orlando:c2c0c6a1-2b70-4b02-9b78-aee6d625d124
The Castle of Wolfenbach,https://commons.cwrc.ca/orlando:b678a69f-99f5-442f-9dd5-530110e27c63
The Castle of Yew,https://commons.cwrc.ca/orlando:e49ee032-f69a-46eb-b34e-eff5da3d9d2b
The Castle on the Hill,https://commons.cwrc.ca/orlando:c90c3a56-99f2-4a3d-99ca-4a2d1b8c4055
The Castleford Case,https://commons.cwrc.ca/orlando:9faefe60-8e59-429a-91a1-ce0bf9bf5e85
The Cat,https://commons.cwrc.ca/orlando:154511eb-5b81-426f-8a7f-d3bf09f79990
The Cat Jumps and Other Stories,https://commons.cwrc.ca/orlando:4d3f7588-2874-4b36-a150-3531fcfd9898
The Cat's Cradle Book,https://commons.cwrc.ca/orlando:586d1c07-cd1f-4c5e-9d1a-ca7c8517aabf
The Cat's Paw,https://commons.cwrc.ca/orlando:6571e2c0-4411-4f80-839a-61505caadc8c
The Catch of the Season,https://commons.cwrc.ca/orlando:b5dc72e5-4c64-4196-9b02-9b09c6806c45
The Cause of Purity and Women's Suffrage,https://commons.cwrc.ca/orlando:f2f1ef97-de51-4ae4-a047-6a627340a5f9
The Celebrants,https://commons.cwrc.ca/orlando:46f08941-1720-4a27-9679-a92ee92ebabf
The Celebrity at Home,https://commons.cwrc.ca/orlando:47b98e55-4cee-46dc-8fa5-ce43f36fb209
The Celestial City,https://commons.cwrc.ca/orlando:aded1a46-acfa-457b-9fab-7caa12e6a251
The Cenci,https://commons.cwrc.ca/orlando:6141effe-1b1b-46dc-abc0-b9551750c4b1
The Century's Daughter,https://commons.cwrc.ca/orlando:50254bc6-605e-438b-a28b-e07fc5da273c
The Chalk Garden,https://commons.cwrc.ca/orlando:d87b8889-c38e-403e-ad6d-58ea59ef03ed
The Challenge,https://commons.cwrc.ca/orlando:07183194-15a9-4cc1-8e7b-8752384dc114
The Challenge to Sirius,https://commons.cwrc.ca/orlando:1a9e7e2b-a1f2-4547-b5b4-c20e93339a32
The Champion of Virtue,https://commons.cwrc.ca/orlando:e3b472e4-f360-4c7c-b5e1-17e912768909
The Change,https://commons.cwrc.ca/orlando:39bb3803-fb61-4106-9348-8ff2780f2a49
The Changeling of Brandlesome,https://commons.cwrc.ca/orlando:7462aa1c-453b-4021-b818-2fec710da92d
The Changing Culture of an Indian Tribe,https://commons.cwrc.ca/orlando:f4ccfcad-e0b6-479a-bc4b-9f9ed9e70b91
The Chaperon,https://commons.cwrc.ca/orlando:a29c43a3-8ef0-446d-b615-22c912d915ca
The Chapter of Accidents,https://commons.cwrc.ca/orlando:34330018-5657-45a4-8adf-0c0a9a135970
The Charioteer,https://commons.cwrc.ca/orlando:541f3e43-f687-458a-aa9e-5d63f7502d3d
The Charmers,https://commons.cwrc.ca/orlando:2690ed71-3051-4539-95ef-aa287380d9d2
The Chase,https://commons.cwrc.ca/orlando:4998f21a-5a43-4e46-8ba0-a43c7ecaf438
The Child at Home,https://commons.cwrc.ca/orlando:23ad4cab-45d8-4f20-ba0d-9a3343cc3d93
The Child from the Sea,https://commons.cwrc.ca/orlando:b3fcd3a0-0428-48ff-b584-773bb1800e4c
The Child in Flanders,https://commons.cwrc.ca/orlando:e0a38305-7e39-44d8-948c-7bd19e8efa79
The Child in their Midst,https://commons.cwrc.ca/orlando:9618368f-62ab-4404-b587-4f17e36aa01f
The Child of the Islands,https://commons.cwrc.ca/orlando:5679ac66-db2e-4059-b2fc-e3d0288d2834
The Child's Child,https://commons.cwrc.ca/orlando:5cc94229-55ec-456a-8d86-82703b441830
The Children,https://commons.cwrc.ca/orlando:7e572500-7917-4280-a68c-f2331ccdf762
The Children of Men,https://commons.cwrc.ca/orlando:88feca0f-0570-4e5f-be67-a2d4448866d4
The Children of the Abbey,https://commons.cwrc.ca/orlando:e9a03809-adb5-45e3-a5ac-e584b4d6a48b
The Children's Book,https://commons.cwrc.ca/orlando:a0411bd8-36d7-4e49-be08-2cbafbf63d4c
The Children's Year,https://commons.cwrc.ca/orlando:8a1e6a46-01df-4c60-8e00-e042a3b70857
The Chillingfield Chronicles,https://commons.cwrc.ca/orlando:be4d9a69-bb3b-4d67-9120-39724c4684bc
The Chimney Sweeper's Boy,https://commons.cwrc.ca/orlando:7b9895a7-4035-4e88-bce2-f585e17ca824
The Chinese Prime Minister,https://commons.cwrc.ca/orlando:b9d4325b-34a6-4ca0-a951-bda903a4a67a
The Chink in the Armour,https://commons.cwrc.ca/orlando:1de896f7-de94-4c53-8371-40d225a3a27b
The Choir,https://commons.cwrc.ca/orlando:503227d7-9fad-417c-98ac-c1a16e7b7b93
The Christmas Tree,https://commons.cwrc.ca/orlando:654b894a-5058-4b7c-baf8-520d98dcf66f
The Chronicles of Robin Hood,https://commons.cwrc.ca/orlando:dce86a84-0296-4e23-94f4-2a98ae766101
The Church and Woman,https://commons.cwrc.ca/orlando:369c992c-51e1-4a27-9150-1054bd13e5dc
The Church of St. Siffrid,https://commons.cwrc.ca/orlando:e663b017-dd74-49e5-9e99-86ef8eb7d8c8
The Circling Song,https://commons.cwrc.ca/orlando:6cca2bf8-8349-474e-85c3-e494c71f2aeb
The Circus is Coming,https://commons.cwrc.ca/orlando:66f12e3d-b17d-4f0d-bd08-0749319199f5
The Cities of the Past,https://commons.cwrc.ca/orlando:3692b452-a926-4a49-99e5-6a052ea3c7b7
The Citizen,https://commons.cwrc.ca/orlando:7b154273-b998-4cc9-936e-24881f386d11
The Citizenship of Women Socially Considered,https://commons.cwrc.ca/orlando:01c35f70-59ac-42c8-91cf-4b5537541883
The Claim of Englishwomen to the Suffrage Constitutionally Considered,https://commons.cwrc.ca/orlando:7c35a718-684f-4d08-baf2-7561ea90c58f
"The Claims of West Africa to Christian Instruction, through the Native Languages",https://commons.cwrc.ca/orlando:7ee6764a-c111-4722-a15e-c19341b3992f
The Cleft,https://commons.cwrc.ca/orlando:7f82c26b-30a6-4e4f-aca7-f98456d428db
The Clever Woman of the Family,https://commons.cwrc.ca/orlando:ed397b39-1a6b-44e2-8c30-6f0fc44f1ea1
The Clives of Burcot,https://commons.cwrc.ca/orlando:1b7eeccc-a26c-4fb3-bd2b-0a2577b35bb4
The Cloning of Joanna May,https://commons.cwrc.ca/orlando:c5883974-3816-4e09-b938-169a9d92c450
The Close Chaplet,https://commons.cwrc.ca/orlando:ab7b2ebf-0ead-4325-8518-79567a97dfeb
The Co-operative Movement in Great Britain,https://commons.cwrc.ca/orlando:04b94d9f-937a-4074-947a-4898a848486a
The Coast of Incense,https://commons.cwrc.ca/orlando:324d5a34-3ec4-45e9-9aca-1bd013f8fdf0
The Cocktail Party,https://commons.cwrc.ca/orlando:102f0874-3a37-43e9-8774-ea0a9e49a04d
The Cold Country,https://commons.cwrc.ca/orlando:4309b7dd-40cd-4d1e-b2fc-dffd97395808
"The Cold Country, and Other Plays for Radio",https://commons.cwrc.ca/orlando:9abce5e2-6765-45f9-b2d5-841ff9d3de4d
The Collected Letters of Thomas and Jane Welsh Carlyle,https://commons.cwrc.ca/orlando:0a6afbde-0790-4e01-8286-aeba856ba596
The Collected Poems of Dora Sigerson Shorter,https://commons.cwrc.ca/orlando:584f00ed-5224-440e-bd7d-75ea3380ad62
The Collected Poems of Edith Sitwell,https://commons.cwrc.ca/orlando:f2b12cae-9eb4-42fb-a4bc-f546b193b193
"The Collected Poems, Lyrical and Narrative, of A. Mary F. Robinson",https://commons.cwrc.ca/orlando:57658450-f743-40c5-947e-7108f2fd2cf2
The Collected Stories of Eudora Welty,https://commons.cwrc.ca/orlando:5c68991e-6139-47bc-b093-522e82c220ce
The Collected Works of Florence Nightingale,https://commons.cwrc.ca/orlando:da1844e2-db4b-4c29-94bb-7cfd4f187051
The Collection,https://commons.cwrc.ca/orlando:fdfe983f-e5ca-4add-b825-6a1764fc4fd2
The Color Purple,https://commons.cwrc.ca/orlando:084e34f9-54df-4093-84b5-336e8654b117
The Colossus and Other Poems,https://commons.cwrc.ca/orlando:e68ba52b-82c8-410b-abcf-d2cdaba1ce55
The Colour,https://commons.cwrc.ca/orlando:15227be7-ac84-4fb8-a41f-5f99bc08af96
The Colour of Black and White,https://commons.cwrc.ca/orlando:e9a3a58d-2d61-4d6b-a050-b3db2860ab99
The Colour of Rain,https://commons.cwrc.ca/orlando:5196e52a-18c6-4da8-b3e6-ea09b8cbee7a
The Colour of Six Schools,https://commons.cwrc.ca/orlando:d6c2435a-5c21-4f78-8dee-a4bd8d288dc7
The Column of Dust,https://commons.cwrc.ca/orlando:f7a514b0-860a-49fa-bb93-33592c19fe35
The Combined Maze,https://commons.cwrc.ca/orlando:8345b2b1-e9db-4996-ba36-7f098eba5b71
The Coming Race,https://commons.cwrc.ca/orlando:8cd9b790-4e63-45bb-95c5-79c6519a5b85
The Common Reader,https://commons.cwrc.ca/orlando:2bb6f066-22b3-4dc1-9ee2-3ee0c3edc7a6
The Communion of Labour,https://commons.cwrc.ca/orlando:0ac5e02b-e9f3-48fb-b6e3-8d533dd50829
"The Compass, and Other Poems",https://commons.cwrc.ca/orlando:fb5ea14b-0355-4ac5-9936-107c2e0e995f
The Compleat Confectioner,https://commons.cwrc.ca/orlando:fa1c380e-b22f-4b9b-aaaf-bf8d343d6fce
The Complete Concordance to Shakspere,https://commons.cwrc.ca/orlando:f2f441d3-49d3-4901-ae94-fdf8959bb66e
The Complete Indian Housekeeper and Cook,https://commons.cwrc.ca/orlando:6ce6324e-8751-41f0-ab5a-1abae0ce74af
The Complete Poems of Marianne Moore,https://commons.cwrc.ca/orlando:267d0e27-facf-4e05-8c1a-bbd4e5308731
The Complete Stories of Leonora Carrington,https://commons.cwrc.ca/orlando:c78d4846-87a0-4988-abd3-d9230b6926e6
The Condition of Women in France,https://commons.cwrc.ca/orlando:4cefb2c8-d5cf-4306-91c9-b3b3a0702fb1
The Condition of Working Women and the Factory Acts,https://commons.cwrc.ca/orlando:83f73eba-3918-4d54-a899-0747a0358094
The Conduct of the King of Prussia and General Dumouriez,https://commons.cwrc.ca/orlando:67b1afd4-dff6-4a1b-b98d-c92ab1af0829
The Confessions of a Pretty Woman,https://commons.cwrc.ca/orlando:5fac9073-1edd-4b14-9670-a17425dd5993
The Confessions of an Elderly Gentleman,https://commons.cwrc.ca/orlando:de7a8797-0aac-458f-bb9b-196c268cfeb9
The Confessions of an Elderly Lady,https://commons.cwrc.ca/orlando:948aefa2-ffce-453c-9b08-070dcc78ecf4
The Confidential Clerk,https://commons.cwrc.ca/orlando:c0c9ba9c-96cf-4b07-9011-1bb48fb86a45
The Connection Between Physiology and Intellectual Philosophy,https://commons.cwrc.ca/orlando:47e4256d-6e00-418a-8a22-cb85142c1e2d
The Conquered,https://commons.cwrc.ca/orlando:d2d7a737-85ff-4c2c-93dc-ceeb11f12496
The Conquest of London,https://commons.cwrc.ca/orlando:b927d302-d8af-4aaa-9397-f9bcb3c8b4e9
The Conquest of Spain,https://commons.cwrc.ca/orlando:71a55e72-deb3-4cbd-b7d9-14f55221e5e0
The Conservationist,https://commons.cwrc.ca/orlando:244f7943-5ea1-409e-b31a-951d4cb2c3dd
The Constant Nymph,https://commons.cwrc.ca/orlando:6a7ad219-eb8f-4164-8867-e4cfa3758bca
The Constitution Violated,https://commons.cwrc.ca/orlando:0edb21a2-aafa-4c80-8671-71cbc5c20368
The Constitutional Basis of Woman's Suffrage,https://commons.cwrc.ca/orlando:cfdaeb75-e356-4dfe-9711-9bb3f9a2dcc0
The Contemplative Quarry,https://commons.cwrc.ca/orlando:f5628ce4-dda4-4dc9-bf3c-16dcdd738363
The Contrast,https://commons.cwrc.ca/orlando:3bc294d4-790f-4cd7-9ecb-f7b6fbcb45f0
The Contributions of Q. Q. to a Periodical Work,https://commons.cwrc.ca/orlando:a46f0c9a-1641-4574-95fe-37d1a68d8628
The Convert,https://commons.cwrc.ca/orlando:8cfb9262-682b-4cfa-822f-dd50f51fa203
The Cook and Housewife's Manual,https://commons.cwrc.ca/orlando:5c741346-e483-48f0-9155-cca055fe290d
The Coquette,https://commons.cwrc.ca/orlando:8b2841ab-c04d-45c9-8788-3a6532f0e735
The Corinthian,https://commons.cwrc.ca/orlando:a50166d4-4bfa-437d-884d-d59b46c7b5fb
The Corn King and the Spring Queen,https://commons.cwrc.ca/orlando:9c99f07b-12cd-4776-b014-c0d3c4329a03
The Corner That Held Them,https://commons.cwrc.ca/orlando:88a64ceb-1b8b-4124-822e-51e1cd6d8fab
The Coronation,https://commons.cwrc.ca/orlando:0ff647e9-a864-4d13-8d4c-1c718fd30c19
The Cost of a Secret,https://commons.cwrc.ca/orlando:eba37289-638a-4b9a-9bfb-758224a289fe
The Cost of Caergwyn,https://commons.cwrc.ca/orlando:f9b7ac73-cf4b-4c5b-a885-ea3797ddba28
The Cost of Living,https://commons.cwrc.ca/orlando:baeed9c0-60fc-4783-97f8-0d7a7d37263e
The Counterplot,https://commons.cwrc.ca/orlando:da797c21-c6cd-4134-96d6-984a7afc0388
The Countess and Gertrude,https://commons.cwrc.ca/orlando:46d7172a-1cf8-4cca-979d-501aebf2ef59
The Countess Cathleen,https://commons.cwrc.ca/orlando:9fbabdc0-737b-48dd-9b9f-946b27dbf7ba
The Countess of Albany,https://commons.cwrc.ca/orlando:20bee7b2-7172-485e-b12e-19ebc4775756
The Country Child,https://commons.cwrc.ca/orlando:271da094-a07b-4237-bec5-622c684f879e
The Country Child's Alphabet,https://commons.cwrc.ca/orlando:ba5c029c-5b4c-4ac3-901b-4e1900554a84
The Country of the Pointed Firs,https://commons.cwrc.ca/orlando:22bac337-ee0b-42f1-9ded-126a66645c75
The Court and Camp of Queen Marian,https://commons.cwrc.ca/orlando:0552a598-24f8-448b-94ea-b4da5fa2d6c0
The Court and the Castle,https://commons.cwrc.ca/orlando:529e9aad-c19e-4fe6-b989-82b360ee64c2
The Court of a Saint,https://commons.cwrc.ca/orlando:36c79845-577f-4a8b-b033-de4cbf35b192
The Crack in the Teacup: Britain in the 20th Century,https://commons.cwrc.ca/orlando:f1d053ac-4daf-4637-80ca-09d095dcca1a
The Crime at Black Dudley,https://commons.cwrc.ca/orlando:f0351305-68e6-40ca-97df-77efa20dd069
The Crimson Weed,https://commons.cwrc.ca/orlando:d4262e45-57e5-4c73-8d0d-7607dca6b3d0
The Crocodile Bird,https://commons.cwrc.ca/orlando:60a06ec4-951c-446b-a970-15f65f407a9b
The Crook of the Bough,https://commons.cwrc.ca/orlando:c97fde79-c28b-421a-a39f-a0036117bc70
The Crowded Street,https://commons.cwrc.ca/orlando:7ba7f452-7b01-4dda-a47f-fbf06fe14c6f
The Crown of a Life,https://commons.cwrc.ca/orlando:5c76f3d8-7577-431a-acae-17bbd0f9eab1
The Crown Princess,https://commons.cwrc.ca/orlando:709e5d4e-dfca-4c02-85c2-50eea7d078ed
The Crowned Hippolytus,https://commons.cwrc.ca/orlando:771cef3f-7b4c-4aa1-af63-aaae7a86e4cb
The Cruel Kindness,https://commons.cwrc.ca/orlando:825b4d57-1042-45f1-b735-cffa0ff3795c
The Cruel Way,https://commons.cwrc.ca/orlando:35411f1e-fa09-4b42-a34b-f5bf66c771f3
The Cruise of the Vanadis,https://commons.cwrc.ca/orlando:7e428310-3065-4c35-a1d0-b0edda950451
The Crux,https://commons.cwrc.ca/orlando:6a1b71e8-3f66-402b-8a03-6f510f4f888e
The Cry,https://commons.cwrc.ca/orlando:d016413a-ddf8-4ef6-a20b-a9de6f29b39e
The Crystal Cave,https://commons.cwrc.ca/orlando:b98436e2-858c-413b-b037-6bcb5b7b0435
The Crystal Rabbit,https://commons.cwrc.ca/orlando:27156ecc-fabe-470d-83c9-6c5b619b5ebf
The Cuckoo Clock,https://commons.cwrc.ca/orlando:b6292ab8-2df7-4c1c-b81f-554c8154bb39
The Cupboard,https://commons.cwrc.ca/orlando:9d293fb0-61cd-4eaa-a48d-f850831d958b
The Curate in Charge,https://commons.cwrc.ca/orlando:2a7aedad-8882-4c94-9025-4c94aff2ffda
The Cure at Troy,https://commons.cwrc.ca/orlando:10e0c687-cb94-4781-84c8-f5b1af2cc6b1
The Curse of Eve,https://commons.cwrc.ca/orlando:16d39ae6-75a8-4e25-a676-d0ed559f50fd
The Curse of Kehama,https://commons.cwrc.ca/orlando:f4604fa0-f247-43a8-b682-f22f749aa895
The Cushion in the Road,https://commons.cwrc.ca/orlando:dd874bb0-e732-4342-b296-56b9de5a9bc3
The Czar of Muscovy,https://commons.cwrc.ca/orlando:1968aa2f-74c1-4a99-a15a-48cd84d07915
The Daisy Chain,https://commons.cwrc.ca/orlando:c5c39aa5-8f5d-4822-9844-80ff1a97a374
The Dance of the Hours,https://commons.cwrc.ca/orlando:1559148b-64ba-401e-8a45-446e74e2418d
The Dancing Mind,https://commons.cwrc.ca/orlando:abafeee7-9c70-4459-91cc-433e017235e4
The Dandies' Rout,https://commons.cwrc.ca/orlando:718701dc-d0b1-40c4-a58b-0059952accff
The Dangerous Guest: A Story of 1745,https://commons.cwrc.ca/orlando:a45e0d28-fc5f-4fc4-a1b8-30cd496feaba
The Danvers Jewels,https://commons.cwrc.ca/orlando:9c7c053c-5ac0-42a5-ab82-27aa0f8654c3
The Dark Colleen,https://commons.cwrc.ca/orlando:ad3f1bb9-490a-410d-9eaf-961040682aaf
The Dark Flood Rises,https://commons.cwrc.ca/orlando:13775ea6-3271-46ee-9867-a95a40b70268
The Dark Gentleman,https://commons.cwrc.ca/orlando:2dcd3250-745b-4a7c-b8c9-a8b83b52ce26
The dark island,https://commons.cwrc.ca/orlando:bdb5efc7-333b-4f94-80ff-9e7cdb01fb79
The Dark Moment,https://commons.cwrc.ca/orlando:cfb6c532-9b8c-4f87-a677-00e4dedb6593
The Darkness of Wallis Simpson and Other Stories,https://commons.cwrc.ca/orlando:43069dc5-a24d-47c1-a6c3-bbcf76c80c3b
The Darts of Cupid and Other Stories,https://commons.cwrc.ca/orlando:60d1ea0f-133b-4295-8b28-f8044569f0e2
The Daughter,https://commons.cwrc.ca/orlando:633f4e28-f2a1-419d-8fb9-585fe9b2881a
The Daughter of Sion Awakened,https://commons.cwrc.ca/orlando:5a89a88f-62ac-4589-bd4e-76ac112ba8d7
The Daughter of Time,https://commons.cwrc.ca/orlando:d8e2338a-f2a7-40db-8a95-eba54b0b9744
"The Daughter-in-Law, her Father, and Family",https://commons.cwrc.ca/orlando:ee3b76d9-c94f-4302-a124-f7f74b1de40f
The Daughters of Danaus,https://commons.cwrc.ca/orlando:f0646f75-ee9d-4e38-9fe4-c3f7d1fff1f9
The Daughters Who Have Not Revolted,https://commons.cwrc.ca/orlando:d5f6491b-ff5c-43f7-ae24-195176f0b619
The Dawn,https://commons.cwrc.ca/orlando:f5e502b3-d806-466d-b618-b18e8f967ac2
The Day's Work,https://commons.cwrc.ca/orlando:0c6ae035-42d8-4ff3-93fd-1fa4be413040
The Daylight Gate,https://commons.cwrc.ca/orlando:07316ec5-f197-46f5-806a-4b004a6b25f7
The Days of My Life. An Autobiography,https://commons.cwrc.ca/orlando:466148f1-9a05-4f0d-90b8-9c8576568ce4
The Dean,https://commons.cwrc.ca/orlando:df62b5d2-ebf4-44c5-9e40-9845c42bb9ba
The Dean's Daughter,https://commons.cwrc.ca/orlando:01a58609-d297-46fe-9649-37010a6c9b1c
The Dear Deceit,https://commons.cwrc.ca/orlando:b706a9e8-23eb-45e4-8828-26d2082c49aa
The Death Notebooks,https://commons.cwrc.ca/orlando:06059829-2abb-4baa-a782-70abf2064c4f
The Death of Amnon,https://commons.cwrc.ca/orlando:1034ce64-d6d8-4882-b578-a1ee187dc659
The Death of Fionavar from The Triumph of Maeve,https://commons.cwrc.ca/orlando:d7e1aaf4-43d0-4632-8693-b36212911af3
"The Death of Noble Godavary; and, Gottfried Künstler",https://commons.cwrc.ca/orlando:357a5ca1-6071-42b3-8734-577cac85ecf8
The Death of Society,https://commons.cwrc.ca/orlando:7147847d-ce6f-48c9-883e-97d496dbb628
The Death of the Heart,https://commons.cwrc.ca/orlando:20717f2b-6a64-49dc-8c30-608e3203fc8f
The Death of the Moth,https://commons.cwrc.ca/orlando:eab3ec0d-d255-475b-9232-7c3af8da8cac
The Debtor,https://commons.cwrc.ca/orlando:7220bc3b-b15d-457e-9426-36941b29d201
The Deceiver Deceived,https://commons.cwrc.ca/orlando:4c40e643-9ea9-4c26-9744-a9d163d1302a
The Decoration of Houses,https://commons.cwrc.ca/orlando:f0befd66-a6c8-454a-a1e0-926e9f80489e
The Defeat of Woman,https://commons.cwrc.ca/orlando:23c856e6-5ad0-4f6e-8277-034722de47fb
The Definition of the Godhead,https://commons.cwrc.ca/orlando:970e7cd2-8e2b-4cdb-a04a-eaf2e9620315
The Delicate Distress,https://commons.cwrc.ca/orlando:a20cb6a7-e5c7-4413-869f-2beae93c7616
The Delicate Situation,https://commons.cwrc.ca/orlando:764ebfa5-05e3-4054-a683-7a76ac4173df
The Demon in the House,https://commons.cwrc.ca/orlando:5ac66219-d4e7-4265-a180-9b8672ffe021
The Demon Lover and Other Stories,https://commons.cwrc.ca/orlando:e06ae32b-68cc-4a64-8ed4-66651d5d9ffe
The Demonstrators,https://commons.cwrc.ca/orlando:ec7dddaa-3527-4572-8bbf-c01fdbc5fdcc
The Desert Healer,https://commons.cwrc.ca/orlando:e59ddb09-3559-4b07-a3e4-81585e402ef3
The Destiny of Isabelle Eberhardt,https://commons.cwrc.ca/orlando:4f34b89c-71e8-499e-8485-8d27edddb0cc
The Detective's Album,https://commons.cwrc.ca/orlando:8e919faa-e9e5-4ff4-827d-f024e22aa173
"The Devastating Boys, and Other Stories",https://commons.cwrc.ca/orlando:c188f50b-80c7-473d-b0b0-c209eda1aafb
The Development of Dodos,https://commons.cwrc.ca/orlando:4c0280ab-0b17-495c-a0dc-d531cfb0142d
The Devil and the Deep Sea,https://commons.cwrc.ca/orlando:a14f8458-be56-4af1-9f06-15e5c03a9f22
The Devil to Pay,https://commons.cwrc.ca/orlando:1ae31c18-3e81-4238-ab99-db2d15863e58
The Devil We Know,https://commons.cwrc.ca/orlando:c6103506-e79c-46bf-baea-b3ee9ce9ad07
The Devil's Dancing Hour,https://commons.cwrc.ca/orlando:e0ef938e-bf73-40ef-ae76-a9f23ef537cd
The Devil's Motor,https://commons.cwrc.ca/orlando:537a1b2c-5b48-4a35-aa20-8850ab6c1500
The Devil's Wind,https://commons.cwrc.ca/orlando:d48f278d-4803-48e3-9397-5a2336a16960
"The Diamond Cutters, and Other Poems",https://commons.cwrc.ca/orlando:8447cc5d-ab9b-4b05-a332-35c4922c5ed7
The Diamond Rose,https://commons.cwrc.ca/orlando:5ee7ac76-8794-4676-bde0-100b3c67ad22
The Diary of Lady Willoughby,https://commons.cwrc.ca/orlando:d6ad5e93-9985-475e-aff4-075d1d68e088
"The Different Widows; or, Intrigue all-a-Mode",https://commons.cwrc.ca/orlando:53d09e6d-fbbf-449c-9bfb-e3708cfc2071
The Disappointment,https://commons.cwrc.ca/orlando:5487d84f-2479-49d9-a811-012c6a65e45f
The Discarded Daughter,https://commons.cwrc.ca/orlando:47ad6a3a-6ced-44d4-9ae2-875d121a42b9
The Discarded Son,https://commons.cwrc.ca/orlando:5659064c-4108-4e32-a7c8-a6e2aad08250
The Disciples,https://commons.cwrc.ca/orlando:2bad75db-0238-4b88-8cf1-f7fb94630709
"The Disinherited; and, The Ensnared",https://commons.cwrc.ca/orlando:6617bc52-8103-47f4-979b-3b6240189721
The Divine Fire,https://commons.cwrc.ca/orlando:f666304b-08cd-4dc8-bb48-9f7c4df21721
The Divine Master,https://commons.cwrc.ca/orlando:a7db35dc-0b19-44a0-a7ce-2715b33b0708
The Diviners,https://commons.cwrc.ca/orlando:d8913d94-178f-43b6-ba51-f169dd5e4535
The Divorce,https://commons.cwrc.ca/orlando:6b5d504f-39d6-43f2-be67-a7a62674e71a
The Divorced,https://commons.cwrc.ca/orlando:177d50c8-4666-4109-a48f-d93a767092d1
The Doll,https://commons.cwrc.ca/orlando:eb371091-df89-416a-8813-e765434afcc2
The Doll's House,https://commons.cwrc.ca/orlando:be4f8680-2d34-4fa5-ae0d-56feb3b5fad4
The Doom of the Griffiths,https://commons.cwrc.ca/orlando:de3f21d1-1b93-477f-8c91-4ce15c769620
The Dop Doctor,https://commons.cwrc.ca/orlando:9d152d03-f2dd-4999-8032-1637bd74873a
The Doris Lessing Reader,https://commons.cwrc.ca/orlando:5f0007f8-9f4a-4d3d-85ad-6addfa57e50c
The Double Heart,https://commons.cwrc.ca/orlando:3b53d1ad-6257-4227-8dba-eb018490d614
The Double Image,https://commons.cwrc.ca/orlando:a16653d9-53f0-49a8-8d6e-3919a5dc5c37
The Double Mistake,https://commons.cwrc.ca/orlando:6fb210bd-d12e-4a72-ad45-a8c7d4dca930
The Dove in the Eagle's Nest,https://commons.cwrc.ca/orlando:5274e496-2049-407e-9bc8-4006657c5432
"The Dowager; or, The New School for Scandal",https://commons.cwrc.ca/orlando:11880266-59b6-4c61-a356-62c655faad55
The Dragon,https://commons.cwrc.ca/orlando:88b1fd5d-f919-40f3-a2a2-f72ad57cffe7
"The Dragon Empress: The Life and Times of Tz'u-hsi, Empress Dowager of China, 1835-1908",https://commons.cwrc.ca/orlando:086765dc-7763-4430-b16a-eb74ef295014
The Dragon in Shallow Waters,https://commons.cwrc.ca/orlando:a85226e6-adc5-469c-916c-485553fecf3c
The Draytons and the Davenants,https://commons.cwrc.ca/orlando:94eab7e5-9edb-49f8-ac14-1e922291a79c
The Dreaming Shore,https://commons.cwrc.ca/orlando:4d908035-9aa5-4456-8ff9-f0d3e03aadd1
The Dressmaker,https://commons.cwrc.ca/orlando:a756d8e5-ecbe-4226-a99a-c3e46ba99261
The Driver's Seat,https://commons.cwrc.ca/orlando:cf0302df-4766-4c07-a136-b0264309d957
The Dry Deluge,https://commons.cwrc.ca/orlando:a3483da7-abbf-40c1-93e7-a0e0066fc9a9
The du Mauriers,https://commons.cwrc.ca/orlando:cd0009bb-f259-4944-b0ac-21fbfac72e43
The Duke,https://commons.cwrc.ca/orlando:42b19212-41e7-4620-95b0-b1234e2fff3d
The Duke of Clarence: An Historical Novel,https://commons.cwrc.ca/orlando:7ff4cfed-3bcf-4053-9c3d-2aceae4be376
The Dunciad,https://commons.cwrc.ca/orlando:420e4a33-f367-4f9a-9436-f504c838dc33
The Dunciad in Four Books,https://commons.cwrc.ca/orlando:a0903ca0-6ad1-436f-892a-453714793510
The Dunciad Variorum,https://commons.cwrc.ca/orlando:5acb741b-38b8-4dd6-9169-27768d870dca
The Dupe,https://commons.cwrc.ca/orlando:d3e2c0f5-c0cc-4b97-8b2a-97f9a6f8fd26
The Dutch Lover,https://commons.cwrc.ca/orlando:ea1f4e7d-6c5a-43f7-879e-a5fce55d8cd7
The Dynasts,https://commons.cwrc.ca/orlando:c96b5e59-5f80-4f58-9291-9f6d5774864f
The Eagle and the Dove,https://commons.cwrc.ca/orlando:cd43e35a-6410-427e-af8a-838d24be00dd
The Eagle of the Ninth,https://commons.cwrc.ca/orlando:5b5f4454-732b-46b1-a286-70ff9333bb8c
The East African Slave Trade,https://commons.cwrc.ca/orlando:d0d2c7b9-1bd9-4f37-a7a9-3c6afb3e60e4
"The East Indian, or Clifford Priory",https://commons.cwrc.ca/orlando:bea0828d-14a0-4748-9f78-2026ac93b52c
The Easter Party,https://commons.cwrc.ca/orlando:1cf4462f-af67-4212-aec4-aa3ef2b61a0f
The Echoing Grove,https://commons.cwrc.ca/orlando:78c39239-6539-4d07-aeee-13d463de6747
The Ecstasy of Dr. Miriam Garner,https://commons.cwrc.ca/orlando:645d5599-5c3c-4eb3-86f7-3ca50ac9f9fa
The Edible Woman,https://commons.cwrc.ca/orlando:63f51e59-f225-4b9b-b132-cc28572f619c
The Education and Employment of Women,https://commons.cwrc.ca/orlando:842a7b8c-9967-4ca3-bf45-e23c0910ef39
The Edwardian Lady,https://commons.cwrc.ca/orlando:b59650f7-6fae-46d8-962a-63c8790cdbda
The Edwardians,https://commons.cwrc.ca/orlando:ff2570f6-7848-4878-8179-3d9d28365fdf
The Edwin and Angelina Papers,https://commons.cwrc.ca/orlando:09a0f936-9fc5-4f8c-90c2-9920db55f1ae
The Effusions of the Heart,https://commons.cwrc.ca/orlando:46321eb7-ad74-4632-86d0-fa5aaa62f4ba
The Egyptian Pillar,https://commons.cwrc.ca/orlando:bec4fcfa-77f3-4c53-bb84-04f439752a4b
The Elder Statesman,https://commons.cwrc.ca/orlando:d5df2ed2-71ab-47bf-8dcf-38c8b2ec74dd
The Elected Member,https://commons.cwrc.ca/orlando:a102820e-78e6-457f-9a63-ac620d7eac0c
The Election,https://commons.cwrc.ca/orlando:5d0f1864-ac34-41db-a2a0-65ae3d234168
The Electric Torch,https://commons.cwrc.ca/orlando:39f23293-220e-4173-835c-967cb8c0a8d8
The Elinor Glyn System of Writing,https://commons.cwrc.ca/orlando:7bcf077d-eb71-4bca-8c65-4d7c186c0476
The Elizabeth Goudge Reader,https://commons.cwrc.ca/orlando:537b7350-439c-4781-9810-5b8ea69ab384
The Emperor Constantine,https://commons.cwrc.ca/orlando:8585ba1e-a129-4cf5-ad67-ef2dd664fcc8
The Emperor's Babe,https://commons.cwrc.ca/orlando:985b6450-116d-420b-b1c5-cf98d5504a6a
The Emperor's Candlesticks,https://commons.cwrc.ca/orlando:8a6c5ea7-51c0-46ce-9826-675c2bf1c86e
The Emperor's Clothes,https://commons.cwrc.ca/orlando:0eef92f8-c898-450a-88f7-a06fd4dfa9f1
The Enchanted April,https://commons.cwrc.ca/orlando:c0495efa-db1d-41f0-907f-3d116f4d5f80
The Enchanted World,https://commons.cwrc.ca/orlando:51db9888-1c89-4645-bd53-08a79e9c74c0
The Enclosure,https://commons.cwrc.ca/orlando:b546bb37-7a07-4349-9351-b7d935d52103
The End of a Childhood,https://commons.cwrc.ca/orlando:a8591017-3e00-410f-a6f7-4906693f9009
The End of her Honeymoon,https://commons.cwrc.ca/orlando:4a28ddc8-abe3-464c-8953-d3d5a04c7079
The End of Our Exploring,https://commons.cwrc.ca/orlando:150c96cf-57e8-42dd-8a51-78dcca1d0995
The End of the House of Alard,https://commons.cwrc.ca/orlando:7c03608d-4a13-4e33-b168-52c07ce760ad
The End of This War,https://commons.cwrc.ca/orlando:0b77720e-b39b-47c2-8a04-e744112e502e
The Enemy,https://commons.cwrc.ca/orlando:7de3beac-3e6f-479d-b4b8-d16010691b6a
The English Eccentrics,https://commons.cwrc.ca/orlando:c9754c30-3f11-4633-a76b-608dd7610d7d
The English Regional Novel,https://commons.cwrc.ca/orlando:df0facba-d551-4c68-be9f-269db01de710
The Englishwoman,https://commons.cwrc.ca/orlando:c5831a87-5abb-47c8-93e9-183373cbaad8
The Englishwoman at School,https://commons.cwrc.ca/orlando:a9b07285-892f-4cc3-8f58-4a2eec0a447d
The Engrafted Rose,https://commons.cwrc.ca/orlando:a6d9ff9b-eec1-4cb5-a1b5-1509ca5b248c
The Enlightenment of Olivia,https://commons.cwrc.ca/orlando:1717a571-bf03-44fe-afd2-b04be1e021a7
The Enochian Walks with God,https://commons.cwrc.ca/orlando:cd77e18c-b766-4c9a-9933-63943963ab96
The Erotic World of Faery,https://commons.cwrc.ca/orlando:7cdd2abb-1658-477a-8ef6-8b0180a333a3
The Errant Unicorn,https://commons.cwrc.ca/orlando:3a8dc296-ed6c-403e-9e0e-5047a40bad75
The Errors of Education,https://commons.cwrc.ca/orlando:6ba13e4b-c064-4a23-9780-c4fabdc4ce8a
The Errors of Innocence,https://commons.cwrc.ca/orlando:15bfeb16-58b5-4846-b652-52e6c3223b67
The Escaped Cock,https://commons.cwrc.ca/orlando:1f935381-bcc4-4096-9e30-d0b6f51a0fd3
The Espalier,https://commons.cwrc.ca/orlando:64e7631b-62aa-4b51-ae04-abb4f6398a47
"The Esquimaux; or, Fidelity: A Tale",https://commons.cwrc.ca/orlando:4efe3c5a-522e-4595-9fc5-7102b8f8e91e
The Estuary,https://commons.cwrc.ca/orlando:a56cf46d-539f-494b-93f9-6c542307d413
The Eternal Wonder,https://commons.cwrc.ca/orlando:6b2aee3d-c3fc-4f36-84f6-39f89d621b90
The Ethical and Religious Import of Idealism,https://commons.cwrc.ca/orlando:195f3c5a-20f3-4388-b7e3-4a3b9ecb61d5
The Evil Eye and Other Stories,https://commons.cwrc.ca/orlando:bf6bd03f-5b1e-4af3-a706-039ae8d32c13
The Evil Genius,https://commons.cwrc.ca/orlando:96c1e271-6197-480a-a5ad-6092a99956f4
The Ex-Wives,https://commons.cwrc.ca/orlando:f7dd975d-197d-405f-921a-f0860f34e4ad
The Exclusives,https://commons.cwrc.ca/orlando:6b4ef670-bdc5-4327-9cbc-3672db551d9a
The Excursion,https://commons.cwrc.ca/orlando:2665bf8b-611f-4700-a5ce-37460a157c0b
The Exile,https://commons.cwrc.ca/orlando:608a1faf-326e-41d2-9789-02b30da8e75a
The Exiles,https://commons.cwrc.ca/orlando:39cb9547-ca3c-405c-a601-d4ed05e0e5d4
The Expensive Miss Du Cane,https://commons.cwrc.ca/orlando:0479e7e7-0c6e-435a-b437-8727d29a2012
The Experience of a Woman Journalist,https://commons.cwrc.ca/orlando:a7f82831-bca0-4d3b-945a-0b47d9988e4c
The Experience of Life,https://commons.cwrc.ca/orlando:d520420f-222c-49e5-8845-76dcc70c1488
The Extermination of Love,https://commons.cwrc.ca/orlando:c6ea2f5d-94a2-481c-9e9d-37a4eb019412
The Eye in the Door,https://commons.cwrc.ca/orlando:ceb5f3b7-c697-447e-aee9-92001e40e4b1
The Eye of the Hurricane,https://commons.cwrc.ca/orlando:94ee1573-f639-480a-be40-c154a319f629
The Eye of the Story: Selected Essays and Reviews,https://commons.cwrc.ca/orlando:defcb7f4-ac10-42c4-8ab8-d915262f1f18
The Face of the Earth,https://commons.cwrc.ca/orlando:203f5a56-4a60-432a-aaef-5681ae38209d
The Faculty of Communion,https://commons.cwrc.ca/orlando:8ec12dc1-75de-41c3-b1b1-ec0fe29cf687
The Faded Hope,https://commons.cwrc.ca/orlando:2cd4f41c-824a-43af-a26c-f1d240e47708
The Fair Captive,https://commons.cwrc.ca/orlando:57b6960a-e415-436d-8b8a-bec5b0681342
The Fair Jilt,https://commons.cwrc.ca/orlando:1be8f4cb-f388-42bf-80d5-803273dd2d2c
The Fair Moralist,https://commons.cwrc.ca/orlando:42940394-e437-4a38-9815-1fd873da15cd
The Fair of May Fair,https://commons.cwrc.ca/orlando:a0bfa482-a994-49e2-89a5-a52082096627
The Fairy Changeling and Other Poems,https://commons.cwrc.ca/orlando:296d58e9-add7-40e5-82f8-86c70832bde6
The Fairy Clogs,https://commons.cwrc.ca/orlando:101884f5-5954-4c0d-889c-a10eac4e9559
The Fairy Godmothers and Other Tales,https://commons.cwrc.ca/orlando:4908c3ff-61fa-48c7-b8df-e98c1f669a70
The Faithful Virgins,https://commons.cwrc.ca/orlando:3f275903-2ed1-4354-ad32-d04da17a102e
The Fall of the Imam,https://commons.cwrc.ca/orlando:64494dc0-9ab1-471b-9e5d-1e3a4f3d4161
"The False Friend; or, the Fate of Disobedience",https://commons.cwrc.ca/orlando:421fbe98-80ca-43b0-913f-36fbcde98b33
The Family Legend,https://commons.cwrc.ca/orlando:e6b62a49-1cf0-439a-9c2e-03f78ded2a83
The Family Magazine,https://commons.cwrc.ca/orlando:5634b2b6-e4e0-4b78-877a-b63446f1304f
The Family Name,https://commons.cwrc.ca/orlando:f1a0d51e-4619-4d5d-b072-d86974711154
The Fancy,https://commons.cwrc.ca/orlando:d2bd5828-3bf8-4d0e-8d71-09b4772e0a57
The Fanfarlo and Other Verse,https://commons.cwrc.ca/orlando:8030008c-d8bc-4183-a73b-6424c0b9ef52
The Far-Away Bride,https://commons.cwrc.ca/orlando:0b496646-b871-43af-a44b-11592e90195d
The Farm on the Hill,https://commons.cwrc.ca/orlando:e2e39bd3-dcda-4d36-a9d5-dc0373e20048
The Farthest Shore,https://commons.cwrc.ca/orlando:da9d0dba-fafd-472c-a6f5-700eeff17673
The Fashion in Shrouds,https://commons.cwrc.ca/orlando:bec63a8b-e280-4881-9562-cc8b0323534f
The Fashionable Friend,https://commons.cwrc.ca/orlando:d82bb7de-a03f-4982-8c4f-42fc255c5b8c
The Fashionable Friends,https://commons.cwrc.ca/orlando:fcee592b-e7ff-4f9d-bc73-6c12e8f7555d
The Fat Woman's Joke,https://commons.cwrc.ca/orlando:6df82ca0-657f-4eba-8140-420db39fb0ad
The Fat-Hen Field Hospital,https://commons.cwrc.ca/orlando:22c934af-a7c7-496f-8133-28cb9feec659
The Fatal Falsehood,https://commons.cwrc.ca/orlando:5dd8cb6a-9f9a-4f5a-83e7-a491ef293ada
The Fatal Legacy,https://commons.cwrc.ca/orlando:218fe390-8e7f-4023-896e-e6c8584ed712
The Fatal Secret,https://commons.cwrc.ca/orlando:71f48d21-d8f3-40b2-9bff-2b22d60e022b
The Fate of Adelaide,https://commons.cwrc.ca/orlando:56559e56-5905-4313-858f-b9552bfaf5fd
The Fate of Fenella,https://commons.cwrc.ca/orlando:d78c96c0-177b-4a66-8a08-ed78794ae390
The Fate of Mary Rose,https://commons.cwrc.ca/orlando:64bc65b2-cc88-4357-94ba-ebd101b2cdff
The Father and Daughter,https://commons.cwrc.ca/orlando:f8b87daa-dac1-4b7e-b433-c1e049be99d7
The Feast,https://commons.cwrc.ca/orlando:c01785fe-81a5-4cb5-998c-c646b867fbe8
The Feast of Eurydice,https://commons.cwrc.ca/orlando:250d5fcb-663d-4d56-aef7-b307f402de59
The Feigned Courtesans,https://commons.cwrc.ca/orlando:fb567610-30c5-4649-8d66-7de843d8d7ed
"The Female Emigrant's Guide, and Hints on Canadian Housekeeping",https://commons.cwrc.ca/orlando:36ef67fd-1460-4d8e-b1f1-88b472ceced6
The Female Eunuch,https://commons.cwrc.ca/orlando:279fdd04-6521-4937-aa48-51c6f3cf6e1e
The Female Geniad,https://commons.cwrc.ca/orlando:7338dcf9-619e-4048-b035-55048a13a99e
The Female Martyrs of the English Reformation,https://commons.cwrc.ca/orlando:32b06965-b20b-4e92-a12c-268527500f6f
The Female Quixote,https://commons.cwrc.ca/orlando:1c4c7e9a-1b60-4b7d-a554-7bcdec2721f3
The Female Reader,https://commons.cwrc.ca/orlando:7d9566f4-fe37-429e-801a-19494c2d336d
The Fiction-Makers,https://commons.cwrc.ca/orlando:730b72fa-dfe5-48ad-9d85-570dd84042ba
The Fiery Chariot,https://commons.cwrc.ca/orlando:91aa5ab5-f3b9-4a79-a72a-3776b457a7ca
The Fiery Dawn,https://commons.cwrc.ca/orlando:82da8fc8-6ca4-41f5-9872-575edfe857f2
The Fifth Child,https://commons.cwrc.ca/orlando:034dfc23-e55e-4fbf-8444-0760e2a5556a
The Fifth Decad of Cantos,https://commons.cwrc.ca/orlando:eff7f4a5-abb7-4daa-9105-a27c7beaf3a9
The Fifth Figure,https://commons.cwrc.ca/orlando:28689fb7-31c0-4853-9112-62d7eaf93405
The Fifth Generation,https://commons.cwrc.ca/orlando:cb4cf979-31c3-4f72-a28a-b7f1da2dab27
The Fight for Freedom for Women,https://commons.cwrc.ca/orlando:d2bbf189-d649-4f23-bbe4-5e6a00ed6087
The Fight of Faith,https://commons.cwrc.ca/orlando:347ab0ba-37c7-464d-b037-5b9bd0d109b4
The Figurative Speeches: by which God has veiled his Secrets,https://commons.cwrc.ca/orlando:d26d2020-715f-4f4c-8371-371bd97532d7
The Finishing Touch,https://commons.cwrc.ca/orlando:f7cf3c26-1ac0-482b-bfc5-70d220cf586e
The Fire of Milan,https://commons.cwrc.ca/orlando:5d949161-721e-4d8a-941e-c44247b1f07b
The Fire Within,https://commons.cwrc.ca/orlando:74910e24-24cb-4677-86ac-5459ac31ad5a
The Fire-Dwellers,https://commons.cwrc.ca/orlando:20c0a17e-3475-4274-a23c-a6b84a392705
The First Examinacyon of Anne Askewe,https://commons.cwrc.ca/orlando:7cb15443-d829-4c66-9bde-00ff827e9a0a
The First Impact of The Waste Land,https://commons.cwrc.ca/orlando:9dad1add-a31f-4b49-8131-85835d99e47c
The First of May,https://commons.cwrc.ca/orlando:0920aa40-e83c-45a1-9acd-b009aa4ace24
The First Person and Other Stories,https://commons.cwrc.ca/orlando:dcec7374-4f3a-410a-add8-fe591810b5e8
The First Violin,https://commons.cwrc.ca/orlando:c6bf218e-4ec0-4299-aecf-acd965667da9
The First Wife and Other Stories,https://commons.cwrc.ca/orlando:509a7130-3af2-4bc0-a8f0-d363335c962c
The First-Known and Other Poems,https://commons.cwrc.ca/orlando:ad3018e5-cc57-4f39-b661-025a3fad2503
The Five Thousand and One Nights,https://commons.cwrc.ca/orlando:7082548d-44ff-4120-ada3-8e684e99f209
The Five-Minute Marriage,https://commons.cwrc.ca/orlando:dba270ec-c2b6-4988-8b8e-594402df3f19
The Flame Trees of Thika,https://commons.cwrc.ca/orlando:7cec5ff8-9cff-46e0-ae16-c8cb298af4fe
"The Flight of the ""Meteor"", 1869-71",https://commons.cwrc.ca/orlando:e19b800e-cab0-4e51-9842-99b07a80e094
The Flight of the Falcon,https://commons.cwrc.ca/orlando:f2524d83-f552-4116-850a-3c694aba22a9
The Flight of the Maidens,https://commons.cwrc.ca/orlando:fb06cbce-e53b-4551-87eb-7a499faec152
The Flight of Time,https://commons.cwrc.ca/orlando:a1436fd8-e1c7-4faa-b18a-15018878cfd0
The Floating Admiral,https://commons.cwrc.ca/orlando:804b4874-59d5-4c81-ac22-68a21f599cd3
The Flood,https://commons.cwrc.ca/orlando:e9c97c7d-a05f-4960-9068-6587fde2b6ff
The Florida Swamps,https://commons.cwrc.ca/orlando:fde4f047-94ae-48c1-adaf-57ea39782e25
The Flower Master,https://commons.cwrc.ca/orlando:cc41bdda-c7d2-4c1b-9633-1d3ed8476368
The Flower of Forgiveness,https://commons.cwrc.ca/orlando:d5c9364c-9405-4ddc-ba93-4c055eebe662
The Flower of May,https://commons.cwrc.ca/orlando:da0cf654-5582-4570-a49b-2356859bdc95
The Flower-Patch Among the Hills,https://commons.cwrc.ca/orlando:51b35851-8ca1-42d5-be09-08ee5c5125c6
The Flowering of the Rod,https://commons.cwrc.ca/orlando:3a84ea79-8189-4ad8-aa13-631e53320eff
The Flurried Years,https://commons.cwrc.ca/orlando:be7c41fc-f229-4828-9272-8dfe9aa39f26
The Flying Carpet,https://commons.cwrc.ca/orlando:c2995dbd-792e-42ad-a81d-8d6715c57c8c
"The Flying Dutchman, and Other Poems",https://commons.cwrc.ca/orlando:c70c3b38-3353-4f49-bc2d-915b588d11b5
The Flying Months,https://commons.cwrc.ca/orlando:63684ffd-6475-467a-b406-f5adcdbd08fb
The Fool of the Family,https://commons.cwrc.ca/orlando:6713a1d2-eabf-416e-86c1-9d043bdf78c5
The Footfall of Fate,https://commons.cwrc.ca/orlando:62788c3f-4f8f-4551-9ece-1072f6bf0704
The Forc'd Marriage,https://commons.cwrc.ca/orlando:db869f12-8f26-464c-a988-baa9584f6786
The Ford Family in Ireland,https://commons.cwrc.ca/orlando:42262c10-557e-4402-be09-b70eab5a6175
The Foreigner,https://commons.cwrc.ca/orlando:69f0aa84-94e4-4b19-8c62-c52ca878c9bd
The Forest of Terrible Things,https://commons.cwrc.ca/orlando:4164e7f3-5844-4b78-9159-f949edce0e16
The Forest Sanctuary,https://commons.cwrc.ca/orlando:f8ea6b25-2a66-46d3-ac3f-c17090513dc2
The Forester,https://commons.cwrc.ca/orlando:17cf8eee-02f0-49a1-99cd-fed132a82406
The Forgotten Island,https://commons.cwrc.ca/orlando:aac94ac5-67a2-4cdb-ae7f-05fd4a1a1b58
The Forgotten Waltz,https://commons.cwrc.ca/orlando:b3757d06-4a73-4796-ad3b-0b3ec87f7802
The Fortunate Foundlings,https://commons.cwrc.ca/orlando:c5f88f65-f344-48c2-a8f5-da1658d80321
The Fortune of Christina M'Nab,https://commons.cwrc.ca/orlando:75cafcaf-89b5-45f6-8534-26ba78e2a020
The Fortunes of Harriette,https://commons.cwrc.ca/orlando:66f697d0-7925-477d-bc52-1c05ebdeeb3f
The Fortunes of Philippa,https://commons.cwrc.ca/orlando:8f9ba63e-7cab-4db5-8a4f-84f8440e0eb3
The Foundling,https://commons.cwrc.ca/orlando:67e56799-a079-4ed3-8078-a4b5723e02c4
The Fountain Overflows,https://commons.cwrc.ca/orlando:abb61669-21fd-46e1-b010-299017be32d8
The Four-Gated City,https://commons.cwrc.ca/orlando:6f730f1c-579e-473b-b038-ca554d7d9a69
The Fourteenth of October,https://commons.cwrc.ca/orlando:42df7290-531b-430c-b2ff-1782815e44c3
The Fourth Pig,https://commons.cwrc.ca/orlando:9c3b1b2e-f5df-49b3-8276-d4232c5f7848
The Fowler,https://commons.cwrc.ca/orlando:c4c8d98e-3ce5-484b-8688-59462ccb1e79
The Fox at the Manger,https://commons.cwrc.ca/orlando:648a16d8-0ce7-4e40-85d5-fbc00d52a0f5
The Franchise Affair,https://commons.cwrc.ca/orlando:285a732b-d8bb-482e-aa4c-1ed28d7ad514
The Freedmen's Book,https://commons.cwrc.ca/orlando:05da6125-d56c-4273-a092-3a193a090c9a
The French Historie,https://commons.cwrc.ca/orlando:1560d694-a9ee-4322-92c5-078d6a040676
The French Window,https://commons.cwrc.ca/orlando:ebd74268-f98a-470f-b2ca-bc73672617c3
The Friendly Foe,https://commons.cwrc.ca/orlando:a79b0da1-58ee-48e2-aca3-725e22a9962c
The Friendly Young Ladies,https://commons.cwrc.ca/orlando:905dae16-87b7-4ca7-9298-58490dbacb01
"The Friends; or, The History of Harcourt and Powlett",https://commons.cwrc.ca/orlando:3483a8e0-86b9-44c9-8bca-aac20f977276
The Frog Prince,https://commons.cwrc.ca/orlando:94e98b5b-cc5d-48e4-a122-b8c9b9ec9a83
The Frolicks,https://commons.cwrc.ca/orlando:0e4e5eb2-fe70-479c-86f9-131a2207a564
"The Frozen Earth, and Other Poems",https://commons.cwrc.ca/orlando:27dc9589-31ee-4299-9e8d-e1cff4236f45
The Frugal Housewife,https://commons.cwrc.ca/orlando:7b0b3447-0552-4986-8be6-c043cabba913
The Fruit of her Hands,https://commons.cwrc.ca/orlando:b7c3fd0a-3219-4ffd-a314-94dbc651c797
The Fruitless Enquiry,https://commons.cwrc.ca/orlando:36abb95c-41d5-4dbc-b3f3-b733b628820d
The Fugitive,https://commons.cwrc.ca/orlando:80c4713e-6d5d-4718-9107-26265ff96654
The Fulfords,https://commons.cwrc.ca/orlando:7dd5830d-e58d-4c42-9a72-995e85720c76
The Full Moon,https://commons.cwrc.ca/orlando:23d7e698-f49b-44f5-846a-62e273c997aa
The Funeral. A Monody to the Memory of Princess Charlotte,https://commons.cwrc.ca/orlando:8fdc4e78-9fdc-4835-a2f5-cc2ea7feb0e2
The Furies of Irish Fiction,https://commons.cwrc.ca/orlando:9bcac064-d4d3-4cfe-9cb0-f7f1e8313d60
The Further Venture Book,https://commons.cwrc.ca/orlando:b865aa13-c342-49cd-9ef0-7a876c66a2d8
The Gadfly,https://commons.cwrc.ca/orlando:579e44f8-2abe-4092-acd3-360a5db12550
The Gambler's Wife,https://commons.cwrc.ca/orlando:166e4643-afaf-4010-889e-7bd797616ec9
The Game,https://commons.cwrc.ca/orlando:6272e1d6-e136-476b-b754-8e63e938932e
The Gamesters,https://commons.cwrc.ca/orlando:fce52981-6b65-4f47-b7b5-09d35540c7c0
The Gap in Time. The Winter's Tale Retold,https://commons.cwrc.ca/orlando:b23739bf-885c-45e9-b40f-8e9ad431be1e
The Garden,https://commons.cwrc.ca/orlando:7c36a166-5d50-4e27-af71-4c00d2fbf7cc
The Garden of Contentment,https://commons.cwrc.ca/orlando:1da00742-2bcb-49a2-95b6-3327cb8fa69e
The Garden of Fidelity,https://commons.cwrc.ca/orlando:9074f2d7-6b6b-4c82-860d-c319f7c1303c
The Garden of Káma,https://commons.cwrc.ca/orlando:738b218f-8e1e-4c25-ae3d-bdf5c0d633de
The Garden of the Villa Mollini and Other Stories,https://commons.cwrc.ca/orlando:2d2a1cb5-e715-40d7-aa86-073a83b02a4d
The Garden Party and Other Stories,https://commons.cwrc.ca/orlando:4198f326-f453-4b7a-8520-d5915559995b
The Garrick Year,https://commons.cwrc.ca/orlando:91e51b30-2e77-4831-9c07-a6b48ca50fad
The Gate of Angels,https://commons.cwrc.ca/orlando:e6b07e34-ddde-4e64-801c-7a6e00b78f84
The Gateless Barrier,https://commons.cwrc.ca/orlando:6251c623-3392-423d-a892-b3067c0e5c93
The Gates Ajar,https://commons.cwrc.ca/orlando:38ae7fea-3b76-4c24-8227-38f80162cb7d
The Gates Between,https://commons.cwrc.ca/orlando:cdd8e810-83ac-4f69-8ad7-f41a274a2639
The Gates of Ivory,https://commons.cwrc.ca/orlando:39050e89-4ff6-4072-8dc9-84a410cb2b7c
The Gathering,https://commons.cwrc.ca/orlando:645a0f8a-e18c-4603-a36b-58399ea382ea
The Gathering Storm,https://commons.cwrc.ca/orlando:28caa89e-b0d6-4630-b6e4-c139a663495d
The Gay Book,https://commons.cwrc.ca/orlando:0461f333-7119-4eac-924f-d3f9bed354f8
The Genius of the Future,https://commons.cwrc.ca/orlando:d73b6e5b-a02a-43cd-9176-d57092bae509
The Georgian Novel and Mr. Robinson,https://commons.cwrc.ca/orlando:3608bd8c-84ff-4fd1-b7bf-5e1e3b46006f
The Getting of Vellum,https://commons.cwrc.ca/orlando:96e132bc-9352-401c-97fd-ff1ebc2cd8a0
The Ghost Road,https://commons.cwrc.ca/orlando:376159c5-cc5a-438f-849a-ed7602d1c868
"The Giant, O'Brien",https://commons.cwrc.ca/orlando:4226b6ef-2436-4516-be01-1f4737232e1d
The Gift,https://commons.cwrc.ca/orlando:695e86df-2c9a-4062-852b-9f9f5167fb00
The Gift of the Gods,https://commons.cwrc.ca/orlando:5b03e3bb-7f9e-449c-98fb-b5f5afb98515
The Gingerbread Woman,https://commons.cwrc.ca/orlando:20310566-db50-4049-91b8-2f11c7c83f00
The Girl at the Dower House and Afterward,https://commons.cwrc.ca/orlando:3f779c2f-1d53-4251-8118-7903242300d3
"The Girl in Black, and Bronzie",https://commons.cwrc.ca/orlando:6ceffe19-1a1e-49fb-a173-03b49285958f
The Girl in the Cellar,https://commons.cwrc.ca/orlando:64fe78e1-c11c-4354-b24e-f2af83c8f671
The Girl in the Polka Dot Dress,https://commons.cwrc.ca/orlando:b5b7ff89-53f8-4df1-9a45-945256dbe5c4
The Girl in the Studio,https://commons.cwrc.ca/orlando:0fa2cf3a-8610-4384-9f0f-b81a7c492b94
The Girl Who Married the Reindeer,https://commons.cwrc.ca/orlando:d9bca2f4-ede1-4902-b486-bad6e7dbd513
The Girlhood of Queen Victoria,https://commons.cwrc.ca/orlando:ee504104-2ac9-4d9c-9ba4-39a22741e3ca
The Girls at his Billet,https://commons.cwrc.ca/orlando:8edba084-9807-4fbf-b0fd-cf0ff0ac0776
The Girls of Feversham,https://commons.cwrc.ca/orlando:dbb005cd-1f1a-4163-b274-0dbb9e784283
The Girls of Slender Means,https://commons.cwrc.ca/orlando:0a6ef583-a72d-43ec-970b-00a8a6645a27
The Girls of St. Wode's,https://commons.cwrc.ca/orlando:5e70c218-b28b-4536-b448-b0ecda7952dd
The Giveaway,https://commons.cwrc.ca/orlando:269285fd-246b-4db5-961d-a1e947cd6329
The Glad Book,https://commons.cwrc.ca/orlando:d86d1fe2-1972-4116-a66a-ad595a40b58c
The Glass Alembic,https://commons.cwrc.ca/orlando:cfa355c1-7c8a-428c-bd71-84de8c04ae8f
The Glass Angels,https://commons.cwrc.ca/orlando:0198ad32-0589-40ec-bb0f-1302e0020597
The Gleaner,https://commons.cwrc.ca/orlando:d19408f3-7f12-4605-ae37-9557ae272233
The Glen Book,https://commons.cwrc.ca/orlando:3b66df92-55a5-4397-891b-95d38ec07b19
The Glen o' Weeping,https://commons.cwrc.ca/orlando:09dde952-a128-4641-b8a0-93dbc6bfd8fa
The Go-Away Bird with Other Stories,https://commons.cwrc.ca/orlando:9bbed205-940c-4cb3-82a1-c35c51ad4032
The Goal,https://commons.cwrc.ca/orlando:884956e8-3ea1-45f3-a2ec-c0a0d48fbe0d
The Gobi Desert,https://commons.cwrc.ca/orlando:24c27c06-813e-4b51-870f-f1905e5fec74
The Godmother's Tales,https://commons.cwrc.ca/orlando:9e1fd2fc-900c-4d13-8e3a-f02c6b4fa397
The Gods Arrive,https://commons.cwrc.ca/orlando:b4e23a92-342e-401c-aa36-dc1956687f47
The Gold Tip Pfitzer,https://commons.cwrc.ca/orlando:5963049f-2b13-402b-84fc-432a75b7cbaf
The Golden Apples,https://commons.cwrc.ca/orlando:0691256d-1922-4a83-aa32-afdf357d6c2d
The Golden Arrow,https://commons.cwrc.ca/orlando:0aeeb39c-2d3b-4d10-a408-fabac8c8c6df
The Golden Bowl,https://commons.cwrc.ca/orlando:4192aa12-720c-4739-8eb3-bf8c9f45c7e8
The Golden Chersonese and the Way Thither,https://commons.cwrc.ca/orlando:a4586fcf-7506-4429-a99a-b24e17b99a19
The Golden Child,https://commons.cwrc.ca/orlando:af88f86a-5122-4680-bd02-ab8712290fe0
The Golden Garland of Inestimable Delights,https://commons.cwrc.ca/orlando:4557c314-5693-4744-a522-a479da6bafc9
The Golden Road,https://commons.cwrc.ca/orlando:330ea159-aea8-4f54-8721-fd4a12451fb3
The Good Apprentice,https://commons.cwrc.ca/orlando:2b591ebf-e34c-4357-ad03-18c011e5a8cf
The Good Earth,https://commons.cwrc.ca/orlando:4659ee65-8205-4d97-9c55-df036c6b53c2
The Good Hope,https://commons.cwrc.ca/orlando:97149739-56d0-4437-907b-3fc8175cf33a
The Good Husband,https://commons.cwrc.ca/orlando:310cf0d1-c222-42de-98c8-7bde6c13c5e1
The Good Listener,https://commons.cwrc.ca/orlando:5c0cc311-58e7-4d26-90dc-d9cc85eeeb1e
The Good Tiger,https://commons.cwrc.ca/orlando:597c74ad-32d1-4e27-b42b-ebd1c3d73f77
The Gospel of Atheism,https://commons.cwrc.ca/orlando:77507977-0012-4a7b-a98e-be830e38897f
The Government of the Tongue,https://commons.cwrc.ca/orlando:e166952c-9879-4f28-ba26-cead00ba59a8
The Grace of Mary Traverse,https://commons.cwrc.ca/orlando:43b89766-e98c-4e75-b363-36683313ec98
The Grass is Singing,https://commons.cwrc.ca/orlando:7b712801-fc72-4837-8580-a5ef3e00e488
The Grateful Sparrow and Other Tales,https://commons.cwrc.ca/orlando:4fcdbe5b-0b52-415b-a4dc-53f6f87b73d4
The Great Fortune,https://commons.cwrc.ca/orlando:8798e01a-8547-423c-addc-409efecc2513
The Great Port,https://commons.cwrc.ca/orlando:5977299c-3adc-4786-82d1-32049388babe
The Great Wave,https://commons.cwrc.ca/orlando:170bba37-d3dc-4a08-8fd0-14fa6a8543fa
The Great Wave and Other Stories,https://commons.cwrc.ca/orlando:bd3494da-cd97-40d2-a516-42eb8c8fd8f7
The Greatcoat,https://commons.cwrc.ca/orlando:2bb38e6e-ba30-4795-934f-af3358d466c4
The Greater Inclination,https://commons.cwrc.ca/orlando:3fb72221-4254-4a57-98b4-0b3948b61f0a
The Greatest Drama Ever Staged,https://commons.cwrc.ca/orlando:a2ca94ee-d5f7-4ab4-b343-84239e114867
The Green Knight,https://commons.cwrc.ca/orlando:4fd0815c-67fa-4dda-b302-15319707cd59
The Green Man,https://commons.cwrc.ca/orlando:0e29733f-bec3-4e84-a562-4d723752ac45
The Green Road,https://commons.cwrc.ca/orlando:e069d3d1-6d02-40a3-a25d-0176968e2b4e
The Green Stuff,https://commons.cwrc.ca/orlando:7a777224-7733-48c5-a3f4-5d95dd2680f7
The Greengage Summer,https://commons.cwrc.ca/orlando:da5f2b23-f555-4f13-9710-6418720a3442
The Greenhouse,https://commons.cwrc.ca/orlando:ad2a0db6-0b24-470c-890d-a0c042bc0859
The Grey Dancer,https://commons.cwrc.ca/orlando:714927fe-db20-49ab-9915-49b7719c74d3
The Grey World,https://commons.cwrc.ca/orlando:0776e566-af9d-4d70-8d5c-ec480a42ba6c
The Groves of Academe,https://commons.cwrc.ca/orlando:d889889b-7841-4e99-bebb-3fb7b1312dd5
The Growing Pains of Adrian Mole,https://commons.cwrc.ca/orlando:3141d813-d1d2-4f4a-81e1-b410761a0141
The Guardian of Education,https://commons.cwrc.ca/orlando:2163b258-e52a-4285-aef0-a186a7fbd488
The Guiding Thread,https://commons.cwrc.ca/orlando:c454b471-9dab-473a-856d-0e108fb7315b
The Gunpowder Plot: Terror & Faith in 1605,https://commons.cwrc.ca/orlando:60249587-2675-4b6e-a7e5-a0637b7b8545
The Gustav Sonata,https://commons.cwrc.ca/orlando:2d934b4c-31e3-40d2-9c4d-764c24837b19
The Gypsy's Baby,https://commons.cwrc.ca/orlando:fac01a2b-2163-49fa-8414-66d1fd54b69a
The Half Sisters,https://commons.cwrc.ca/orlando:e80072a7-c70f-4c77-8be5-d3e7c359d24b
The Half-Caste,https://commons.cwrc.ca/orlando:db18a50e-01b3-4323-b060-c6e2160b88fb
The Hallowed Spots of Ancient London,https://commons.cwrc.ca/orlando:cae75d89-7408-44fe-8106-7fd55f86a353
"The Hamiltons; or, Official Life in 1830",https://commons.cwrc.ca/orlando:a73b6e42-1c9e-401b-b508-d1371138c98d
The Handyman,https://commons.cwrc.ca/orlando:e12326b7-97ec-4cf9-95e8-ec6edabe7ed2
The Happiness Bird,https://commons.cwrc.ca/orlando:43e9301e-de39-4f96-9509-b96261dc4e81
The Happy Bride,https://commons.cwrc.ca/orlando:06144e79-9980-4fe2-8012-9f0551279bb5
The Happy Foreigner,https://commons.cwrc.ca/orlando:d84dbb98-9b9c-4df7-8623-ade48d72a4bb
The Happy Highways,https://commons.cwrc.ca/orlando:37640f33-9fd0-4dce-8076-b8c0a98645c8
The Happy King,https://commons.cwrc.ca/orlando:113fa5f8-e4b8-4fc0-aaaf-190fe66d26d9
The Happy Prisoner,https://commons.cwrc.ca/orlando:ea11824a-0a5a-472e-9e55-424d4a951381
The Happy Tree,https://commons.cwrc.ca/orlando:84c8c399-b28e-464f-99e9-bed315aa5d90
The Happy-Unfortunate,https://commons.cwrc.ca/orlando:8a7de29c-b8f1-4a7e-a1df-89b6ad008c13
The Hardships of the English Laws in relation to Wives,https://commons.cwrc.ca/orlando:7cb58a7e-e592-4f95-b374-df73991c1c11
"The Harp-Weaver, and Other Poems",https://commons.cwrc.ca/orlando:6b301f22-f283-45a7-9d1a-7bccf63aba6f
The Harsh Voice,https://commons.cwrc.ca/orlando:cdae6388-470e-4d5d-a2f1-335b4abbe68c
The Haunted River: A Christmas Story,https://commons.cwrc.ca/orlando:48ca406f-9bd4-4511-8404-951de5ff3bda
The Haunting of Lamb House,https://commons.cwrc.ca/orlando:3b7da12c-5464-412b-814d-9405fbc7225c
The Haven under the Hill,https://commons.cwrc.ca/orlando:22fb29ba-90f3-419f-beab-a93adaad0191
The Haw Lantern,https://commons.cwrc.ca/orlando:64c2448d-d2ce-4691-abc0-1418fca89573
The Head of the House of Coombe,https://commons.cwrc.ca/orlando:72836197-de29-458f-8b95-88452b847278
The Headmistress,https://commons.cwrc.ca/orlando:5928cee1-c446-40cb-83db-9df763b2ebde
The Heart Goes Last,https://commons.cwrc.ca/orlando:9dff5263-7cbd-432b-ae47-6e83fb88f9d1
The Heart of a Child,https://commons.cwrc.ca/orlando:953acc71-f8a7-4238-869d-a6d1c20df07b
The Heart of Darkness,https://commons.cwrc.ca/orlando:9544e8e2-0534-40c5-ae3e-5fb536042a30
The Heart of London,https://commons.cwrc.ca/orlando:580ee18c-0d14-4218-bc49-3dc04e480759
The Heart of the Country,https://commons.cwrc.ca/orlando:ad5fecca-97aa-470e-b63d-22f2c3950b06
The Heart of the Family,https://commons.cwrc.ca/orlando:a6a24119-2879-407c-a4b3-b5f5ccb1aaaf
The Heart of the Matter,https://commons.cwrc.ca/orlando:80c84897-3690-447f-8715-d9519e5f668a
The Hearts and Lives of Men,https://commons.cwrc.ca/orlando:59e953ba-f64c-40d9-8a05-eeb04ccf0b71
The Heat of the Day,https://commons.cwrc.ca/orlando:e2bc9d54-cbbe-42dc-8f84-22cb02a58bf9
The Heavenly Twins,https://commons.cwrc.ca/orlando:546afff7-2f8e-4805-8f7e-5f9c857cd32b
The Heir,https://commons.cwrc.ca/orlando:f63baf95-b7e3-485b-a2a8-6c866c9d35a7
"The Heir of Drumcondra; or, Family Pride",https://commons.cwrc.ca/orlando:76484665-486f-4bfa-8f77-9a9bda2a0f1e
The Heir of Fairmount Grange,https://commons.cwrc.ca/orlando:c7dbb651-0c30-43e3-ab67-50e0416a6147
The Heir of Wast-Wayland,https://commons.cwrc.ca/orlando:4c245be1-fbce-4ce5-b423-b03c149005bb
The Heirs of Blackridge Manor,https://commons.cwrc.ca/orlando:70dfdcf2-4ac2-41a3-b779-88628e9264e3
The Helpmate,https://commons.cwrc.ca/orlando:4878e9ad-c974-4fbc-a799-989a37283fbf
The Herb of Grace,https://commons.cwrc.ca/orlando:23ed5c12-cf04-4a3a-bc0e-485866f31f24
The Hermaphrodite Album,https://commons.cwrc.ca/orlando:c3a2ec01-b347-402a-858f-f722cfe33839
The Heroes of Asgard,https://commons.cwrc.ca/orlando:db388c69-67cd-4119-8ff8-70ff1f8240c0
The Hidden Face of Eve,https://commons.cwrc.ca/orlando:e49845e2-ac77-4cad-9650-18224a431225
The Hidden Flower,https://commons.cwrc.ca/orlando:d96504a1-2a0e-412c-aa0b-d4f700123ba1
The Hidden Sin,https://commons.cwrc.ca/orlando:87e83f72-5128-453e-af1c-aa06884a49f3
The Hidden Tragedy,https://commons.cwrc.ca/orlando:7eda258e-5423-4045-8ee2-9de19f693135
The High Road,https://commons.cwrc.ca/orlando:8e456c78-e6cf-4c4a-9638-5b5dab4d0523
The High Tower,https://commons.cwrc.ca/orlando:866fcc05-cdd2-4d97-98b9-66d76387e52e
The High-Caste Hindu Woman,https://commons.cwrc.ca/orlando:14006f39-2918-46ef-ad23-cb9fcb1795df
The Highland Lady in Ireland,https://commons.cwrc.ca/orlando:5913b54d-15dd-4cfc-a949-6e11b8b24287
The Highlanders and Other Poems,https://commons.cwrc.ca/orlando:188b7047-f3d6-4322-9d68-a2444a0f40fc
The Hinderers,https://commons.cwrc.ca/orlando:9cc366bd-87cf-4ca3-b3b0-500bcae51f3d
The Histories and Novels,https://commons.cwrc.ca/orlando:e9214279-9ae1-42bd-8eda-fdf5b6b1514a
The Histories of Some of the Penitents in the Magdalen-House,https://commons.cwrc.ca/orlando:0e9f0a3d-6dbc-4cf2-9d28-c016ff9a8990
The History of a Flirt,https://commons.cwrc.ca/orlando:2bba3330-d518-43ee-b0e3-780d3bdcecd1
The History of a Prayer Book,https://commons.cwrc.ca/orlando:495e9987-009a-4936-8425-579b02d33430
The History of Alicia Montague,https://commons.cwrc.ca/orlando:8caf4bcb-9819-4ca3-8d27-2421f20d5a7c
The History of an Adopted Child,https://commons.cwrc.ca/orlando:9b8bdf61-47b7-45c2-af93-83b944359651
The History of an Officer's Widow and her Young Family,https://commons.cwrc.ca/orlando:90839425-36c5-449f-8658-864335cec279
The History of Charles Mandeville,https://commons.cwrc.ca/orlando:c0bd8189-b933-4957-a88c-1e2bd1559589
The History of David Grieve,https://commons.cwrc.ca/orlando:6811ae55-85f3-42cf-9a11-1fdb352de6ad
The History of Eliza,https://commons.cwrc.ca/orlando:59d72e6b-2836-415d-85fc-ececbded06fc
The History of Emily Montague,https://commons.cwrc.ca/orlando:b411efbf-a841-4944-bda3-1c5237d3900f
The History of England During the Thirty Years' Peace: 1816-1846,https://commons.cwrc.ca/orlando:0c9a804c-19a0-4977-83a7-a44df93ea06f
The History of Fanny Meadows,https://commons.cwrc.ca/orlando:e660caee-ac64-46a0-bc40-ef00c3e9c404
The History of Jemmy and Jenny Jessamy,https://commons.cwrc.ca/orlando:b1f71b00-207a-41dc-be81-e6351579212d
The History of Joseph. A Poem,https://commons.cwrc.ca/orlando:f9b59f00-5708-4218-8bd2-44c0d3e2ef56
The History of Lady Julia Mandeville,https://commons.cwrc.ca/orlando:bacad2ca-80e0-4db5-a96b-1ef3bdbfe377
The History of Little George and His Penny,https://commons.cwrc.ca/orlando:74cc91b5-93ec-4057-96bc-818259d55e15
The History of Lucy Wellers,https://commons.cwrc.ca/orlando:5c051377-0df5-468f-939e-ef2e803d2b26
The History of Maria Kittle,https://commons.cwrc.ca/orlando:2b542b85-6717-429e-b83d-9556be701fa0
The History of Miss Betsy Thoughtless,https://commons.cwrc.ca/orlando:76ad65e1-6b58-4f42-91b7-2236de79f476
The History of Miss Clarinda Cathcart and Miss Fanny Renton,https://commons.cwrc.ca/orlando:efde77b4-1a0e-495a-af9c-162e07607314
The History of Miss Harriot Watson,https://commons.cwrc.ca/orlando:70138825-53e8-4858-bedb-0abd2b68fd46
The History of Miss Leonora Meadowson,https://commons.cwrc.ca/orlando:167029b1-5e71-48ec-a337-081dd700231e
The History of Miss Sally Sable,https://commons.cwrc.ca/orlando:4bc28480-e827-4a9e-9d39-fa8ded7834bf
The History of Myself and My Friend,https://commons.cwrc.ca/orlando:bd1fc2d0-5035-4d23-ba5f-be6010622c96
The History of Nourjahad,https://commons.cwrc.ca/orlando:f87ea36c-5a97-4da4-b9ac-525b5504c4d0
The History of Oracles,https://commons.cwrc.ca/orlando:5cef4166-f387-482d-b525-31467d314ec7
The History of Our Cat Aspasia,https://commons.cwrc.ca/orlando:308ddbf0-d47a-4909-8545-6dab543950ff
The History of Sir Richard Calmady,https://commons.cwrc.ca/orlando:67250a60-e46c-46a1-a474-5388423405a2
The History of Susan Gray,https://commons.cwrc.ca/orlando:e8274041-a5a9-4ee7-adc0-6e4b75a0657f
"The History of Susan Spray, the Female Preacher",https://commons.cwrc.ca/orlando:48b77bcc-e99a-4d04-aa1a-74347dc55fb5
The History of the Fairchild Family,https://commons.cwrc.ca/orlando:d8eb4b58-62fb-47d5-9636-1bb06af814a8
The History of the Houses of Douglas and Angus,https://commons.cwrc.ca/orlando:3160153f-d9e7-4466-bc8c-8da46cb98de3
The History of the Most Unfortunate Prince King Edward II,https://commons.cwrc.ca/orlando:3d300f00-1905-43a2-b55a-dc421624c3c3
The History of the Nun,https://commons.cwrc.ca/orlando:bce675bd-e53c-4d38-8e83-8bc53c617642
The History of the Prayer Book,https://commons.cwrc.ca/orlando:f5246dce-3a76-4ec0-b014-1776d4cae2fa
The Historyes and Chronicles of the World,https://commons.cwrc.ca/orlando:4d5fb00e-fac9-4f98-ba35-fa60194ee150
The Holiday Friend,https://commons.cwrc.ca/orlando:f470dc06-13bd-4ed1-8ab8-fa90b833a531
The Holly Queen,https://commons.cwrc.ca/orlando:1e9b9536-e703-4731-bca5-7822b3188f82
The Holy War,https://commons.cwrc.ca/orlando:c52d70dc-46f2-4ad2-8e84-8f4fad76dc9a
The Home,https://commons.cwrc.ca/orlando:9a6b663e-f293-446c-b61c-571305de2299
The Home Life and Letters of Mrs Ellis,https://commons.cwrc.ca/orlando:4fe69c9e-bccf-46e5-8927-089537e72f5a
The Homes and Haunts of the Italian Poets,https://commons.cwrc.ca/orlando:936ab379-ff53-4783-8075-cce8144e6cc0
The Hon. Miss Ferrard,https://commons.cwrc.ca/orlando:96f9f5a4-90ab-4f2d-bc84-77283aaad97c
The Honey Pot. A Story of the Stage,https://commons.cwrc.ca/orlando:3d6fd202-bd87-428a-9bb8-5521598ed364
The Honours Board,https://commons.cwrc.ca/orlando:af64571e-37d3-48df-9fff-45b91f325ba6
The Horoscope,https://commons.cwrc.ca/orlando:eb9d224d-29e2-499a-8db6-0e3e2a605d9c
The Hospital Where the Plague Broke Out,https://commons.cwrc.ca/orlando:f76ce5a8-2261-49f8-a0d4-9318ab64da89
The Hosts of the Lord,https://commons.cwrc.ca/orlando:5eda659c-d59e-4333-99ec-dabf9cd015f3
The Hôtel du Petit St. Jean,https://commons.cwrc.ca/orlando:27e88197-aefd-4924-b029-b84df0636624
The Hothouse,https://commons.cwrc.ca/orlando:00704248-d350-474b-8019-b14461ed4297
The Hothouse by the East River,https://commons.cwrc.ca/orlando:caf241cb-46c1-43e6-ad60-509e9f4fca33
The Hound and the Falcon,https://commons.cwrc.ca/orlando:88e5341a-8bb2-4823-987a-e3916e00c47b
The Hour and the Man,https://commons.cwrc.ca/orlando:a9e118c9-b96c-4911-8ad3-0c273f2fcaff
The Hour of Destiny,https://commons.cwrc.ca/orlando:248d19e8-f288-4418-9516-a43d15bfb43c
The Hours of the Passion and Other Poems,https://commons.cwrc.ca/orlando:c65d841a-74db-471a-adca-0f83cb465079
The House,https://commons.cwrc.ca/orlando:28dcf3d0-3576-4ef2-9dd5-4075100255f1
The House at Old Vine,https://commons.cwrc.ca/orlando:bf87872b-c2c7-410f-b346-cb0101dae207
The House at Sunset,https://commons.cwrc.ca/orlando:70ec1e46-64cb-4058-896a-31712d95cde5
The House in Clewe Street,https://commons.cwrc.ca/orlando:45214775-aed8-4f0b-a3b1-274800f6ce3d
The House in Dormer Forest,https://commons.cwrc.ca/orlando:f34121e2-9ddf-41f7-a03c-35b60225f97c
The House in Paris,https://commons.cwrc.ca/orlando:328b492f-b5f5-4dbe-a8bd-69834b86dd72
The House in the Hollow,https://commons.cwrc.ca/orlando:252970e2-eaa3-4d3c-8f38-b4c98a0a5ba6
The House of Arden,https://commons.cwrc.ca/orlando:27b73b50-7b99-473b-a8a8-27040048aaf3
The House of Clouds,https://commons.cwrc.ca/orlando:ba1c3409-6661-40de-9c14-bc702abc7fc7
The House of Fear,https://commons.cwrc.ca/orlando:a48365dc-6d34-4e40-b870-565d33f80ae0
"The House of Hope, Poems",https://commons.cwrc.ca/orlando:0d34dcf7-2fff-4bee-b1ce-92db13a6fae6
The House of Many Mirrors,https://commons.cwrc.ca/orlando:d307b5bb-2fa7-4247-9386-8ef53bf0a432
The House of Moreys,https://commons.cwrc.ca/orlando:b7619f4d-91b1-4fbd-b2fd-f8857f18f1f7
The House of Robershaye,https://commons.cwrc.ca/orlando:c9d64b3f-8bf8-4c09-ab54-e0d94ce48ed4
The House of Stairs,https://commons.cwrc.ca/orlando:78bf66eb-0751-487a-bd8e-4e09f09d05d3
The House on the Bogs,https://commons.cwrc.ca/orlando:234e6171-fef1-471a-91af-d33432ebcff1
The House on the Strand,https://commons.cwrc.ca/orlando:43312ef7-4d1e-4f2b-97f1-75ea1507b4f3
The House Party,https://commons.cwrc.ca/orlando:5bbbd456-03a4-476f-b753-357986639f34
The Household Fairy,https://commons.cwrc.ca/orlando:951b5eb2-106d-4212-827b-7253a44a19ae
The Householder,https://commons.cwrc.ca/orlando:3d733f7c-e09f-43e4-ba3b-57bdc06f61ad
The Human Face Divine and Other Tales,https://commons.cwrc.ca/orlando:8cd3bba5-ff0c-4362-a55c-c82873f60334
The Human Factor,https://commons.cwrc.ca/orlando:8084e263-7723-4ab4-b9f6-16b20c063315
The Human Heart,https://commons.cwrc.ca/orlando:9fe7c9fd-18d7-4c49-af62-f4fb33ee7451
The Human Interest,https://commons.cwrc.ca/orlando:fb366778-87b1-4094-8a18-6817414d85e5
The Humble Address of the Widow Whitrowe to King William,https://commons.cwrc.ca/orlando:61f8d4ef-740a-4d1f-8c97-f4017c63da71
The Humble Salutation and Faithful Greeting of the Widow Whitrowe to King William,https://commons.cwrc.ca/orlando:6c0dec49-0e72-48e0-a2fd-b97dfcd4dcc9
The Humbler Creation,https://commons.cwrc.ca/orlando:ea481f2e-6647-4d88-96a3-c8c80d9bd80c
The Humming Bird,https://commons.cwrc.ca/orlando:7040d72e-187a-4d91-bb04-4b7e98678351
The Humours of Brighthelmstone,https://commons.cwrc.ca/orlando:a38ce632-4d9e-4949-b5b0-739ee49fbe2d
The Hundred and One Dalmatians,https://commons.cwrc.ca/orlando:a87e20ec-b92f-47d8-bd59-81dcd3b2ae8d
The Hungarian Brothers,https://commons.cwrc.ca/orlando:586f3029-ab9f-4464-a731-d934581aa5a4
The Icarus Girl,https://commons.cwrc.ca/orlando:8de85916-8fd0-4774-8a95-da6a06996d7e
The Ice Age,https://commons.cwrc.ca/orlando:ae1582d0-1b19-4f3e-8a1a-965b0a9cc0f1
The Ice People,https://commons.cwrc.ca/orlando:bee5886b-7ec6-4467-b36e-3229dd61b015
The Idealist and Mary Treherne,https://commons.cwrc.ca/orlando:6b0ddb94-791b-446e-a440-456c60e9eb5b
The Idler in France,https://commons.cwrc.ca/orlando:09b404cc-7fa4-49dd-8114-f96ea5533cbd
The Idler in Italy,https://commons.cwrc.ca/orlando:39e989ec-93e9-4963-8f40-0a8197a58d21
The Idol and the Shrine,https://commons.cwrc.ca/orlando:ed10956f-eae9-4701-8217-7fd7cd77495b
The Illusionist,https://commons.cwrc.ca/orlando:e9ec0b0c-4bf2-449d-9bc3-713a3ff96c56
The Image,https://commons.cwrc.ca/orlando:2f1ca054-2f1c-4baf-bbff-1445262383e6
The Imperialist,https://commons.cwrc.ca/orlando:c92e8cec-3396-426e-95a8-e59a5ed06950
The Improvisatrice,https://commons.cwrc.ca/orlando:b3ee4869-97f0-4ca1-ba4c-1ceefae81453
The Incident Book,https://commons.cwrc.ca/orlando:6b2a8a64-1d69-4081-abac-30540f882ec3
The Incredible Honeymoon,https://commons.cwrc.ca/orlando:640b25b9-4851-4399-8f19-343a25b1bb45
The Incurable,https://commons.cwrc.ca/orlando:130b3fdc-9c90-4a7d-b320-048569c8f7bb
The Indian Pilgrim,https://commons.cwrc.ca/orlando:c7ca5c77-2edf-48d6-b31a-0fc8f20c20ba
The Industrial Value of Women,https://commons.cwrc.ca/orlando:4822be6d-3539-41f9-bd1d-5eac6339de36
The Infant's Progress,https://commons.cwrc.ca/orlando:d7b1f545-bb82-4f42-9d86-696e4ea17a3d
The Infernal Desire Machines of Doctor Hoffman,https://commons.cwrc.ca/orlando:68b0d906-e364-4d78-9b47-612adaa5e2af
The Infernal World of Branwell Brontë,https://commons.cwrc.ca/orlando:c68f68e0-ff38-4949-9fd7-fa3ef5ea8c66
The Infidel Father,https://commons.cwrc.ca/orlando:ef2daeb0-f1ab-421c-a37f-ddf067f6afe4
The Inflexible Captive,https://commons.cwrc.ca/orlando:2af46650-7e40-468a-8afa-ff4c1ac6739b
The Ingenious and Diverting Letters of the Lady — Travels into Spain,https://commons.cwrc.ca/orlando:bcdde050-3504-4418-b28f-bbcdb96576e8
The Inheritor,https://commons.cwrc.ca/orlando:e504ded8-9153-4fdb-b7a9-d3476525ba2b
The Initials,https://commons.cwrc.ca/orlando:cdf5b39a-ad60-4f3e-82d8-4c378c6e4120
The Inner Journey of the Poet,https://commons.cwrc.ca/orlando:507408a1-4821-4b5d-9eae-3bb7f661bb21
The Innermost Room,https://commons.cwrc.ca/orlando:df6b8a25-66b4-4544-9e7f-e7066c5b3c45
The Innocence of the Devil,https://commons.cwrc.ca/orlando:e7708df7-d1f0-4f25-a4f5-457224edf5ce
The Innocent Mistress,https://commons.cwrc.ca/orlando:220d6803-5f9f-44cf-90fb-5f95e2d4af89
The Innocent Traveller,https://commons.cwrc.ca/orlando:9332a2b8-e316-43a8-9198-e16d9f6f7906
The Institution of Kaiserswerth on the Rhine,https://commons.cwrc.ca/orlando:b83d1740-804c-4ea2-8092-f5e4e2c6bbcb
The Intelligent Woman's Guide to Socialism and Capitalism,https://commons.cwrc.ca/orlando:d30c9c97-1d65-4cdf-b46d-70051ace16a8
"The Intercessor, and Other Stories",https://commons.cwrc.ca/orlando:5c7bbdc3-84d1-4cd1-9aed-523befa13bdc
"The Interesting Narrative of the Life of Olaudah Equiano, or Gustavus Vassa, The African",https://commons.cwrc.ca/orlando:6dec4def-19df-4dff-adeb-fdbe8c477b36
The Intrigues of a Morning,https://commons.cwrc.ca/orlando:52a7d294-318b-441d-89c1-6b2912eaaaa8
The Intruder,https://commons.cwrc.ca/orlando:97b72630-602a-46e9-ad0b-863fdb9046ce
The Invalid's Hymn Book,https://commons.cwrc.ca/orlando:b7a28ee9-dffb-4491-a0e9-015f7b42c8e4
The Invisible Spy,https://commons.cwrc.ca/orlando:a4c675dd-df22-4fb3-8d28-5b26b56fa7b2
The Irigaray Reader,https://commons.cwrc.ca/orlando:623c72fd-9b93-41a9-8d3e-ba3a7657dce6
The Irish Heiress,https://commons.cwrc.ca/orlando:b97202cb-dfb3-4aa0-a10d-a7571e6f8d68
The Irish Poor Man,https://commons.cwrc.ca/orlando:a527a8d3-d51f-4f1a-925c-2d7382127e6f
The Irish Signorina,https://commons.cwrc.ca/orlando:efe25aa0-a409-4fae-9ac3-089877ab9bc8
The Irishwoman,https://commons.cwrc.ca/orlando:51a9f489-d7e6-40ce-af67-df8f412a0970
The Island Neighbors,https://commons.cwrc.ca/orlando:de3ceb5e-7e3f-425b-bfab-5d5b0d253ff1
The Island of Desire,https://commons.cwrc.ca/orlando:41bd0bac-db4a-4756-b1a2-bd9f29a746b7
The Island of Dr. Moreau,https://commons.cwrc.ca/orlando:59e89e81-0692-462b-8648-ec37c1bdeaed
The Island of Seven Shadows,https://commons.cwrc.ca/orlando:0f0c9d7b-cbac-434c-a053-439332b12817
The Isle of the Dead,https://commons.cwrc.ca/orlando:e5798bfb-cb3f-4633-bdae-5ed35d37afec
"The Isles of Greece, and Other Poems",https://commons.cwrc.ca/orlando:d4516a04-88cc-46a4-b31d-534f81d444ee
The Italian,https://commons.cwrc.ca/orlando:4d162255-c18b-4a20-8d2d-1e11883432aa
The Italian Girl,https://commons.cwrc.ca/orlando:52f40575-8cd0-4c46-bbdc-186cf1278005
The Ivory Dagger,https://commons.cwrc.ca/orlando:3b06936a-2150-4560-803b-860b00468c79
The Ivy Tree,https://commons.cwrc.ca/orlando:b2086a99-281b-4eda-bd8c-067e59519708
The Jewel in the Lotus,https://commons.cwrc.ca/orlando:cba1d924-44a7-49ec-ab04-bf5830484eab
"The Jews, Are They Human?",https://commons.cwrc.ca/orlando:27eafda4-1cab-4d1b-86df-642d28608c02
The Jilt,https://commons.cwrc.ca/orlando:30e2619f-342b-4f35-bdce-08d2c02e1bfb
The Journal of Mary Hervey Russell,https://commons.cwrc.ca/orlando:2b64e85f-a960-40e1-984c-9a689e76c4a1
The Journal of Mistress Joan Martyn,https://commons.cwrc.ca/orlando:eb74e443-96d9-4926-919e-dc691732fbb1
The Journal of Mrs. Fenton,https://commons.cwrc.ca/orlando:51b1f918-f8df-41d0-8fa8-494b4fd18c55
The Journals of Susanna Moodie,https://commons.cwrc.ca/orlando:b06a3ff1-97c4-4e49-98d0-d91d7805d589
The Journey,https://commons.cwrc.ca/orlando:10d6aedf-f778-4340-b082-a78089b0af62
The Journey and Other Poems,https://commons.cwrc.ca/orlando:739f36c7-8c40-4913-8a58-03e5c8d72f59
The Journey's Echo,https://commons.cwrc.ca/orlando:90afe297-d287-40f8-acb8-713cacf28048
The Joy of the Snow,https://commons.cwrc.ca/orlando:4df83aeb-d0d9-40f1-bfba-4e1e550c7dc6
The Judas Cloth,https://commons.cwrc.ca/orlando:4dcce203-3ec4-4382-a33d-94bc9ea7be58
The Judge,https://commons.cwrc.ca/orlando:13c4a23d-b814-4631-bffd-4a80a7cacc67
The Judgment of Eve,https://commons.cwrc.ca/orlando:9f47783b-1ce0-4abd-bc4e-21cf592c3b15
"The Judgment of Eve, and Other Stories",https://commons.cwrc.ca/orlando:701fd1bc-54a5-46af-a2af-af809d244f15
The Jungle Book,https://commons.cwrc.ca/orlando:6bb62755-b333-40ea-85fe-a37a42f9ac04
The Justification of the Independant Churches of Christ,https://commons.cwrc.ca/orlando:d0cbb28f-2a9d-4905-927a-b6f9996275e2
The Juvenile Forget-Me-Not,https://commons.cwrc.ca/orlando:75d9392d-c4ec-4153-9a00-ebff57aff813
The Juvenile Miscellany,https://commons.cwrc.ca/orlando:a45feb30-ca53-4f8e-acbb-6a4a2a57200b
The Juvenile Uncle Tom's Cabin,https://commons.cwrc.ca/orlando:c589a0c1-eb81-4197-8c89-e0a067a2118d
The Kama Sutra,https://commons.cwrc.ca/orlando:514aab59-15b1-4b69-9884-696a48c3e32b
"The Keepsake Guineas; or, The Best Use of Money",https://commons.cwrc.ca/orlando:136df319-3a5f-44f7-99cf-7529d54f050d
The Kenrickad,https://commons.cwrc.ca/orlando:c3b7a95d-0aca-44e0-8d11-eb4c03429ff2
The Keys to the Street,https://commons.cwrc.ca/orlando:0ff48a0d-06f7-4dc6-b739-bd85a010f7e1
The Kiltartan History Book,https://commons.cwrc.ca/orlando:9e8add40-52a9-4eaa-8ae7-bd4c752df589
The Kiltartan Molière,https://commons.cwrc.ca/orlando:4f9475b9-2436-4035-afea-d0ad074ae0d4
The Kiltartan Poetry Book,https://commons.cwrc.ca/orlando:3c4355f0-b5d1-483a-85b8-b1f502e9152f
The Kiltartan Wonder Book,https://commons.cwrc.ca/orlando:f3cf9317-de94-4808-b072-036713d7fa57
The King Arthur Trilogy,https://commons.cwrc.ca/orlando:6fda634e-d4cc-4671-92f2-f6252d95af83
The King is Crowned,https://commons.cwrc.ca/orlando:1b514640-05a3-4fc3-82f0-6897af053d4f
The King Must Die,https://commons.cwrc.ca/orlando:2b479195-2cb8-4fd8-8f32-a454e7037e73
The King of a Rainy Country,https://commons.cwrc.ca/orlando:ed969ad5-2af6-46d9-87f5-f76c1c300a73
The King of Britain's Daughter,https://commons.cwrc.ca/orlando:48fdf688-e086-4de9-a1d2-4f96a3354825
The King of Melido,https://commons.cwrc.ca/orlando:f4c8b117-9a34-40a6-b702-e52436a7bd24
The King of Spain's Daughter,https://commons.cwrc.ca/orlando:f0606373-6616-425e-bc51-87d9bb5d736e
The King with Two Faces,https://commons.cwrc.ca/orlando:b6dca010-fb50-44ae-9ec2-31f58dfbd5ad
The King's General,https://commons.cwrc.ca/orlando:dd9845a5-d9e1-40d2-ab8d-ff3ec47f1256
"The King's Physician, and Other Tales",https://commons.cwrc.ca/orlando:a9158542-a335-441a-84d1-7e08c8f5fdf8
The King's Pleasure,https://commons.cwrc.ca/orlando:f552bd93-7788-40b1-83c8-4dabcf1f39c9
The Kingdoms of Elfin,https://commons.cwrc.ca/orlando:72c7c899-3626-4b10-bb7e-942ce1ca0a09
The Knack,https://commons.cwrc.ca/orlando:443e016f-3a20-4bc9-a6f4-b8e05d101008
The Knave of Diamonds,https://commons.cwrc.ca/orlando:9e54329c-9aa0-4764-8a68-dce2f8b0f644
The Knight of Cheerful Countenance,https://commons.cwrc.ca/orlando:da739094-0ce9-4faf-b0d2-fdc47686c7ea
The Knight of St John,https://commons.cwrc.ca/orlando:990c831c-3110-4f83-bd42-c16b0928ae02
The Knox Brothers,https://commons.cwrc.ca/orlando:02c281c6-42c0-41ad-b1c7-834b110cc1d4
The Kristeva Reader,https://commons.cwrc.ca/orlando:8b91a13e-4470-45bb-a070-504f5e9e134d
The Laburnum Branch,https://commons.cwrc.ca/orlando:e2d9723c-99ff-446f-808e-74f6cb757b4e
The Lacquer Lady,https://commons.cwrc.ca/orlando:24cba9ba-ba84-43cb-937c-ed6dfa9c3440
The Ladies Defence,https://commons.cwrc.ca/orlando:4b0b3da4-b8ca-4eb2-b138-917748bc6639
The Ladies Directory,https://commons.cwrc.ca/orlando:e7fd84bf-a79f-4cc0-8662-d0c5a49b5d6f
The Ladies Lindores,https://commons.cwrc.ca/orlando:407870b5-cfa8-4a7e-b5cb-f5ce825676cd
The Ladies of Lyndon,https://commons.cwrc.ca/orlando:c5256e1f-78bb-4fd0-9ff6-f0689d03653e
The Ladies' Companion to the Flower-Garden,https://commons.cwrc.ca/orlando:256ebcab-8583-48e6-8fdd-cbab240a2045
The Ladies' Flower-Garden of Ornamental Annuals,https://commons.cwrc.ca/orlando:518ff451-9d64-45b8-8491-c78f20764af1
The Ladies' Flower-Garden: Ornamental Perennials,https://commons.cwrc.ca/orlando:497db411-6325-4e66-84ef-9b9199c5de8e
The Lady and the Unicorn,https://commons.cwrc.ca/orlando:49ede25a-68ec-4150-98d9-370d09bdd775
The Lady is a Tramp: Portraits of Catherine Bailey,https://commons.cwrc.ca/orlando:aab16c07-fe96-481a-8a8b-54b1bd55e2eb
The Lady Lisle,https://commons.cwrc.ca/orlando:ce8101b0-2b2d-434e-87d2-2b14624bea83
The Lady of Fashion,https://commons.cwrc.ca/orlando:da7a340f-272c-4463-b7f8-0d0b2555e813
The Lady of La Garaye,https://commons.cwrc.ca/orlando:2396d045-5314-4e0d-9f80-4f0064836e73
The Lady of Shunem,https://commons.cwrc.ca/orlando:75db87f6-a342-4217-9566-40aa4081f3f1
The Lady of the Lake,https://commons.cwrc.ca/orlando:3325a2ad-387a-4f14-94b3-5b8f51603985
The Lady of the Manor,https://commons.cwrc.ca/orlando:1076a581-058b-479f-bad5-7fc8dae5e432
The Lady on the Drawingroom Floor,https://commons.cwrc.ca/orlando:4ef2bca2-634e-40f3-a6d7-a0899bcbc338
The Lady-with-the-Crumbs,https://commons.cwrc.ca/orlando:e6ff765c-b461-4730-b5a7-55927963e7d3
The Lady's Mile,https://commons.cwrc.ca/orlando:5a258e80-de1c-41e8-848e-4b898a7fa086
The Lady's Pacquet of Letters,https://commons.cwrc.ca/orlando:3075266d-b840-414e-9c47-7fbd91f5dff4
The Ladybird; The Fox; The Captain's Doll,https://commons.cwrc.ca/orlando:c6c35ccc-0001-42dd-8004-cb70fdcbc925
The Lake of Darkness,https://commons.cwrc.ca/orlando:3b1d04cc-d55a-4ba0-910d-65c8148717b9
The Lake of Killarney,https://commons.cwrc.ca/orlando:244afff1-7b74-4129-b696-0a6f7c769b98
The Lament,https://commons.cwrc.ca/orlando:169e61e1-a49f-4e09-b88d-04fd1088f6f2
The lamentacon of a gentlewoman upon the Death of hir late Deceased frende William Gryffith Gent.,https://commons.cwrc.ca/orlando:8835c1c2-2f72-4184-85e5-522f4225c520
The Lamp in the Desert,https://commons.cwrc.ca/orlando:e275efa1-0663-4c07-9be1-9048487970db
The Lamplighter,https://commons.cwrc.ca/orlando:c7e435ce-e406-46e6-9765-530607f7d84f
The Lances of Lynwood,https://commons.cwrc.ca/orlando:0a859be0-2883-452d-9119-8426864396e1
The Land Ballot,https://commons.cwrc.ca/orlando:fc474add-266f-41ca-9e81-6a42c511776c
The Land Beyond the Forest,https://commons.cwrc.ca/orlando:b3289ecd-ee00-412b-85d4-3c2896a10565
The Land o' the Leal,https://commons.cwrc.ca/orlando:55dfc5b0-dd61-4a3b-b0c2-83b3f1fcb91c
The Land of Green Ginger,https://commons.cwrc.ca/orlando:8ca6872d-7262-4d7d-92eb-ba003cae80f8
The Land of Spices,https://commons.cwrc.ca/orlando:1c8adc7a-3f04-4638-ad4b-4c5b1794db64
The Land Unknown,https://commons.cwrc.ca/orlando:4bfff933-9390-4c86-95de-dd6077f01248
The Landlord's Daughter,https://commons.cwrc.ca/orlando:44778204-b867-46c7-9233-abfc9c708449
The Landlord's Friend,https://commons.cwrc.ca/orlando:ea1229c4-74b0-4b08-99b4-f2c863c36d40
The Language of the Night,https://commons.cwrc.ca/orlando:9130b4a3-2ef7-4ebb-b654-196579688823
The Lantern Bearers,https://commons.cwrc.ca/orlando:00c3e50d-4119-4e8f-914b-9b72d2f893bd
The Lass He Left Behind,https://commons.cwrc.ca/orlando:97da24a2-a789-43a5-9c44-d17fe72e360a
The Last Days in England of the Rajah Rammohun Roy,https://commons.cwrc.ca/orlando:cb4f585f-2a63-446a-8da7-37fe07549f39
The Last Ditch,https://commons.cwrc.ca/orlando:5a3179de-e053-403d-850d-e3394b4174f5
The Last Enchantment,https://commons.cwrc.ca/orlando:2f1246d7-e9c2-4735-9d12-38b4708736be
The Last Fortnight,https://commons.cwrc.ca/orlando:4472a216-dcea-4b43-bd7f-3e9feed80ea2
The Last Joke,https://commons.cwrc.ca/orlando:31b5e015-8fcb-40b1-8012-c8b1b8ec499f
The Last Man,https://commons.cwrc.ca/orlando:7ad896a9-0e78-4cb6-b1ea-88f972d07a5c
The Last Man and Other Verses,https://commons.cwrc.ca/orlando:f6d0ae0c-c6b1-4b0b-92ea-95461a806908
The Last of Summer,https://commons.cwrc.ca/orlando:66e76c7d-47f4-49b3-bcb6-aa0289c5e49c
The Last of the Country House Murders,https://commons.cwrc.ca/orlando:73d1fa37-5058-420c-a1ed-ae870dc76588
The Last of the Duchess,https://commons.cwrc.ca/orlando:0abec08c-5feb-4a84-8f09-38e5991ca4e5
The Last of the Wine,https://commons.cwrc.ca/orlando:06aa8bce-4fbb-4407-8560-69d3c0ef553e
The Last Poems of Alice Meynell,https://commons.cwrc.ca/orlando:6ffa0e5d-6f91-4087-b231-86706a0475c0
The Last Resort,https://commons.cwrc.ca/orlando:dd70f395-760f-4acf-a4a0-9102f3706ed0
The Last September,https://commons.cwrc.ca/orlando:7de8ea75-f3bf-4e60-8b3e-637ad220b328
The Last Voyage,https://commons.cwrc.ca/orlando:611a6dae-cdf2-4c5c-a89c-82c06f2d7f3b
The Late Bourgeois World,https://commons.cwrc.ca/orlando:e2a8efad-3721-4d23-ba80-3792918b08f3
The Laughing Academy,https://commons.cwrc.ca/orlando:c0c6b324-787b-4edd-9939-23413d00b663
The Laurel Bush,https://commons.cwrc.ca/orlando:a1244ea2-40e5-4384-9383-ba59108ca2cd
"The Laurringtons; or, Superior People",https://commons.cwrc.ca/orlando:b9f3a744-3da8-4f39-822a-82fb0ca28fb9
The Law and the Lady,https://commons.cwrc.ca/orlando:a02c6075-4277-422d-9199-4977c42c5fc4
The Law of Population,https://commons.cwrc.ca/orlando:3bc0f0fe-4cf9-4c1a-81cf-db6e7f5dd07d
The Law of the Threshold,https://commons.cwrc.ca/orlando:186a09ad-e90d-4eee-a891-b0d63764610e
The Law-Breakers,https://commons.cwrc.ca/orlando:c03f188c-4385-4c00-b715-419e35841f5d
The Lay of an Irish Harp,https://commons.cwrc.ca/orlando:23bf1855-d143-4a14-bd38-7cb8526a71d6
The Lay of Marie,https://commons.cwrc.ca/orlando:950a81fa-0689-4cbf-8bd1-3549c9b791b2
The Lay of the Last Minstrel,https://commons.cwrc.ca/orlando:78c27fa8-16a2-4d22-b409-88eb3f29d3b2
The Lay of the Stork,https://commons.cwrc.ca/orlando:f41acc9a-92a9-4a4d-afb4-1b7a432d20e1
The League of Nations and the World's Workers,https://commons.cwrc.ca/orlando:0c611de0-7e33-4653-8f9f-156ef22d9793
The Lee Shore,https://commons.cwrc.ca/orlando:f476b66e-96d7-4630-be90-aad3b0dade4c
The Left Hand of Darkness,https://commons.cwrc.ca/orlando:1b0ab9d7-3747-46fc-bdc2-7592869090fd
The Legal Disabilities of Women,https://commons.cwrc.ca/orlando:5cf61b47-049c-4c0b-aa19-0ebe42235739
The Legend of the Seventh Virgin,https://commons.cwrc.ca/orlando:63a6c938-3851-40f7-b917-a1ed45c84d60
The Lemon,https://commons.cwrc.ca/orlando:09490c7a-9446-4a66-b5a2-d9c41c7bf7d6
The Less Deceived,https://commons.cwrc.ca/orlando:f03cc3ef-0eef-4432-8c87-6bf17e6270ec
The Lessons,https://commons.cwrc.ca/orlando:9abcffc3-0cfb-41e9-9351-a0367feece61
The Leto Bundle,https://commons.cwrc.ca/orlando:6c8fac63-3cb3-4c1c-8185-e973cba16e26
The Letters of Gertrude Bell,https://commons.cwrc.ca/orlando:28296e9a-30af-47d6-9bbc-84e633b1a374
The Letters of Katherine Mansfield,https://commons.cwrc.ca/orlando:a9ae8fa2-6efe-40d1-8216-a1d4ed177c2f
The Letters of Nancy Mitford and Evelyn Waugh,https://commons.cwrc.ca/orlando:263feb5c-f4ed-46da-b815-28265d607cee
"The Letters of Olive Schreiner, 1876-1920",https://commons.cwrc.ca/orlando:91839389-d853-4747-a167-657e74c80523
"The Lettre de Cachet; and, The Reign of Terror",https://commons.cwrc.ca/orlando:5af2fa7a-3344-44be-8e3e-9f6c41e2424b
The Liars' Gospel,https://commons.cwrc.ca/orlando:ba9e54ad-f795-42a6-8dda-af4f25fc1deb
The Libertine,https://commons.cwrc.ca/orlando:973872b6-eecb-481c-a197-c3c7c277c5bf
The Lie,https://commons.cwrc.ca/orlando:9f6c39cb-5a83-4aaa-8d5a-7dd94d2d439c
The Lie of the Land,https://commons.cwrc.ca/orlando:d22c464d-8650-473a-af4a-e5386918d9de
The Life and Adventures of a Clever Woman,https://commons.cwrc.ca/orlando:21a89e60-529c-4a55-8f78-d87eb9c4d8d6
The Life and Adventures of Jonathan Jefferson Whitlaw,https://commons.cwrc.ca/orlando:523126a6-9b99-441e-b170-d6ceb1fbd1ff
"The Life and Adventures of Michael Armstrong, the Factory Boy",https://commons.cwrc.ca/orlando:185dfc1c-86e2-440d-a71b-b04b4af43666
The Life and Adventures of Mr. Francis Clive,https://commons.cwrc.ca/orlando:bef69c16-af3a-465e-b298-4da0284785f9
The Life and Adventures of the Lady Lucy,https://commons.cwrc.ca/orlando:038154ed-dd91-4272-9d0d-319acc815ece
The Life and Adventures of the Young Count Albertus,https://commons.cwrc.ca/orlando:12eee6fb-61bd-4206-b61a-429d408df490
The Life and Death of Radclyffe Hall,https://commons.cwrc.ca/orlando:a23e2806-2e6e-42b1-a18a-af811be992eb
The Life and Labours of Vincent Novello,https://commons.cwrc.ca/orlando:1b7a0284-838c-4d43-9767-b95dcb139f92
The Life and Times of Salvator Rosa,https://commons.cwrc.ca/orlando:acdc603a-0ca2-4fee-9871-8cc920912aeb
The Life of a Beauty,https://commons.cwrc.ca/orlando:a7317f59-50dc-4701-a0e9-09670f79811f
The Life of a Lover,https://commons.cwrc.ca/orlando:fdbf0e46-892d-4c57-959f-2f063e277368
"The Life of Alexander Lycurgus, Archbishop of the Cyclades",https://commons.cwrc.ca/orlando:1ee0d8d9-99fa-49c9-aa56-4317fb90c0dd
"The Life of Carlo, the Famous Dog of Drury-Lane Theatre",https://commons.cwrc.ca/orlando:6a3573fe-74e7-4220-874b-e5fcdcaaacbe
The Life of Charlotte Brontë,https://commons.cwrc.ca/orlando:a5f4e2f2-2cdf-40d6-a0a3-d41bcd207dcd
The Life of Edward Irving,https://commons.cwrc.ca/orlando:f0be869d-1b56-4d54-bf86-ea8a1caeb0ad
"The Life of Elisabeth, Lady Falkland, 1585-1639",https://commons.cwrc.ca/orlando:fabd71fe-ce9b-4c75-8c1b-a8859e0e9be0
The Life of Harriot Stuart,https://commons.cwrc.ca/orlando:cc24b4b5-580a-4881-b05a-e23739755e83
The Life of Josiah Wedgwood,https://commons.cwrc.ca/orlando:4dd0446c-9606-43a8-9283-5e6a79b2e94e
The Life of Mrs. Gooch,https://commons.cwrc.ca/orlando:52fa098d-6c5f-4327-84ca-8ab67f12b137
The Life of Nelson,https://commons.cwrc.ca/orlando:530c8338-a006-421a-9ef2-cb4ccbd6e683
The Life of Olive Schreiner,https://commons.cwrc.ca/orlando:eabdbe58-ff7d-455e-9580-20cf43110063
The Life of Racine,https://commons.cwrc.ca/orlando:43d1088c-89d6-4cfb-a8a2-a30edccf8aea
The Life of Robert Burns,https://commons.cwrc.ca/orlando:d3f1da62-9939-4660-a418-3a099e82aacc
The Life of the Dead,https://commons.cwrc.ca/orlando:e49f365d-f9be-490d-8155-2580ec913be2
The Life of the Mind,https://commons.cwrc.ca/orlando:d12a2d84-6c11-4151-bbb8-dac01df3b49a
The Life of the Spirit and the Life of To-Day,https://commons.cwrc.ca/orlando:3ef09a00-63ca-4dc3-b030-4451d6e4f23a
The Life Sentence,https://commons.cwrc.ca/orlando:193e20b6-28eb-4011-865c-5839728e1a01
"The Life, Letters, and Work of Frederic Leighton",https://commons.cwrc.ca/orlando:590f0b55-914e-4e46-969e-6419e2393428
The Light in the Robber's Cave,https://commons.cwrc.ca/orlando:28d1d633-8fc3-41dc-b5a1-01fb39209a62
The Light Years,https://commons.cwrc.ca/orlando:65340d37-f092-4806-aed8-0f4647903213
The Lighted Room,https://commons.cwrc.ca/orlando:efaeed82-29e3-4b9d-8ac4-a716fc4a2796
The Lillingstones of Lillingstone,https://commons.cwrc.ca/orlando:5f252878-a560-4dff-a973-45e0831c055e
The Limit,https://commons.cwrc.ca/orlando:4df705bf-4251-49e0-9c1b-7dd38ba9aec1
The Lion from Rio,https://commons.cwrc.ca/orlando:2f5ef7ba-0350-49bc-ade0-822b0db367da
The Lion in the Gateway,https://commons.cwrc.ca/orlando:5a682f74-760e-4e0f-a6ea-26ef438cdbb2
The Lion-Tamer,https://commons.cwrc.ca/orlando:6b577735-1995-44f1-983c-bd9b51954bdb
The Lion's Mouth,https://commons.cwrc.ca/orlando:fb55ca47-3fda-450c-ae1f-61081e512194
The Listeners,https://commons.cwrc.ca/orlando:482bd0a2-c9f4-42ae-9f55-663e355bdb81
The Literary History of England in the End of the Eighteenth and Beginning of the Nineteenth Century,https://commons.cwrc.ca/orlando:2c59c6f1-4342-4c3a-a0ee-8e9179361ad8
The Literary History of the Troubadours,https://commons.cwrc.ca/orlando:9000e24c-37a3-4dcc-98f5-2dad588a9001
The Literary Remains of Albrecht Dürer,https://commons.cwrc.ca/orlando:e5498cdf-2308-4898-b0d9-3132597353c8
"The Literary Remains of the Rev. Thomas Price, Carnhuanawc",https://commons.cwrc.ca/orlando:ab8d3397-20bb-4eb5-af20-ffd32a507af2
The Literary Women of England,https://commons.cwrc.ca/orlando:21f23df3-ba4d-4323-9864-0f1abe346e4a
The Little Bookroom,https://commons.cwrc.ca/orlando:685f8cb0-f83d-4526-a2b2-174877d9a649
The Little Brook and the Star,https://commons.cwrc.ca/orlando:f616832d-520f-47b7-b21f-771277bca41d
The Little Broomstick,https://commons.cwrc.ca/orlando:d5a3c187-4da6-49d0-9403-a28f8d8df10e
"The Little Emigrant's Birthday; and, The Children of the Alps",https://commons.cwrc.ca/orlando:1832ab16-4d4e-4239-b03d-6863659dc550
The Little Folks' History of England,https://commons.cwrc.ca/orlando:da7e9585-d3e2-4590-910b-af951eb6f42e
The Little Girls,https://commons.cwrc.ca/orlando:b6b8c738-3757-4d41-be32-0efe3d357a52
The Little Hotel,https://commons.cwrc.ca/orlando:8aa9d9c6-100c-4788-82f4-7186df95fefc
The Little Mother Who Sits at Home,https://commons.cwrc.ca/orlando:ed79e883-f253-49a4-bc5d-c65cdb762987
The Little Ottleys,https://commons.cwrc.ca/orlando:ef6f99a6-07e4-47b6-a282-bb234fa6f64a
The Little Red Chairs,https://commons.cwrc.ca/orlando:a6513141-a2a5-4fde-9315-668c7b2efdff
The Little White Horse,https://commons.cwrc.ca/orlando:e7ae89d3-bafc-4821-ae16-2b25e4ea3b8b
The Little World,https://commons.cwrc.ca/orlando:43de74fb-a57f-4034-b178-900c78b1dbbd
The Living Mountain,https://commons.cwrc.ca/orlando:53605138-92ce-4a74-aea2-41acb418f69d
The Living of Charlotte Perkins Gilman,https://commons.cwrc.ca/orlando:cf31b341-b7aa-4e26-9b2f-9656a8a4b6ce
The Locked Desk,https://commons.cwrc.ca/orlando:7f6accda-111f-4bbf-ad89-9c5532449d95
The Lonely Generation,https://commons.cwrc.ca/orlando:18983672-d5d4-4cdf-b80c-18f99fc28ca6
The Lonely Girl,https://commons.cwrc.ca/orlando:cfeb200c-47c6-48ba-8a4d-bb0bff86da0c
The Lonely Lady of Grosvenor Square,https://commons.cwrc.ca/orlando:bb84ed17-a028-478a-bbc8-0dc2c668bc1c
The Lonely Plough,https://commons.cwrc.ca/orlando:44ca270d-9698-48d4-a5df-11d7045ada8b
The Long Ago and Other Stories,https://commons.cwrc.ca/orlando:4808bbfb-0fe6-4251-867d-d49c577f8abe
The Long Echo,https://commons.cwrc.ca/orlando:f86f9b1b-9f3b-435f-8788-e862628fa8ad
The Long Song,https://commons.cwrc.ca/orlando:d47faa14-f936-428e-a6d2-4ab9aaf4f18c
The Long View,https://commons.cwrc.ca/orlando:4bc16e48-99e3-4319-884f-d14787f1147b
The Longford Threat to Freedom,https://commons.cwrc.ca/orlando:ff474e09-eb2b-4397-82b7-f6786fea0472
The Looking Glass,https://commons.cwrc.ca/orlando:d8576802-fd66-40b3-922c-343788c4917c
The Lord of the Harvest,https://commons.cwrc.ca/orlando:c56621f2-dea0-4e33-be1c-32757ee9de0b
The Lost Brooch,https://commons.cwrc.ca/orlando:93fa954c-70aa-4014-b85a-ff5bb77241a8
The Lost Country,https://commons.cwrc.ca/orlando:b272a4ec-15c4-4371-a570-4b01cd283bd3
The Lost Father,https://commons.cwrc.ca/orlando:3efd933b-b4ef-4920-9b5a-247b65d58700
The Lost Jewel,https://commons.cwrc.ca/orlando:5b43b310-5a4d-4e37-a426-07666adcc46b
The Lost Land,https://commons.cwrc.ca/orlando:95609609-efa9-4914-b747-244b1c4a6d3c
The Lost Portrait,https://commons.cwrc.ca/orlando:6443cec4-0271-4828-8561-8ee6573e2486
The Lost Traveller,https://commons.cwrc.ca/orlando:12482aed-988a-4847-a210-8a9594cce70a
The Lottery of Marriage,https://commons.cwrc.ca/orlando:efb7a8fa-f082-42b2-b7ba-33bd5c5b0aa5
The Love Object: Selected Stories,https://commons.cwrc.ca/orlando:caf57340-9857-4fb6-82e2-09df11284acd
The Love of a Good Woman,https://commons.cwrc.ca/orlando:e2c833d1-099c-4ecf-baaa-c6ddb1c0d934
The Love of the Nightingale,https://commons.cwrc.ca/orlando:1c51a2a0-7456-4dd9-8f65-7439cf33269b
The Love that He Passed By,https://commons.cwrc.ca/orlando:5780cee5-2294-44e0-b6b7-b27d2ffd10f5
The Loved and Envied,https://commons.cwrc.ca/orlando:e0c1bc2c-407b-4dbc-8777-9752251e4114
The Lovely Ship,https://commons.cwrc.ca/orlando:b2aaa1dc-bddc-4204-80fe-77028cc97b3b
The Lover,https://commons.cwrc.ca/orlando:df25fb7a-c88b-4e99-8ccb-9ceec54ca1ee
The Luckey Chance,https://commons.cwrc.ca/orlando:a334580c-62e1-42e2-99c9-e09726bd5851
The Lucky Escape,https://commons.cwrc.ca/orlando:479efee2-7ed2-473d-a343-3c4a8674a7e7
The Lure of the Pen,https://commons.cwrc.ca/orlando:5a3f82c6-3484-4ff8-9b86-b35badddc2ed
The Lute Player,https://commons.cwrc.ca/orlando:d006dca4-1275-4803-8256-4b79eb87e651
The lyfe of our moste reverent mother Margrit Clement,https://commons.cwrc.ca/orlando:d6284ee3-3a1f-4802-94ba-7e74f1633598
The Mabinogion,https://commons.cwrc.ca/orlando:e69caba4-7544-4d0e-9233-f40b88bb1cac
The Madonna of Seven Moons,https://commons.cwrc.ca/orlando:a783535e-4c28-40b7-b8f0-5dd23fb48b3e
The Magdalene Sermon,https://commons.cwrc.ca/orlando:3f6dd2e2-d5fc-4acf-830d-1abd623f7a78
The Magic City,https://commons.cwrc.ca/orlando:130a4100-898f-4d6e-8f6a-919dfcac8ed6
The Magic Toyshop,https://commons.cwrc.ca/orlando:96cb4731-dd14-447f-aea2-7a9d046d143a
The Magic Wreath,https://commons.cwrc.ca/orlando:6bc4d203-5a6d-4a86-892e-5a052f68d331
The Magnet,https://commons.cwrc.ca/orlando:294b4c0b-9066-4154-8bfc-0bc7eaa7d5da
The Magnetic North,https://commons.cwrc.ca/orlando:510c96d1-6ce5-4fc2-973f-b638021cadf5
The Magnitude of my Sublime Existence,https://commons.cwrc.ca/orlando:4a2b6f74-b96e-4393-80d0-6e248c59870b
"The Maid of Croissey; or, Theresa's Vow",https://commons.cwrc.ca/orlando:e8e39951-a2bb-4c70-be0b-12bdcffb2d8d
The Maid of Orleans,https://commons.cwrc.ca/orlando:5743200f-666d-4bcf-88b7-5b1bf0c261ca
The Maid of the Hamlet,https://commons.cwrc.ca/orlando:59d819dc-7bd2-4b8e-aa83-f14088340230
"The Maiden & Married Life of Mary Powell, Afterwards Mistress Milton",https://commons.cwrc.ca/orlando:174f3d02-419a-4ad8-ace4-9388452cf3a2
"The Maitlands, All Change at Cuckly Place",https://commons.cwrc.ca/orlando:9f969b9e-3e94-4836-9a32-64380d5ace45
"The Makers of Florence: Dante, Giotto, Savonarola; and Their City",https://commons.cwrc.ca/orlando:01174313-60d3-4031-9d40-f2cee7ecffd6
The Making of a Bigot,https://commons.cwrc.ca/orlando:6d9d37bd-f0a5-41b6-b126-fff4f04dcf0f
The Making of a Marchioness,https://commons.cwrc.ca/orlando:f10f5171-0fd7-4da3-b876-8167316b7501
The Making of a Prig,https://commons.cwrc.ca/orlando:3abb9d1f-b888-49f5-961b-6c3bd3b853f2
The Malady in Madeira,https://commons.cwrc.ca/orlando:5730e7ac-66e7-4f73-81ed-a1e403806cd8
The Malarkey,https://commons.cwrc.ca/orlando:89a17b48-77d6-499c-9960-9022181fdfe1
The Man Born to be King,https://commons.cwrc.ca/orlando:e1bb4dbb-4757-42f6-bb02-14fc7e3e917a
The Man in the Queue,https://commons.cwrc.ca/orlando:4a997b03-88eb-4a6a-a4ae-e6d9893fa7a9
The Man in the Wooden Hat,https://commons.cwrc.ca/orlando:4196a490-36f0-4a41-acb7-293df18024c0
The Man of Iron,https://commons.cwrc.ca/orlando:28079351-0394-4d56-b377-bb733ba5d51e
The Man of To-morrow: J. Ramsay MacDonald,https://commons.cwrc.ca/orlando:a6744454-8118-432b-b26c-228dab83b962
The Man on the Pier,https://commons.cwrc.ca/orlando:14dc7dea-f533-4202-8a62-2c86a475577e
The Man Who Loved Children,https://commons.cwrc.ca/orlando:92c51773-5284-458c-9b64-8c3d22929452
The Man Who Wasn't There,https://commons.cwrc.ca/orlando:a8ad211f-127a-4f53-af36-22dd0cdd2103
The Man with a Hammer,https://commons.cwrc.ca/orlando:1dc2c069-e389-47e5-b609-85446b7a05fe
The Man with Six Senses,https://commons.cwrc.ca/orlando:f3a17e32-73c7-4df7-abbc-d4a57759d518
The Man-Made World,https://commons.cwrc.ca/orlando:9e8403c1-e0c9-4da9-8d70-b161be20a6af
The Man's Bewitch'd,https://commons.cwrc.ca/orlando:13ae8739-ed56-4d84-8951-f097eee61300
The Manchester Man,https://commons.cwrc.ca/orlando:f0d2d449-727a-44a0-b015-2405f56c2ac5
"The Maniac, A Tale; or, A View of Bethlem Hospital; and, The Merits of Women, A Poem from the French",https://commons.cwrc.ca/orlando:5b7dcb40-3a55-49be-8119-5fa9e4361261
The Manners of My Time,https://commons.cwrc.ca/orlando:9f4562da-ded5-474f-8490-c78c67047402
The Manoeuvring Mother,https://commons.cwrc.ca/orlando:93b91b7f-7084-46e5-84e6-f6ef99c83c4c
The Marie Curie Hospital,https://commons.cwrc.ca/orlando:c715dc34-7b78-456b-a715-2edf4954732a
The Maritime Alps and their Seaboard,https://commons.cwrc.ca/orlando:e2f4087b-c577-47e7-93d1-ee123f4f7ae3
The Mark of the Horse Lord,https://commons.cwrc.ca/orlando:6500390f-dd4a-4233-bc10-13684a0a546c
The Mark Twain Birthday Book,https://commons.cwrc.ca/orlando:798e3d2b-d6a4-4b32-b756-a43508995027
The Marriage of Elinor,https://commons.cwrc.ca/orlando:12a8fb48-c76c-4c97-8880-a41eaf803984
The Marrying Man,https://commons.cwrc.ca/orlando:44dfd7fb-46f0-4b14-900a-45b9960226e2
The Marsden Case,https://commons.cwrc.ca/orlando:4409cde0-f928-468d-ae2e-84a5c1fc62d6
The Martyr Age of the United States,https://commons.cwrc.ca/orlando:230a92f6-65e1-469a-9cd2-4ae36c8f3ca8
"The Martyrs of Spain, and the Liberators of Holland",https://commons.cwrc.ca/orlando:17cd75b9-38a2-4fdb-8bc7-bbe2077ff400
The Mask of Apollo,https://commons.cwrc.ca/orlando:3adc9e40-5aca-4a17-bdc3-550cb353d6a8
The Mask of State,https://commons.cwrc.ca/orlando:01567078-1ede-4dd5-acd9-955a95ee8cd1
The Massarenes,https://commons.cwrc.ca/orlando:5559783b-80cc-419d-a7bc-d9bdd67cdbe8
The Master-Christian,https://commons.cwrc.ca/orlando:69465a78-6b07-4e16-af3c-7042dd710d0c
The Matisse Stories,https://commons.cwrc.ca/orlando:95548bd0-5a46-42cf-9dcb-dd1181a8583b
The Matriarch,https://commons.cwrc.ca/orlando:ed1a0a63-674d-43d1-a934-ebc0a51e352b
The Matrimonial Lottery,https://commons.cwrc.ca/orlando:c4d7a6fa-3d80-42aa-993b-8698fe832907
The Matrimonial Vanity Fair,https://commons.cwrc.ca/orlando:ec61c769-fdaa-4280-8349-3a5a33bb604f
The Maul and the Pear Tree,https://commons.cwrc.ca/orlando:d8eaf6e3-b075-4e21-a8f0-5ae9062952c9
The Mayor of Casterbridge,https://commons.cwrc.ca/orlando:d39d0a52-32e5-48f3-8433-58fbdbe8ca99
The Meaning of the Woman's Movement,https://commons.cwrc.ca/orlando:4bf2a23a-5feb-48b2-9766-3ee6e61c9144
The Meaning of Treason,https://commons.cwrc.ca/orlando:080554c0-ca53-494c-ad23-6bc6841c8887
The Means of Escape,https://commons.cwrc.ca/orlando:7620318a-3855-4c82-a1af-26927f2c280c
The Mechanized Muse,https://commons.cwrc.ca/orlando:091aeca4-44f6-47db-b073-593d5dd680ed
The Medallion,https://commons.cwrc.ca/orlando:e3e29b80-e369-463e-89b7-150311026f86
The Medical Profession and Its Morality,https://commons.cwrc.ca/orlando:0194189c-56fa-4d41-bc14-4812fd8e996c
The Meditations of Lady Elizabeth Delaval: Written Between 1662 and 1671,https://commons.cwrc.ca/orlando:29780e02-ea47-4f1d-b9a4-1b2d0a8444a6
The Member of the Wedding,https://commons.cwrc.ca/orlando:a96a1d78-e711-4e62-bbe4-f0b987a06a8a
The Memoirs of a Survivor,https://commons.cwrc.ca/orlando:727caa1f-76a0-4e6e-88e6-5c32f2212f7a
"The Memoirs of Anne, Lady Fanshawe",https://commons.cwrc.ca/orlando:127725d2-bd53-477b-81ce-53cf9fe39dc2
The Memory Box,https://commons.cwrc.ca/orlando:313f2b42-62bc-43dc-90e7-261bec8077a3
The Menin Road and Other Poems,https://commons.cwrc.ca/orlando:51bc5338-52de-49aa-8ec5-5bb361d28711
The Mercenary Lover,https://commons.cwrc.ca/orlando:30fad075-a1c5-464a-86c0-17e4ece41280
"The Mercer; or, Fatal Extravagance",https://commons.cwrc.ca/orlando:d88e15d2-7271-4323-adea-9122209a82f3
The Mercy of the Lord,https://commons.cwrc.ca/orlando:40119381-df70-4bbc-aa84-bbed9b20b93f
The Mere Living,https://commons.cwrc.ca/orlando:1805f5ed-0b2a-478e-863d-4d28ff87f4cd
The Mermaids in the Basement,https://commons.cwrc.ca/orlando:c5fbe509-d2f8-457d-be84-5c773fbf20e0
The Merry Hippo,https://commons.cwrc.ca/orlando:8022d62b-7d69-45ed-9f52-6340301bd696
"The Merry Masqueraders; or, The Humorous Cuckold",https://commons.cwrc.ca/orlando:7a165cdb-0199-42ef-aec4-50bdff24b244
The Message to the Planet,https://commons.cwrc.ca/orlando:15a13b98-1c39-430e-b823-663cf4ebf73d
The Messenger,https://commons.cwrc.ca/orlando:a24db648-daae-47ed-a7a6-51b4996ba300
The Metrical Miscellany: Consisting Chiefly of Poems Hitherto Unpublished,https://commons.cwrc.ca/orlando:177bf141-494d-4eb5-8a0e-ec16d4bb29f3
The Middle Ground,https://commons.cwrc.ca/orlando:7831eb34-111c-434d-9e75-87f3d2bd9d84
The Middlemen,https://commons.cwrc.ca/orlando:a47df812-b4e0-4174-b17a-0204a1dd71b1
"The Midsummer Meadow, and Other Poems",https://commons.cwrc.ca/orlando:be63fdd6-356c-49d0-a815-cd04fdc106e5
The Mighty and Their Fall,https://commons.cwrc.ca/orlando:2afc249d-9fbd-4afd-947e-09e11b32f6a1
The Milky Way,https://commons.cwrc.ca/orlando:5f756919-7f62-4691-89a7-9824c5a0db19
The Mill on the Floss,https://commons.cwrc.ca/orlando:5f56d7df-35ae-43c1-92b3-976bcdf199a7
The Millpond,https://commons.cwrc.ca/orlando:2424db99-60b9-4204-adc7-da7e7b68de54
The Millstone,https://commons.cwrc.ca/orlando:3c45f1be-fec3-443b-8708-56cfb7c28f5e
The Minaret of Djam,https://commons.cwrc.ca/orlando:7143ee6c-333c-45af-851a-3182f572b462
The Mind Has Mountains,https://commons.cwrc.ca/orlando:7ef1eeef-0fe5-4953-a315-fd9e89b46cf2
The Mind of the Maker,https://commons.cwrc.ca/orlando:62f600b0-82c2-4f9e-b522-cc26975d144b
The Mind Readers,https://commons.cwrc.ca/orlando:2e2de0b7-b7fe-42d1-9985-41bdaf6f35a4
The Miniature Picture,https://commons.cwrc.ca/orlando:ea10c49e-4d47-48da-a367-ae670674b50a
The Minister's Wooing,https://commons.cwrc.ca/orlando:255568e0-d369-43b3-a867-40f191a74772
The Minstrel and the Dragon Pup,https://commons.cwrc.ca/orlando:916468ad-4efe-4e67-97d4-4a318759e25a
The Miracle Stone of Wales,https://commons.cwrc.ca/orlando:c988743a-f9ac-40b7-bb3a-b192c8a54c67
The Miracles of Our Lady Saint Mary,https://commons.cwrc.ca/orlando:67c2172e-e6b0-464f-b2a2-9c4349795ec7
The Mironov Legacy,https://commons.cwrc.ca/orlando:682a27b0-9939-4ed0-9964-53733ba8218b
The Mirror of the Giant,https://commons.cwrc.ca/orlando:ec8a4b14-a2b4-4239-8484-b2adb6fb5a9c
The Mirrour of Princely Deedes and Knighthood,https://commons.cwrc.ca/orlando:228b95b0-a426-42fc-b3f8-53da0f26ce83
The Mischievous Brownie,https://commons.cwrc.ca/orlando:10d2cd5d-7f8c-4733-9b9f-84735fb4792d
The Miser and His Family,https://commons.cwrc.ca/orlando:fa581f48-ba98-4329-8aa5-7cae0e985100
The Miser Married,https://commons.cwrc.ca/orlando:dda8842f-e223-4e97-9afc-5bcf9bdb5607
The Missionary,https://commons.cwrc.ca/orlando:49bd21e8-91be-4ab6-a7ff-f2c57a05e198
The Mist in the Mirror,https://commons.cwrc.ca/orlando:42c040ce-0612-4a5b-9718-bfbacfc1333c
The Mistakes of a Life,https://commons.cwrc.ca/orlando:7cbf238f-0b18-4ee3-9d73-a071d9246ab6
The Mistressclass,https://commons.cwrc.ca/orlando:691e40f8-5b11-44ac-b7c4-8b371133c2af
The Mists of the Valley,https://commons.cwrc.ca/orlando:331b042c-feda-41b1-80c5-3ab746b3f42e
The Moccasin Maker,https://commons.cwrc.ca/orlando:8a6158a9-f609-4749-947d-a9de6c1a30a0
The Modern Struwwelpeter,https://commons.cwrc.ca/orlando:f3685fa0-10b5-4f52-b508-832937286ad6
The Monk,https://commons.cwrc.ca/orlando:82e5b205-4215-41de-9b38-9363a986b1ab
The Monster in the Box,https://commons.cwrc.ca/orlando:a5b0ab60-c221-4bb6-80e2-995978b9ed04
The Months and Other Poems,https://commons.cwrc.ca/orlando:ac40e1ab-d550-4c5c-a5d3-eea6f7b46a48
The Montyon Prizes,https://commons.cwrc.ca/orlando:05c0d6e0-948d-4989-9d0e-ad3ed8099803
The Moon is Feminine,https://commons.cwrc.ca/orlando:065198a4-c44e-49e5-8999-1d218090a54e
The Moonstone,https://commons.cwrc.ca/orlando:e551059f-2920-4b16-ab0a-46da89f9c951
The Moorland Cottage,https://commons.cwrc.ca/orlando:c0e37117-7a4c-481f-8294-36c077d06dd4
The Moors and the Fens,https://commons.cwrc.ca/orlando:03383496-c490-4288-8c82-1a9c89f2dd0c
The Moral Basis of Politics,https://commons.cwrc.ca/orlando:a109c713-6c1c-48b1-94d8-17db870fc7cd
The Moral of Many Fables,https://commons.cwrc.ca/orlando:f7afde55-dc58-404a-805c-7ebf631ff0d6
The Morality of Shakespeare's Drama Illustrated,https://commons.cwrc.ca/orlando:49d32ea3-e868-4513-9a15-fb1d0b67d42e
The Morals of Manner and Appearance,https://commons.cwrc.ca/orlando:023b6d40-1790-4fe1-8d6f-c8daa699e287
The Mortal Storm,https://commons.cwrc.ca/orlando:fd0d3623-9c63-480b-abfd-4cca15d36d16
The Moth and the Star,https://commons.cwrc.ca/orlando:1ce180f4-75ff-4095-839e-6c213cf424b6
The Mother and Child; a Poem,https://commons.cwrc.ca/orlando:4079c800-03a5-4eac-bc9b-18dd40d6854c
The Mother and Daughter. A Pathetic Tale,https://commons.cwrc.ca/orlando:6c8c345e-1485-4d31-aba6-d98eb7bd986c
The Mother: and Other Poems,https://commons.cwrc.ca/orlando:e12e796f-6543-435c-b9a5-15fa209673db
The Mother's Mistake,https://commons.cwrc.ca/orlando:8c29b1d5-71b9-4446-82e7-725e758d1ed8
The Mother's Recompense,https://commons.cwrc.ca/orlando:28f030d2-1aa4-4c49-800a-e5b66c2b4afa
The Mothers Blessing,https://commons.cwrc.ca/orlando:7d475901-cc3c-4737-bd75-fc5d43265462
"The Mothers Legacie, to her unborne childe",https://commons.cwrc.ca/orlando:cbb36e7e-a03a-452f-89a4-9d288cd7670e
The Mottled Lizard,https://commons.cwrc.ca/orlando:7d3848db-5517-4550-80d3-34f1b54dc22b
The Mountain Beast,https://commons.cwrc.ca/orlando:4036158f-eff9-4cf9-9d27-47cb18ec5094
The Movement of Bodies,https://commons.cwrc.ca/orlando:e3f58d31-cd8a-4e28-96a3-0f1ddcdc8fe0
The Mulberry Bush,https://commons.cwrc.ca/orlando:95e3091c-e209-41d6-93c8-0f449b4b14d0
The Murder at the Vicarage,https://commons.cwrc.ca/orlando:f2fec3fb-0bb1-4c9d-8eb5-ca234ff9fb69
The Murder Hole: An Ancient Legend,https://commons.cwrc.ca/orlando:5c1f7e1d-9688-4aca-b8db-af8f689be472
The Murder in the Tower,https://commons.cwrc.ca/orlando:7afe98e9-2be1-4033-bf45-58653b87e5b0
The Murder of Lidice,https://commons.cwrc.ca/orlando:01ed1c68-33f6-4fdb-b2c9-b84b78cf2d92
The Murder of Roger Ackroyd,https://commons.cwrc.ca/orlando:6bc8d30d-4e70-4451-abca-3861c1c1cbcd
The Murder Room,https://commons.cwrc.ca/orlando:c8829387-ee73-49a2-94a6-614d8d3aec47
"The Murdered Queen! or, Caroline of Brunswick",https://commons.cwrc.ca/orlando:260a3a9d-a161-4ccf-afcd-641146ed54bf
The Music of Speech,https://commons.cwrc.ca/orlando:6a71e9a2-c746-49ff-8aa0-276071299a3e
The Musicians of Bremen,https://commons.cwrc.ca/orlando:ac1d70fa-e1a4-450a-8eba-3480bec3890f
The Mysteries of Christianity,https://commons.cwrc.ca/orlando:277790f3-ecde-4505-8b80-099e095219c6
The Mysteries of Udolpho,https://commons.cwrc.ca/orlando:a744b827-5397-45ed-9b3a-c5806a2ae996
The Mysterious Affair at Styles,https://commons.cwrc.ca/orlando:f01b0e71-e58f-497b-9a3c-02495fba5a7f
The Mysterious Mr Campion,https://commons.cwrc.ca/orlando:cd68ad2e-7dfc-4332-96b7-24d4dc225c35
The Mysterious Wife,https://commons.cwrc.ca/orlando:938c6b57-dc65-47fa-92ad-c26eea24517d
The Mystery in Palace Gardens,https://commons.cwrc.ca/orlando:b57f357c-003d-409c-b39a-25e308ae0b8c
The Mystery of King Arthur,https://commons.cwrc.ca/orlando:910c541a-47bc-4951-8439-4ce34245f587
The Mystery of Time,https://commons.cwrc.ca/orlando:87f69fbf-2265-4c74-a259-ee83c8b4f894
The Mystic Way,https://commons.cwrc.ca/orlando:c6837974-ddbd-4a3d-b5b5-5d88296fa798
The Mystics of the Church,https://commons.cwrc.ca/orlando:64f2966e-3d38-49d2-aa73-9d5b97379a6b
The Name and Nature of Poetry,https://commons.cwrc.ca/orlando:75be8cda-8821-4887-beed-ff7658d1b805
The Nature of Alexander,https://commons.cwrc.ca/orlando:40687430-9b1e-4054-a505-0b87029dae31
The Nature of Passion,https://commons.cwrc.ca/orlando:6552efd1-02b0-488e-b044-d57b95e2c822
The Nature of the Moment,https://commons.cwrc.ca/orlando:1375c0be-ae2e-4b26-b0a3-56ae6de524e4
"The Neapolitan, or The Test of Integrity",https://commons.cwrc.ca/orlando:c32c68b6-b130-4a0e-bff3-b21efde16079
The Nearest Neighbour and Other Stories,https://commons.cwrc.ca/orlando:6e157483-601f-483c-a99d-94f3df6604fe
The Needle's Eye,https://commons.cwrc.ca/orlando:231c56d5-8695-493b-a108-042fa219e107
The New Arcadia and Other Poems,https://commons.cwrc.ca/orlando:ad4cf13e-6c30-48fb-84f0-5408eedcedef
The New Aspect of the Woman Question,https://commons.cwrc.ca/orlando:2c66aa80-a279-433a-81fb-92ce41282373
The New Crusade,https://commons.cwrc.ca/orlando:43bef0b0-815c-43af-83ad-569734de251d
The New Dunciad,https://commons.cwrc.ca/orlando:a9e74348-ad0e-433c-a4f2-0d260296a5e6
The New Era,https://commons.cwrc.ca/orlando:b288a86d-cc09-42e0-8a85-a174e838a31c
The New House,https://commons.cwrc.ca/orlando:10f8441f-7f2e-4038-a458-ed11056c3953
The New Idealism,https://commons.cwrc.ca/orlando:3778daa2-4803-47ed-a99e-579447338d7c
The New Italian Ministry,https://commons.cwrc.ca/orlando:ca3a1455-5929-48f6-b1be-efc3ce7e49a1
The New Machiavelli,https://commons.cwrc.ca/orlando:215746d4-a67b-4460-8073-535b1790dc6e
The New Magdalen,https://commons.cwrc.ca/orlando:aa1da61b-b628-4cbd-8946-8424075f6d51
The New Meaning of Treason,https://commons.cwrc.ca/orlando:3a18e2da-c3ef-4c4a-b94d-4257b19e86bd
The New Moon,https://commons.cwrc.ca/orlando:fb9b477e-4e4e-4f34-8865-5253614f054a
"The New Pleasing Instructor: or, Young Lady's Guide to Virtue and Happiness",https://commons.cwrc.ca/orlando:b0155ec5-1fac-4574-8e03-3241c1ef5fb2
The New Priesthood,https://commons.cwrc.ca/orlando:4373eb4f-bf04-4449-a494-4fcd02f2ee85
The New Propaganda,https://commons.cwrc.ca/orlando:a0a70fb4-14ad-46c8-b3f3-51a849a339e1
The New Tribe,https://commons.cwrc.ca/orlando:ebc393f3-c9be-4690-9d8c-50c22a39db8e
The New Woman and the Old,https://commons.cwrc.ca/orlando:cf8ef452-307f-40d4-bc27-806f80787120
The Next Big Thing,https://commons.cwrc.ca/orlando:33aa3528-d96b-4425-aa99-5950aaabda87
The Nice and the Good,https://commons.cwrc.ca/orlando:600119eb-5047-4574-b8e7-4e499f5459c8
The Nicest Girl in the School,https://commons.cwrc.ca/orlando:bd4df4cd-1595-454f-a327-0e4948fece36
"The Night Side of Nature; or, Ghosts and Ghost Seers",https://commons.cwrc.ca/orlando:b746f62f-2036-466a-874e-43b3687f108d
The Nightingale and not the Lark,https://commons.cwrc.ca/orlando:ad0d1619-1f8f-4e89-8b92-e05f4a9c441e
The Nine Muses,https://commons.cwrc.ca/orlando:aabfe24a-d006-4042-aef1-ffc464fc93b9
The Nine Tailors,https://commons.cwrc.ca/orlando:3fbbcfa9-172f-4e1e-955e-44f3584ff05c
The Nobility of the Heart,https://commons.cwrc.ca/orlando:cd251dc4-5372-490f-bb9f-f66f0d2e8d8c
The Noble Conflict,https://commons.cwrc.ca/orlando:feaded50-0b9c-428e-86b2-8724c6583440
The Noble Savage,https://commons.cwrc.ca/orlando:17b726ac-464b-4d91-8414-3514f6a0dd46
The Noble Slaves,https://commons.cwrc.ca/orlando:b73fd61b-8285-4d26-8568-37581e75e195
The Nobler Sex,https://commons.cwrc.ca/orlando:6a35ef57-91ca-43eb-91a9-df1010f24455
The Nonsense of Common-Sense,https://commons.cwrc.ca/orlando:9a916da1-f6a6-4f9d-8d90-805ab9cfca2f
The Norris House,https://commons.cwrc.ca/orlando:fe92ae79-3ba5-4b41-8ffb-ce0bbe427354
The North Ship,https://commons.cwrc.ca/orlando:e3c4c28f-2bfb-489f-bdfb-4e328197a193
The Not-Dead and the Saved,https://commons.cwrc.ca/orlando:0ea65034-384f-42a0-a1da-6d879e1ab94f
The Not-Dead and the Saved and Other Stories,https://commons.cwrc.ca/orlando:4fc6db5e-864f-4af7-8b38-a490c6054294
The Novels and Romances of Anna Eliza Bray,https://commons.cwrc.ca/orlando:50ab9f0d-2167-469f-9462-bf3accbe5f3d
The Novice of Saint Dominick,https://commons.cwrc.ca/orlando:99abcdd7-26c6-44aa-8947-e3132064455f
The Numbered Account,https://commons.cwrc.ca/orlando:8f5da454-2d0f-47f5-96ac-ad31844df6a3
The O'Briens and the O'Flahertys,https://commons.cwrc.ca/orlando:62a3e20e-1554-4792-b5ab-9562084c3e67
The Oaken Heart,https://commons.cwrc.ca/orlando:28c6758d-3147-45df-873d-92d6cbd2c4ae
The Obedient Wife,https://commons.cwrc.ca/orlando:b3448122-cb8e-4dea-ba32-dd443a2ba9a1
The Obstacle Race,https://commons.cwrc.ca/orlando:cd1b2454-6a5a-4a33-8271-591027de3b28
The Odds,https://commons.cwrc.ca/orlando:0edca83f-b58c-4f55-823d-8313b0bb8280
The Odysseus Poems: Fictions on the Odyssey of Homer,https://commons.cwrc.ca/orlando:162138ab-5f08-4e45-a6bc-136974cbd98c
The Odyssey of Euphemia Tracy,https://commons.cwrc.ca/orlando:350d7e86-8764-4c9a-9a84-fa4a5b713783
The Offshore Island,https://commons.cwrc.ca/orlando:899ddb70-cea8-47b5-ac8b-960c18741b05
The Offshore Light,https://commons.cwrc.ca/orlando:7f576b88-078e-47d6-9eec-b9a8a2e4a921
The Ogilvies,https://commons.cwrc.ca/orlando:230654fc-a419-4755-bce0-222560472dad
The Old Adam,https://commons.cwrc.ca/orlando:99417f2b-3803-4e0f-b5ea-398bdfd84e67
The Old and Good Way Vindicated,https://commons.cwrc.ca/orlando:4014da50-0aa2-43a6-9ae6-c4c3b0778313
The Old and the Young,https://commons.cwrc.ca/orlando:40eec24e-7f18-40c0-84f2-90de29fb736d
The Old Curiosity Shop,https://commons.cwrc.ca/orlando:d754ef71-d879-45ba-9e8a-e5b1f5ddf456
The Old English Baron,https://commons.cwrc.ca/orlando:f8b38f85-6f33-46a3-973e-10e64fcab1ae
The Old Grey Church,https://commons.cwrc.ca/orlando:140ed48a-9c17-4437-b0c3-115328880516
The Old Maid,https://commons.cwrc.ca/orlando:a32347cb-3382-42f8-89c0-71b93ae5598b
"The Old Maid; or, The History of Miss Ravensworth",https://commons.cwrc.ca/orlando:6c2b91d9-5056-49cf-86f5-c53399ecf86e
The Old Manor House,https://commons.cwrc.ca/orlando:9ecd5adc-8952-43e4-9e13-049d53b180c7
The Old Nurse's Stocking-Basket,https://commons.cwrc.ca/orlando:fc3ce2ba-a5d8-4652-8812-15f7e83ac88c
The Old Road from Spain,https://commons.cwrc.ca/orlando:8c3b14e0-fbda-4322-bdfe-a02f3afe3934
The Old Vic,https://commons.cwrc.ca/orlando:9bebe59b-f187-4059-987a-00f501115945
The Old Wife and Young Husband,https://commons.cwrc.ca/orlando:f31a0d06-d74c-4b5d-b036-8a3e2fcd8a50
The Old Wives' Tale,https://commons.cwrc.ca/orlando:3e33651c-dae3-4661-83d9-ed1c2b721682
"The Old, Old Story, Love",https://commons.cwrc.ca/orlando:fe64b71b-48cd-42a6-b904-18687c1cf506
The One Alone,https://commons.cwrc.ca/orlando:08ee1851-eabd-4f41-ac0e-068c841dd848
"The One Who Is Legion; or, A. D.'s After-Life",https://commons.cwrc.ca/orlando:64dc0526-b473-4097-8e57-9a97646a1b03
The Only Poet and Short Stories,https://commons.cwrc.ca/orlando:cd9a7220-2bb7-4631-b497-6e3bb2db7204
The Only Problem,https://commons.cwrc.ca/orlando:e8fb0b12-02f7-4149-a196-13bb1008399d
The Opposite House,https://commons.cwrc.ca/orlando:77017a1a-f67b-4783-aacc-570863fdecee
The Optimist,https://commons.cwrc.ca/orlando:11bc8b35-75dc-4826-820f-890a5ac9ee93
The Orange Fish,https://commons.cwrc.ca/orlando:08babeb8-af01-4301-9068-94eaa912c173
The Orchard on Fire,https://commons.cwrc.ca/orlando:47f89dcc-dde7-4784-8f5c-90c78ea7e2e0
The Orchard Upstairs,https://commons.cwrc.ca/orlando:a1d93e9b-9c54-453d-98b0-f7d87f90ea81
"The Origin, Rise, and Progress of the Paper People",https://commons.cwrc.ca/orlando:bc551b54-eceb-4476-8260-416a6cc51309
The Orpheus Trail,https://commons.cwrc.ca/orlando:2cab3376-3795-4b01-a665-e08925cd08e0
The Other Country,https://commons.cwrc.ca/orlando:cf24a580-94e5-434e-bb6b-4bb0263811f6
The Other Day,https://commons.cwrc.ca/orlando:f20edf8c-7663-462e-a179-dc33dbf2de87
The Other Family,https://commons.cwrc.ca/orlando:5ae868df-878c-4477-9241-9663aa089247
The Other House,https://commons.cwrc.ca/orlando:01f26c92-ec15-489b-b017-5995271c9a28
The Other Side of the Sun,https://commons.cwrc.ca/orlando:bad2b607-56f5-497c-bda6-53d167bd63f3
The Other Wind,https://commons.cwrc.ca/orlando:16559e11-e26c-415d-bcd3-729e9fefd7d7
The Outcasts,https://commons.cwrc.ca/orlando:15949445-24a3-4403-8288-97a095d6a6ac
The Outlaws on Parnassus,https://commons.cwrc.ca/orlando:c29667ec-4e21-47c0-89b0-8bbd951d1592
The Outline of History,https://commons.cwrc.ca/orlando:8ad21822-a555-44e3-8c58-5efc1659481e
The Outside Edge,https://commons.cwrc.ca/orlando:a18aa1b0-0c8b-48d5-a62c-7de01e44cb94
The Overhaul,https://commons.cwrc.ca/orlando:8e5a5d36-d752-490f-a99e-102e9418a1cc
The Oxford Book of English Short Stories,https://commons.cwrc.ca/orlando:dae6df05-9f58-4ba6-9463-1022b501b83c
The Pageant of War,https://commons.cwrc.ca/orlando:9ce46168-6b77-4f6b-979b-51e5dfff774e
The Pamphlet,https://commons.cwrc.ca/orlando:28ec046a-16b1-459a-9ef7-5965ce28584f
The Pangolin and Other Verse,https://commons.cwrc.ca/orlando:38b9140a-dcc7-4727-ab72-7d027b096bf5
The Pangs of Love and Other Stories,https://commons.cwrc.ca/orlando:ef1ffc16-d392-42e9-bab0-a2769526b162
"The Panorama of Europe; or, A New Game of Geography",https://commons.cwrc.ca/orlando:543bc016-b215-45c8-90b9-fb39501c284c
The Paper Hat,https://commons.cwrc.ca/orlando:ad6f874c-0cd5-4484-95b4-e013128a7217
The Paradox Players,https://commons.cwrc.ca/orlando:dc3bfcf7-711f-441e-8ec7-b797bc56f066
The Parasites,https://commons.cwrc.ca/orlando:b71c16a9-52fc-4fbf-87be-911f6a92a826
The Parents' Progress,https://commons.cwrc.ca/orlando:ed0432be-020b-47c8-9bce-d89e5fb3d21e
The Parisians,https://commons.cwrc.ca/orlando:74db7b16-ea3d-4cd4-8137-3e53d2e0b540
The Park,https://commons.cwrc.ca/orlando:dd7aa95d-bb37-46da-8676-6446c1875e76
The Park Wall,https://commons.cwrc.ca/orlando:5bb5eae9-94d7-44bf-a19d-ea9b07bbe2b1
The Parting,https://commons.cwrc.ca/orlando:96a812b1-d09b-47f2-b654-2bf7efa50a51
The Partnership,https://commons.cwrc.ca/orlando:7de1a4d7-dbaa-4999-9cac-fc70af767b37
The Passage of the Mountain of Saint Gothard,https://commons.cwrc.ca/orlando:a6a8f4ad-0ec7-4ed8-92af-9cb9a3dff2bd
The Passion,https://commons.cwrc.ca/orlando:eff4fe96-de35-420e-8f1a-a7490cc7d5f9
The Passion of New Eve,https://commons.cwrc.ca/orlando:60dd6cea-b022-49e2-92fd-c4d64af6e49e
The Passionate Shepherdess,https://commons.cwrc.ca/orlando:229b3d09-99c8-4b2c-855b-e24a5b6f51ee
The Passions,https://commons.cwrc.ca/orlando:376dbfb7-9d10-415c-a9e9-7c4c139cd3c4
The Pastor's Wife,https://commons.cwrc.ca/orlando:15acc805-97dc-4b5d-ae10-0631c122459f
The Path of a Star,https://commons.cwrc.ca/orlando:1ab77165-682e-496d-9605-699f4b6b4e3b
The Patience of Hope,https://commons.cwrc.ca/orlando:e41ea408-58e8-44c5-88c4-7cfafdc867ec
The Patriot Son and Other Stories,https://commons.cwrc.ca/orlando:90687efc-717d-4f30-b40f-dc792dc19d81
The Pattern in the Carpet: A Personal History with Jigsaws,https://commons.cwrc.ca/orlando:9fcb6326-25f3-4bf8-94ca-bc6f5c3f5e30
The Paying Guests,https://commons.cwrc.ca/orlando:529b8094-ae88-43f8-9284-2f8feba15edc
The Pearl of Orr's Island,https://commons.cwrc.ca/orlando:452f0f15-5664-4757-b1dc-9f7342532cc7
The Peasant of Ardenne Forest,https://commons.cwrc.ca/orlando:8658f790-c969-448c-be4d-b4bb9ce17ca2
The Pedlar's Pack,https://commons.cwrc.ca/orlando:1437ebdb-2315-493d-afdc-85c7d1fd24fb
The Penelopiad,https://commons.cwrc.ca/orlando:22aa2bd9-0450-4703-a453-16ea1665c955
The People Have No Generals,https://commons.cwrc.ca/orlando:01aa81a9-9094-4650-895f-a2a068a1c309
The People of India,https://commons.cwrc.ca/orlando:2ad1aa51-b1eb-4fe2-89a3-bbb06fa6ecc6
The People on Privilege Hill,https://commons.cwrc.ca/orlando:0e981b83-a3b3-4d40-be77-4b7d92cced59
The People's Album of London Statues,https://commons.cwrc.ca/orlando:8f315732-d485-4f06-a3ce-16433454ad42
The Peppered Moth,https://commons.cwrc.ca/orlando:a8897cd5-0667-465d-9415-e26ef5a08c66
The Perfect Way in Diet,https://commons.cwrc.ca/orlando:9389e700-d56a-4fa3-8504-120d9ae251db
The Perfumed Garden,https://commons.cwrc.ca/orlando:835bff52-8dc9-4364-9ddf-a8c665c65f9c
The Perils of Fashion,https://commons.cwrc.ca/orlando:1901e7ff-ae1c-4116-a44e-26b9bb8bf5e0
The Perils of the Nation,https://commons.cwrc.ca/orlando:8fc3caeb-dd63-40e0-88b5-a28f5798cace
The Perpetual Curate,https://commons.cwrc.ca/orlando:089d1392-f6de-43f6-8b5e-c1da55ce1624
The Perplex'd Lovers,https://commons.cwrc.ca/orlando:0957ad68-e725-4c65-a0cd-11bce702b364
The Persian Boy,https://commons.cwrc.ca/orlando:cc6559ba-ebe8-433f-8964-9841fd5b71fe
The Personal Aspect of Responsibility,https://commons.cwrc.ca/orlando:5ed0c4fd-ae5b-4f1b-9b80-1922f42111f9
The Personal Life of Josiah Wedgwood the Potter,https://commons.cwrc.ca/orlando:9181e651-54ce-4f0f-a50f-bff03d168f96
The Peverel Papers,https://commons.cwrc.ca/orlando:4095967c-b77e-48f0-8e3c-0261a260ac4b
The Philosopher's Pupil,https://commons.cwrc.ca/orlando:cfa7a903-a935-4de7-bf76-8d366624c471
The Philosophy of Ragged Schools,https://commons.cwrc.ca/orlando:205759b0-4aa1-40a9-a461-ef6a5443b542
The Philosophy of the Marquise,https://commons.cwrc.ca/orlando:52d4e492-0cb3-4ebc-a57b-1e2a4a083ebd
The Phoenix and the Carpet,https://commons.cwrc.ca/orlando:53b30d08-00c2-4e15-b400-7eb9d1129873
The Photograph,https://commons.cwrc.ca/orlando:c59fb180-c95a-448b-bdab-8c8d0a49b29a
The Physiognomist,https://commons.cwrc.ca/orlando:d53f3c17-1d68-485c-8535-18252a434fa3
The Pickwick Papers,https://commons.cwrc.ca/orlando:a109cd0a-a510-44af-b5e2-98706f008479
The Picture,https://commons.cwrc.ca/orlando:c7110d79-33cc-482e-a040-6f7febf38fd7
The Pied Piper: Lesbian Feminist Fiction,https://commons.cwrc.ca/orlando:4b043c12-e3c2-481d-88fa-faee9c1b5bc2
The Pigeon Pie,https://commons.cwrc.ca/orlando:080f693f-6ee0-4637-aa3f-f9b4875a0652
The Pillow Boy of the Lady Onogoro,https://commons.cwrc.ca/orlando:9ed1bcac-0bb9-47d6-9e86-a32f8e13f162
The Pioneers of the Spiritual Reformation,https://commons.cwrc.ca/orlando:97020ea5-2f17-4c12-ae26-be6f86f55071
The Pisan Cantos,https://commons.cwrc.ca/orlando:88e00e4e-b199-45ef-a083-e8363c15868e
The Planet Venus,https://commons.cwrc.ca/orlando:74771138-8d0f-4fbc-96ba-fe992d00c4f7
The Plantagenet Prelude,https://commons.cwrc.ca/orlando:ffb912bf-282b-487c-bfc9-44fb56f6d482
The Platonic Wife,https://commons.cwrc.ca/orlando:3fddec0b-4e44-4f84-a395-f8afae9f6176
The Platonick Lady,https://commons.cwrc.ca/orlando:bfd9005e-a695-4081-ba08-abfbdcca0a94
The Playboy of the Western World,https://commons.cwrc.ca/orlando:adc4322a-6f55-41e5-ae59-bb527e54cd31
The Playfellow,https://commons.cwrc.ca/orlando:db8d71b2-afdd-40f0-be57-0836baed8e27
The Pleasure of Eliza Lynch,https://commons.cwrc.ca/orlando:aed21efb-e53f-4306-9bab-d6abbc8b3f2a
The Pleasures of Friendship. A Poem,https://commons.cwrc.ca/orlando:d17eff14-ac06-41cf-b98c-5e9bae83c953
The Poems of Marianne Moore,https://commons.cwrc.ca/orlando:6c42b6e5-37fe-4c6e-8767-d8c6421553f9
The Poet Cat,https://commons.cwrc.ca/orlando:0ce1f4ac-9469-4ae5-95b1-6009d3b38ea4
The Poet of Prague,https://commons.cwrc.ca/orlando:3fd6168b-3056-4adb-b158-01f1fce92148
The Poet's Child,https://commons.cwrc.ca/orlando:f21f34f2-d5c9-42b0-94fd-d02d772cb82e
The Poetical Works of Frances Ridley Havergal,https://commons.cwrc.ca/orlando:03e5c9b8-9936-4555-9097-db9111103a73
The Poetry of Anna Matilda,https://commons.cwrc.ca/orlando:a7e756cd-3d41-4719-a702-590939ffff8c
The Poetry of Life,https://commons.cwrc.ca/orlando:066978aa-8892-433b-9925-33d867a94f2f
The Political Disabilities of Women,https://commons.cwrc.ca/orlando:3a3e5596-ea0a-4e7f-9d15-bd5cd2df00ca
The Political Situation,https://commons.cwrc.ca/orlando:12004eda-bae4-4ae3-85dd-03a528a24b6f
The Ponder Heart,https://commons.cwrc.ca/orlando:51f6fa1d-3ca8-4a49-b159-375076e9bf14
The Poor Governess,https://commons.cwrc.ca/orlando:dcf12fd3-8e3e-4f45-8f65-090757674791
The Poor Widows Mite,https://commons.cwrc.ca/orlando:7acfe243-ea9f-4255-93ce-37227dcb1ef3
The Popular Guide to Westminster Abbey,https://commons.cwrc.ca/orlando:c5830919-e84c-4620-bb4a-06ea8bee246c
The Portable Virgin,https://commons.cwrc.ca/orlando:58841cca-9af5-4c7c-86f6-fb901d70b47a
The Portion of the Levites,https://commons.cwrc.ca/orlando:73742be7-01e5-4682-89b1-79f3e25274e6
The Portrait of a Lady,https://commons.cwrc.ca/orlando:d0496814-ad6a-4b9e-be67-5770c22aea44
"The Posthumous Critics of a Dead Poet, and Deathless Poetry",https://commons.cwrc.ca/orlando:a642d51d-b964-4d44-a037-15512c2f84b6
The Pot and the Kettle,https://commons.cwrc.ca/orlando:90134f9d-aed3-4574-ba49-801320e507e2
The Pot Boils,https://commons.cwrc.ca/orlando:781455b3-6525-4821-9051-e7042c4dac44
The Potter's Thumb,https://commons.cwrc.ca/orlando:15e934bd-9f0d-4e20-98fe-07bb391d417a
The Practice of Medicine by Women,https://commons.cwrc.ca/orlando:2f22951b-8278-4700-b594-e24b7a41459a
The Praise Singer,https://commons.cwrc.ca/orlando:aff2c003-9e7f-453e-911b-311b774cf6a8
The Present and the Past,https://commons.cwrc.ca/orlando:b95177eb-349f-4586-b52e-56026e4e5529
The Present Position of the Women's Suffrage Movement,https://commons.cwrc.ca/orlando:6e69ea7b-9bf1-4da4-9548-9840c6941801
The President's Child,https://commons.cwrc.ca/orlando:d59c2701-3c36-462d-9021-be2798ae470d
The Prevention of War,https://commons.cwrc.ca/orlando:1c5abf8c-8355-478c-af6c-cf5e633c3c56
The Price of Stephen Bonyng,https://commons.cwrc.ca/orlando:1c1eca1d-7579-4e70-b901-14db227222ce
The Price of Thomas Scott,https://commons.cwrc.ca/orlando:c9e2832c-2253-4348-9205-3f23d7e59960
The Priest of the Nile,https://commons.cwrc.ca/orlando:088f1166-0b16-42c7-aa63-e7fc4dc3ca04
The Priest's Blessing,https://commons.cwrc.ca/orlando:4c60f6d2-f60c-45b8-9a9c-31ff8ba99b75
The Prime of Miss Jean Brodie,https://commons.cwrc.ca/orlando:dc72b0ce-4349-4cf6-9585-5446de152ba8
The Primrose Path: A Chapter in the Annals of the Kingdom of Fife,https://commons.cwrc.ca/orlando:028f778b-27dc-42f6-a426-ad34d0b103ee
The Prince and the Pilgrim,https://commons.cwrc.ca/orlando:bcf922e0-8f8b-47d7-abec-8f9c6a8e986f
The Prince and the Praise,https://commons.cwrc.ca/orlando:39d1ff31-7708-4fe1-8329-61bf983304f7
The Prince and the Wild Geese,https://commons.cwrc.ca/orlando:ea044f6d-d826-4719-9ede-7fd25ab476d3
The Prince Buys the Manor,https://commons.cwrc.ca/orlando:3ea1c168-b282-4721-8612-334404a45523
The Prince of the Glades,https://commons.cwrc.ca/orlando:1df5579d-2bfb-46fb-83cd-d77575b27a19
The Prince's Progress and Other Poems,https://commons.cwrc.ca/orlando:4fe60c48-22b4-4c62-8d6e-ef62531171d7
The Prince's Return,https://commons.cwrc.ca/orlando:1f6a626d-da4f-4ccd-ada7-080df312a0c7
The Princeship of Wales,https://commons.cwrc.ca/orlando:53269bbe-bebc-4f05-b24c-5d91613f248e
The Princess Marries the Page,https://commons.cwrc.ca/orlando:253c6331-5fb7-4eef-9d94-2b647df5e6b7
The Princess of Celle,https://commons.cwrc.ca/orlando:d78e8fdc-abf1-4292-b849-d7861a192e66
The Princess of the School,https://commons.cwrc.ca/orlando:359f1326-0239-4dd7-8cf9-21fefc80ce9c
The Principles of the Abolitionists,https://commons.cwrc.ca/orlando:4e69d975-6fce-445d-b9c9-40f9696e87cb
The Priory,https://commons.cwrc.ca/orlando:e5b5df36-2757-41e3-8b17-481ca5e9744a
The Prisoner,https://commons.cwrc.ca/orlando:cc91759f-0dbb-4b6c-9288-f8a391367788
The Private History of the Court of England,https://commons.cwrc.ca/orlando:3df60015-3040-4c76-b106-63779e8ae014
The Private Life of Mr Justice Syme,https://commons.cwrc.ca/orlando:82f23654-1760-4f0b-987b-75b7f90cf051
The Private Patient,https://commons.cwrc.ca/orlando:70faf0b9-0994-4623-a9bd-13621f11e009
The Privateer,https://commons.cwrc.ca/orlando:357223bf-5455-449f-960a-cae8c4673434
The Prodigious Caribbean: Columbus to Roosevelt,https://commons.cwrc.ca/orlando:eb8a617d-9b75-48e4-9397-11dbe48642b4
The Professor,https://commons.cwrc.ca/orlando:9b7fd9d3-5c16-44f3-874a-516df633d4d6
The Professor's House,https://commons.cwrc.ca/orlando:7f1b9abb-3596-49e5-b5ca-2be5af6df3e0
The Progress of Julius,https://commons.cwrc.ca/orlando:05b87ff3-c7c4-492f-a392-e654b0450632
The Progress of Love,https://commons.cwrc.ca/orlando:7600a0e4-cdd9-49d0-ade4-5ef1c89afda7
The Progress of Religious Ideas through Successive Ages,https://commons.cwrc.ca/orlando:c2a69209-a47d-4d21-b642-4984de5a8229
The Progress of Romance,https://commons.cwrc.ca/orlando:47e29c68-45d2-4cce-94b1-e663d98242d9
"The Prophecy of St Oran, and Other Poems",https://commons.cwrc.ca/orlando:b8e471d6-dbd3-4f45-ae75-4ab75cefe207
The Prophet's Camel Bell,https://commons.cwrc.ca/orlando:0ad5d8e7-dbe5-470f-a05d-e8230aadb973
The Prophet's Mantle,https://commons.cwrc.ca/orlando:e96238e0-e564-43af-ad2b-27f8c3bb4467
The Protestant,https://commons.cwrc.ca/orlando:cac42ad5-2bfb-4779-87d0-ade76c2f7154
The Provincial Freeman,https://commons.cwrc.ca/orlando:709ce0be-6ad2-4cdd-abf4-b316b5630e3f
The Provincial Lady in Wartime,https://commons.cwrc.ca/orlando:81b692ad-589a-4221-be74-fb82ebf95447
The Public Image,https://commons.cwrc.ca/orlando:693b133c-9926-49e0-bd94-ec177588e15b
The Pulse of Life,https://commons.cwrc.ca/orlando:3a087b1a-42ed-4382-9f3c-739cd1eb800d
The Pumpkin Eater,https://commons.cwrc.ca/orlando:7d50109c-6b5d-47d5-a75f-49c44650570e
The Pure Flame,https://commons.cwrc.ca/orlando:1f394f8c-77fa-4d50-bd92-b29493980f03
The Pure Gold Baby,https://commons.cwrc.ca/orlando:529214d2-c10c-46d6-845e-a99e7b3349d6
The Purple Swamp Hen and Other Stories,https://commons.cwrc.ca/orlando:50c96d14-ab11-4b84-81e5-4c0ad75d6a0d
The Puzzleheaded Girl,https://commons.cwrc.ca/orlando:7a01de0a-1ed9-47be-a75f-106d23d61dd6
"The Pyrenees, with Excursions into Spain",https://commons.cwrc.ca/orlando:61d9e0f9-85ef-4b8b-bfe7-c8a689e9d975
"The Pythoness, and Other Poems",https://commons.cwrc.ca/orlando:55dccd7e-c578-461c-8d78-3035ff843784
The Queen Elizabeth Story,https://commons.cwrc.ca/orlando:68f6169b-65cd-4126-92e8-d934d6c8c631
The Queen of the Tambourine,https://commons.cwrc.ca/orlando:3d018d1e-4e6d-4850-9778-fe17246c4f4d
The Queen of Trent,https://commons.cwrc.ca/orlando:fc304be3-e4e3-46a4-aa38-fed4fabbe824
The Queen-Like Closet,https://commons.cwrc.ca/orlando:ccf8afa6-7339-4500-9d8f-e5136cbe2ccc
The Queen's Ball,https://commons.cwrc.ca/orlando:870d8c3c-54af-499f-bfcf-88b367454e08
The Queen's Champion,https://commons.cwrc.ca/orlando:57a118b2-304f-4f1b-a24f-ad1c7ab2378f
The Queen's Poisoner,https://commons.cwrc.ca/orlando:b8beab4d-cebc-462f-b691-2fa064455a48
The Queens and the Hive,https://commons.cwrc.ca/orlando:43da0fb9-f85a-4b9f-b729-e6d58ec92507
The Question Mark,https://commons.cwrc.ca/orlando:a743a7a0-06d4-4c10-829d-2b8eff7618a6
The Quiet American,https://commons.cwrc.ca/orlando:c9dd7126-80f5-4468-8e92-3880a7480073
The Quintessence of Ibsenism,https://commons.cwrc.ca/orlando:1bbcf4a8-dcfd-4cfa-bdf5-dc9f7abe6e09
The Rabbit Magician Plate,https://commons.cwrc.ca/orlando:1fd78454-29b3-426b-8ba1-79a3799fab84
The Race for Wealth,https://commons.cwrc.ca/orlando:f34ae2f7-e5fd-4e75-8d4e-1c43abfcdf5a
The Radiant Way,https://commons.cwrc.ca/orlando:2a495c30-bc13-4a30-9d09-eb083923c90b
The Rag and Bone Man's Daughter Imagines a Happy Family,https://commons.cwrc.ca/orlando:d34fb611-9147-4c1e-ba28-d71219c8aeb3
The Railway Children,https://commons.cwrc.ca/orlando:2b6e8624-923f-41e8-98d4-281005ff7cea
The Railway Station Man,https://commons.cwrc.ca/orlando:2d32c9cb-a075-4672-a771-7b8fadfa1485
The Rainbow,https://commons.cwrc.ca/orlando:175cc7e8-a4d3-49cd-8ac5-813df9a40cae
The Rainbow and the Rose,https://commons.cwrc.ca/orlando:eda802f0-7d35-49de-b380-907067f0af0f
The Rainbow through the Rain,https://commons.cwrc.ca/orlando:2bc8ef4c-2380-413e-a53d-623e6b212d41
The Rajah's Heir,https://commons.cwrc.ca/orlando:104493e5-a3d0-4576-84e8-1a663b8efab3
The Rakonitz Chronicles,https://commons.cwrc.ca/orlando:3b7bb1dd-8f88-489c-8af2-781c26b0aec1
The Rambler,https://commons.cwrc.ca/orlando:c719a289-4ce1-45ce-89ef-07225b35bc21
The Rambles of a Rat,https://commons.cwrc.ca/orlando:3cbca02e-50aa-4217-90fa-cee4ab3c8ac7
The Rambling Sailor,https://commons.cwrc.ca/orlando:386dc46c-ade2-4d02-9bf6-285bd5a10d04
The Rape of Shavi,https://commons.cwrc.ca/orlando:8d82583a-c340-4db4-8090-57fa7e7af7b1
The Rape of the Lock,https://commons.cwrc.ca/orlando:6561a277-8fb8-44cf-a8f3-b5030931aa9c
The Raptor Zone,https://commons.cwrc.ca/orlando:6a9f8d20-7f87-4c83-be34-733632839a28
The Rash Resolve,https://commons.cwrc.ca/orlando:d0ab2cd2-dc83-459e-9fe6-fff0f291fc60
The Re-Captured Negro,https://commons.cwrc.ca/orlando:b34d9447-462a-47e2-8130-273985624c39
The Real and the Beau-Ideal,https://commons.cwrc.ca/orlando:31218b18-fa27-47fe-b776-d954dc953f11
The Reason Why,https://commons.cwrc.ca/orlando:df2c019a-ae95-42ad-a21e-dbf62f7da83b
The Rebecca Notebook and Other Memories,https://commons.cwrc.ca/orlando:aa78d078-1f00-4555-a7dc-75f96b56445c
The Rebel of the Family,https://commons.cwrc.ca/orlando:594d3533-ead9-499c-be91-acdcb5334c71
The Rebellion of Esther,https://commons.cwrc.ca/orlando:45842670-9156-41cc-97c5-828ae46a0f4e
The Rebels,https://commons.cwrc.ca/orlando:412cccff-9b50-4e02-b7db-496d2ae72dde
The Recess,https://commons.cwrc.ca/orlando:329aab91-c6ca-4382-b220-064c3f4843c6
The Recluse of Norway,https://commons.cwrc.ca/orlando:a43c456a-c442-4dab-a79e-f5667ed9c931
The Recollections of My Long Life,https://commons.cwrc.ca/orlando:48dca4b1-3166-4123-810b-e863bf76d70f
The Rector of Wyck,https://commons.cwrc.ca/orlando:037bb547-053c-405a-9693-60b264b95ed6
"The Rector; and, The Doctor's Family",https://commons.cwrc.ca/orlando:1dfd9686-f685-4fcb-984e-cd87a4744e4a
The Rector's Daughter,https://commons.cwrc.ca/orlando:d575e618-a392-49c6-bd41-8b39461637bb
The Rector's Son,https://commons.cwrc.ca/orlando:f58a33e9-1eb4-4f53-b729-531082e64bf1
The Rector's Wife,https://commons.cwrc.ca/orlando:d1981579-d984-4333-9ab4-919ba671d76f
The Red and the Green,https://commons.cwrc.ca/orlando:7c3f86aa-4ce2-4671-80c0-5033791dadad
The Red Cross Barge,https://commons.cwrc.ca/orlando:dcfb091e-d10e-4a9a-9e16-612a3cad47d6
The Red Cross in War: Woman's Part in the Relief of Suffering,https://commons.cwrc.ca/orlando:bd673b41-4fe2-44dd-9bf6-71abcd66b44f
The Red Flag in John Bull's Eyes,https://commons.cwrc.ca/orlando:9cc23079-d08c-4ed1-bf57-9d7b06d8697e
The Red House,https://commons.cwrc.ca/orlando:d54bd374-64c4-49b2-9d5d-25e948166c0c
The Red Queen,https://commons.cwrc.ca/orlando:dbae61e8-a099-4ec6-bbd3-433226c3f250
The Red Rock Wilderness,https://commons.cwrc.ca/orlando:27e2dbc7-e78a-4721-8317-6a5b2c91e065
The Red-Haired Miss Daintreys,https://commons.cwrc.ca/orlando:012f0123-76ad-41e5-8863-28436c180e19
The Reflections of Ambrosine,https://commons.cwrc.ca/orlando:7e088b45-385b-4a24-9215-0b3cae92d503
The Reform'd Coquet,https://commons.cwrc.ca/orlando:4780545d-5174-462c-8804-2143b0164a19
The Refusal,https://commons.cwrc.ca/orlando:5b41e2b9-9b88-4e46-a50a-9d42fae6ed84
The Region's Violence,https://commons.cwrc.ca/orlando:949173d5-34f1-4295-bf9c-6ed7f59af705
The Rejuvenation of Miss Semaphore,https://commons.cwrc.ca/orlando:f6758fc7-fd45-4551-b9cf-78f929792e98
The Relentless Year,https://commons.cwrc.ca/orlando:944198fa-2a0d-4e47-9fd4-2907f9c32e1b
The Religion of Mazzini,https://commons.cwrc.ca/orlando:bbafc630-7a3c-4c32-b07f-bace75a697eb
The Religion of Nature,https://commons.cwrc.ca/orlando:23a49290-3ea4-4f44-834f-5f65cc9ea0b1
The Religion of Socialism: Two Aspects,https://commons.cwrc.ca/orlando:cc71a7f7-8cff-4aba-8fd0-b53c0f624774
The Remains of the Late Mrs. Richard Trench,https://commons.cwrc.ca/orlando:2f28b793-f5e4-413a-a3da-4fdae4d84b5d
"The Remembrances of Elizabeth Freke, 1671-1714",https://commons.cwrc.ca/orlando:bc53458f-d83f-48cf-9113-0e0ffb4ab81e
The Renderers,https://commons.cwrc.ca/orlando:69949f5e-dbcc-431b-8597-37a5a23a661a
The Rendezvous and Other Stories,https://commons.cwrc.ca/orlando:6ea1ad46-0b17-4bf1-ad99-0c57329cb9e7
The Repealers,https://commons.cwrc.ca/orlando:d6e7d179-bada-4693-ab9c-4d38b4bc92f1
The Reply of the Most Illustrious Cardinall of Perron,https://commons.cwrc.ca/orlando:84fe17f2-ad9b-4c88-8ab5-50c85e26a1dc
The Reproof of Chance,https://commons.cwrc.ca/orlando:e3223712-ed97-4340-b907-fdd0a04d7c01
The Republic of Love,https://commons.cwrc.ca/orlando:5516669f-370c-4135-a7b8-1e012605946d
The Restoration of the Works of Art to Italy,https://commons.cwrc.ca/orlando:1aa7de68-5583-427e-9d46-0ddb20f4aeaf
The Resurrection of the Witnesses,https://commons.cwrc.ca/orlando:88ecdc06-5c17-42f3-87d3-ceb5007b7ce8
The Retrospect,https://commons.cwrc.ca/orlando:8e3c5143-e6c0-4db4-acc4-fe5fe924edb4
The Return of the Native,https://commons.cwrc.ca/orlando:903b19bc-447c-43fb-bf50-6a5606b56b76
The Return of the Prodigal,https://commons.cwrc.ca/orlando:89c7e979-97d7-4026-a0ad-e8256d64dc76
The Return of the Soldier,https://commons.cwrc.ca/orlando:8fe158e7-e887-426e-8500-b9c71ed8b13e
The Revelation of Jesus Christ,https://commons.cwrc.ca/orlando:be338127-2d46-45fc-bf37-a3cda9068fd5
The Revolt of Islam,https://commons.cwrc.ca/orlando:53202908-c5a5-4873-ae45-1067739ee97a
The Revolt of the Daughters,https://commons.cwrc.ca/orlando:e5facb58-c34a-4d5d-9b9e-65be0c920a29
The Revolting Garden,https://commons.cwrc.ca/orlando:7d7328a4-68c9-42c5-85ba-3c1742388149
The Revolution of Sweden,https://commons.cwrc.ca/orlando:4fe5fc0e-a141-41e1-ae2f-c5a2a6f86451
The Reward of Virtue,https://commons.cwrc.ca/orlando:ed131f48-fa87-4501-a3d4-60e5e71c9155
The Rhythm of Life,https://commons.cwrc.ca/orlando:6ce1f469-84d1-42d3-ae43-8358e6b2fc99
The Rich House,https://commons.cwrc.ca/orlando:3f8b8f8d-8f2a-4a5a-bb88-7e1dacd2b448
The Riddle of the Hill,https://commons.cwrc.ca/orlando:f84827a5-1baf-4db4-be6e-5d3a9b769c2c
The Right To Be Happy,https://commons.cwrc.ca/orlando:5541ac21-8cf6-421e-9412-08b80e4a4b8d
The Ring and the Book,https://commons.cwrc.ca/orlando:4eae44c8-bc5e-4e7f-b4c6-c02b7657ad6d
The Ring from Jaipur,https://commons.cwrc.ca/orlando:1d442daa-e3d6-4b0e-b0f4-8b18079f72c5
The Ripple Effect,https://commons.cwrc.ca/orlando:f434bd5d-4b83-4506-98f8-aaa7cddb0959
The Rise of the Spanish Inquisition,https://commons.cwrc.ca/orlando:a058b4b8-660d-47dd-8588-1f6f1e87f56d
The Rising Sun,https://commons.cwrc.ca/orlando:e364306e-e77b-469e-ad0c-6cefd5b789d1
The Rising Tide,https://commons.cwrc.ca/orlando:4bff2f0d-d93a-454a-b132-70c370a0b009
The River,https://commons.cwrc.ca/orlando:c710202a-864d-4ff1-b95c-4f8e3a6c472a
The River Girl,https://commons.cwrc.ca/orlando:8b76ceb5-0036-4db0-b446-32f817109336
"The River Steamer, and Other Poems",https://commons.cwrc.ca/orlando:6c5e1f47-663e-4a35-ab73-926e75228211
The Road Home,https://commons.cwrc.ca/orlando:c75e4a8d-f26c-4197-86bb-bb94d9852d12
The Road Royal,https://commons.cwrc.ca/orlando:974394b8-15e2-4d0f-8ff7-214f734dbd1f
The Road to Damascus,https://commons.cwrc.ca/orlando:11c62282-492e-461b-99cc-9c6be07c36b8
The Road to Lichfield,https://commons.cwrc.ca/orlando:08976b94-a3ac-4a76-b793-a5bc8c41d80f
The Road to Revelation,https://commons.cwrc.ca/orlando:3055d34f-9bf9-48a9-867c-3a53d86fb716
The Roaring Queen,https://commons.cwrc.ca/orlando:91af4474-d8ac-435c-9c8d-f7cdad6812cc
The Robber Bride,https://commons.cwrc.ca/orlando:ed8ed66d-84a3-4207-a375-7f5e72531982
The Roll-Call of Serving Women: A Record of Woman's Work for Combatants and Sufferers in the Great War,https://commons.cwrc.ca/orlando:6998a063-cb0a-412e-9b57-699b4a4ee1aa
The Romance of a Shop,https://commons.cwrc.ca/orlando:7042a379-6905-470e-9ea2-86a38a990e2c
The Romance of Private Life,https://commons.cwrc.ca/orlando:69c02fbc-dd28-4f87-996f-b2d2ee753be4
The Romance of Real Life,https://commons.cwrc.ca/orlando:07583d54-2af3-437e-a184-bb50caada188
The Romance of the Harem,https://commons.cwrc.ca/orlando:aaec567b-f052-4828-8b9f-40454e9638f2
The Romance of the Health Work of the League of Nations,https://commons.cwrc.ca/orlando:abd26d5f-387f-4eac-bbb0-4feb6f7c2a96
The Romantic,https://commons.cwrc.ca/orlando:be54b519-2f06-4aff-a192-83c222d24eb6
"The Room Opposite, and Other Tales of Mystery and Imagination",https://commons.cwrc.ca/orlando:7b809339-29cc-46b8-99bb-c3a8845795e1
The Room Upstairs,https://commons.cwrc.ca/orlando:d6fcdb63-de13-4486-a5c6-9d0f9eff57c4
The Rose and the Yew Tree,https://commons.cwrc.ca/orlando:9cacf5e7-1252-4732-9ae3-e0bb949b1b47
The Rose Fanciers' Manual,https://commons.cwrc.ca/orlando:0b3806e2-5209-4cd8-8668-a2fad85ff393
The Rose Geranium,https://commons.cwrc.ca/orlando:ebd46666-ccbf-40ce-a9bf-6a8ca47122dd
The Rose of Life,https://commons.cwrc.ca/orlando:bc183aff-0616-4021-986e-6f71412360de
The Rose of Youth,https://commons.cwrc.ca/orlando:34ac3453-b278-4bce-9310-339c4e511539
The Rose-Garden,https://commons.cwrc.ca/orlando:ed19a20a-88d0-44ed-9871-db00b5076170
The Roses,https://commons.cwrc.ca/orlando:37f35ac5-6ad5-4557-9b88-8dde8412e955
The Round Tower,https://commons.cwrc.ca/orlando:b6104a44-3ee1-4d6c-ac75-6c565c182c19
The Royal Brothers,https://commons.cwrc.ca/orlando:05e65527-e9ae-436f-80e8-3ffb34dc19b5
The Royal Captives,https://commons.cwrc.ca/orlando:2e350548-876e-4942-bbeb-751e0d3f1bec
The Royal Road to Fotheringay,https://commons.cwrc.ca/orlando:a153b43d-416e-43d1-bc46-170fffcfbfe1
The Rude Potato,https://commons.cwrc.ca/orlando:f3540ce1-d516-4be4-941f-88f37917a17e
The Ruins of Avondale Priory,https://commons.cwrc.ca/orlando:91e2739e-70d8-4ba9-b867-0a9b40cb23f9
The Ruling Principle of Method Applied to Education,https://commons.cwrc.ca/orlando:d018335c-91d4-4ca4-86a2-9a5f8ac8d24f
The Rural Lyre,https://commons.cwrc.ca/orlando:00ce83db-430c-4228-b0a3-7506150741b2
The Russian and His Book,https://commons.cwrc.ca/orlando:ff5f32db-af53-4f49-a129-fa2b314ce896
The Sacred and Profane Love Machine,https://commons.cwrc.ca/orlando:755cc08c-13a1-461c-bd5c-c8a5c8a4dddb
The Sacristan's Household,https://commons.cwrc.ca/orlando:7464a384-e065-4136-88d2-15b81ebc19c4
The Sad Years,https://commons.cwrc.ca/orlando:61536671-add8-467b-9366-88d412cf272e
"The Saga of ""San Demetrio""",https://commons.cwrc.ca/orlando:c59ab74f-a5c2-485b-b3aa-43038327d502
The Salutation,https://commons.cwrc.ca/orlando:927f8c7f-e600-4d93-883b-e70d199ef043
The Salzburg Tales,https://commons.cwrc.ca/orlando:a961431c-55a6-4353-acc6-13c4758b4172
The Sandcastle,https://commons.cwrc.ca/orlando:fa8f9428-c00d-47f6-9e7f-fa350aef1a4e
The Sanderson Soviet. A Comedy in three acts,https://commons.cwrc.ca/orlando:3a1d29b6-1abb-4103-ba49-c36b802ad10d
The Sayings of Women,https://commons.cwrc.ca/orlando:93d07bbc-76aa-4371-b8ad-b47c00603190
The Scapegoat,https://commons.cwrc.ca/orlando:7c1f304b-94fe-42c4-a326-c0e04e6413cc
The Scenic Route,https://commons.cwrc.ca/orlando:22f264fa-f313-4c1c-a493-9a04df8319c3
The Scent of Water,https://commons.cwrc.ca/orlando:3e854a24-ed34-4357-bd67-a55fb023155a
The Sceptic,https://commons.cwrc.ca/orlando:3a2a6d12-7f45-4c8a-8366-a5310bfff481
The Scholar's Daughter,https://commons.cwrc.ca/orlando:6b0c2489-b2ad-46d3-9bb2-5ca4ff107403
The School Among the Ruins,https://commons.cwrc.ca/orlando:79460ac3-5ead-4b57-9f7d-64a3f73fc9e6
The School for Fashion,https://commons.cwrc.ca/orlando:4683d0ac-645a-4c76-81e6-b3d67ba41b54
The School for Friends,https://commons.cwrc.ca/orlando:c3e4a02d-56b1-451d-91ea-9973e2195987
The School For Saints,https://commons.cwrc.ca/orlando:2922cb49-cad9-458f-b99d-c3921671e368
The School in the South,https://commons.cwrc.ca/orlando:c421234e-f019-412e-a903-9a2758a7213a
The School of Life,https://commons.cwrc.ca/orlando:d3aa7221-03ec-408d-a3b2-579ae92e3400
The School on the Loch,https://commons.cwrc.ca/orlando:10d2f336-51f4-4e8b-939d-659ad87b1fdd
"The School, being a Series of Letters, Between a Young Lady and her Mother",https://commons.cwrc.ca/orlando:83c339ca-526d-4c6f-85aa-a9002c6128f8
The Schoolmistress,https://commons.cwrc.ca/orlando:6987bf20-7a43-4bf0-9f79-3473e0af85cf
The Scoop,https://commons.cwrc.ca/orlando:66d1d065-c6c9-421b-b497-62db45627780
The Scottish Chiefs,https://commons.cwrc.ca/orlando:45b93a4b-c9b1-49b4-80db-4327df873de7
The Sea at the Door,https://commons.cwrc.ca/orlando:b686cc5c-a3eb-4917-9741-afc581e9d0a2
The Sea Change,https://commons.cwrc.ca/orlando:5b0b3dad-97d1-4e30-8ebd-398e3fc85b87
The Sea Lady,https://commons.cwrc.ca/orlando:16408e66-66ba-48fd-b33b-ec26dfbe1118
The Sea Skater,https://commons.cwrc.ca/orlando:bfcbf2d8-e216-40c4-8bcb-52475df03272
The Second Book of Wonders,https://commons.cwrc.ca/orlando:f3908f7f-72b3-440d-93f5-471a06f49709
The Second Common Reader,https://commons.cwrc.ca/orlando:ea459400-e2c3-4ba9-8a17-a6a4fcb19c3b
The Second Satire of the Second Book of Horace,https://commons.cwrc.ca/orlando:9e0885c2-0f2d-4a6c-b347-3f52dbd8e1d0
The Second Youth of Theodora Desanges,https://commons.cwrc.ca/orlando:0575ef75-fb44-490a-984f-2d2714731e5a
The Secret Agent,https://commons.cwrc.ca/orlando:6b15074d-4e31-4b1c-8611-c7e2c86fb110
The Secret Diary of Adrian Mole Aged 13 ¾,https://commons.cwrc.ca/orlando:d2c5ce96-3702-4db3-86e0-17d6991e810c
The Secret Garden,https://commons.cwrc.ca/orlando:7614870c-2131-48a4-8acd-a10365d64f71
The Secret House of Death,https://commons.cwrc.ca/orlando:4b1f1f75-34e2-40ab-af37-bf7191feac05
The Secret Island,https://commons.cwrc.ca/orlando:a603011b-f46d-4d8f-b471-d50ce34603e1
The Secret Lives of Eleanor Jenkinson,https://commons.cwrc.ca/orlando:1e103a19-a0fd-4425-b1a3-b537ed0be92e
The Secret of Kyriels,https://commons.cwrc.ca/orlando:d0183f90-5ce4-41b8-a3a7-283ba868f605
The Secret of the Sahara: Kufara,https://commons.cwrc.ca/orlando:0827a069-f47a-4c81-aac6-c9b4548119f2
The Secret Passage,https://commons.cwrc.ca/orlando:bb3b7ad8-17d1-4672-9e03-7c786f60c8da
The Seduction of Mrs. Pendlebury,https://commons.cwrc.ca/orlando:2fe2f4ad-76e9-4b3a-a783-f8cb0ee914ea
The Seer,https://commons.cwrc.ca/orlando:24f45277-9769-4497-bd8f-76f526b77c2a
The Selected Poetry of Jeni Couzyn,https://commons.cwrc.ca/orlando:ad619cfb-3cd1-4215-bd0f-9e953e722098
The Selective Traveller in Portugal,https://commons.cwrc.ca/orlando:4ac4165d-5684-4985-be2e-2c0f56c7924d
The Semi-Attached Couple,https://commons.cwrc.ca/orlando:3850bc14-31c3-4981-b7ff-4bb90959791d
The Senior Partner,https://commons.cwrc.ca/orlando:55bd37ca-9f2f-4971-aa31-bbc7577a0ca1
The Sentinel,https://commons.cwrc.ca/orlando:94399ff3-710d-423e-8c24-55db27eb48f4
The Separation,https://commons.cwrc.ca/orlando:135466b8-0c4d-4964-ba4e-a787d8288511
The Separation of Mother and Child,https://commons.cwrc.ca/orlando:0cfc4a35-76ea-4a40-ad25-d026a9b5f892
"The Seraphim, and Other Poems",https://commons.cwrc.ca/orlando:7b311166-19bf-464a-a86a-22a9f73b225e
The Sergeants' Tale,https://commons.cwrc.ca/orlando:47d57db9-02b5-4fe3-bbd4-4e0321e1fd2e
The Servant of All,https://commons.cwrc.ca/orlando:58f26955-c715-4fd3-b809-519f35f696b4
The Servant's Directory,https://commons.cwrc.ca/orlando:196de53a-5c90-480f-8c1b-6ca579e34ead
The Servant's Friend,https://commons.cwrc.ca/orlando:4d237b2f-b048-456c-a018-30d3b515c8d3
The Service of Clouds,https://commons.cwrc.ca/orlando:4727d826-4f56-4d27-943a-6f93f63e4e5d
The Seven Deadly Sins,https://commons.cwrc.ca/orlando:5fcdb0e3-836b-4779-9d09-2e81b8ac5a17
The Seven Sleepers of Ephesus,https://commons.cwrc.ca/orlando:9f60154a-df63-436d-af26-fcc1ec7c40e0
The Seven Temptations,https://commons.cwrc.ca/orlando:df320a5c-4d35-4040-9fe4-efc853cc6cab
The Seventh Veil,https://commons.cwrc.ca/orlando:401276a2-cc6f-4e98-a1b9-107992e033e5
The Sexes Throughout Nature,https://commons.cwrc.ca/orlando:062db7a4-f73e-47b6-87dd-71c00bffd919
The Shadow Factory,https://commons.cwrc.ca/orlando:9679d0c8-03bb-4583-93ca-c739245269bd
The Shadow of a Sorcerer,https://commons.cwrc.ca/orlando:cac9dc84-6622-4ee4-82ba-79f6a580a6ca
The Shadow of Ashlydyat,https://commons.cwrc.ca/orlando:83bb0f3a-f292-4191-add6-4029ff3e3539
The Shadow of Cain,https://commons.cwrc.ca/orlando:720d02c0-38e0-4023-95ab-44beccd0e672
The Shadow of the East,https://commons.cwrc.ca/orlando:8934c1e2-182d-4758-937d-231c7082eecc
The Shadow of the Holy Week,https://commons.cwrc.ca/orlando:58744bd6-0e2c-46f1-b8ff-321ccba8e7e0
The Shadow on the Wall,https://commons.cwrc.ca/orlando:4c93aa6e-8a90-447b-8cc0-16dc52951ddf
The Shagganappi,https://commons.cwrc.ca/orlando:0be013d6-56ff-4d78-b0d6-e36c1ad72e38
The Sheik,https://commons.cwrc.ca/orlando:c99cea04-6a06-4afd-bbbf-bbeddf295de4
The Shelbourne,https://commons.cwrc.ca/orlando:6467d018-a0c6-428e-9ada-dd7c8fe10344
The Shelter Book,https://commons.cwrc.ca/orlando:0b253b8c-5bba-4c99-8dcd-0b445d5ef855
"The Shepherd Boy; and, The Deluge",https://commons.cwrc.ca/orlando:5c711793-9149-4fea-a905-9cec187b8934
The Shield Ring,https://commons.cwrc.ca/orlando:ffae200a-da14-429b-8aa2-a8cfc0072a8a
The Shifting of the Fire,https://commons.cwrc.ca/orlando:9894d4ad-cb29-4bb0-bdbe-65ae48b5b1b7
The Shining Company,https://commons.cwrc.ca/orlando:7786ca3d-8733-47b9-88ab-7ab5eaca2f54
The Shining Way,https://commons.cwrc.ca/orlando:3ed0340b-b480-4a63-a001-fe076f89bd7c
The Ship of Truth,https://commons.cwrc.ca/orlando:1bac58e5-e773-4bf7-a0d1-a4903a5dd635
The Shore Beyond,https://commons.cwrc.ca/orlando:ef1aaab4-b70e-4911-b301-ae09fc766495
The Shoreless Sea,https://commons.cwrc.ca/orlando:9be8618e-b309-4fa4-955e-5c65893897cf
The Shrapnel Academy,https://commons.cwrc.ca/orlando:e4742f25-d197-40a9-bccc-e84e848d5a30
The Shuttle,https://commons.cwrc.ca/orlando:e082aa8f-6f99-40be-af0c-28fd4d49cdaf
The Sicilian Lover,https://commons.cwrc.ca/orlando:b3c2a5a9-f9f6-4cb1-ae82-7310308273d9
The Sidmouth Letters,https://commons.cwrc.ca/orlando:f6dd53ec-5930-4a2a-a737-cd2a805430b1
The Siege,https://commons.cwrc.ca/orlando:a0792e57-c76f-4787-a5ec-0007832a8b40
The Siege of Jerusalem,https://commons.cwrc.ca/orlando:86da8f5e-cb79-44e2-ac24-6470165f9a22
"The Siege of Jerusalem, by Titus Vespasian",https://commons.cwrc.ca/orlando:c3b5c3f5-2264-47f0-bd14-a6dfd6d6918b
The Siege of Sinope,https://commons.cwrc.ca/orlando:e77e8a67-f5a4-4774-a386-39fb536af64a
The Siege of Valencia,https://commons.cwrc.ca/orlando:dcb6b472-02ca-4459-8bc9-30788ca06a32
The Signpost,https://commons.cwrc.ca/orlando:168a33bc-4cf3-4688-87cf-bf38744765c6
The Silence of the Girls,https://commons.cwrc.ca/orlando:bda5de9d-8955-4f78-88de-8755519815c9
The Silent Partner,https://commons.cwrc.ca/orlando:0b8627db-4e30-43ff-9894-faf9f9b682a6
The Silent Watchers,https://commons.cwrc.ca/orlando:d13b730f-bd98-4279-a21a-5568e470f62f
The Silkworm,https://commons.cwrc.ca/orlando:8aa862ad-d26c-42df-a488-49ed86ebddee
The Silver Box,https://commons.cwrc.ca/orlando:227e0341-70ee-4814-841d-25c3ad701ac7
The Silver Branch,https://commons.cwrc.ca/orlando:f9e0bdb2-82d1-42a2-9cb5-18906e17e117
The Silver Domino,https://commons.cwrc.ca/orlando:de20a9f1-a59d-444b-9abf-1bb24960f52d
The Silver Fox,https://commons.cwrc.ca/orlando:d21073e8-521d-4f08-b698-f72c93704dd9
The Simple Adventures of a Memsahib,https://commons.cwrc.ca/orlando:ebf2f28e-bb30-4c63-a7c5-65921f89f6cf
The Simple Flower,https://commons.cwrc.ca/orlando:975546c0-0a00-40e6-8b5f-dc90556bcaca
The Simple Pass On,https://commons.cwrc.ca/orlando:e86bd61a-647a-4b33-ae0b-9c936b9df659
The Singing Captives,https://commons.cwrc.ca/orlando:a2400e93-6b8b-4948-9015-5f0f2557bdd8
The Singing Sands,https://commons.cwrc.ca/orlando:98c0e441-e4e2-456a-bec3-0bc14985d393
The Sinner's Comedy,https://commons.cwrc.ca/orlando:8423a302-90c9-4705-9abe-9db2aeae15f1
The Sioux,https://commons.cwrc.ca/orlando:e2ce08c0-2d75-415e-bfcc-de3e97b1ce86
The Six Wives of Henry VIII,https://commons.cwrc.ca/orlando:73a59727-f1ad-4895-a4f4-086de56346b1
The Sketch Book of Fashion,https://commons.cwrc.ca/orlando:40a972fd-183d-4f41-ae20-090c901038fa
The Skin Game,https://commons.cwrc.ca/orlando:b9dfd962-4932-4b71-aba3-17126f2291b7
The Skriker,https://commons.cwrc.ca/orlando:b1cfceb2-0e39-43df-b0f1-898b1eb944f0
The Skull beneath the Skin,https://commons.cwrc.ca/orlando:ca9fdcef-6257-4740-a5bd-0850628bc170
The Slave Girl,https://commons.cwrc.ca/orlando:239139e8-1dd6-49cc-a701-5c3b72d71fd0
The Sleeping Beauty,https://commons.cwrc.ca/orlando:9403bae7-8001-42e8-baa4-5fbe0ca307e1
The Smile and the Tear,https://commons.cwrc.ca/orlando:e68975db-dd75-4ba1-8672-0d2cb783bd4d
The Snow Palace,https://commons.cwrc.ca/orlando:368739c6-c4ab-4c9e-9330-c024e63e93c5
The Snow-Woman,https://commons.cwrc.ca/orlando:0a2ad1f3-619e-4f21-b105-378056708649
The Social and Political Position of Woman in Ancient Egypt,https://commons.cwrc.ca/orlando:72e4bf5e-41ac-47cb-a9fc-b6729ecd9448
The Sociology of Housework,https://commons.cwrc.ca/orlando:32d789bd-9adb-4270-9a39-554020d2de64
The Soho Leopard,https://commons.cwrc.ca/orlando:27ff5838-7624-469c-98a9-a3b6a59ec5f8
The Solange Stories,https://commons.cwrc.ca/orlando:a849fd50-7aee-4aac-a3b7-5f05b2854edc
The Soldiers of Year II,https://commons.cwrc.ca/orlando:4e33e425-1fb8-411f-ada2-e6a5198fd361
The Song of Drop o' Wather,https://commons.cwrc.ca/orlando:8cab7513-f794-4615-a407-822598754099
The Song of the Cold,https://commons.cwrc.ca/orlando:0a0e7c9f-cd84-4fcb-978f-b367f656a239
The Songstresses of Scotland,https://commons.cwrc.ca/orlando:08385bda-bada-422f-b124-5b035def85fb
The Sons of Altringham,https://commons.cwrc.ca/orlando:027dea53-2b9b-4d17-9c5a-e15c349253e9
The Sons of the Sheik,https://commons.cwrc.ca/orlando:74741e22-8770-4e18-9092-4a9a3f346e28
The Sorcerer's Apprentice,https://commons.cwrc.ca/orlando:8b915a3f-7160-4698-842a-1a5c80f12d72
The Sorrows of Gentility,https://commons.cwrc.ca/orlando:c66a572c-f34a-4c11-9c6a-19ea6ea194ee
The Sorrows of Rosalie,https://commons.cwrc.ca/orlando:9b170b49-10ac-4492-b70a-e53717b95efd
The Sorrows of Satan,https://commons.cwrc.ca/orlando:55715ee9-605e-4812-b8f1-9655cbb2627f
The Soul of Kindness,https://commons.cwrc.ca/orlando:92210d9b-cbd7-49f1-b424-4ef0a4c8f1c7
The Soul of Kol Nikon,https://commons.cwrc.ca/orlando:b7774d6d-8b7d-4c05-a054-50fb5579d0c8
The Soul of Lilith,https://commons.cwrc.ca/orlando:2a28fb08-fafb-44fd-87b2-debe599debf5
The Soul of Russia and the Body of America,https://commons.cwrc.ca/orlando:4cc7cb5c-7710-4bc8-b72d-b091850b142d
The Southern Gates of Arabia,https://commons.cwrc.ca/orlando:7c1926e8-3382-4572-8087-4f2be7c87a79
The Sower of the Wind,https://commons.cwrc.ca/orlando:849adfc9-6965-4173-b23e-ef982f8fa2fe
The Space Between,https://commons.cwrc.ca/orlando:3607c63b-0516-42dd-9ab6-4876e6b3debc
The Spanish Gypsy,https://commons.cwrc.ca/orlando:9750a9bd-4f08-431b-81de-ec5309162462
The Spanish Lover,https://commons.cwrc.ca/orlando:8b1a22f8-4369-4b74-9e5d-1e517ab79f07
The Spanish Wives,https://commons.cwrc.ca/orlando:2bec4562-f738-49e7-99e2-695c426a0dfe
The Spell of Atlantis,https://commons.cwrc.ca/orlando:3c73b5b5-202f-4099-864e-f9b4d6e34b72
"The Sphere of ""Man"" in Relation to That of ""Woman"" in the Constitution",https://commons.cwrc.ca/orlando:918c7469-3d1d-4574-b6a5-0486f872b087
The Sphinx's Lawyer,https://commons.cwrc.ca/orlando:79c25be8-80a9-4304-96f2-89b4d5a2401a
The Spinner of the Years,https://commons.cwrc.ca/orlando:d3a3181a-d736-458d-8f64-3c25e0566746
The Spinster's Journal,https://commons.cwrc.ca/orlando:92a5ca79-45b9-4c86-a2b5-bb95ac59edb8
The Spirit and the Law,https://commons.cwrc.ca/orlando:7b5bd52c-312b-401c-92c3-88bf312627e0
The Spirit Level,https://commons.cwrc.ca/orlando:0777888d-e098-4e4e-80b4-cd901ef8e3f8
The Spirit of Prayer,https://commons.cwrc.ca/orlando:6db79ccd-b9af-423d-9142-e9e00188614c
The Spirit World,https://commons.cwrc.ca/orlando:c9a17762-ffff-4666-95f2-a95786500e58
"The Splendid Days, Poems",https://commons.cwrc.ca/orlando:46d3e88a-ff39-4a0a-aed3-7fed588f072f
The Splendid Fairing,https://commons.cwrc.ca/orlando:e0f3c81c-bafc-4129-8e7d-cf2c06237f33
The Spoiled Buddha,https://commons.cwrc.ca/orlando:d0043fbc-2ded-41fd-9e77-0ca02445d83c
The Spoilt City,https://commons.cwrc.ca/orlando:e5cdb3ce-61c8-429f-ac76-5ed8921eeba1
The Sport of My Mad Mother,https://commons.cwrc.ca/orlando:da3baaaf-870b-4160-a92b-bf00936ffe97
The Sports of the Genii,https://commons.cwrc.ca/orlando:3d3dd06a-1e8c-4c85-bbe1-34541547feb8
The Spring House,https://commons.cwrc.ca/orlando:92c06349-4515-4fa6-8467-3ba57146c8c3
The Spring of the Tiger,https://commons.cwrc.ca/orlando:771bfc1f-3edd-4902-9229-c26d20592076
The Spring Returns,https://commons.cwrc.ca/orlando:e276a4c1-6765-446e-b88f-980cfbe4933d
The Square Root of Wonderful,https://commons.cwrc.ca/orlando:a5e8aebb-9523-4e20-a8d9-07d728d4ae41
The Squire,https://commons.cwrc.ca/orlando:6f9e7f23-efdf-456e-a160-fc5847a29eac
The Squire's Daughter,https://commons.cwrc.ca/orlando:69b13c34-c212-4864-ac42-62027547c2a2
The Star Cross Ferry,https://commons.cwrc.ca/orlando:deee8a6b-a4cd-4d8b-9d69-adfaccba248a
The Star of Attéghéi; the Vision of Schwartz; and Other Poems,https://commons.cwrc.ca/orlando:70940a18-f358-4edc-8acf-4e8b658bf600
The Star of Seville,https://commons.cwrc.ca/orlando:75be4469-cce4-4868-a163-d3bbab45e7f1
The Starry Floor,https://commons.cwrc.ca/orlando:c7253b2a-98ce-4a55-9d8e-f08352708dd4
The State of Mind of Mrs. Sherwood,https://commons.cwrc.ca/orlando:2ea1e5ec-4d9b-41f1-9987-cfce7c05f4c5
The States through Irish Eyes,https://commons.cwrc.ca/orlando:67a1b1be-779b-40a4-8b14-5ff1e11caf50
The Step-Mother,https://commons.cwrc.ca/orlando:0ff6e215-a845-4472-b046-0abf4c77edd7
The Stepdaughter,https://commons.cwrc.ca/orlando:79c05c60-29f3-4369-a6b9-f8a9bec3f205
The Stolen Boy,https://commons.cwrc.ca/orlando:3dba7a7b-9c35-4ea8-84bf-a1df7a1952a2
The Stolen Brooch,https://commons.cwrc.ca/orlando:7c029ec5-d556-4937-887b-ae091144328e
The Stolen Lake,https://commons.cwrc.ca/orlando:7bf0cf93-6c86-43f5-a3e8-32065e87ed4f
The Stone Angel,https://commons.cwrc.ca/orlando:22281690-62ba-49ae-830f-08aa29c9ab5f
The Stone Angel and the Stone Man,https://commons.cwrc.ca/orlando:fa2f03d7-a355-4b91-8e02-9a27b01872cf
The Stone Diaries,https://commons.cwrc.ca/orlando:a3f5d68d-184b-40de-8516-37588f713b54
The Stone Gods,https://commons.cwrc.ca/orlando:a4e67322-8a6c-4788-888a-5533d3b5dfd4
The Stones of Green Knowe,https://commons.cwrc.ca/orlando:e297cfac-2ee9-49f0-ba22-ef224621535b
The Stones of Sacrifice,https://commons.cwrc.ca/orlando:0bfd7b48-d820-4e02-ad94-edd89c5b834d
The Stories,https://commons.cwrc.ca/orlando:028f5137-b761-408a-a4e7-22118b60fe9d
The Stories of Muriel Spark,https://commons.cwrc.ca/orlando:35eee987-5f25-4ae9-8236-74e6806e85f3
The Story Girl,https://commons.cwrc.ca/orlando:78b4be47-5c12-482f-a8b1-b52bcf168f49
The Story of a Marriage,https://commons.cwrc.ca/orlando:a55a3f0a-0d4b-4d49-92a7-ad62104af433
The Story of a Modern Woman,https://commons.cwrc.ca/orlando:020b414f-e01b-47dc-998d-1b10cd2fb5fb
The Story of a Non-Marrying Man,https://commons.cwrc.ca/orlando:c5f6a7cd-ffae-48da-942b-a88ebfd1b591
The Story of a Royal Favourite,https://commons.cwrc.ca/orlando:3377fb62-8fe5-48ab-9a8c-ecb28195f1bc
The Story of a Short Life,https://commons.cwrc.ca/orlando:22405461-f26b-4cf1-b08a-bde33777e6fb
The Story of an African Farm,https://commons.cwrc.ca/orlando:7a687747-fd60-4520-8624-bb8f92a7145a
The Story of Australia,https://commons.cwrc.ca/orlando:af90dffd-b5ac-4185-9cd8-4556cf7c70da
The Story of Avis,https://commons.cwrc.ca/orlando:bdebd8ac-1b5e-48e1-9b87-e19171aee20a
The Story of Bessie Costrell,https://commons.cwrc.ca/orlando:1253c6b7-d6dd-4bea-b67e-cd4fce1d74f5
The Story of Burma,https://commons.cwrc.ca/orlando:0c85e679-a08f-41e7-b99a-ebea98ca2826
The Story of Catherine,https://commons.cwrc.ca/orlando:6c4860a2-8828-45b5-a2c2-04cd7bd77ed6
The Story of Elizabeth,https://commons.cwrc.ca/orlando:9efa8fc5-231e-47be-9448-f3efc811c783
"The Story of Emma, Lady Hamilton",https://commons.cwrc.ca/orlando:ee297590-898c-4d41-92f6-0d496764cc62
The Story of Helen Davenant,https://commons.cwrc.ca/orlando:ab2466d4-8b9f-4e78-aad0-89107727afc4
The Story of Henry and Anne,https://commons.cwrc.ca/orlando:f090fe5f-c10b-4ff8-981c-e712933a7ce1
The Story of Isabel,https://commons.cwrc.ca/orlando:7848b8d1-dd1b-457a-bda6-44df3e6c98b6
The Story of Ivy,https://commons.cwrc.ca/orlando:c29a0d38-b0bc-4908-8bc9-fdb8893c056a
The Story of Lilly Dawson,https://commons.cwrc.ca/orlando:63ec542f-3f11-434e-9269-3d95b329fddf
The Story of Little Black Mingo,https://commons.cwrc.ca/orlando:de5a61fc-5713-4444-ab22-8521e034805e
The Story of Little Black Quibba,https://commons.cwrc.ca/orlando:d834d49c-a676-48a1-8e1f-f4d3ae12b4fe
The Story of Little Black Sambo,https://commons.cwrc.ca/orlando:9b4198f7-c766-482e-be45-e3c8d619b205
The Story of My Life,https://commons.cwrc.ca/orlando:f9a115fc-1c11-4602-b1be-81f4f22fbb1d
The Story of Nansen and the League of Nations,https://commons.cwrc.ca/orlando:af79ea3c-6fd5-40c3-9f39-2923eba598c4
The Story of Old Kingston,https://commons.cwrc.ca/orlando:2968dd6e-0650-44b3-9607-e0f6f1f930aa
The Story of Sambo and the Twins,https://commons.cwrc.ca/orlando:a159fd36-1b89-42a0-9480-4496516d4beb
The Story of Sonny Sahib,https://commons.cwrc.ca/orlando:c943854e-b899-4f9f-9642-972b8a27c182
The Story of the Amulet,https://commons.cwrc.ca/orlando:8b3d0855-67ba-4b96-8c92-b15b48f1b973
The Story of the Treasure Seekers,https://commons.cwrc.ca/orlando:b77ed80d-c2ef-4559-bdc0-8f734e2ad4d2
The Story of Topsy,https://commons.cwrc.ca/orlando:bb5a2a41-8431-4576-9f99-58f860729234
The Strange Adventures of the Count de Vinevil and his Family,https://commons.cwrc.ca/orlando:4da56410-d00a-455c-95a2-69eeb916fa2d
The Strange Effects of Faith,https://commons.cwrc.ca/orlando:341479fa-90c3-4ed3-a796-423543bbd9b5
The Strange Necessity,https://commons.cwrc.ca/orlando:9011d8d1-9f22-41a9-a6e6-f622ebe51b96
The Stricken Land,https://commons.cwrc.ca/orlando:dc6670af-3b8b-44af-beaf-10e83f4bc43a
The Structure of Complex Words,https://commons.cwrc.ca/orlando:d2ae54b7-608f-4803-8d0e-afddaab85576
The Stuarts: A Pindarique Ode,https://commons.cwrc.ca/orlando:b7f9a9ba-be5f-4128-9a10-90d46197033d
The Stuff of Dreams,https://commons.cwrc.ca/orlando:85c053c3-380a-4b83-85d8-497a755cd3c1
The Stuttering Water and Other Poems,https://commons.cwrc.ca/orlando:d365ba85-bee2-421e-bd3e-f0f10fe9ba9a
The Subjection of Women,https://commons.cwrc.ca/orlando:fee0a846-0abb-47e2-a32b-86c634843185
The Sublime and the Beautiful Revisited,https://commons.cwrc.ca/orlando:7733e676-2244-4d08-bd62-0bf113c09027
The Suffering Poor,https://commons.cwrc.ca/orlando:c08280d5-9531-46a5-b1e1-e9aa9a918be6
The Suffrage for Women,https://commons.cwrc.ca/orlando:dd14a959-254e-4bb3-b2c9-afa4ece7705a
The Suffragette,https://commons.cwrc.ca/orlando:58f3276f-af54-4fea-9499-47c2daa3d80d
"The Suffragette: The History of the Women's Militant Suffrage Movement, 1905-1910",https://commons.cwrc.ca/orlando:d32bc0da-d932-4967-8f46-76c9e5faeefe
The Sugar House,https://commons.cwrc.ca/orlando:c59888ee-bac2-48fc-a7c5-e1559182a63d
The Sugar Mother,https://commons.cwrc.ca/orlando:1df099de-2a9f-4658-b0e0-21279f5f407e
The Sum of Things,https://commons.cwrc.ca/orlando:bc8c694f-5304-4786-bbe5-434363524e3d
The Summer After the Funeral,https://commons.cwrc.ca/orlando:e1d671e3-07fd-457b-b664-0ff0767da32f
The Summer Before the Dark,https://commons.cwrc.ca/orlando:6343e233-e654-4ed3-8f2a-b4b121d5df8f
The Sun King,https://commons.cwrc.ca/orlando:b0e92fdc-8965-4fbb-bcd6-6cdaaf37c24a
The Sundial,https://commons.cwrc.ca/orlando:9e66fdf4-a680-4591-9533-7d01549c60b1
The Supply at St Agatha's,https://commons.cwrc.ca/orlando:19d04085-95ee-42fd-bfd8-6d55f3999c67
The Survival of the Fittest,https://commons.cwrc.ca/orlando:a5c0335e-3c0f-4147-b748-fad9ae44cdd8
The Survivors. A Novel,https://commons.cwrc.ca/orlando:a523165e-76da-4ee7-811a-c316ba726025
The Swan in the Evening,https://commons.cwrc.ca/orlando:e9776355-0360-4100-9e4d-40e06449e758
The Sweet Cry of Hounds,https://commons.cwrc.ca/orlando:604ec168-7e0c-47e2-a6b6-6ed80f2a65f1
The Sweetest Dream,https://commons.cwrc.ca/orlando:f3f49aeb-8e47-4335-9b24-3f4ed32c3c86
The Swimming Pool Season,https://commons.cwrc.ca/orlando:4f46d393-5fdc-42b9-8939-b06f214a800e
The Sword of Justice,https://commons.cwrc.ca/orlando:353b0b10-f7e9-463a-bb43-104f926c596e
The Sycamore Tree,https://commons.cwrc.ca/orlando:69284bce-9ecf-4afd-b218-0a2db31f221d
The Sylph,https://commons.cwrc.ca/orlando:7b63b236-fece-4041-963a-8d615657cdae
The Sylvesters,https://commons.cwrc.ca/orlando:17f84d66-787d-4035-8396-b5900585e0bc
The Takeover,https://commons.cwrc.ca/orlando:5db5d69b-499f-4b55-949c-5fe64768fe1d
The Tale of Little Pig Robinson,https://commons.cwrc.ca/orlando:6c8df46c-aba0-465c-a7e0-3660ea8b4be8
The Tale of Mr. Jeremy Fisher,https://commons.cwrc.ca/orlando:917c96c1-3746-42dd-b2b6-99eb4f8894d1
The Tale of Peter Rabbit,https://commons.cwrc.ca/orlando:5532601b-3f3d-4f5e-b70a-fa60e7e4988e
The Tale of Squirrel Nutkin,https://commons.cwrc.ca/orlando:90263876-8aa3-40b1-a9ba-022a6342027b
The Tall Shadow,https://commons.cwrc.ca/orlando:10ed0ec6-1e83-45b8-b951-d8b7a3607859
The Tamarisk Tree 2: My School and the Years of War,https://commons.cwrc.ca/orlando:dd7cfa58-4793-48cc-9260-13eba37180bc
The Tamarisk Tree: My Quest for Liberty and Love,https://commons.cwrc.ca/orlando:e669c307-b029-411b-bfe7-58e5ee917bbe
The Tangled Skein,https://commons.cwrc.ca/orlando:a3df8fe5-fbb0-4a32-b472-d5f8f9efe79e
The Tea-Table,https://commons.cwrc.ca/orlando:dbb14dde-01e1-411a-9d0a-58ec34db20a7
The Tears of War,https://commons.cwrc.ca/orlando:a3673c26-8a14-41ac-8746-48cfe59c9d4b
The Tell Tale: An Original Collection of Moral and Amusing Stories,https://commons.cwrc.ca/orlando:f6cdc7d8-5c23-4886-912b-1d8e8b908371
The Temple of My Familiar,https://commons.cwrc.ca/orlando:f27e4bf2-ce6a-4efb-92d8-9c1c04514b70
"The Temptation; or, Satan in the Country",https://commons.cwrc.ca/orlando:eff941d4-7d20-4118-bf8b-460cf015b2d7
The Tenant of Wildfell Hall,https://commons.cwrc.ca/orlando:06efcd41-77af-4e24-ba79-e7ee2c5d3935
The Tender Mercies of the Good,https://commons.cwrc.ca/orlando:ea95a77e-eadc-418d-943c-e6d51c0b9b40
The Tenor and the Boy,https://commons.cwrc.ca/orlando:7b7a2a13-57f6-4f85-935e-7f3707de5ae0
The Tent,https://commons.cwrc.ca/orlando:1e98d431-48b0-437a-8e00-29c7e2d31ed8
The Test of Filial Duty,https://commons.cwrc.ca/orlando:f8be8f8a-a48d-4104-bf86-48dafe6de784
The Thebans,https://commons.cwrc.ca/orlando:70394450-38eb-487d-9fef-5c6a964dba8e
The Thieving Summer,https://commons.cwrc.ca/orlando:2b9a5077-a730-4766-9442-6ad7b7959923
The Third Class at Miss Kaye's,https://commons.cwrc.ca/orlando:ca697569-0f59-45e4-ba92-473206665761
The Third Life of Grange Copeland,https://commons.cwrc.ca/orlando:b201e3c8-b3b0-44c4-b074-163f596db2cb
The Third Miss Symons,https://commons.cwrc.ca/orlando:56f80a9a-b79f-41ab-8701-b673b147808d
The Thousand and One Churches,https://commons.cwrc.ca/orlando:283e0bd7-f958-48b4-8c28-b6ad9298a8fc
The Thousand Islands,https://commons.cwrc.ca/orlando:bf915659-b67e-4dc4-87ee-a5301e94aff1
The Three Brides,https://commons.cwrc.ca/orlando:ded3329a-0c88-45fc-a3ef-441093f1c7fc
The Three Brontës,https://commons.cwrc.ca/orlando:06f8873b-c26a-4c0f-920a-c90885d3f339
The Three Old Maids of the House of Penruddock,https://commons.cwrc.ca/orlando:e395197b-6931-46da-a3d3-61d4fed85c8b
The Three Sisters,https://commons.cwrc.ca/orlando:65524906-cc59-4bbe-a91a-3005ea821312
The Thumbscrew,https://commons.cwrc.ca/orlando:90eb5c3d-e2ba-42fd-b40e-081169317626
The Tidal Wave,https://commons.cwrc.ca/orlando:520303b9-747b-4c11-8617-f24dda70fb4c
The Tiger in the Smoke,https://commons.cwrc.ca/orlando:213e38df-dd6e-45f8-9887-1893b2396432
The Tightening String,https://commons.cwrc.ca/orlando:bf3a92e7-77ca-48a8-a031-d999a85ea3a8
The Time is Noon,https://commons.cwrc.ca/orlando:130f9f07-309b-46d4-9f31-420b82905a07
The Time Machine,https://commons.cwrc.ca/orlando:e3830135-bb9d-4cbf-9893-677159579194
The Time of the Angels,https://commons.cwrc.ca/orlando:9226611d-89ee-4ec2-904d-0d2d66d2adfa
The Time of Wild Roses,https://commons.cwrc.ca/orlando:2d85cdc5-27b6-45d8-92a8-b2f542a1182d
The Times,https://commons.cwrc.ca/orlando:1785c11f-877c-4047-82a8-dc54760bacca
The Tithe War,https://commons.cwrc.ca/orlando:edbfc04f-2db9-4638-b254-df725030b9d5
The Toll-Gate,https://commons.cwrc.ca/orlando:8e94c6ab-4541-4cf1-98a4-789035ea55f0
The Tombs of Atuan,https://commons.cwrc.ca/orlando:35c9f242-4a95-4cb9-b11d-e577583c59f6
The Tomorrow of Yesterday,https://commons.cwrc.ca/orlando:631206c4-ccbd-4467-9ff3-fbcf6fc1e175
The Tomorrow-Tamer: Short Stories,https://commons.cwrc.ca/orlando:2519027e-0343-4448-9877-f6f27bd4140e
The Top of the World,https://commons.cwrc.ca/orlando:9f38a59a-76fc-4940-8f6f-2437d6b33db9
The Tortoise and the Hare,https://commons.cwrc.ca/orlando:78e571a7-b732-4b56-b67f-14df69040282
The Tortoiseshell Cat,https://commons.cwrc.ca/orlando:b3bcd66a-034f-4be6-bf69-1fa9d5e89948
The Tory Lover,https://commons.cwrc.ca/orlando:9a4c25a7-a900-43b7-ad2b-bbd8b7e37253
The Tournament,https://commons.cwrc.ca/orlando:a4d477c0-ea4c-4b66-9eac-6d2fd4cc1865
The Town Before You,https://commons.cwrc.ca/orlando:83decb02-4388-4ea5-82b4-3c8cef7c0263
The Town Child's Alphabet,https://commons.cwrc.ca/orlando:8d678228-48d8-4733-a138-4f83bb2a1bfa
The Town in Bloom,https://commons.cwrc.ca/orlando:91d10d63-218e-4ce8-908a-24408f23826c
The Townsman,https://commons.cwrc.ca/orlando:aba54424-6ed5-4cc7-a281-148edffae994
The Tradition of Women's Fiction: Lectures in Japan,https://commons.cwrc.ca/orlando:b6b20485-dae9-4a23-ab8b-88cb4ceb7ded
The Tragedie of Mariam,https://commons.cwrc.ca/orlando:2c55ce04-4059-43da-84e5-13e50628b3a5
The Tragedy of John Ruskin,https://commons.cwrc.ca/orlando:3826dd7c-cad6-46ed-a573-c9dd9296b1ba
The Tragical History of Crazy Jane and Young Henry,https://commons.cwrc.ca/orlando:51b9ad62-5558-4c0d-b3c7-0b0f9651e6ae
The Transformers,https://commons.cwrc.ca/orlando:7ac5610f-c29a-4f1f-9f34-3b7676a22386
The Traveller Returns,https://commons.cwrc.ca/orlando:2cb48f75-685b-402b-9504-df09b0e15ca0
"The Traveller, and Other Poems",https://commons.cwrc.ca/orlando:9c80b4b5-61dd-433a-b8c9-1914372bd31f
The Travels of Maudie Tipstaff,https://commons.cwrc.ca/orlando:6b197c35-5be0-4d44-9a2c-3a2a26905a02
The Treasure of Heaven,https://commons.cwrc.ca/orlando:fe493225-b607-492d-8f87-6b1b6f758f59
The Tree House,https://commons.cwrc.ca/orlando:8835ef76-ff75-490b-b6eb-ca56fefe1081
The Tree of Faith,https://commons.cwrc.ca/orlando:be35bc23-2e02-4b15-8cbe-c224c999b53c
The Tree of Hands,https://commons.cwrc.ca/orlando:a65663a2-5fc4-4aec-af56-d7dc3c4ca941
The Tree of Heaven,https://commons.cwrc.ca/orlando:85af4bd4-2d98-471d-894f-e1c6da1022f6
The Tree of Knowledge,https://commons.cwrc.ca/orlando:ca12e61d-1d8f-472a-b90d-a43747447848
The Trespasser,https://commons.cwrc.ca/orlando:b0274483-dcfa-4664-aeb3-8ca8050e2568
The Trial of Marie Stopes,https://commons.cwrc.ca/orlando:e04d4022-0700-438a-b18f-3634d4206978
The Trial of Thomas Cranmer,https://commons.cwrc.ca/orlando:6c78702e-609c-438e-a527-0623f01dfa3f
"The Triumph of Truth, or Memoirs of Mr. De La Villette",https://commons.cwrc.ca/orlando:724d5622-54cc-426c-bd21-6c687ff45451
The Triumphs of Love: Chastitie: Death: Translated out of Petrarch,https://commons.cwrc.ca/orlando:e9cd3738-4c08-4732-b94d-4e5823faa532
The Triumphs of Time,https://commons.cwrc.ca/orlando:e75aa5b1-8c36-4b3c-9e48-4ecfc7cccc2c
The Trojan Brothers,https://commons.cwrc.ca/orlando:ccf69f1b-b197-4460-926a-e550e679c85d
The Troll Garden,https://commons.cwrc.ca/orlando:526993ba-9aba-4fda-8e2a-991fe09391b0
The True Heart,https://commons.cwrc.ca/orlando:30714ce8-cc88-4af6-83b0-5a4d9e480be5
The True History of Joshua Davidson,https://commons.cwrc.ca/orlando:82f2bbd5-a0ed-40e8-a9ca-6efc42ffdd13
The True Omar Khayam,https://commons.cwrc.ca/orlando:4200aaf0-a14c-43b9-91f4-dc3d9b2c1225
The Trumpet in the Dust,https://commons.cwrc.ca/orlando:c5761235-64a0-400e-8202-28a410e211e4
The Truth About Women,https://commons.cwrc.ca/orlando:f5efa92a-5dae-4b20-899d-9dba4bf3dea2
The Tulsa Center for the Study of Women's Literature: What We Are Doing and Why We Are Doing It,https://commons.cwrc.ca/orlando:f166da5f-1d4e-4fd9-8d97-eb5d83afc58a
The Tunnel,https://commons.cwrc.ca/orlando:87be79c6-6e93-4d63-a6c5-99f4e8c3d925
The Tutor's Story,https://commons.cwrc.ca/orlando:7fe3c757-9907-45dd-b683-e089da8b16f5
The Twelfth Hour,https://commons.cwrc.ca/orlando:f6599b9c-0f48-4bb3-8909-165deef46e71
The Two Aristocracies,https://commons.cwrc.ca/orlando:c5928465-2345-416f-975e-29fd5e23ec22
The Two Friends,https://commons.cwrc.ca/orlando:ab4f736f-207d-4bc7-aa8c-80bf2bea7cd7
The Two Mentors,https://commons.cwrc.ca/orlando:5e693dfb-9fe6-456c-850f-c42f562e098f
The Two Princes of Persia,https://commons.cwrc.ca/orlando:b3aac375-7110-4fd3-96ee-1ecb209b5b97
The Unbelonging,https://commons.cwrc.ca/orlando:bc76e903-f542-4a55-8d2a-1f2fd0296d8c
The Unchanged. A Novel,https://commons.cwrc.ca/orlando:c0a335c0-206a-443d-a41c-bb23b13049c3
The Undertaker's Wife,https://commons.cwrc.ca/orlando:7e1f2afa-db6f-4e9c-955b-c6515e2a74a1
The Unequal Conflict,https://commons.cwrc.ca/orlando:143aca4b-78a2-495d-9288-301f32580c10
The Unexpected Legacy,https://commons.cwrc.ca/orlando:69b61d88-ebfa-45d5-93f0-aaccda2b4ab7
The Unhappy Penitent,https://commons.cwrc.ca/orlando:d9bfd223-9833-49b4-885e-d6247e8bb475
The Unholy Experiment,https://commons.cwrc.ca/orlando:41cc2de8-a565-4467-b942-156ac03bec49
The Unicorn,https://commons.cwrc.ca/orlando:0adea077-7e4e-4acc-8e14-0401eee16b42
The Uninhabited House,https://commons.cwrc.ca/orlando:5cef4248-ff81-40b2-b9c5-7c91cd9a56b8
The Unknown Ajax,https://commons.cwrc.ca/orlando:74d39f70-23d1-4d52-a146-bf3a2d449073
The Unknown Quantity,https://commons.cwrc.ca/orlando:2847fbb7-cd8e-40b1-acd7-5c085ea7444d
The Unmapped Country: Stories and Fragments,https://commons.cwrc.ca/orlando:8a84fc7c-624b-4850-a3d4-d33b0685e2ca
The Unspeakable Skipton,https://commons.cwrc.ca/orlando:86257e75-9b1e-4ea1-8820-e619b4f39ce8
The Untidy Gnome,https://commons.cwrc.ca/orlando:0b505948-c31a-4457-81aa-2419cf2529df
The Use of Sunshine,https://commons.cwrc.ca/orlando:0e97d3e4-ff29-434b-8ac9-b9bf054760db
The Uselessness of Vivisection,https://commons.cwrc.ca/orlando:bdadc3dd-8934-4909-aa75-6b3b3f9a3b98
The Uttermost Farthing,https://commons.cwrc.ca/orlando:57b27879-7dc9-4af2-8c01-413518492d3b
The Vacillations of Poppy Carew,https://commons.cwrc.ca/orlando:686cbbd5-b27a-47e2-8855-cab9cb55d282
The Valley of a Hundred Fires,https://commons.cwrc.ca/orlando:e2d21356-ca8d-4d11-9f50-d9acf9593cb2
The Valley of Song,https://commons.cwrc.ca/orlando:048adb3f-d0de-4fb3-a1ee-4fb39872098b
The Valleys of the Assassins,https://commons.cwrc.ca/orlando:4c69f37f-9146-45e6-8076-b3770f966f09
The Various Haunts of Men,https://commons.cwrc.ca/orlando:4c9e8cea-82e3-4a78-a727-09e4ff40a603
The Venus Touch,https://commons.cwrc.ca/orlando:1976ed4c-f1e8-4de5-8da3-866eeb6d9627
The Very Fine Clock,https://commons.cwrc.ca/orlando:88a84a2b-69a6-4da0-9e14-8519ebcb96e5
The Vespers of Palermo,https://commons.cwrc.ca/orlando:de033e42-a49a-4a39-b060-07e79f20fac1
The Vicar of Lansdowne,https://commons.cwrc.ca/orlando:046922eb-00b6-4f88-b05b-8d5b320f3928
The Vicar of Wrexhill,https://commons.cwrc.ca/orlando:6c1422b3-8a8e-4463-8b76-e064f9730e92
The Vicar's Daughter,https://commons.cwrc.ca/orlando:77126b72-480f-4936-a69d-8b535e1706d0
The Vicissitudes of Evangeline,https://commons.cwrc.ca/orlando:327c47bc-2fa7-4612-bfd3-42b631fd7a5b
The Victim of Prejudice,https://commons.cwrc.ca/orlando:0a216b29-755f-44a3-9c12-452e5151879a
"The Victim; or, An Evening's Amusement at the ""Vulture Tavern""",https://commons.cwrc.ca/orlando:6e98b314-e0a5-4e65-be1b-ca340a529938
The Victims of Society,https://commons.cwrc.ca/orlando:a101869d-e59f-425a-ad02-18f70ff09be2
The Victoria Regia,https://commons.cwrc.ca/orlando:53d9b4ff-7669-45b4-9196-934092e07ff3
The Victorian Age of English Literature,https://commons.cwrc.ca/orlando:a0910d47-8667-4c05-9ecb-f6569ae8c289
The Victorian Chaise-Longue,https://commons.cwrc.ca/orlando:c30862ac-1f5c-45d7-af30-87226482330d
The Victory Won,https://commons.cwrc.ca/orlando:ef13bc19-692b-4b4d-8d0e-504be5d631f4
The View from Castle Rock,https://commons.cwrc.ca/orlando:77c9a212-fa5e-4165-9f17-755b7bfd11fa
The View from Downshire Hill,https://commons.cwrc.ca/orlando:190c27ae-7b57-4676-abf2-25f064ed0a3b
The View from the Parsonage,https://commons.cwrc.ca/orlando:92e067cb-16fd-47d5-aa1e-e6ab5205a5f5
The Village,https://commons.cwrc.ca/orlando:6cc5c705-4a89-4485-94c9-371dcc2f7988
The Village Disputants,https://commons.cwrc.ca/orlando:f8bfe5cf-396f-43e7-9acf-464077a369d8
The Village Doctor,https://commons.cwrc.ca/orlando:4268a731-e031-48e7-8306-d806abc7cf71
The Village on the Cliff,https://commons.cwrc.ca/orlando:97dc362d-b273-4a70-91ae-10092e2f3533
The Vindictive Spirit,https://commons.cwrc.ca/orlando:60b2b000-4d97-42fe-ba31-195d285205f1
The Viper of Milan,https://commons.cwrc.ca/orlando:9bada9c4-f87f-4ac7-bfb9-ad7ebc20b840
The Virgin,https://commons.cwrc.ca/orlando:b7c22d70-db11-4e9c-817e-12d9ac8d91a7
The Virgin and the Gipsy,https://commons.cwrc.ca/orlando:457e374b-894a-408e-a59f-175b13810b6f
The Virgin in the Garden,https://commons.cwrc.ca/orlando:d036c416-b7d5-4a73-bcea-965a80a88c96
The Visitation,https://commons.cwrc.ca/orlando:38369e79-0a73-4eb5-9540-27dcccab295d
The Visits of Elizabeth,https://commons.cwrc.ca/orlando:87b304d0-bafd-4066-9bf8-aaa5df54b1b5
The Voice of One Crying in the Wilderness,https://commons.cwrc.ca/orlando:93d79c75-6be2-4479-8899-ce034ce41e5e
The Voluntary Exile,https://commons.cwrc.ca/orlando:0052b27d-a51b-4342-bc07-7deea352b8c0
The Vow of the Peacock,https://commons.cwrc.ca/orlando:9f304f90-4d1b-41a1-990a-89a9c4699e6b
The Voyage Home,https://commons.cwrc.ca/orlando:e84373db-1a4d-4225-9a71-f98b271fa928
The Voyage Out,https://commons.cwrc.ca/orlando:b03e54c6-264a-4103-8599-bfaada801b92
The Wages of Sin. A Novel,https://commons.cwrc.ca/orlando:22fbd595-386b-4341-9b92-585782f8b392
The Waiting Game,https://commons.cwrc.ca/orlando:ad943889-3fdb-44b4-90fc-ff078d74191a
The Wall of Glass,https://commons.cwrc.ca/orlando:3a1559ba-93d7-4e98-a1c0-f059cef7b509
The Walls Do Not Fall,https://commons.cwrc.ca/orlando:8fd40327-add9-4ba5-9771-633d52d91ac7
The Walworth Beauty,https://commons.cwrc.ca/orlando:26329f66-4af6-425a-9c55-8295c4fdb406
The Wanderer,https://commons.cwrc.ca/orlando:41416981-ca36-49da-862d-a0435fe5b663
The Wandering Prince,https://commons.cwrc.ca/orlando:e02d7662-29c9-4839-a2f3-640cf48274b9
The Wandering Scholars,https://commons.cwrc.ca/orlando:58ee95d9-a6b3-4789-b9aa-49b0aa35e114
The Wandering Years,https://commons.cwrc.ca/orlando:c4f4022b-7e0f-4891-853d-e962735ca53b
The Wanderings of the Imagination,https://commons.cwrc.ca/orlando:6742db07-ea50-4f85-bb5f-fe4ed923c535
The Wanderings of Warwick,https://commons.cwrc.ca/orlando:a7b839e6-5a77-4453-b060-6d23628d4d06
The Wane of Uxenden,https://commons.cwrc.ca/orlando:307d8b14-d366-401e-aa14-62249ec09cc2
The War and Elizabeth,https://commons.cwrc.ca/orlando:02d76819-847e-4d57-af0e-425ebff6dd10
The War of the Worlds,https://commons.cwrc.ca/orlando:12be7d4d-ee91-4aa9-886d-2273b27520dc
The Warden,https://commons.cwrc.ca/orlando:39a60f37-f36d-4719-914a-215485457d5e
The Warning,https://commons.cwrc.ca/orlando:c2defba0-a1ad-4597-84da-fa70fa310011
"The Warrior's Return, and Other Poems",https://commons.cwrc.ca/orlando:d68dcabb-00a0-473b-9f6c-54eb483dcf16
The Wars of the Jews,https://commons.cwrc.ca/orlando:e3348673-498f-4de4-af19-7dab650342bb
The Wastrel,https://commons.cwrc.ca/orlando:f087de39-4aaa-4e6b-8bb8-f1e633d97534
The Water Beetle,https://commons.cwrc.ca/orlando:4182170f-926a-489d-8526-63409ff51939
The Water's Lovely,https://commons.cwrc.ca/orlando:e109f410-094b-47cf-9194-ad0b68904822
The Waterfall,https://commons.cwrc.ca/orlando:5939003e-822c-41fa-ab9b-283570d84722
The Waters of Hercules,https://commons.cwrc.ca/orlando:e984073d-d387-41cf-90aa-332467ef55d3
The Waters of Lethe,https://commons.cwrc.ca/orlando:11f59535-69ce-4f27-88a4-19b0bf6ca579
The Waves,https://commons.cwrc.ca/orlando:0d0e00bf-3224-4286-8ec4-f389ec6cc7bb
The Way Home,https://commons.cwrc.ca/orlando:a1a8496c-94ba-4972-95b2-12c30dacdb2e
The Way I Found Her,https://commons.cwrc.ca/orlando:71b0a9c1-eb05-4d7c-8b09-d784245372bb
The Way It Worked Out,https://commons.cwrc.ca/orlando:52108887-ae1b-49e8-a672-956c116a1f16
The Way of a Maid,https://commons.cwrc.ca/orlando:2e2b41db-4bb4-4261-8abc-3df9b55b62b2
The Way of an Eagle,https://commons.cwrc.ca/orlando:963ca728-4aeb-4caa-aca9-5b8320e5b62e
The Way of Marriage,https://commons.cwrc.ca/orlando:274bacec-a7fa-4848-8537-1462e498f331
The Way of Wisdom,https://commons.cwrc.ca/orlando:fb02c592-6c55-48da-a100-8e9e16ca60ff
The Way She Won Him,https://commons.cwrc.ca/orlando:ed622c9b-0e63-4b7b-afe5-6f8b1a691ad3
The Way Things Are,https://commons.cwrc.ca/orlando:83f4895f-5c8f-4c2e-a7e2-a01ab7ee8946
The Way Things Happen,https://commons.cwrc.ca/orlando:2133accf-9bff-45ab-88d5-c54e048eac2d
The Way to Make Home Comfortable,https://commons.cwrc.ca/orlando:c7f0b6fb-2244-4cf5-96fd-6ba33752b4e3
The Way to Win Her,https://commons.cwrc.ca/orlando:0898432b-62a4-4d80-a292-c4830721d351
The Way to Write for Children,https://commons.cwrc.ca/orlando:b331002c-c4ca-4b5f-84c4-6fa2ffd35dff
The Way We Live,https://commons.cwrc.ca/orlando:6ce93267-dd5a-4b9a-8afa-a2f8f0103534
The Way We Live Now,https://commons.cwrc.ca/orlando:b61695dc-1953-4932-852d-6d20eb69449b
The Way-Paver,https://commons.cwrc.ca/orlando:aed1f265-212b-4c5c-be68-910ece8ff86d
The Weaker Vessel: Woman's Lot in Seventeenth Century England,https://commons.cwrc.ca/orlando:06692cc2-c2aa-4e7e-958a-19289f53cb00
The Weather in the Streets,https://commons.cwrc.ca/orlando:66a149bf-b086-4252-8a6d-6c0ad38ff17d
The Weatherhouse,https://commons.cwrc.ca/orlando:d21d377f-f999-4c52-8f90-f307d83096f1
The Wedding Among the Flowers,https://commons.cwrc.ca/orlando:31b25718-5640-4df7-ab0e-676556f22b66
The Wedding Day,https://commons.cwrc.ca/orlando:0a483b4a-ff05-4d3f-b34f-ac37bf76f2d4
The Wedding Group,https://commons.cwrc.ca/orlando:ffa2b030-5698-4799-9985-aa52f993ad6a
The Wedgwood Medallion,https://commons.cwrc.ca/orlando:05288c65-176d-48ae-8427-df1f11b104dc
The Weight Carriers,https://commons.cwrc.ca/orlando:f2f3b19b-d3a6-4897-83c4-29c0fd6b95c9
The Well of Loneliness,https://commons.cwrc.ca/orlando:b0b53fe1-62bd-446c-8c76-0a8a13ac7a5e
The Well of the Saints,https://commons.cwrc.ca/orlando:984e1379-c2b5-4e51-af84-7402d4e69629
The Well-Beloved,https://commons.cwrc.ca/orlando:ad33c8f7-3df2-4267-9f86-a07e284f71a1
The Welsh Mountaineer,https://commons.cwrc.ca/orlando:27b2c63c-d986-4e74-b971-872eedc09024
The Westmorland Dialect,https://commons.cwrc.ca/orlando:972f1dcd-af31-47aa-aa16-d06c8fa265c3
The Wheel of God,https://commons.cwrc.ca/orlando:ce74d59c-4b26-439d-9aba-69340dc3e81b
The Whicharts,https://commons.cwrc.ca/orlando:7d2bf704-8cbe-4e97-859e-25ac30069778
"The Whim, A Comedy",https://commons.cwrc.ca/orlando:3e1ebce8-0118-41e8-9267-8581739ac16b
The Whispering Knights,https://commons.cwrc.ca/orlando:78838b5c-1568-4e5d-bee4-79dd5b72265d
The White Cockade,https://commons.cwrc.ca/orlando:26f37447-1fe9-4450-a904-368f68ed5470
The White Cottage Mystery,https://commons.cwrc.ca/orlando:c0ee6294-5250-481a-9b23-5e7b9325f3f7
The White Cottage of the Valley,https://commons.cwrc.ca/orlando:559128e0-f99f-4643-9852-4c06c5a96177
The White Goddess,https://commons.cwrc.ca/orlando:6dd92c38-3ebf-4e1f-b812-adbbdff01c27
"The White Hare, and Other Poems",https://commons.cwrc.ca/orlando:d8eee01a-76f1-4618-a2ac-718061e98132
The White Hoods,https://commons.cwrc.ca/orlando:e46012e0-b8c6-442c-8658-9d84f56eaed3
The White Man's Duty,https://commons.cwrc.ca/orlando:675528f0-b212-48b9-93e3-46f3ab024593
The White Monkey,https://commons.cwrc.ca/orlando:ebf3534e-94e8-47d7-891b-cdef6152c901
The White Peacock,https://commons.cwrc.ca/orlando:162bc9b9-ecbb-4731-a958-bf999471756b
"The White Rat, and Some Other Stories",https://commons.cwrc.ca/orlando:63de944c-8ba1-49ef-9f98-4963cb502462
The White Rose of the Huron,https://commons.cwrc.ca/orlando:3ccd1f0c-88f6-4335-9df1-2bfb931bbabc
The White Wampum,https://commons.cwrc.ca/orlando:700879f1-a9b5-4c2a-943c-cdb30bf3b43b
The White Witch,https://commons.cwrc.ca/orlando:e63cd7e9-c0dc-4703-9aaf-0d33eed9422d
The Whole Story and Other Stories,https://commons.cwrc.ca/orlando:2da2a2b7-16f5-465f-bbfc-4362b65c22c2
The Whole Woman,https://commons.cwrc.ca/orlando:3e4b281e-3ab1-4895-9a79-077126ffbf66
The Wicked Day,https://commons.cwrc.ca/orlando:aacdbe13-4a47-49b2-8dfc-4fb3dae67414
The Wicked Queen,https://commons.cwrc.ca/orlando:2f11e5f9-1447-4cb4-bb7c-33668384bf2c
The Wide Net and Other Stories,https://commons.cwrc.ca/orlando:ebd986c8-6e34-4807-958e-4555d6b5fad6
The Widow,https://commons.cwrc.ca/orlando:52ad7559-454e-45e5-bbcf-f31f17fd8ba9
The Widow Barnaby,https://commons.cwrc.ca/orlando:04963c77-402d-421a-bb5e-7067f0598a58
The Widow of Malabar,https://commons.cwrc.ca/orlando:62227f14-84d9-45f7-98d1-53ee055a85c7
The Widow Whiterows Humble Thanksgiving for the Kings Safe Return,https://commons.cwrc.ca/orlando:b11cb973-a11e-475b-b2f3-dfeb56bd22ab
The Widow's Tale and Other Poems,https://commons.cwrc.ca/orlando:eeb1ac31-da51-4c61-aba6-7bd1fb6bf7ec
The Wife,https://commons.cwrc.ca/orlando:04e761c8-1361-4d5b-9397-38ec654c6f89
The Wife and the Lover,https://commons.cwrc.ca/orlando:754b7371-b061-449d-8706-b7ee169a528a
The Wife of Altamont,https://commons.cwrc.ca/orlando:2bec366b-cf74-4c28-af35-c7fa037d355b
"The Wife, or Caroline Herbert",https://commons.cwrc.ca/orlando:3a1eb320-3ba8-493c-b9bb-c5d273758355
"The Wife; and, Woman's Reward",https://commons.cwrc.ca/orlando:ad1cbda3-2a10-4535-a425-6d7658669b86
"The Wife's Sister; or, The Forbidden Marriage",https://commons.cwrc.ca/orlando:081ad411-339f-4335-8af3-3cfc91a37818
The Wife's Trials,https://commons.cwrc.ca/orlando:0d4c9d21-e15e-4d30-b30c-23e1020c47ff
The Wig My Father Wore,https://commons.cwrc.ca/orlando:ad56cbd1-815f-4a0c-a5b3-f214976cf5e1
The Wild Bunch,https://commons.cwrc.ca/orlando:175dd61b-baca-4ff9-8aff-85b169cbf5da
The Wild Flower of Ravensworth,https://commons.cwrc.ca/orlando:82c23c01-7b05-4005-92d0-575f22ed2373
The Wild Goose,https://commons.cwrc.ca/orlando:259291f6-b82d-4e8c-8c95-8fc209a79a87
The Wild Hunt of Hagworthy,https://commons.cwrc.ca/orlando:725ff557-485a-4540-af99-49594a8bc1a2
The Wild Irish Girl,https://commons.cwrc.ca/orlando:296e44de-76c6-499c-a8a7-d91aef628d15
The Wild Island,https://commons.cwrc.ca/orlando:33268615-e4b3-4431-8274-adab6859c7b5
The Wild Swans at Coole,https://commons.cwrc.ca/orlando:7c26aad5-2798-42c7-9373-396526588fb0
The Wilfulness of Woman,https://commons.cwrc.ca/orlando:85a723fe-6ea9-420f-941a-b228e9282f4e
The Willow Cabin,https://commons.cwrc.ca/orlando:e0e813cf-aa8a-4200-80fd-f54999aac9af
The Wind Changes,https://commons.cwrc.ca/orlando:b441880c-5a34-4a19-b1e6-765d21d02ed9
The Winding Stair,https://commons.cwrc.ca/orlando:6bd6f693-8fa1-4127-8b9f-382f2585b834
The Winding Stair and Other Poems,https://commons.cwrc.ca/orlando:2237d7e8-3f82-4258-b594-844c5fe64580
The Winds of Heaven,https://commons.cwrc.ca/orlando:ca359d32-3c93-42e0-b153-4d90aac0d541
The Wing of Azrael,https://commons.cwrc.ca/orlando:5a8c5045-4f49-4a74-8f87-79b42b981186
The Winged Horse,https://commons.cwrc.ca/orlando:32b1bdaa-6ded-4c35-bf06-8bea602db5c9
The Winged Victory,https://commons.cwrc.ca/orlando:a4b3c838-1577-404c-87b3-042c27259fea
The Winter is Past,https://commons.cwrc.ca/orlando:ba76122f-61a5-42d5-a223-a062769bb33a
The Wisdom of the Simple and Other Stories,https://commons.cwrc.ca/orlando:29b23c79-d996-419e-9e3b-dba36a831c2e
The Wise Book,https://commons.cwrc.ca/orlando:d67834b4-ca39-4115-9615-78c416ac645d
The Wise Wound: Menstruation and Everywoman,https://commons.cwrc.ca/orlando:57a9359a-7eb3-4ecc-a2cc-c958a8a82ac9
The Witch of Exmoor,https://commons.cwrc.ca/orlando:237b1865-7b9f-405f-9686-6bcb91cd97b9
The Woman in Black,https://commons.cwrc.ca/orlando:d461ad90-b51d-4b0d-9236-5e17870d4b04
The Woman in White,https://commons.cwrc.ca/orlando:102cb3ec-2569-4fec-a0b5-b7d6f5cbde7b
The Woman of Genius,https://commons.cwrc.ca/orlando:80b41550-fd16-4c88-86e0-6b1b34e96706
The Woman of the World,https://commons.cwrc.ca/orlando:7cceed74-f5e3-4e32-a648-63f18758fc03
The Woman Who Didn't,https://commons.cwrc.ca/orlando:b2157de6-38a6-4e3b-9e73-7f7df0bfc2dc
The Woman Who Died of Robespierre,https://commons.cwrc.ca/orlando:c3e1e9b7-46d3-4f01-bfc2-cc25124414bb
The Woman's Kingdom,https://commons.cwrc.ca/orlando:a77acd42-8d8f-4514-a365-3a84d4631a6a
The Woman's Labour,https://commons.cwrc.ca/orlando:e8f4d4ec-9e0a-4441-bf5f-dc08d91008f4
The Womans Advocate,https://commons.cwrc.ca/orlando:5c533bfc-6b20-4cb1-8995-753759a1d12e
The Women of England,https://commons.cwrc.ca/orlando:b61cadc0-d96d-48ba-8aa2-1e8a5ec38b04
The Women of Israel,https://commons.cwrc.ca/orlando:c3d46f0b-d734-4dbb-8453-56bb8c4c7989
The Women's Side,https://commons.cwrc.ca/orlando:e6461065-c215-467f-bd12-23683ef8c108
"The Womens Advocate; or, Fifteen Real Comforts of Matrimony",https://commons.cwrc.ca/orlando:66ba92dc-1791-40f5-9cfc-a030fe4d4f4e
The Wonder of the Village,https://commons.cwrc.ca/orlando:e118de4e-49c5-497a-a731-f811bcb88acf
The Wonderful Garden,https://commons.cwrc.ca/orlando:7eb5b83e-f45e-43d3-9988-539db0910f32
"The Wonderful Travels of Prince Fan-Feredin, in the Country of Arcadia",https://commons.cwrc.ca/orlando:e5492f2e-03a7-4a8a-a7e5-bbc01f306746
The Wooden Doctor,https://commons.cwrc.ca/orlando:eb7d223d-aebd-4c3a-89e5-19702e5b5999
The Wooden Pegasus,https://commons.cwrc.ca/orlando:9b4a255e-7129-4929-ba0f-7b1c3d204274
The Woods in Winter,https://commons.cwrc.ca/orlando:ede77445-a208-4def-9175-6f0f13c13050
The Wooing O't,https://commons.cwrc.ca/orlando:de67cb15-97fe-495d-a91b-db44a5fdbf22
The Word 'Woman' and Other Related Writings,https://commons.cwrc.ca/orlando:38848b7d-2981-4a1c-8c32-fc63b0c992de
The Word for World is Forest,https://commons.cwrc.ca/orlando:bd762c9e-c3c1-417c-a470-95f1083d1e13
The Work of the National Union,https://commons.cwrc.ca/orlando:36f92e74-3fd6-47d1-bef2-d5347098d1e1
The Work of the War Refugees Committee,https://commons.cwrc.ca/orlando:83fdb286-5e79-4744-8d29-87f0ec9c66c2
The Work of the World and Women's Share In It,https://commons.cwrc.ca/orlando:8d6944f7-87ad-4890-968b-d11265b359f2
The Workaday Woman,https://commons.cwrc.ca/orlando:72abe0eb-66e3-47ba-ae66-a7e61ca6b8f7
The Workhouse as an Hospital,https://commons.cwrc.ca/orlando:421eeaa4-41bf-45b7-95d6-66bb5305451d
The Works of Charlotte Elizabeth,https://commons.cwrc.ca/orlando:55a70e08-26e3-424b-9a76-688f8fcf5939
The Works of Lady Blessington,https://commons.cwrc.ca/orlando:99375b07-e8bc-45fa-a233-afb3c5f5e5ff
The Works of Mrs. Anne Steele,https://commons.cwrc.ca/orlando:94d8f60a-f0fc-4d5c-9386-b2e67d3233be
The World and Other Places,https://commons.cwrc.ca/orlando:8c1789be-ba5c-48fe-9bf0-b974a5cd5cf4
The World at Eighteen,https://commons.cwrc.ca/orlando:86923f39-b35c-4e25-90ab-588bcf7af4d2
The World Before Them,https://commons.cwrc.ca/orlando:5009fe8c-c59e-4dcd-acd8-7be00875311f
The World Ends,https://commons.cwrc.ca/orlando:47ab28e7-1fac-463b-bf3c-7b13e964d87f
The World Is Round,https://commons.cwrc.ca/orlando:068179d6-cd92-4027-97c3-8122ab3d3538
The World My Wilderness,https://commons.cwrc.ca/orlando:65db4e26-bd64-4aa6-8f0a-91f369e993a5
The World Will Follow Joy,https://commons.cwrc.ca/orlando:4e137d8b-c1a2-4b80-864b-0ac25eb19891
"The World's Bane, and Other Stories",https://commons.cwrc.ca/orlando:f65e4296-c313-40b6-af72-158c4fec3d10
"The World's Smallest Unicorn, and Other Stories",https://commons.cwrc.ca/orlando:2e0f6fef-a3c0-4da0-872a-98db9556b3a1
The World's Unrest: Visions of the Dawn,https://commons.cwrc.ca/orlando:a59bd630-c90a-46ff-802d-54ff29420cf0
The World's Wife,https://commons.cwrc.ca/orlando:ddc41bd5-a2ef-4fad-a93a-8bb305e5a18b
The Worlds and I,https://commons.cwrc.ca/orlando:44b5f780-f219-4515-bae2-8fdc8493e132
The Wouldbegoods,https://commons.cwrc.ca/orlando:247cdd59-0455-49c9-924d-cb1ea93948bd
The Wrestling Match,https://commons.cwrc.ca/orlando:b46a57dd-5b28-4a44-81ef-5c76ff6c4d96
The Writer's Situation and Other Essays,https://commons.cwrc.ca/orlando:525716bb-14b1-4c4d-8c86-5cd7e3a4c9f0
The Writing of Fiction,https://commons.cwrc.ca/orlando:a488f791-969d-44cb-a773-0e8a6da6da03
"The Writings of Anna Wickham, Free Woman and Poet",https://commons.cwrc.ca/orlando:02283d8a-c603-4903-a45b-8f0244cc4095
The Writings of E. M. Forster,https://commons.cwrc.ca/orlando:e48606ef-a897-47d6-b250-17da5a8cc8b4
"The Wrong Envelope, and Other Stories",https://commons.cwrc.ca/orlando:c55f2b5a-435f-4cff-bc7c-478252377e8b
The Wrong Side of Destiny,https://commons.cwrc.ca/orlando:b8d1d77b-d88c-4a45-8264-17f5cd962553
The Wrong Way,https://commons.cwrc.ca/orlando:e6feb69e-f318-4dd2-97d6-1265c0d90f84
The Wrongs of Woman,https://commons.cwrc.ca/orlando:5725ace9-7a45-450d-941e-3776f52968cf
The Year Book of the Holy Souls,https://commons.cwrc.ca/orlando:05ce0159-edce-4076-a721-8998327ccd50
The Year of the Flood,https://commons.cwrc.ca/orlando:372f674e-ad3a-43f4-a3d9-57673735c449
The Year One,https://commons.cwrc.ca/orlando:92eb5748-fba0-4d09-89eb-40a6b5586242
The Years Between,https://commons.cwrc.ca/orlando:51090720-7ce6-495e-9236-fc0eebd0a62e
The Years of the Shadow,https://commons.cwrc.ca/orlando:28fb18d0-fb1f-42f3-8b77-d67ad925194a
The Yelverton Correspondence,https://commons.cwrc.ca/orlando:9ed9a4bf-d82e-49f5-b42a-64899c219eff
The Young Cosima,https://commons.cwrc.ca/orlando:9c3431a7-20a0-420d-93fe-abfc040c81b1
"The Young Crusoe; or, The Shipwrecked Boy",https://commons.cwrc.ca/orlando:32b06202-d5c4-48dd-ab68-e87f457ec481
The Young Grey Head,https://commons.cwrc.ca/orlando:8041a128-0666-4b0d-b784-015da6fa27c0
The Young Hilaire Belloc,https://commons.cwrc.ca/orlando:753feaa8-c5d2-4d36-87f3-45056a606c0a
The Young Hindoo,https://commons.cwrc.ca/orlando:d9a4ffa6-025e-4c14-81d2-4bb1d1c0fd52
The Young King,https://commons.cwrc.ca/orlando:93a8c47d-c3f7-470f-b2b3-1a02558d3863
The Young Lady,https://commons.cwrc.ca/orlando:f8d2bc92-95a7-4109-8727-cee8c2f70c08
The Young Matriarch,https://commons.cwrc.ca/orlando:456d9df1-3fa8-4e7d-a90d-f92c8b554189
The Young Milliner,https://commons.cwrc.ca/orlando:6308333f-decd-476d-8e47-ed0ac019d0b0
The Young Philosopher,https://commons.cwrc.ca/orlando:c271de25-46ec-4524-9693-9d645bc351b6
The Young Revolutionist,https://commons.cwrc.ca/orlando:17833fb2-7969-43d8-b9d3-263d6fe44b34
The Young Step-Mother,https://commons.cwrc.ca/orlando:25a45555-9f78-435e-ba4e-9feaf1d2857a
The Younger Brother,https://commons.cwrc.ca/orlando:1d8e65c3-ebf3-43d9-a200-5264c70829f7
The Younger Sister,https://commons.cwrc.ca/orlando:b3569f1f-f323-4055-9479-6020b74b555c
The Youngest Girl in the School,https://commons.cwrc.ca/orlando:add364b7-ad1f-4723-8d23-492a3d4eab24
The Youngest Miss Ward,https://commons.cwrc.ca/orlando:0aaa5e38-772c-4034-95e0-e5beb1217f0b
The Zeal of Thy House,https://commons.cwrc.ca/orlando:d241e12a-7704-45f4-a564-87996ea032bc
The Zigzag Way,https://commons.cwrc.ca/orlando:2800de47-b56c-47b2-b7c3-97e2b69f44c9
The Zodiac Arch,https://commons.cwrc.ca/orlando:23d75e9f-d963-4692-bee4-10befa989a21
Theatre,https://commons.cwrc.ca/orlando:6bbf425e-0286-4bdd-8856-165872337ab8
Théâtre à l'usage des jeunes personnes,https://commons.cwrc.ca/orlando:8840acbe-07d1-4261-9eac-1f72a36443d8
Their Hearts,https://commons.cwrc.ca/orlando:1cd04558-b720-4cfc-97a8-d25600f4523e
Their Lives,https://commons.cwrc.ca/orlando:3f1dd546-7f5c-4c62-87c3-a12bef8335ec
Their Shining Eldorado,https://commons.cwrc.ca/orlando:040f4693-dc75-4acb-bb83-d69d49c15323
Themis,https://commons.cwrc.ca/orlando:7dd7fe20-cfc8-45af-8389-2eab2c267f3a
Then There Were Three,https://commons.cwrc.ca/orlando:18e8bce9-7d0c-4658-8bcc-272e5f00a87d
Theodora,https://commons.cwrc.ca/orlando:d2400899-dd58-43ce-9a52-75442d35eb9e
Theodora and Didymus,https://commons.cwrc.ca/orlando:f2663ad7-1fb0-4949-83ac-2998adac5471
Theodore Savage,https://commons.cwrc.ca/orlando:bdf93e35-2555-4538-a193-420198c75b65
"Theodorick, King of Denmark",https://commons.cwrc.ca/orlando:8b6e38ea-915a-4a99-9ecb-a8ff0d4318f3
Theory on the Classification of Beauty and Deformity,https://commons.cwrc.ca/orlando:9dbd5c2e-0cb2-4ee6-9206-00e531f1a9fb
"There Are No Islands, Any More",https://commons.cwrc.ca/orlando:403b798a-9885-4a3b-afc1-34614c357d98
There But For The,https://commons.cwrc.ca/orlando:88908965-43e6-4c4b-bb8a-119fdcf96c2c
There is a Fortress,https://commons.cwrc.ca/orlando:4c6947cd-5a96-4e31-8fb6-5cfec7751b94
"There is a Secret, Find It Out!",https://commons.cwrc.ca/orlando:6e339539-e049-479f-a841-10dd29e544d0
There Is No Death,https://commons.cwrc.ca/orlando:db610f8f-c13d-4666-b142-83cb7522f646
Thérèse of Lisieux,https://commons.cwrc.ca/orlando:c7fd8f84-64ef-416e-8b1c-93a100da1158
These Are Real People,https://commons.cwrc.ca/orlando:5dde2f0e-4af4-4324-a2e0-615c71add698
These Foolish Things,https://commons.cwrc.ca/orlando:f955973d-c952-4be6-814f-5ca294d295c7
These Men I Knew,https://commons.cwrc.ca/orlando:1b509bf5-18a5-421c-944e-c51540856de1
These Old Shades,https://commons.cwrc.ca/orlando:0385364d-b726-4db9-be00-b52bb20656da
They Knew Mr. Knight,https://commons.cwrc.ca/orlando:ad0a9d9d-77a2-4de2-a1b5-de3543db5a6b
They Rang Up the Police,https://commons.cwrc.ca/orlando:0774d161-c6ce-4cd6-896b-c12ea340ec76
They Went to Portugal,https://commons.cwrc.ca/orlando:cc4cbd03-ae17-4ffe-80e4-4d919b19e12e
They Were Defeated,https://commons.cwrc.ca/orlando:3f30bddc-ca74-4d8a-8eab-84c701a8ddfd
They Who Question,https://commons.cwrc.ca/orlando:653190fb-1071-4eb8-80e3-eb12c8ebc57f
Things About Our Neighbourhood,https://commons.cwrc.ca/orlando:3d517cdb-4329-4a8e-b9ea-939b018d8999
Things By Their Right Names,https://commons.cwrc.ca/orlando:b59d9a5b-f3c7-4951-b881-03646f42ff40
Things I Don't Want to Know. On Writing,https://commons.cwrc.ca/orlando:6141ff1b-d25c-441b-996f-f6d05582e87f
Thinking of Skins,https://commons.cwrc.ca/orlando:1e9b1fb3-fdaa-4043-b13f-cc9fdd2a05f1
Thirteen All Told,https://commons.cwrc.ca/orlando:b225238f-f19f-4835-899d-bbc8fac33388
Thirteen Steps Down,https://commons.cwrc.ca/orlando:7df338b6-d0a0-46c3-8311-57d8c940cc51
Thirty Clocks Strike the Hour,https://commons.cwrc.ca/orlando:8a2282e1-2388-47c0-a5e1-0b3f8184754f
Thirty Years in Australia,https://commons.cwrc.ca/orlando:f3be40d9-5b5f-416a-a502-932dc5e65935
This Bed Thy Centre,https://commons.cwrc.ca/orlando:bdade083-b14e-49f5-938c-89332fe2cb2f
This Charming Pastime,https://commons.cwrc.ca/orlando:22a433d8-0280-4de2-9a41-80a2238b867a
This is the End,https://commons.cwrc.ca/orlando:100a320f-9efb-4fa4-bbcc-d4e86d4e3302
This Porcelain Clay,https://commons.cwrc.ca/orlando:c8d73ed6-73ac-423a-a45a-2f53d41370cc
This Proud Heart,https://commons.cwrc.ca/orlando:ae368c13-cd70-455f-8226-572da7598d29
This Real Night,https://commons.cwrc.ca/orlando:207c18ca-81c4-4ae1-886c-fc7aaa5af4fd
This Rough Magic,https://commons.cwrc.ca/orlando:46e901b6-5ef2-4828-9e25-1b81cce4e0d0
This Side Jordan,https://commons.cwrc.ca/orlando:de477f9d-776d-41a8-98f7-f287f34aff02
This Time of Year,https://commons.cwrc.ca/orlando:e1e7fb0a-0aba-4997-be07-77fbc7e8950c
This Time Two Years,https://commons.cwrc.ca/orlando:4f6e08fe-f0f8-4e0f-a05e-ca2fd7c5f64d
This Troublesome World,https://commons.cwrc.ca/orlando:7222fa52-aa87-4f70-adb5-53876ee976b4
This Was My World,https://commons.cwrc.ca/orlando:7a174ec4-fd3f-470b-973c-a914ca8aa67f
This Was the Old Chief's Country,https://commons.cwrc.ca/orlando:5d178f60-c610-4c13-b2aa-22aaf0a6c3b2
Thomas and Jane: Selected Letters from the Edinburgh University Library Collection,https://commons.cwrc.ca/orlando:c4dd50f2-e756-45d0-9d68-f16a4291f604
Thomas Carlyle,https://commons.cwrc.ca/orlando:65db03e4-1207-4375-8039-1b2fbe561f75
Thornyhold,https://commons.cwrc.ca/orlando:5e1e8aec-10c9-4208-9dde-54fe5715c338
Thought Forms,https://commons.cwrc.ca/orlando:8d43e8bd-6731-4d68-97bd-e2168063799f
Thoughts about Ronald Firbank,https://commons.cwrc.ca/orlando:ac2345c3-4076-475b-a6dd-84e2823f3e0f
"Thoughts and Remarks, on Establishing an Institution for the Support and Education of Unportioned Respectable Females",https://commons.cwrc.ca/orlando:4705bd9b-2f8b-48eb-82f2-7dbaadd62f4f
Thoughts on Peace in an Air Raid,https://commons.cwrc.ca/orlando:bb41d1e9-5b66-4ba1-9254-2fbd0975670d
"Thoughts on Self-Culture, Addressed to Women",https://commons.cwrc.ca/orlando:29d8bbc2-1fbb-4a40-8189-3aa724fc5492
Thoughts on South Africa,https://commons.cwrc.ca/orlando:b3aed96a-7af8-4127-af5d-fdd1eef32e75
Thoughts on the Education of Daughters,https://commons.cwrc.ca/orlando:cd438930-ca04-4763-bc52-10adf8914759
Thoughts on the Importance of the Manners of the Great to general Society,https://commons.cwrc.ca/orlando:d253bb05-3b8c-45cc-b26c-3a0652234bca
Thoughts Versified,https://commons.cwrc.ca/orlando:bbc02d81-1256-45f7-a033-ee526a92506d
Thraliana,https://commons.cwrc.ca/orlando:d1de9a4b-87fa-498a-b0ed-4ef6a7363a6a
Three,https://commons.cwrc.ca/orlando:1e95a7f2-c2b5-428d-b21c-d670a514c6d9
Three Birds Alighting on a Field,https://commons.cwrc.ca/orlando:5c1c8116-6d87-4777-868e-4e55653ae998
Three by Tey,https://commons.cwrc.ca/orlando:a89d5fb4-d15b-410b-b7ea-3d2e7e5f1de8
Three Cantos,https://commons.cwrc.ca/orlando:44d87d0f-2c5d-4c93-a307-0e5ac45649df
Three Continents,https://commons.cwrc.ca/orlando:0b7571fb-247c-4a79-ba10-ee427886a3f5
Three Days,https://commons.cwrc.ca/orlando:0d45a9e0-602a-4af7-957a-9105356aa011
Three Guineas,https://commons.cwrc.ca/orlando:37cddb69-3210-42f8-a0f0-831944e2ace3
Three in a Room,https://commons.cwrc.ca/orlando:50a7d802-9152-47ad-9e14-c7bc52fbedb6
Three Last Plays,https://commons.cwrc.ca/orlando:4abc7b8b-d7e7-46f8-8c36-b3d22c197d09
Three Little Brothers,https://commons.cwrc.ca/orlando:4acd449f-bd75-4335-8f6c-13f08fec1c54
Three Little Sisters,https://commons.cwrc.ca/orlando:64ab57f8-154e-427d-a52c-078bb798b3b9
Three Marriages,https://commons.cwrc.ca/orlando:82bace99-9305-4e39-b9f7-a03bf43a4601
Three Miss Graemes,https://commons.cwrc.ca/orlando:47d3ce34-0b20-4446-af74-04c3d01b8891
Three Monologues,https://commons.cwrc.ca/orlando:0818608c-d412-405a-97b0-2e2cc85abfcc
Three Months Passed in the Mountains East of Rome,https://commons.cwrc.ca/orlando:1827c771-ede7-45b1-b523-1661a9fc0dfe
Three Plays for Pacifists,https://commons.cwrc.ca/orlando:eacb610b-6748-42d2-a691-c0daa9a29f97
Three Plays for Puritans,https://commons.cwrc.ca/orlando:6598385c-701a-4bc4-9099-805aa2c82997
Three Score and Ten,https://commons.cwrc.ca/orlando:8ed5e334-d7b4-4eac-8833-3d1974b6d0b9
Three Times Dead,https://commons.cwrc.ca/orlando:96971b49-ed54-4617-aa09-8e25e6485867
Three Times Table,https://commons.cwrc.ca/orlando:aa699a7b-635d-4239-8c21-bb51f54b845a
Three Visits to America,https://commons.cwrc.ca/orlando:4127fd47-3cd0-4593-8b0d-a947554b8ccb
Three Warnings to John Bull Before He Dies,https://commons.cwrc.ca/orlando:414f8e08-8b9d-4cf5-9dcb-3570f7294343
Three Ways Home,https://commons.cwrc.ca/orlando:f8cde3e7-42fe-4fc6-9356-6a200af8ac6f
Three Weeks,https://commons.cwrc.ca/orlando:b5049128-706c-4532-bfe0-72f4644cd3e9
Three Women,https://commons.cwrc.ca/orlando:2d0d98aa-1f20-43f7-ba0c-9d93ae35c596
Three Women: A Monologue for Three Voices,https://commons.cwrc.ca/orlando:5dbc8265-5ba5-4373-9d14-86c03eb23946
Three Wonder Plays,https://commons.cwrc.ca/orlando:8638e0b5-db25-4791-8a2f-1cecca8f976f
Thrones,https://commons.cwrc.ca/orlando:2637ff18-2fae-4771-8b4b-aabbc83ae7a4
"Thrones, Dominations",https://commons.cwrc.ca/orlando:91135314-1ecb-4c7c-9974-4701b8e36519
Through England on a Side Saddle in the time of William and Mary,https://commons.cwrc.ca/orlando:ffcd23df-ef39-415c-ac92-97828b61e7f8
Through Jade Gate and Central Asia,https://commons.cwrc.ca/orlando:2280d1ef-b672-4880-b6dc-06226262ee9e
Through Normandy,https://commons.cwrc.ca/orlando:c4316dba-07a2-4c7a-9727-86469a435608
Through Spain to the Sahara,https://commons.cwrc.ca/orlando:86f08803-6ff2-4938-ab35-1ca6b76a8c5e
Through the Doll's House Door,https://commons.cwrc.ca/orlando:f812f1ae-b15b-4357-bd26-a0c92b6b572b
Through the Shadows,https://commons.cwrc.ca/orlando:197cfa63-16d0-4b4e-83f8-57310bd572d3
Through Troubled Waters,https://commons.cwrc.ca/orlando:6219f623-3a9a-4c03-bfd5-c956913a57b4
Thrown on the World,https://commons.cwrc.ca/orlando:aa4303fd-3c2a-487b-9986-bc9849c0f89c
Thrown Voices,https://commons.cwrc.ca/orlando:2c62b42f-7b90-4115-ba51-b3b9f41cf83a
Thru,https://commons.cwrc.ca/orlando:969a292a-0f43-417b-9100-f2c6119247c7
Thursday Afternoons,https://commons.cwrc.ca/orlando:be0472a8-0b87-4d87-8d69-a3ffcc32d419
Thursday's Children,https://commons.cwrc.ca/orlando:c4f2c3a6-0e48-40f1-b156-282cac7bc7bd
Ti-Puss,https://commons.cwrc.ca/orlando:5a704f80-a063-4475-b3a0-87037c0bdc60
Ticky,https://commons.cwrc.ca/orlando:55603aab-f1f8-495d-b322-20d574d86932
Ties of Blood,https://commons.cwrc.ca/orlando:5a310919-72e2-47d5-b829-653b0a91dfcc
Tigers,https://commons.cwrc.ca/orlando:724d1a13-e9a5-4a95-b3cc-04a0e651dc33
Tigers in Red Weather,https://commons.cwrc.ca/orlando:7df8bc6e-56a8-41bf-9a16-a8a967dd238f
Tilda's New Hat,https://commons.cwrc.ca/orlando:264cce5f-b7a7-4398-b5ff-abd3f410ceb9
Time & Motion,https://commons.cwrc.ca/orlando:39050d24-85c9-4add-975b-023faacbd64b
Time and Tide,https://commons.cwrc.ca/orlando:99fc685b-7a50-4d2c-a5ef-5134ca17e9d9
Time and Western Man,https://commons.cwrc.ca/orlando:e0725891-6930-47e9-b66a-125f9d9e6ddf
Time Flies,https://commons.cwrc.ca/orlando:db725861-a4e3-4ca1-a62f-cca89459f22e
Time Importuned,https://commons.cwrc.ca/orlando:0e076d67-0477-4b27-99aa-deb58e8a0ef7
Time is Undone,https://commons.cwrc.ca/orlando:dacc7ecc-9467-46a5-940e-d0b106f833dc
Time Is Whispering,https://commons.cwrc.ca/orlando:c0a4e374-45db-4e2b-ada9-654513df79c6
Time-Zones,https://commons.cwrc.ca/orlando:9fc95678-2025-4401-bb5a-f915f3522e2f
Timely Issues,https://commons.cwrc.ca/orlando:f9c38dde-92d2-429f-92e8-a08d11a30abe
Times and Seasons,https://commons.cwrc.ca/orlando:728381d8-3eba-49ea-bd4d-bbcd07d393a5
Tissue,https://commons.cwrc.ca/orlando:0e79bf73-b972-40a4-b6f3-3c3551953b4c
Titch the Cat,https://commons.cwrc.ca/orlando:46d352e3-1e23-421a-b85a-511f2eee4756
To all those that Worship in Temples made with Hands,https://commons.cwrc.ca/orlando:2f4678b6-9d4e-4c52-80b8-18fd1aa6fc74
To an Infant expiring the second Day of its Birth,https://commons.cwrc.ca/orlando:70a6ea67-b436-4955-9057-d5d2a086241a
To Bed at Noon,https://commons.cwrc.ca/orlando:6a77a9d4-992f-4d84-805b-3ba3fa001b72
To Die Among Friends,https://commons.cwrc.ca/orlando:f0895a69-cc05-433b-ae65-fd7e0c739fe8
To Fear a Painted Devil,https://commons.cwrc.ca/orlando:498865aa-7258-4942-b189-261cf8a298a2
To Have and to Hold,https://commons.cwrc.ca/orlando:531dea3d-4d92-4867-9ba1-8c56ce70a648
To Love and Be Wise,https://commons.cwrc.ca/orlando:2bc87564-35dd-4283-bf5c-936a038c9910
To Poet Bavius,https://commons.cwrc.ca/orlando:753dbe34-afb2-4e2d-ad37-3f6b0a31fd80
"To Queen Mary: the Humble Salutation, and Faithful Greeting of the Widow Whitrowe",https://commons.cwrc.ca/orlando:cc696724-e5a3-4eec-a8be-3680d62482b8
To Right the Wrong,https://commons.cwrc.ca/orlando:4f960249-20e4-47b2-b926-7a5960c649f5
To Sea! To Sea!,https://commons.cwrc.ca/orlando:1105be48-e45c-4130-a5a9-f1ca71fd2626
To See a Fine Lady,https://commons.cwrc.ca/orlando:d7cf3636-c13a-4977-beb6-238346068fb9
To See Ourselves,https://commons.cwrc.ca/orlando:d9e0186e-999e-4fa2-bbca-aac2ec1e0fdf
To See the Matter Clearly,https://commons.cwrc.ca/orlando:069bcd6a-340a-4477-97c4-0b1167f5c08b
To Stay Alive,https://commons.cwrc.ca/orlando:2e308ced-3d67-43df-a630-4f73afa26f0f
To Tell the Truth,https://commons.cwrc.ca/orlando:f2dca4b6-4f67-4f76-94b4-6909d9c94352
To the Author of 'The Shepherd's Calendar',https://commons.cwrc.ca/orlando:4e29095a-b0fe-4c73-8e4f-a80c28cc254b
To the Lighthouse,https://commons.cwrc.ca/orlando:f5620eef-95df-4f72-a5c3-32bac75bdee9
To the Lords Spiritual and Temporal,https://commons.cwrc.ca/orlando:64d6194b-fc67-490c-90a3-14579c63efc3
To the Lower Class of People in the Western Part of the County of Cornwall,https://commons.cwrc.ca/orlando:81991459-98cf-4f0e-909d-b98b643d001e
To the North,https://commons.cwrc.ca/orlando:f52e2683-2b5d-4a71-8669-cf76c328c0ad
To William Drummond of Hawthornden,https://commons.cwrc.ca/orlando:b04c438e-6c06-47cd-99d2-3d79da496714
"Tobits Book, A Lesson Appointed for Lent",https://commons.cwrc.ca/orlando:c1e8b28e-8174-4825-9381-071df6f86d77
Toby and Donna,https://commons.cwrc.ca/orlando:0ab279ff-8985-4e1c-90c2-6a7dca7e79b5
Toby's Room,https://commons.cwrc.ca/orlando:7d2fe854-abca-4f3d-b5a5-b3459559b60f
Together and Apart,https://commons.cwrc.ca/orlando:cfb22e50-9660-4ec2-ab00-3b86d9bb65b2
Together They Ride,https://commons.cwrc.ca/orlando:d04a6a62-8ef1-443b-86d3-377cce9f9f8d
Toilers and Spinsters,https://commons.cwrc.ca/orlando:22fcbb2d-a644-4cfd-bf10-29bede409e30
Told By an Idiot,https://commons.cwrc.ca/orlando:3dd0077f-4544-48db-a89e-b5b2098c497d
Tom Fool,https://commons.cwrc.ca/orlando:6b696642-b726-44b7-a151-90b61f793ed3
Tom Tiddler's Ground,https://commons.cwrc.ca/orlando:ffbcdbdf-bec5-4e1e-8cc6-f239dd90d123
Tono-Bungay,https://commons.cwrc.ca/orlando:53d9c9a0-27f6-4370-95b4-3214120141a8
Tony Draws a Horse,https://commons.cwrc.ca/orlando:3c037bdb-1039-49e9-bdd1-c4c059adf4e6
Too Dear for My Possessing,https://commons.cwrc.ca/orlando:c01e9c3c-0056-4107-932c-b5936c7b84d1
Too Good for Him,https://commons.cwrc.ca/orlando:2eb271bf-5fac-4195-8b6f-1192d9e583d4
Too Long a Sacrifice,https://commons.cwrc.ca/orlando:79821c6a-d188-4b5d-ada3-410d93e805eb
Too Much Happiness,https://commons.cwrc.ca/orlando:9518d726-600d-4062-a629-d4e01ad11741
Too Strange Not to Be True,https://commons.cwrc.ca/orlando:ee91a772-a339-4579-91d7-af7d05f0193f
Top Girls,https://commons.cwrc.ca/orlando:34e92114-9e35-4090-ab91-cc064af53d30
Tortoise by Candlelight,https://commons.cwrc.ca/orlando:1c017d25-8823-44b3-80f7-fea3c46c2ac7
"Tory Heaven; or, Thunder on the Right",https://commons.cwrc.ca/orlando:3bd26962-f2ce-463a-b096-dfddfad79e35
Touch Wood,https://commons.cwrc.ca/orlando:282ded83-2611-4ca6-8159-9895aa2e755b
Tout compte fait,https://commons.cwrc.ca/orlando:48d58929-1e2c-45d2-a804-a6901e58e71e
Towards the Goal,https://commons.cwrc.ca/orlando:2596927f-ab9f-4df4-a70c-958831769fd4
Towards the Stars,https://commons.cwrc.ca/orlando:edf3fa29-a8a3-4ac3-b3e5-c15aa09c0f33
Tradition and Hugh Walpole,https://commons.cwrc.ca/orlando:6ce1eb44-0011-4c4f-a6a2-9688d211f966
Traditions of Palestine,https://commons.cwrc.ca/orlando:f4f060d6-e68a-4344-b35f-e7505701278d
Trafford Tanzi,https://commons.cwrc.ca/orlando:8449a69c-74df-4cb4-9d17-ceea35123b6c
Tragedy and Social Evolution,https://commons.cwrc.ca/orlando:d866910f-dee6-49e5-bbbc-ddc5f5a5689e
Traité des eaux minérales de la ville de Rouen,https://commons.cwrc.ca/orlando:d9dcaf99-18cf-44ea-ab9d-d7e7e0a13cd5
Traits and Traditions of Portugal,https://commons.cwrc.ca/orlando:2cc971ad-5d71-4101-8e8c-076754d02c0c
Traits and Trials of Early Life,https://commons.cwrc.ca/orlando:0811c66f-2025-40a7-9cdc-713c9ce715f0
"Traits et portraits, suivi de L'amour défendu",https://commons.cwrc.ca/orlando:9d1fcb9b-8c38-4bb8-93d9-1503c21b6b9c
Traits of Nature,https://commons.cwrc.ca/orlando:801ed10d-8997-4745-adaa-9435935fee20
Transformations,https://commons.cwrc.ca/orlando:62aaa6d0-3758-4b00-8959-d0e3e5c9f879
Transition. A Novel,https://commons.cwrc.ca/orlando:60a035f0-d2d2-4494-a54f-dec3ffdf8a28
Transylvania and Beyond,https://commons.cwrc.ca/orlando:e47ddf18-4045-4590-9091-a6d6ce3d138d
Traps,https://commons.cwrc.ca/orlando:4cc85388-4f6f-41e9-a78a-c75316a93931
Traps for Unbelievers,https://commons.cwrc.ca/orlando:eda3f402-b610-4cc4-ae3d-40eb7cd96c02
Travel Light,https://commons.cwrc.ca/orlando:692290d5-e29a-4b06-a964-ddf1e7d9b7d3
Traveller's Prelude,https://commons.cwrc.ca/orlando:26da3e29-f3e3-422f-a11d-89cf4e9995ee
Travelling About over New and Old Ground,https://commons.cwrc.ca/orlando:df31f73f-b6e7-4508-a0f5-f081963b7c65
Travelling Home,https://commons.cwrc.ca/orlando:c4bc241b-0771-425d-a657-71898564f4a4
Travels in Italy,https://commons.cwrc.ca/orlando:a617d46f-a364-4fd2-b20b-a590d7e15250
Travels on the Continent,https://commons.cwrc.ca/orlando:bcd90b6e-fe8a-43ad-a5c1-2ff75aef58d6
Treasure Hunt,https://commons.cwrc.ca/orlando:95d91eca-9d96-4813-906d-10400989384b
Treasure Trove,https://commons.cwrc.ca/orlando:85346ce4-443d-4316-b85a-4b32429616ed
Treasures of Time,https://commons.cwrc.ca/orlando:f53f3741-1946-4ade-bd2b-aa377367cec4
Trespass,https://commons.cwrc.ca/orlando:fecc0453-bbd3-4be8-8705-e7ad162ff3ce
Trespassers in Paradise,https://commons.cwrc.ca/orlando:09058a0f-37fe-4e68-b86f-84ef0162df8d
Trevelyan,https://commons.cwrc.ca/orlando:2ded0fab-c281-467e-9f77-20877897666a
Trials of the Heart,https://commons.cwrc.ca/orlando:e167105d-ab12-4576-9659-29170d16bd68
Trials of the Human Heart,https://commons.cwrc.ca/orlando:48dee302-6cd5-44c1-a74f-adc0864a3295
Trials: A Tale,https://commons.cwrc.ca/orlando:fcf61132-dfd7-4c11-a893-42d22c9ca35e
Tribute to Freud,https://commons.cwrc.ca/orlando:78ac3ba5-b47c-49bf-a949-c57588d543ae
Tributes,https://commons.cwrc.ca/orlando:3e3ddc15-c195-456e-9b66-92eb79b2ca8e
Tricks of the Light,https://commons.cwrc.ca/orlando:de23e19a-419b-4415-918b-cca6ddb36be7
Trifles of Helicon,https://commons.cwrc.ca/orlando:414252f3-0952-48e5-a20e-863ef8fe0e57
Tripticks,https://commons.cwrc.ca/orlando:759531d7-a131-4765-9daf-81beeb31eff7
Triumphs of Genius and Perseverance,https://commons.cwrc.ca/orlando:cb343429-2e33-4fba-92f3-83bd4cff7051
Trooper Peter Halket of Mashonaland,https://commons.cwrc.ca/orlando:6ba94a35-5b2f-4eb7-a1e9-d201054472a9
Troublesome Daughters,https://commons.cwrc.ca/orlando:158564f4-65f0-4878-955b-84c58452c8dc
Troy Chimneys,https://commons.cwrc.ca/orlando:3ff53afd-a267-41ea-806e-328c542ea1c2
Troy Park,https://commons.cwrc.ca/orlando:3cc5dcc6-95ae-4ab6-8ed6-0ac95b273f29
True Confessions and New Clichés,https://commons.cwrc.ca/orlando:bb4b4b4f-0990-44d1-868f-52b5b2a69f18
True to the Last,https://commons.cwrc.ca/orlando:afe68cc3-fb41-41c8-8cd6-d6fbb0c15e75
Trumpet,https://commons.cwrc.ca/orlando:9058df5f-2257-4e7b-94df-0aa44a401462
Trumpet Voluntary,https://commons.cwrc.ca/orlando:b8e364ea-9af6-4f05-b0fb-7ddf9b5f2f5d
Truth Before Everything,https://commons.cwrc.ca/orlando:db6941b3-bb32-4833-b93e-66ea578dd0b2
Truth Is Not Sober,https://commons.cwrc.ca/orlando:955ca58b-13b2-42ed-a466-7e674766c36f
Truth Vindicated,https://commons.cwrc.ca/orlando:5a400fb8-f20e-4675-908c-3a374440e5d1
Truth's Vindication,https://commons.cwrc.ca/orlando:c7c36d52-c7f3-4811-87ac-1b9d9bacdf68
Try Anything Twice,https://commons.cwrc.ca/orlando:e1130c94-9225-46cf-bc20-289cb7275405
Tulip Fever,https://commons.cwrc.ca/orlando:5f1d9f0b-f0da-45d8-b5fe-d0aab9a285bd
Turf or Stone,https://commons.cwrc.ca/orlando:30a73e72-9524-4a82-a41f-a7f75aecf05f
Turkish Bonds,https://commons.cwrc.ca/orlando:4ab62be7-c20f-4d8f-b349-7c5774f856dc
Turn Back the Leaves,https://commons.cwrc.ca/orlando:ee4fd500-56ec-4dc0-a428-298a86a7f85b
Twelve Birthdays,https://commons.cwrc.ca/orlando:28df560e-f3f6-4bd8-a743-84acdffc03f7
Twelve Humble Proposals,https://commons.cwrc.ca/orlando:1337dbe7-5fac-4f08-b891-072b6e7dea97
Twelve Poems,https://commons.cwrc.ca/orlando:a88a1fc5-76fc-4079-95f7-796d1103ac70
"Twentieth Century Harlequinade, and Other Poems",https://commons.cwrc.ca/orlando:215b333a-ffa8-404d-a59e-483311420ac4
Twenty One Poems,https://commons.cwrc.ca/orlando:d89fa27a-6819-44f5-b552-941fb8bba822
Twenty Poems Less,https://commons.cwrc.ca/orlando:ba20c659-fa23-447f-a153-5ce477097e18
Twenty-Five Poems,https://commons.cwrc.ca/orlando:ae4267a2-6b54-436a-8b34-e97ef9b95aa4
Twenty-Five Years: Reminiscences,https://commons.cwrc.ca/orlando:1060aa49-a4b7-4978-9f42-76454113be50
Twenty-One Love Poems,https://commons.cwrc.ca/orlando:96a1cdc8-a136-4caa-8ae2-d2c9737a6cd7
Twice Lost,https://commons.cwrc.ca/orlando:d7ea774c-60c1-42ca-9934-bc1e65cf7733
Twice Over,https://commons.cwrc.ca/orlando:4a64456d-056e-4b94-a229-e41807e1963b
Twiddling Your Thumbs,https://commons.cwrc.ca/orlando:ff6b868b-6110-4782-88d1-108ba3b1a38c
Twilight,https://commons.cwrc.ca/orlando:383080a9-1706-4dd6-bba8-ddade78351ba
Twilight Hours: A Legacy of Verse,https://commons.cwrc.ca/orlando:db0b680b-5dbf-481d-a1b4-2cd6b9848459
Twilight Songs,https://commons.cwrc.ca/orlando:6020dd79-9445-4d3f-81d8-a4b0b3cb948d
Two Days in Aragon,https://commons.cwrc.ca/orlando:88266c54-c820-4ef2-a7e3-decac6232f4d
Two Dear Little Feet,https://commons.cwrc.ca/orlando:5a5ec991-59fb-44d2-a31b-58a800bb9488
Two Dramatic Poems,https://commons.cwrc.ca/orlando:fb9e0c74-e0c0-47cf-9b09-56bb14a108f5
Two Friends,https://commons.cwrc.ca/orlando:7831fed3-b2d1-4a17-8c94-4a2e92223d6d
Two Girls on a Barge,https://commons.cwrc.ca/orlando:c539924a-13eb-4818-880b-9cb42f18f415
Two Health-Seekers in Southern California,https://commons.cwrc.ca/orlando:ce7154dd-1be1-4be2-8819-3d51c814ee21
Two Heroes,https://commons.cwrc.ca/orlando:8935ffec-6030-409b-8b5f-2ac9c4d655c4
Two in a Flat,https://commons.cwrc.ca/orlando:504fd7d5-39e6-49d3-943c-5262c1d3b4e5
"Two Letters on Girls' Schools, and on the Training of Working Women",https://commons.cwrc.ca/orlando:23c129e7-3b3f-41d2-bdd6-a8ba9d362186
Two Lilies,https://commons.cwrc.ca/orlando:6526e3ef-c97a-4cd6-bbea-39ff5c2f00cf
Two Little Wooden Shoes,https://commons.cwrc.ca/orlando:672910da-f5b8-47d9-a7c3-cea5ae74201f
Two Lost Sheep,https://commons.cwrc.ca/orlando:2f6b171c-ab6c-40f4-bddf-4a95a6dd5cc9
Two Marriages,https://commons.cwrc.ca/orlando:e89f5ef0-38e9-471e-8632-7651cabbdf3f
Two Moods of a Man,https://commons.cwrc.ca/orlando:44a9734f-6415-45ca-8ef5-6e983951068a
Two Moons,https://commons.cwrc.ca/orlando:3943a3b8-d707-41fb-8983-8d543505fd82
Two Notes,https://commons.cwrc.ca/orlando:a11a0e74-a145-4f6d-b493-ba4549c13289
Two Old Men's Tales,https://commons.cwrc.ca/orlando:cc1405e3-f6e7-45ab-9d99-e09c9f318bf4
Two Remarkable Females of Womankind,https://commons.cwrc.ca/orlando:8ad0781b-6500-4fc8-be38-fcbf47963c3a
Two Selves,https://commons.cwrc.ca/orlando:f61e364d-4160-401e-a96a-34d1302328b1
Two Sides of a Question,https://commons.cwrc.ca/orlando:7e2be762-674e-4d0b-a613-57e606d73cc8
Two Slatterns and a King,https://commons.cwrc.ca/orlando:46d2447c-4cbb-4b98-b8c2-5872f5a9b4a5
"Two Sorts of Latter Days, proved from Scripture",https://commons.cwrc.ca/orlando:3bd66fb2-c993-4989-a281-92d435d5e297
Two Voyages to Sierra Leone,https://commons.cwrc.ca/orlando:43c32f00-3dcf-4225-88e6-b418c4d02b68
Two Women,https://commons.cwrc.ca/orlando:35d7ce32-c3b7-494b-b907-239b209aaa7d
Two Worlds and Their Ways,https://commons.cwrc.ca/orlando:fe7027d1-eeab-409b-a641-75e0da53c858
Two-Headed Poems,https://commons.cwrc.ca/orlando:e48d81a8-e512-4b75-b503-0f13f39026dd
Two: Gertrude Stein and her Brother,https://commons.cwrc.ca/orlando:b9260bb0-f20f-4d7f-83fb-52e78222230a
Two's Company,https://commons.cwrc.ca/orlando:4cf37889-ae60-4b2b-bb6e-a0736cca0122
Ulysses,https://commons.cwrc.ca/orlando:b6b7a345-f68d-44f8-b881-926ab5e7e3ed
Ulysses in Paris,https://commons.cwrc.ca/orlando:31214c14-dc93-4396-9243-3b214d1fca1f
Un Panier de framboises,https://commons.cwrc.ca/orlando:cc09a51f-a897-4337-9d13-ce8a45ccd622
Una and the Lion,https://commons.cwrc.ca/orlando:62d66dfd-ae7d-4e82-91a1-2e7017da0131
Uncle Horace,https://commons.cwrc.ca/orlando:07773f6c-e33a-4aea-a67d-20b1fbe091ff
Uncle Max,https://commons.cwrc.ca/orlando:a8e342d1-b2aa-4d72-b373-dac6d44b2fb3
Uncle Tom's Cabin,https://commons.cwrc.ca/orlando:839ad528-173b-43e8-aaeb-ff775860c93f
Uncle Walter,https://commons.cwrc.ca/orlando:5c6037e0-a915-4aa4-88fa-16376c67ba6a
Uncollected Poems,https://commons.cwrc.ca/orlando:c446f712-d081-46d8-a990-d8da7c6de042
Unconducted Wanderers,https://commons.cwrc.ca/orlando:1721fb65-5982-4f71-a203-8ec5995a9f8e
Under the Dragon Throne,https://commons.cwrc.ca/orlando:377502bd-fa10-47cc-a79f-e21add7892fa
Under the Greenwood Tree,https://commons.cwrc.ca/orlando:f912ab3f-76b0-4b5f-a12d-1f5d579f5006
Under the Hermés and Other Stories,https://commons.cwrc.ca/orlando:d172b1fd-545d-4b16-8cc0-3d8e7c6d49e4
Under the Old Roof,https://commons.cwrc.ca/orlando:d06db95f-cec0-48ad-bbe1-201b6d8e0348
Under the Rose,https://commons.cwrc.ca/orlando:848a6d97-5578-4eb7-b903-6fe0fe450c8c
Under the Skin,https://commons.cwrc.ca/orlando:7979b904-92c2-439b-afa2-c33874f82f4c
Under the Surface,https://commons.cwrc.ca/orlando:b8f1c7ec-0f03-487e-bad7-2955d05c6c4b
Under the Window,https://commons.cwrc.ca/orlando:9046a16b-e769-4e3d-a457-511eb260ce53
Under Two Flags,https://commons.cwrc.ca/orlando:a9feacc4-7f95-462a-ac3f-9aeb7c16252b
Under Western Eyes,https://commons.cwrc.ca/orlando:3d16f396-0793-4c9a-8bb7-101a3976cf76
Under Which Lord?,https://commons.cwrc.ca/orlando:4a1b70c4-4a8d-43ff-b61e-4c06a57a6c39
Undue Influence,https://commons.cwrc.ca/orlando:4fbf3cb3-cc84-4997-b5e7-3eadcd769b3f
Unicorn,https://commons.cwrc.ca/orlando:b626d963-a7b6-4a6f-8e46-36d7f6b45020
Union Street,https://commons.cwrc.ca/orlando:1bbbee84-3321-41d3-9ae3-d3718eddc152
Unitary Homes,https://commons.cwrc.ca/orlando:543dca59-ca29-4768-9aa9-ddaf93be482c
"Unkist, Unkind!",https://commons.cwrc.ca/orlando:39b8f007-8b80-437e-9b2f-06571733127e
Unpopular Opinions,https://commons.cwrc.ca/orlando:3bec57d5-d396-4bf5-a473-3a1b2e83c2ff
Unrequited,https://commons.cwrc.ca/orlando:652429d2-a6fe-4e4d-ae2b-6d36d1d95362
Unrighteous Abuse Detected and Chastised,https://commons.cwrc.ca/orlando:5127da6b-d9d8-40e6-a9fa-d22e3ef4da19
Unscientific Science: Moral Aspects of Vivisection,https://commons.cwrc.ca/orlando:addccc5b-8cf2-48e5-a871-b66bd7beb17e
Unseen Array,https://commons.cwrc.ca/orlando:ba1258ba-0355-4a3c-b4bb-6dad8300f871
Unshackled: The Story of How We Won the Vote,https://commons.cwrc.ca/orlando:8f93f0ad-9a21-4db1-b2a1-f461f8a0549b
Until the Day Breaks,https://commons.cwrc.ca/orlando:011e24fe-544a-47a5-8c7a-92ded2fb3be4
Unto Caesar,https://commons.cwrc.ca/orlando:a260d770-8b13-4d58-9c70-f6ba5ff76392
Unusual Behaviour,https://commons.cwrc.ca/orlando:85131483-9a81-480a-a586-6729f8f5efa0
Up Hill,https://commons.cwrc.ca/orlando:e463ee7f-f6a3-411b-94a0-fbd588f07045
Up the Country,https://commons.cwrc.ca/orlando:d86663ec-b341-47f1-9bb3-c2d17080c233
Up the Junction,https://commons.cwrc.ca/orlando:b162ac62-a5e9-48fc-93cf-ea782e902f5d
Useful Subjects in Prose and Verse,https://commons.cwrc.ca/orlando:b4d65415-90f0-486a-9197-70dc3b1c768a
Using Biography,https://commons.cwrc.ca/orlando:10a47701-382a-44a5-958f-9e001e641c79
Utilitarianism,https://commons.cwrc.ca/orlando:012b6cdb-8e92-4a61-95d6-23a80edbf608
Vaia's Lord,https://commons.cwrc.ca/orlando:04732e8d-8e01-4462-b541-3f79b5fd4028
Valentine's Eve,https://commons.cwrc.ca/orlando:c806e60b-2e94-4976-a518-a98857de726f
Vanishing Ireland,https://commons.cwrc.ca/orlando:abcc0cf3-80ca-45ad-9cd5-0d58dddd3756
Vanity Dies Hard,https://commons.cwrc.ca/orlando:142f3e4c-0118-4a9a-8466-af949479e1b9
Varney the Vampyre,https://commons.cwrc.ca/orlando:a2721717-f930-4511-b356-b6d085abe341
Veiled Destinies,https://commons.cwrc.ca/orlando:78a77598-e2be-44a7-95ff-bd8445bfd79c
Venice,https://commons.cwrc.ca/orlando:cf08b127-42c0-4609-8bc5-fc11a81831c0
Venus and the Rain,https://commons.cwrc.ca/orlando:5173b313-fb97-4d71-9474-9c6fdd9726c5
Verbivore,https://commons.cwrc.ca/orlando:55b0f59a-8f53-4ed7-be58-a5caa5f1806b
Verner's Pride,https://commons.cwrc.ca/orlando:20e7cbb5-e52e-403b-aff5-05ac16c138ac
Vernon's Aunt,https://commons.cwrc.ca/orlando:854ccbb5-0063-4821-a894-4a838552bdd3
Verona and Other Poems,https://commons.cwrc.ca/orlando:99d56ca1-26d3-43a9-9096-f7b0e26a1b7c
Veronica,https://commons.cwrc.ca/orlando:fb296314-9080-4d13-98b3-bad845446094
"Verse-Tales, Lyrics, and Translations",https://commons.cwrc.ca/orlando:004b63a9-4f5f-4557-b559-474da0153538
Verses of a VAD,https://commons.cwrc.ca/orlando:6c1e96be-31fb-4a0e-8bec-b01f4914a96b
Verses on the Present State of Ireland,https://commons.cwrc.ca/orlando:c9e09750-48a1-49f1-886e-5c5da12a7aa3
Verses Transcribed for H. T.,https://commons.cwrc.ca/orlando:809b797e-218d-4a24-a761-bd39669ad056
Verses: 7th Book,https://commons.cwrc.ca/orlando:39c41cc9-7cd9-43bb-85d3-a3833cf98395
Verses: Sixth Book,https://commons.cwrc.ca/orlando:b0628517-d83e-4f8f-83c9-16eb8d8463a8
Vesta Tilley,https://commons.cwrc.ca/orlando:f746039c-abd2-4d3d-8c99-4cf140f4f22d
Vicissitudes in Genteel Life,https://commons.cwrc.ca/orlando:ddf4b1f4-970d-429b-982d-00e479312088
Victoria Magazine,https://commons.cwrc.ca/orlando:5fded5be-698c-44a6-b5d9-dcfc916a3080
Victoria of England,https://commons.cwrc.ca/orlando:06aa388f-7ddd-4410-b53c-ac25c4bc1aa4
Victoria Press,https://commons.cwrc.ca/orlando:da4af99f-7f49-4d9c-929f-abc25f3bd073
Victorian Tales for Girls,https://commons.cwrc.ca/orlando:dbf9733b-1e60-4633-b2a8-245dbca5c5bc
Vienna and the Austrians,https://commons.cwrc.ca/orlando:5dcce4bc-a50e-466b-8f2e-cd61be8459b5
Views in Central Abyssinia,https://commons.cwrc.ca/orlando:e6bb46f6-f0cb-4c82-8eb8-f24579783ef1
Vile Bodies,https://commons.cwrc.ca/orlando:6fcf3c8c-d785-4bd3-8c37-c09bc7d094fa
Village Belles,https://commons.cwrc.ca/orlando:fb06fe9e-4ea9-40e3-9f3d-f71702bf2a48
Village Politics,https://commons.cwrc.ca/orlando:71741be5-51e9-4171-bafd-5680a4d3da57
Village Sanitation in India,https://commons.cwrc.ca/orlando:e6616305-04d8-4643-8e5f-1dc1d85121e1
"Village Story: St. Mary Bourne, Hampshire",https://commons.cwrc.ca/orlando:3bb0f96d-e3fe-45ec-a53c-f5010a5bea8e
Village Tales and Jungle Tragedies,https://commons.cwrc.ca/orlando:816ffc80-43d0-4c90-9054-77d5cae0587a
Villette,https://commons.cwrc.ca/orlando:0f949d74-ad84-4e13-abc2-56778a208dbf
Vinegar Tom,https://commons.cwrc.ca/orlando:795e57fb-5709-4c83-b716-7b129280e4a3
Violet,https://commons.cwrc.ca/orlando:2b37529c-d859-48ff-aebb-87ad10f0ef3f
Violet Bank and Its Inmates,https://commons.cwrc.ca/orlando:0b94abe2-ed5f-49ee-bbba-d0bfdfb59407
Virgin Territory,https://commons.cwrc.ca/orlando:2efcafc3-713f-47bb-b31c-6b0b444b558c
Virginia,https://commons.cwrc.ca/orlando:586ce184-ca78-480b-816a-1cd6a216e172
Virginia Water,https://commons.cwrc.ca/orlando:030b0f8c-b97f-4063-a871-839d6e98a5c5
Virginia Woolf in Manhattan,https://commons.cwrc.ca/orlando:1d72b383-5d5e-4fdc-9967-0404303bf20f
Virginia Woolf: A Critical Memoir,https://commons.cwrc.ca/orlando:c74ef5c5-74cb-4236-9e08-f11d5099bf40
Vision and Design,https://commons.cwrc.ca/orlando:c3ea8c03-3314-4280-8fb6-d27a0b8ebdbb
Visions of Mine Head,https://commons.cwrc.ca/orlando:a85d5697-1dbd-443f-8e43-1ed4831347f8
Visit to New Zealand in 1898,https://commons.cwrc.ca/orlando:d7f45ab4-5067-4348-9163-8a79760593a8
Visitors,https://commons.cwrc.ca/orlando:c445ae6b-0368-4479-bfb4-de9aace823f1
Visits to the Juvenile Library,https://commons.cwrc.ca/orlando:06321331-5baa-4a89-a319-bc6f04c8a4ca
"Vista, the Dancer",https://commons.cwrc.ca/orlando:dc9ff74b-cd95-4da5-81a6-3d9e36cb1de0
Vivia Perpetua,https://commons.cwrc.ca/orlando:5f33a15a-ca86-4fe1-aec7-c2ccfd98d4e6
Vixen,https://commons.cwrc.ca/orlando:e793febd-4ee3-41dc-ac14-4a4942cc5cee
Voices in the City,https://commons.cwrc.ca/orlando:f38c982c-5136-4f1b-aab2-52d0d13c5356
Voices in the House,https://commons.cwrc.ca/orlando:c0fcadf3-94c3-404a-91b1-d8b7fac2dc33
Voices in the Night,https://commons.cwrc.ca/orlando:91a6fb1b-f90c-4919-86fe-7e1e3175007b
Voices of the Night and Spirit Pictures,https://commons.cwrc.ca/orlando:96e57575-86f3-48e9-9016-ad106dc28a7b
Voices Off,https://commons.cwrc.ca/orlando:0c6283d5-cc6b-4301-a547-0b54ad8ea02a
Volcano,https://commons.cwrc.ca/orlando:34020735-dc28-4295-b4af-75819b0e8dd2
Voltaire in Love,https://commons.cwrc.ca/orlando:81396705-bb69-497f-ae1a-65f69513c5fc
Voodoo Shop,https://commons.cwrc.ca/orlando:91791e84-6c10-4aa4-ad8c-7570c39289ae
Votes for Women,https://commons.cwrc.ca/orlando:a7b9b571-e68b-4677-af8b-0c568c080dda
Voyage au Congo,https://commons.cwrc.ca/orlando:7ca70782-00a9-4bc1-9b2f-7873231b99c3
Wailing Monkey Embracing a Tree,https://commons.cwrc.ca/orlando:513846be-7ff7-40bf-9d05-6a053f6555d4
Wait Till I Tell You,https://commons.cwrc.ca/orlando:4508e085-1a0f-4523-a8ae-9000f5162f4b
Waiting for the Verdict,https://commons.cwrc.ca/orlando:6221724b-93a3-4d3e-a7cb-756b9db85dfb
Waiting in the Twilight,https://commons.cwrc.ca/orlando:f96e9607-5e71-46f3-82dd-c77c011ebc69
wake,https://commons.cwrc.ca/orlando:8000ac70-39be-4b12-8640-205fa5da5c1f
Wales: The Matter of Wales,https://commons.cwrc.ca/orlando:fec307d2-af2d-4070-b36f-198a99a7a501
Walk the Blue Fields,https://commons.cwrc.ca/orlando:eeeee8eb-cb1f-4fdf-9c7e-28ca186c6699
Wallace,https://commons.cwrc.ca/orlando:4c14c97d-0af1-4081-9d42-9756dd50ed63
Walsingham,https://commons.cwrc.ca/orlando:d55b01cc-1d2f-4bcd-8812-8dc7d9b61523
Wanderings over Bible Lands and Seas,https://commons.cwrc.ca/orlando:38615f37-7955-4938-9eed-11ed1c26a239
War,https://commons.cwrc.ca/orlando:92091853-bf7d-4775-9231-f072c0c85df3
War Can Be Averted,https://commons.cwrc.ca/orlando:3113c548-26b5-4f4f-b911-69974ec6a7e4
War Notes from the Crimea,https://commons.cwrc.ca/orlando:9f879d36-6856-4dad-8fbe-a4d8fa1a98c0
War Nurse,https://commons.cwrc.ca/orlando:229580ac-f23f-493d-b6f4-1426d9eb7229
Warbeck of Wolfstein,https://commons.cwrc.ca/orlando:7d5b3e01-13de-4983-9890-e80be9070b8c
Warning to Hikers,https://commons.cwrc.ca/orlando:cf3d0440-ed9c-4091-80d6-a95b50664025
Wars I Have Seen,https://commons.cwrc.ca/orlando:e770120f-6fe7-48b6-a2b8-00eca69b0547
Wars of Ideas,https://commons.cwrc.ca/orlando:04db8f77-f385-4fbe-a79d-1be018f91ea2
Wat Tyler,https://commons.cwrc.ca/orlando:1c51a754-5b36-4dcf-91cd-2e751a4204b8
"Watching Me, Watching You",https://commons.cwrc.ca/orlando:c91cb419-8aa0-4e2d-8f15-2c9a665e521b
Water over Stone,https://commons.cwrc.ca/orlando:05948b80-b37e-4798-ab00-895b6582f758
Watling Green,https://commons.cwrc.ca/orlando:056c51a1-5700-4eb6-8f91-b61d8681e9a3
Watt,https://commons.cwrc.ca/orlando:ba72ad74-3680-4623-871d-c97399567f55
Waverley,https://commons.cwrc.ca/orlando:98738add-7528-4fc5-803c-6c2021aac2f0
Way Stations,https://commons.cwrc.ca/orlando:6815f315-81fb-4082-adaf-3018876e2c1d
Wayfaring Men,https://commons.cwrc.ca/orlando:4156cc14-92d8-4201-84b5-50a77c741456
"Wayfaring Sketches Among the Greeks and Turks, and on the Shores of the Danube",https://commons.cwrc.ca/orlando:8605fc66-92b1-410a-bac4-dc9990561638
We All Have Our Secrets,https://commons.cwrc.ca/orlando:b91ee233-ad1b-4227-a7ec-bc06edc37502
We Have Been Warned,https://commons.cwrc.ca/orlando:a239adca-4850-4aec-91ce-598ee45c0dad
We Have Come to a Country,https://commons.cwrc.ca/orlando:1be5479e-2701-445b-9a6e-648fd8cb18aa
We Meet Our Cousins,https://commons.cwrc.ca/orlando:1977d0bc-68d8-483d-9f84-195c73a641a6
We Two,https://commons.cwrc.ca/orlando:0e1430e4-1778-4eb3-a008-e8bd8ece5029
Weal and Woe in Garveloch,https://commons.cwrc.ca/orlando:3c1b0af5-1ebd-4cb1-a0b3-116d13116945
Weald of Kent and Sussex,https://commons.cwrc.ca/orlando:395a4ba4-e039-4612-b44c-b8d165b421cd
Weddings and Funerals,https://commons.cwrc.ca/orlando:7e9d41b5-7dc4-47ca-9d4b-86147aa7af22
Wedgwood and His Works,https://commons.cwrc.ca/orlando:af233f77-a167-401b-bbed-663a7fa97e0e
Wedgwood Trio,https://commons.cwrc.ca/orlando:3a8b9c42-f2fe-43b6-90cf-2907b18253b8
Weeding the Flower-Patch,https://commons.cwrc.ca/orlando:c777cd74-77e4-4887-8d58-e900164422bf
Weird Stories,https://commons.cwrc.ca/orlando:805378c8-b4a9-4c2e-828c-6829c0450211
Wessex Poems,https://commons.cwrc.ca/orlando:da4e0b08-c8b4-44c0-817d-9b6c588e313c
Wessex: A National Trust Book,https://commons.cwrc.ca/orlando:769bf5eb-3015-4af9-aa5e-61ee97590917
West,https://commons.cwrc.ca/orlando:39bfb4ab-3d01-4115-83f5-2cd10a25cb42
West African Studies,https://commons.cwrc.ca/orlando:f8df7e1a-8e13-4432-8a0c-2ddd8d56b619
"Westwood; or, The Gentle Powers",https://commons.cwrc.ca/orlando:a0e52edf-7f37-47c6-91e0-cd30673a7ba7
What a Place to Grow Flowers,https://commons.cwrc.ca/orlando:134b665c-9dec-4efb-ba04-e251c12eb024
What are Trustee Nations?,https://commons.cwrc.ca/orlando:fd923086-9615-4d9a-aecb-51243d4da6ea
What Books to Lend and What to Give,https://commons.cwrc.ca/orlando:bc8c2660-dc5b-4d41-b434-c6a4d3467765
What Do We Women Want?,https://commons.cwrc.ca/orlando:4b4c66b8-b9af-43e9-ba94-55bb6d5f4b87
What Happened Next,https://commons.cwrc.ca/orlando:47902e6e-ed4f-4640-bd28-563baceb1722
What Has Been,https://commons.cwrc.ca/orlando:1d4f51c4-f993-4f2c-990f-5ae8eef817f8
What I Remember,https://commons.cwrc.ca/orlando:10679ae1-4fef-4782-9b47-307d425ce986
What If This Road,https://commons.cwrc.ca/orlando:56573dd1-444c-406d-aba2-bca48eb0a511
What is Religion? A Vindication of Freethought,https://commons.cwrc.ca/orlando:e76e5ac5-0ab2-4247-8c85-d8a9827c9fa2
What is this Spiritualism?,https://commons.cwrc.ca/orlando:cb301925-4483-441a-9b4d-59930180e71b
What Maisie Knew,https://commons.cwrc.ca/orlando:33ea76e7-cba6-443e-8974-1dba902783fc
What Shall I Be?,https://commons.cwrc.ca/orlando:5dcbf890-b6f8-4867-9370-16366826a5da
What Shall We Do With Our Old Maids?,https://commons.cwrc.ca/orlando:dd2f9ebb-dc21-48b9-9416-663704be5569
What Woman is Fitted For,https://commons.cwrc.ca/orlando:c467010e-7388-45b1-9fd2-96bba4b573b7
Wheel-Tracks,https://commons.cwrc.ca/orlando:20b71fd6-3f1c-454d-aa77-a16c422f16f7
Wheels,https://commons.cwrc.ca/orlando:2ab7f7f2-d7d1-45f2-a56f-222bc0e8aa6f
Wheels within Wheels,https://commons.cwrc.ca/orlando:31537d1f-6ad0-44a5-a3aa-ff47ff5d7cc9
When All Is Done,https://commons.cwrc.ca/orlando:847bcd65-1c95-4679-8912-78ea1d9417e3
"When I Was a Child, or Left Behind",https://commons.cwrc.ca/orlando:48297753-6792-4b29-85b1-6d80277f6c85
When I Was a Queen in Babylon,https://commons.cwrc.ca/orlando:38b58ce1-d6ba-4034-950d-9d81e770db51
When Knights Were Bold,https://commons.cwrc.ca/orlando:2422e407-569a-4cd6-8d52-1ddc1c4b8791
Where are the Snows,https://commons.cwrc.ca/orlando:1c33ff5d-d0ac-45b3-9fc3-0a061a0c9441
Where Love and Friendship Dwelt,https://commons.cwrc.ca/orlando:8eef1047-4f9c-4ea4-9896-b63aff047349
Where Runs the River?,https://commons.cwrc.ca/orlando:41e64081-c108-447b-ba6d-94aa0dd3e44c
Where Stands a Winged Sentry,https://commons.cwrc.ca/orlando:cf9d6f56-3145-4d8e-a272-aeebba7e5ccc
Where Three Roads Meet,https://commons.cwrc.ca/orlando:140026ac-6bba-47ab-9657-153bb3cb63e8
Where Town and Country Meet,https://commons.cwrc.ca/orlando:b015a652-904a-4c37-a8f7-fffbf0d24545
Where Your Treasure Is,https://commons.cwrc.ca/orlando:4fcac8e4-6c45-436e-887a-62930c48bf8e
Where'er You Walk,https://commons.cwrc.ca/orlando:06d14700-838c-4482-a92f-96835e6b5590
Which Way?,https://commons.cwrc.ca/orlando:76ca55e6-07cc-4c7b-84d7-09c906332b91
"Which, the Right, or the Left?",https://commons.cwrc.ca/orlando:0103436a-6900-436d-ba03-92ec6a6f1256
White Fire,https://commons.cwrc.ca/orlando:ac9c8ebf-dd10-44bb-8d18-92097d0c74f6
White Flock,https://commons.cwrc.ca/orlando:2e435409-5945-4b0f-a396-4a9fb511db1a
White Man's Country,https://commons.cwrc.ca/orlando:982da6d1-72b1-4874-9c5e-a6018093fe04
White Rose of Weary Leaf,https://commons.cwrc.ca/orlando:03911622-8c38-42cd-9539-6ffdc664ef0a
White Sand and Grey Sand,https://commons.cwrc.ca/orlando:3d1715be-37be-419a-91d8-f8c6fb8c2136
White Slavery in London,https://commons.cwrc.ca/orlando:7b00fee5-d4db-4458-a4d0-3869b0c45230
White Teeth,https://commons.cwrc.ca/orlando:9b92f038-1fc0-4b47-b57b-aa10df69d3fe
Whizziwig,https://commons.cwrc.ca/orlando:161d1592-bd78-43cf-aed5-1359513a8431
Who Breaks—Pays,https://commons.cwrc.ca/orlando:a31b3248-0a48-4a90-aded-bfa78efc0220
Who Calls the Tune,https://commons.cwrc.ca/orlando:bf806f16-4fe6-4404-ae57-cdf31c10b234
Who Do You Think You Are?,https://commons.cwrc.ca/orlando:2f665d29-8ac1-46e1-90c4-e7fa3f0343de
"Who is My Neighbour?; and, How Bitter the Bread",https://commons.cwrc.ca/orlando:3523862f-5156-45bc-a1a1-d8341d3d9ccc
Whole of a Morning Sky,https://commons.cwrc.ca/orlando:3ad96c0b-d842-4cd5-b40f-7a0817905398
Whom Nature Leadeth,https://commons.cwrc.ca/orlando:e7772d5f-1688-4628-b7af-9c754697f801
Why Paul Ferroll Killed his Wife,https://commons.cwrc.ca/orlando:208b8b48-45f7-4e38-88fd-fea929e28803
Why Should I Vote?,https://commons.cwrc.ca/orlando:e8630383-4899-4c4a-a74a-e079ae1f206a
Why Women Desire the Franchise,https://commons.cwrc.ca/orlando:ccc74f7f-9355-4b7a-8ad8-a6a01fa57645
Wide Awake Stories,https://commons.cwrc.ca/orlando:a5685221-92b1-4556-9e37-87e8961886c0
Wife Murder,https://commons.cwrc.ca/orlando:36f3a951-6d29-48c8-b021-06be0a7a4ce1
Wife to James Whelan,https://commons.cwrc.ca/orlando:736dd740-c7c0-450c-bc95-3074d6a5d948
Wife-Torture in England,https://commons.cwrc.ca/orlando:bc415cc9-9d28-40e1-adc7-094d0bdaf02d
Wigs on the Green,https://commons.cwrc.ca/orlando:4bf2e3a4-49e3-4e7f-b92b-5524e6abfbf4
Wild Angels,https://commons.cwrc.ca/orlando:63a66209-16ec-4632-8976-fdbc475cf8c4
Wild Decembers,https://commons.cwrc.ca/orlando:c47d9beb-9203-4ad6-be22-cac49d6e34ad
Wild Nights,https://commons.cwrc.ca/orlando:bcb2cc64-70ea-4523-be72-60be0883916a
Wild Women Don't Get the Blues,https://commons.cwrc.ca/orlando:c004a238-15d4-418d-84e5-13a0e8a4ec38
Will you Walk a little Faster?,https://commons.cwrc.ca/orlando:b60d8968-060f-46dc-a653-42174817b2ef
William,https://commons.cwrc.ca/orlando:40dc0cec-65dc-44ba-b896-1353c7defad5
William and the Ex-Prime Minister,https://commons.cwrc.ca/orlando:9de02456-4a3d-4d15-b697-683446127cab
William Blake,https://commons.cwrc.ca/orlando:63494408-5c33-4df8-ba19-81cf0b43624f
"William Langshawe, the Cotton Lord",https://commons.cwrc.ca/orlando:6b7ff00f-c80c-439e-ab28-2a4ff71bbf5a
William Rathbone: A Memoir,https://commons.cwrc.ca/orlando:866c7867-a1fd-4fd7-b4d8-94381ef2c0d9
William the Lawless,https://commons.cwrc.ca/orlando:37f551e6-7c92-4e89-b051-2c6607eb08d9
"William, An Englishman",https://commons.cwrc.ca/orlando:f2c3d576-3a1a-4a60-b47f-8e0226644884
Willow's Forge and Other Poems,https://commons.cwrc.ca/orlando:6d6a0d7d-5a9e-40a7-8513-c591588ebdf9
Windsor-Forest,https://commons.cwrc.ca/orlando:87ea45ba-214a-423e-b867-b2f237284469
Wine from These Grapes,https://commons.cwrc.ca/orlando:f6f56f69-dbf7-4704-adf0-4e9723c4bbcd
Wings and the Child,https://commons.cwrc.ca/orlando:737e6824-4738-40e6-875e-8c96ebdc5e79
Winter Garden,https://commons.cwrc.ca/orlando:8e378935-2db5-4975-9c24-cbc388d31ce2
Winter Harvest,https://commons.cwrc.ca/orlando:80a16464-e546-4142-a2b7-5554bd5497a9
Winter is in July,https://commons.cwrc.ca/orlando:5dc575ad-4c65-4370-9945-9c4145f3779c
Winter Journey,https://commons.cwrc.ca/orlando:bb4f0c2a-2441-40e5-8708-e5b92b3f1f9b
Winter Trees,https://commons.cwrc.ca/orlando:ac79f103-b1f7-474f-995c-8ac4a1c82912
Winter's Tales,https://commons.cwrc.ca/orlando:3b66f2e9-2274-4b70-b619-c9611337ddbe
Wise as a Serpent,https://commons.cwrc.ca/orlando:97775144-2361-49af-8838-0d3e81ab71e5
Wise Child,https://commons.cwrc.ca/orlando:cd163672-ee32-42d7-98a6-1d0c5e47e25c
Wise Children,https://commons.cwrc.ca/orlando:c1ad113c-0494-44a0-bfbb-14ee9156e938
Wise Parenthood,https://commons.cwrc.ca/orlando:8817370e-662a-402f-b2bd-01b583b6c4c9
Wish I Was Here,https://commons.cwrc.ca/orlando:d67e0272-85c1-4843-8813-5be4b0c99938
Witchcraze,https://commons.cwrc.ca/orlando:0bd455ef-5668-4102-99a5-132498b63736
With Her in Ourland,https://commons.cwrc.ca/orlando:a35fcb83-5f4c-482f-8834-eb8afb8f3500
With Love and Lizards,https://commons.cwrc.ca/orlando:c0076702-6705-4025-bdaa-be8f0acf3066
With the Wild Geese,https://commons.cwrc.ca/orlando:c0e9ec22-e093-4155-b1fb-e7c9cd9a055f
With Your Crooked Heart,https://commons.cwrc.ca/orlando:7e8183a4-3217-4bae-8371-7b58cdbff35d
Withering Fires,https://commons.cwrc.ca/orlando:6ccabf23-eb67-4f73-8323-c41999d68082
Within an Ace,https://commons.cwrc.ca/orlando:b9f1f1e4-f73d-49e5-adbb-9fb55dc2a0e6
Within Sound of the Sea,https://commons.cwrc.ca/orlando:b31ce6ff-e7e0-4872-9f96-f100585c9cb9
Within the Cup,https://commons.cwrc.ca/orlando:fe17bb4a-8356-4262-a8d1-664eabc097c1
Without My Cloak,https://commons.cwrc.ca/orlando:52f73efd-7b73-41b6-a7ca-5cf20f9aad0b
Wolf to the Slaughter,https://commons.cwrc.ca/orlando:b3fa9750-4670-4950-8047-ea87314a92d3
Woman against Woman,https://commons.cwrc.ca/orlando:8ef3c7e8-abf8-485b-a449-f4b89da951ae
Woman and Her Master,https://commons.cwrc.ca/orlando:d9665436-f6b7-4300-bcb4-902554c562e3
Woman and Labour,https://commons.cwrc.ca/orlando:7e49b2c6-e57a-4bcb-a380-8c15151e499d
Woman as an Athlete: A Reply to Dr. Arabella Kenealy,https://commons.cwrc.ca/orlando:3c6fad87-8bc4-4d49-985d-4c62c7804bfa
Woman at Point Zero,https://commons.cwrc.ca/orlando:2c7d0057-39c2-4a4f-b22d-0b036808f81b
Woman Beware Woman,https://commons.cwrc.ca/orlando:e8d402b6-4fa0-449c-828b-4bfbe4d91623
Woman in the New Era,https://commons.cwrc.ca/orlando:f82abbcc-8a49-4403-b540-37de2bf634bc
Woman Suffrage,https://commons.cwrc.ca/orlando:06119f14-a46d-419f-b3ef-969496ccd5cf
Woman with a Mirror,https://commons.cwrc.ca/orlando:edeb12bb-f5fb-4a1e-ad7b-5322fdecb246
Woman's Devotion,https://commons.cwrc.ca/orlando:73494372-75ad-45f5-b709-a7e0e80d89b3
Woman's Friendship,https://commons.cwrc.ca/orlando:95a7dc0c-3f3f-4541-9b54-d0018f4bcf0c
Woman's Mission,https://commons.cwrc.ca/orlando:20713631-5e70-4cfc-9e69-2afb176ae95c
Womankind,https://commons.cwrc.ca/orlando:17418f86-d2da-4782-a632-6fde6be3cdae
Women Adventurers,https://commons.cwrc.ca/orlando:3a28c4a0-b65d-44fd-a156-ff0aeb0890d5
Women after Two Wars,https://commons.cwrc.ca/orlando:e645ebbf-64bd-4532-8cbc-3030bec64ea6
Women Against Men,https://commons.cwrc.ca/orlando:f19f8dc7-784c-406c-bbe1-9ae2fcb0376c
Women and Criticism,https://commons.cwrc.ca/orlando:9ed067c5-596f-4639-8170-55e1b9a23010
Women and Economics,https://commons.cwrc.ca/orlando:ad7c491d-2cf9-4e1a-9a5b-64fd9c6a6c44
Women and Men,https://commons.cwrc.ca/orlando:02a5b513-1485-4e2d-9544-aa65059d107d
Women and Socialism,https://commons.cwrc.ca/orlando:e98653a0-961e-42e3-8b90-42136b6c75f0
Women and the Church of England,https://commons.cwrc.ca/orlando:6f2955ee-aff4-4d20-bb9e-5c0f44e8fd20
Women and the Factory Acts,https://commons.cwrc.ca/orlando:b7317c5e-1283-4db6-bdf6-be7c7ff3f7d0
Women and the Revolution,https://commons.cwrc.ca/orlando:439a480f-e929-4ce4-a985-591ac9babe9e
Women and the Streets,https://commons.cwrc.ca/orlando:13133f22-fcdb-4bc2-8819-db610ed23575
Women and War,https://commons.cwrc.ca/orlando:ccaa5ec7-4e56-4b6c-a88a-9288129ae943
Women and Work,https://commons.cwrc.ca/orlando:622a07d3-0508-4353-9686-1bfec2f6ad1d
Women Are Trousers,https://commons.cwrc.ca/orlando:e0024111-b816-43b5-802c-ce20d1cb04e5
Women as Practitioners of Midwifery,https://commons.cwrc.ca/orlando:5619b759-65a1-4125-8ae3-918244c49aa3
Women As They Are,https://commons.cwrc.ca/orlando:b2b03277-bcb8-419a-91fa-cfa17ec26551
"Women as They Are; or, The Manners of the Day",https://commons.cwrc.ca/orlando:3ca411be-0c35-42a5-8bdc-3836a487eec9
Women at the World's Crossroads,https://commons.cwrc.ca/orlando:152222bd-da33-408b-8202-6f0307597aa8
Women at Work,https://commons.cwrc.ca/orlando:eff4e97b-149b-4e3e-b76b-6d081541d8f8
Women Compositors,https://commons.cwrc.ca/orlando:30e050db-df6b-4233-bbaf-5010679fa9ae
Women Confined,https://commons.cwrc.ca/orlando:5e7f0bb9-d357-4fe4-b805-e51a719e19ed
Women in Love,https://commons.cwrc.ca/orlando:498eda24-6ea2-4aa7-be89-9bc001bd3d12
Women in Scotland,https://commons.cwrc.ca/orlando:701695cc-5375-4aa2-a54a-51f5f9488c7a
Women in the Wall,https://commons.cwrc.ca/orlando:c2f91eb4-6570-4787-b501-7d6eea44964d
Women in War Factories,https://commons.cwrc.ca/orlando:e27fb71c-3c6f-445e-9fc5-9edbc7ae5ba4
Women Novelists of Queen Victoria's Reign: A Book of Appreciations,https://commons.cwrc.ca/orlando:5e7db920-59da-45b3-b20f-b1a9eb9cf3d8
Women of the Last Days of Old France,https://commons.cwrc.ca/orlando:461182d9-9295-4abe-9570-204ffc3c8b34
Women Worth Emulating,https://commons.cwrc.ca/orlando:57c90255-1a5f-41a7-a33a-79c41e9017be
"Women, Ideals and the Nation",https://commons.cwrc.ca/orlando:c95a531b-b0df-416c-b733-406db089a6ce
Women: An Inquiry,https://commons.cwrc.ca/orlando:b7023323-4668-42ee-abf3-d71a6420cbaa
Women's Partnership in the New World,https://commons.cwrc.ca/orlando:33d63e7c-64f9-4b95-b965-35ec60ffbb22
Women's Suffrage and Women's Service,https://commons.cwrc.ca/orlando:e5591730-5e91-47f4-a22f-68bc4fadc738
Women's Suffrage in Parliament,https://commons.cwrc.ca/orlando:6357c832-b8da-485b-9352-6f2714ace8b8
Women's Suffrage: A Short History of a Great Movement,https://commons.cwrc.ca/orlando:1815d62f-9521-469c-81a1-1aa238afa628
Women's Wages,https://commons.cwrc.ca/orlando:4504047a-adab-40b7-bc3d-df029c71d81c
Women's Work and Women's Wages,https://commons.cwrc.ca/orlando:a0f2248c-d611-4282-a2fd-41afa26b8697
Women's Work in Modern England,https://commons.cwrc.ca/orlando:b7deac32-b25a-45c4-b0ce-705a0ed0c310
Womens Speaking Justified,https://commons.cwrc.ca/orlando:b30f7a01-7b39-4a85-b9b2-024d2b8f80f9
Won at Last,https://commons.cwrc.ca/orlando:43ca4bba-974f-437c-8512-b0e32f193974
Won by Waiting,https://commons.cwrc.ca/orlando:10b49a7a-ba36-4a01-b60a-5f14b4e9dc37
Won Over,https://commons.cwrc.ca/orlando:061d2321-dfb5-4f44-942c-9a7e65c21a94
Wonder Tales of the World,https://commons.cwrc.ca/orlando:d56cbd98-99fb-4d91-9ed4-ec59313cb057
Wonder Tales: Six Tales of Enchantment,https://commons.cwrc.ca/orlando:bee604b6-b45b-474d-b721-a9ae3b46395a
Worcester Field,https://commons.cwrc.ca/orlando:cb37d20a-edb3-41b7-ac7e-5366b1ccebea
Words of Advice,https://commons.cwrc.ca/orlando:2cebf7e5-3bd5-400a-8eaf-73e12d08fc93
Words of Love,https://commons.cwrc.ca/orlando:23f55e67-8370-4a30-bf0e-4c3cdc5375da
Wordsworth,https://commons.cwrc.ca/orlando:d3ce038f-3a44-4cd1-b82b-1bc59bcf451a
Work for Idle Hands,https://commons.cwrc.ca/orlando:5f720e41-79dd-47c1-a252-848159af27ce
Working Girls' Clubs,https://commons.cwrc.ca/orlando:ff999432-1093-47b4-aa61-94268ec179b4
Working Women of the Last Half Century: The Lesson of their Lives,https://commons.cwrc.ca/orlando:f33ff6c1-aeae-44aa-b372-a19c69b87ee5
World-noted Women,https://commons.cwrc.ca/orlando:4fa753d6-6725-4e93-966b-cfe155b9b640
Worry in Women,https://commons.cwrc.ca/orlando:442991c5-d242-4d94-969d-4e852dc7474e
Worship,https://commons.cwrc.ca/orlando:3501c47f-a462-4972-aee4-2bf7d8f943fc
Worst Fears,https://commons.cwrc.ca/orlando:188b5fcc-9b93-4a37-8c8a-a56628ffabd6
Writ on Cold Slate,https://commons.cwrc.ca/orlando:1a52a512-0007-4c7a-877e-94368b271fa3
Written on the Body,https://commons.cwrc.ca/orlando:97bd1f1e-4772-43b6-a2ef-aa87283aecd7
Wymps and Other Fairy Tales,https://commons.cwrc.ca/orlando:3c8d39ef-ea78-444e-aacc-d4ec84b122f6
Wynne of Windwhistle,https://commons.cwrc.ca/orlando:065b0f0d-445f-4f23-9961-912cb829d79d
Xingu and Other Stories,https://commons.cwrc.ca/orlando:4d564947-3034-4015-a9cd-54bc57bc729b
XX Poems,https://commons.cwrc.ca/orlando:b1d6c6fa-622c-499d-98db-b91c09cfe314
Yeats the Initiate,https://commons.cwrc.ca/orlando:e62474f6-2e21-4cac-8ca7-12dc87cab7b4
"Yeats, the Tarot, and the Golden Dawn",https://commons.cwrc.ca/orlando:5f0de8fe-73a0-42c9-bfe4-5fd68551cf78
"Yes, My Darling Daughter",https://commons.cwrc.ca/orlando:6cb48cf3-d700-499e-ac00-3b7745eb0c90
Yesterday in the Back Lane,https://commons.cwrc.ca/orlando:4e168eac-35c9-40e5-9465-a849bc5a436a
Yonder,https://commons.cwrc.ca/orlando:2b922e0d-681d-473a-a022-2fae897c20b7
Yonnondio,https://commons.cwrc.ca/orlando:e08bc40e-3213-4987-82a2-483f79c2a19e
York Plays,https://commons.cwrc.ca/orlando:f8a43282-756c-475a-901c-2c8b2d365a1a
You Can't Keep a Good Woman Down,https://commons.cwrc.ca/orlando:8fb014e4-56e4-45ec-94d3-445619158e76
You May Well Ask: A Memoir 1920-1940,https://commons.cwrc.ca/orlando:9ec261ac-8316-41e7-9008-8d976b9516de
You Must Be Sisters,https://commons.cwrc.ca/orlando:a7b1d726-9034-4ec7-aef7-a97da241d363
"You, Me and Wii",https://commons.cwrc.ca/orlando:bdfb1419-8bf0-4842-89d3-1d36edcb93a4
Young Adolf,https://commons.cwrc.ca/orlando:85886240-566e-4f20-b304-fd927ff9c046
Young in the Twenties,https://commons.cwrc.ca/orlando:ff8cc23d-8b20-4ed8-b8c5-55719bcc3172
Young Mrs. Cruse,https://commons.cwrc.ca/orlando:f70b09c3-612c-4682-a4c7-fa2846804800
Young Mrs. Jardine,https://commons.cwrc.ca/orlando:bc201cd7-bdc4-4539-a803-99562f85ffb6
Young Ofeg's Ditties,https://commons.cwrc.ca/orlando:5a2142a0-f66f-4083-9198-a359172754bf
Your Blue-Eyed Boy,https://commons.cwrc.ca/orlando:57d87f6a-9f6d-41a2-b3fa-09bedd7a4d5e
Your Royal Hostage,https://commons.cwrc.ca/orlando:d5c7c986-91fb-462e-9467-ee5c71e4b3db
Youth Calling,https://commons.cwrc.ca/orlando:56c7f286-ab93-41e9-9329-6380e05914f0
Youth is a Blunder,https://commons.cwrc.ca/orlando:e10670d6-0322-4560-be9d-1d75f369926e
Youth on the Prow,https://commons.cwrc.ca/orlando:e24ac441-08e3-4228-95e7-04fa60d0e4ff
Zabat,https://commons.cwrc.ca/orlando:500243d6-43b6-43eb-83a3-59d6265309c7
Zaidee: A Romance,https://commons.cwrc.ca/orlando:f1894bf3-b131-4aea-b819-42e582174aa8
Zanita,https://commons.cwrc.ca/orlando:89ab4e83-71d1-4fcb-8ec5-1952a59d9345
Zanoni,https://commons.cwrc.ca/orlando:64446d39-ea01-44be-804c-727bc20eafcb
Zastrozzi,https://commons.cwrc.ca/orlando:6d527592-a30b-4bbb-bf38-f3f7adaa5656
Zee & Co.,https://commons.cwrc.ca/orlando:f5b2a117-b594-4ff2-bd92-f723f2c8ec53
Zella Sees Herself,https://commons.cwrc.ca/orlando:b8f42ffa-e961-4cc8-a8f7-0328250c602a
Zennor in Darkness,https://commons.cwrc.ca/orlando:8640826e-e56b-4355-a1dc-17b99153a970
Zoe,https://commons.cwrc.ca/orlando:a15bb8fd-bda3-42fc-9730-46e18809740f
Zoology,https://commons.cwrc.ca/orlando:1499bdc6-ced8-49b8-87be-c67bd8d84354
Zulma,https://commons.cwrc.ca/orlando:9eead106-107b-4780-98a7-747375a331b3
Zuriel's Grandchild,https://commons.cwrc.ca/orlando:7ceb0d94-4bd3-43d6-b59f-19158cadf4d5